timestamp,open,high,low,close,volume
1773680400.0,73760.63,74065.7,73648.7,73943.18,906.04408
1773684000.0,73943.17,74356.32,73860.0,73913.6,1086.95746
1773687600.0,73913.6,74418.6,73781.54,73963.0,1122.08511
1773691200.0,73963.0,74248.95,73863.2,74236.9,424.59345
1773694800.0,74236.9,74799.0,74150.0,74401.36,1246.95221
1773698400.0,74401.35,74899.99,74378.43,74772.66,1058.73068
1773702000.0,74773.56,74909.08,74250.21,74884.67,1159.70951
1773705600.0,74884.67,75520.23,74614.18,75318.48,2173.5367
1773709200.0,75318.48,76000.0,75074.37,75623.91,1953.08873
1773712800.0,75623.91,75677.66,75114.67,75198.02,1068.24779
1773716400.0,75198.02,75326.15,74268.73,74463.98,1730.33731
1773720000.0,74463.98,74712.89,73980.16,74252.01,2017.11887
1773723600.0,74252.0,74459.99,73784.0,74036.74,1250.81696
1773727200.0,74036.74,74276.66,73877.56,74085.45,879.74749
1773730800.0,74085.46,74457.72,74066.4,74249.32,771.242
1773734400.0,74249.32,74452.97,74108.01,74188.38,461.65295
1773738000.0,74188.38,74406.03,73841.62,73937.16,864.16263
1773741600.0,73937.16,73960.74,73560.98,73729.45,1049.0691
1773745200.0,73729.45,74224.16,73682.01,74033.11,647.95804
1773748800.0,74033.1,74170.55,73672.25,73739.74,614.23436
1773752400.0,73739.74,74167.39,73399.19,73615.48,1159.88444
1773756000.0,73615.49,74425.31,73424.79,74381.7,1362.71508
1773759600.0,74381.69,74893.94,73669.91,73914.39,1370.72331
1773763200.0,73914.4,74350.0,73855.24,74155.69,747.87279
1773766800.0,74155.68,74594.0,74006.58,74523.75,826.10844
1773770400.0,74523.76,74769.17,74386.11,74683.04,707.46038
1773774000.0,74683.04,74800.0,74427.25,74512.17,768.60522
1773777600.0,74511.21,74685.5,74359.87,74506.75,466.76372
1773781200.0,74506.75,74799.0,74450.01,74685.42,618.20101
1773784800.0,74685.42,74772.14,73934.0,74307.08,488.30847
1773788400.0,74307.08,74398.74,73871.74,73909.36,523.41057
1773792000.0,73909.37,74063.22,73535.36,73867.88,673.31061
1773795600.0,73867.88,74211.43,73820.69,74072.3,537.72886
1773799200.0,74072.3,74476.0,74051.78,74338.93,549.53806
1773802800.0,74338.93,74672.34,74250.27,74446.14,459.80928
1773806400.0,74446.14,74486.3,74137.02,74175.49,472.35206
1773810000.0,74175.48,74312.11,73830.76,73950.0,662.80056
1773813600.0,73950.01,74225.82,73938.1,73954.03,652.79254
1773817200.0,73954.03,73997.04,73700.01,73883.8,504.7237
1773820800.0,73883.8,74130.02,73863.31,74044.89,735.50464
1773824400.0,74044.9,74281.33,74042.85,74181.08,347.16358
1773828000.0,74181.08,74267.77,73816.26,73946.35,478.90858
1773831600.0,73946.35,74074.84,72800.0,72952.85,1877.69179
1773835200.0,72952.85,72981.79,72271.11,72361.24,1819.95371
1773838800.0,72361.13,72556.81,71980.0,72133.49,1607.02731
1773842400.0,72133.48,72222.45,71100.0,71193.23,2385.98822
1773846000.0,71193.23,71531.54,70857.21,71467.82,2560.23665
1773849600.0,71467.82,71565.78,71037.34,71314.08,967.21409
1773853200.0,71314.07,71750.0,71199.87,71595.21,1025.9984
1773856800.0,71595.21,72000.5,70947.78,71096.74,1475.11719
1773860400.0,71096.75,71486.14,70933.85,71072.38,867.91916
1773864000.0,71072.38,71333.33,70500.0,71214.67,1180.62213
1773867600.0,71214.67,71451.22,71167.15,71263.67,338.26453
1773871200.0,71263.67,71269.02,70944.56,71153.66,520.94837
1773874800.0,71153.67,71365.4,71069.69,71246.54,691.26691
1773878400.0,71246.55,71321.81,70976.69,71002.17,887.95607
1773882000.0,71002.18,71182.44,70951.93,71115.23,391.40796
1773885600.0,71115.24,71252.83,70902.37,71055.44,554.97617
1773889200.0,71055.44,71613.79,71053.33,71215.39,593.60943
1773892800.0,71215.39,71215.39,70654.86,70822.07,702.86032
1773896400.0,70822.06,70909.88,70661.56,70826.54,416.16191
1773900000.0,70826.55,70979.99,70505.0,70583.22,619.8514
1773903600.0,70583.22,70600.04,69478.51,70191.17,2753.9557
1773907200.0,70191.16,70300.0,69900.0,69985.19,1015.64209
1773910800.0,69985.19,70560.91,69971.99,70513.0,1262.65596
1773914400.0,70513.0,70538.74,70117.0,70133.72,613.17552
1773918000.0,70133.73,70259.37,69909.09,69952.75,542.70053
1773921600.0,69952.75,69952.76,69105.49,69290.27,1452.42038
1773925200.0,69290.28,70084.35,69081.51,69905.65,1720.19325
1773928800.0,69905.65,70179.53,69096.16,69482.25,1636.49639
1773932400.0,69482.24,69917.87,68793.35,69412.51,1898.28931
1773936000.0,69412.52,69642.35,69177.19,69455.86,858.32753
1773939600.0,69455.86,69954.18,69122.03,69854.16,759.67868
1773943200.0,69854.15,69931.1,69581.55,69821.21,442.61763
1773946800.0,69821.21,70596.42,69805.33,70271.99,1190.55299
1773950400.0,70272.0,70676.0,70201.0,70483.03,488.71031
1773954000.0,70483.03,70695.6,70371.19,70413.47,418.78383
1773957600.0,70413.46,70501.89,69954.05,70183.99,551.7482
1773961200.0,70184.0,70282.47,69718.23,69930.0,592.04663
1773964800.0,69930.01,70311.12,69837.1,70181.0,871.72419
1773968400.0,70181.0,70588.5,70181.0,70403.79,526.82154
1773972000.0,70403.8,70516.16,70086.86,70415.47,312.91426
1773975600.0,70415.48,70809.43,70388.0,70729.92,711.57589
1773979200.0,70729.93,70969.71,70557.91,70783.69,546.53749
1773982800.0,70783.7,70867.44,70521.73,70606.24,367.69531
1773986400.0,70606.23,70646.93,70346.49,70502.9,758.81391
1773990000.0,70502.91,70939.58,70160.06,70854.66,936.89906
1773993600.0,70854.66,71367.0,70800.0,71042.23,1011.96314
1773997200.0,71042.23,71042.23,70419.65,70583.8,885.49116
1774000800.0,70583.81,70670.43,70218.68,70611.68,609.11713
1774004400.0,70611.68,70810.81,70303.36,70478.71,605.56445
1774008000.0,70478.71,70685.63,70251.0,70342.63,613.27107
1774011600.0,70342.63,70613.75,69795.7,69863.84,1225.89394
1774015200.0,69863.85,70268.66,69589.38,69731.21,1679.84994
1774018800.0,69731.2,70002.68,69480.0,69860.09,1196.90076
1774022400.0,69860.09,70100.0,69608.54,69829.26,922.25773
1774026000.0,69829.27,70039.78,69388.0,70000.0,998.84797
1774029600.0,69999.99,70071.81,69525.33,69770.0,630.4796
1774033200.0,69770.01,70190.18,69673.76,70177.86,528.39593
1774036800.0,70177.85,70259.28,69754.71,70057.66,435.39665
1774040400.0,70057.66,70726.13,69946.65,70540.73,780.46042
1774044000.0,70540.72,70923.75,70532.0,70767.85,591.69583
1774047600.0,70767.85,70771.13,70430.0,70510.73,372.60008
1774051200.0,70510.73,70826.0,70467.36,70682.19,274.67077
1774054800.0,70682.2,70758.5,70445.36,70464.59,375.95226
1774058400.0,70464.6,70785.9,70431.67,70737.6,316.88084
1774062000.0,70737.6,70784.07,70632.39,70657.35,226.82019
1774065600.0,70657.35,70819.0,70617.05,70642.13,487.10407
1774069200.0,70642.14,70834.46,70635.1,70697.94,941.44912
1774072800.0,70697.94,70831.14,70693.06,70774.65,857.26608
1774076400.0,70773.55,70879.76,70677.44,70727.33,431.42703
1774080000.0,70727.33,70753.79,70492.02,70594.43,956.10118
1774083600.0,70594.42,70735.36,70570.4,70661.59,204.69969
1774087200.0,70661.59,70695.32,70559.69,70605.64,524.32782
1774090800.0,70605.64,70652.73,70567.79,70652.72,360.21459
1774094400.0,70652.73,70800.0,70652.73,70722.61,199.41863
1774098000.0,70722.61,70812.74,70707.12,70740.18,171.5437
1774101600.0,70740.18,71100.94,70592.53,70629.1,873.72717
1774105200.0,70629.09,70760.0,70453.09,70630.02,399.45062
1774108800.0,70630.02,70652.64,70251.0,70301.66,435.70425
1774112400.0,70301.66,70426.18,70210.0,70304.08,444.648
1774116000.0,70303.45,70534.38,70290.48,70389.19,200.5858
1774119600.0,70389.18,70448.79,70324.7,70396.0,140.45698
1774123200.0,70396.01,70508.11,70358.9,70462.28,697.39549
1774126800.0,70462.27,70516.82,70268.06,70345.57,629.83259
1774130400.0,70345.57,70384.95,70265.55,70277.22,737.88495
1774134000.0,70277.21,70293.82,68571.42,68918.12,2509.60568
1774137600.0,68918.12,69155.86,68228.5,68954.71,2161.16442
1774141200.0,68954.7,69100.0,68762.31,68962.4,809.55651
1774144800.0,68962.4,69411.1,68951.21,69278.12,506.62838
1774148400.0,69278.12,69588.79,69123.13,69339.99,671.1404
1774152000.0,69340.0,69526.85,69215.89,69358.0,626.75701
1774155600.0,69358.0,69358.0,69150.0,69153.41,322.14134
1774159200.0,69153.41,69245.79,69059.87,69164.06,378.08519
1774162800.0,69164.06,69250.08,68892.93,68919.38,432.94301
1774166400.0,68919.37,68990.67,68523.96,68804.77,1053.77702
1774170000.0,68804.77,68901.65,68587.78,68826.2,383.82763
1774173600.0,68826.21,68847.83,68584.27,68648.17,360.03346
1774177200.0,68648.16,68691.03,68110.55,68217.95,784.4316
1774180800.0,68217.94,68763.18,68199.04,68654.83,484.243
1774184400.0,68654.83,68957.24,68548.32,68700.02,548.07349
1774188000.0,68700.02,68915.27,68542.1,68711.66,385.54476
1774191600.0,68711.66,69005.71,68700.0,68847.96,391.17296
1774195200.0,68847.97,68885.53,68665.62,68805.58,258.25035
1774198800.0,68805.58,68848.32,68665.34,68673.02,252.16281
1774202400.0,68672.85,68743.18,68344.57,68618.58,340.01718
1774206000.0,68618.57,68626.07,68145.01,68199.93,472.99305
1774209600.0,68199.93,68498.4,68080.0,68176.46,319.53245
1774213200.0,68176.47,68228.71,67360.66,67899.97,1535.47353
1774216800.0,67899.97,68396.94,67571.67,68339.37,856.561
1774220400.0,68339.38,68474.0,67839.99,67859.0,509.27627
1774224000.0,67859.0,68161.41,67445.18,67669.99,823.69218
1774227600.0,67670.0,68157.31,67536.01,67905.0,628.21786
1774231200.0,67905.0,68400.0,67801.67,68320.72,627.90507
1774234800.0,68320.72,68585.12,68059.88,68074.6,415.80047
1774238400.0,68074.6,68550.0,68057.56,68541.0,486.61149
1774242000.0,68541.0,68915.4,68541.0,68899.92,1162.54953
1774245600.0,68899.92,68904.42,67698.86,67874.19,1218.88217
1774249200.0,67874.2,68464.42,67502.48,68333.16,1946.35809
1774252800.0,68333.16,68696.91,68328.55,68434.26,1238.43118
1774256400.0,68434.27,68471.11,67916.14,68334.01,382.31585
1774260000.0,68334.01,68714.28,68299.82,68551.02,494.85509
1774263600.0,68551.02,71499.0,68544.15,70122.15,7050.35572
1774267200.0,70122.15,70877.35,69671.95,70752.15,1915.66623
1774270800.0,70752.14,71587.98,70600.0,71481.13,1712.52184
1774274400.0,71481.13,71817.09,71127.14,71446.46,1663.17727
1774278000.0,71446.46,71660.01,70103.21,70131.48,2051.70929
1774281600.0,70131.48,70753.43,70131.47,70561.54,1367.86918
1774285200.0,70561.54,71119.09,70363.63,71085.16,673.70407
1774288800.0,71085.16,71195.21,70879.85,71076.22,593.89042
1774292400.0,71076.22,71246.01,70649.4,70679.05,615.8582
1774296000.0,70679.04,70983.33,70559.03,70915.59,394.04509
1774299600.0,70915.59,70998.0,70827.66,70851.35,222.54858
1774303200.0,70851.36,70896.76,70520.22,70780.22,279.983
1774306800.0,70780.22,70998.0,70404.39,70906.45,368.14332
1774310400.0,70906.45,71099.96,70423.36,70679.2,735.8297
1774314000.0,70679.2,70891.53,70278.46,70516.57,730.30371
1774317600.0,70516.57,70698.0,70369.46,70453.37,431.98798
1774321200.0,70453.38,70583.36,70404.54,70542.9,380.97532
1774324800.0,70542.9,70741.64,70247.91,70372.44,474.91642
1774328400.0,70372.45,70374.38,70119.06,70283.85,641.69358
1774332000.0,70283.84,70572.83,70253.23,70541.38,850.05748
1774335600.0,70541.39,71400.0,70488.0,71291.7,1722.67702
1774339200.0,71291.7,71349.1,70850.11,70964.15,725.27631
1774342800.0,70964.16,71368.61,70851.77,71316.97,511.50447
1774346400.0,71316.98,71328.59,71078.09,71272.87,680.81546
1774350000.0,71272.87,71327.26,70964.94,71157.77,560.33228
1774353600.0,71157.77,71177.66,70860.18,70956.48,460.8181
1774357200.0,70956.48,71059.59,69968.02,70100.46,1729.62355
1774360800.0,70100.46,70462.91,69507.34,69869.93,1973.02189
1774364400.0,69869.93,70255.37,69770.85,69873.04,1419.67177
1774368000.0,69873.04,70001.92,69340.08,69476.87,889.76128
1774371600.0,69476.88,69512.73,68923.07,69238.43,1294.24297
1774375200.0,69238.44,69746.4,69168.64,69430.24,808.06583
1774378800.0,69430.25,69700.0,69277.04,69377.33,547.42601
1774382400.0,69377.33,70295.54,69296.15,70093.19,1018.45154
1774386000.0,70093.19,70400.0,69901.39,70332.93,686.65263
1774389600.0,70332.93,70586.86,70140.5,70316.96,686.91503
1774393200.0,70316.96,70832.54,70270.0,70556.74,741.40211
1774396800.0,70556.74,71100.28,70476.9,70840.75,784.33083
1774400400.0,70840.75,70977.35,70629.72,70677.18,624.19197
1774404000.0,70677.19,70781.39,70490.77,70531.09,582.86416
1774407600.0,70531.1,70808.37,70408.0,70716.7,513.15296
1774411200.0,70716.7,70977.49,70703.83,70968.64,623.46021
1774414800.0,70968.64,71345.0,70940.0,71117.66,850.19172
1774418400.0,71117.65,71260.0,70984.67,70991.83,934.75878
1774422000.0,70991.82,71270.11,70891.31,70926.88,470.72474
1774425600.0,70926.88,71503.94,70800.0,71248.39,1150.83138
1774429200.0,71248.4,71415.12,71101.99,71345.91,598.42707
1774432800.0,71345.91,71641.91,71291.69,71501.39,485.22161
1774436400.0,71501.4,72026.09,71470.49,71678.97,1053.03231
1774440000.0,71678.97,71955.17,71105.43,71715.24,1032.92186
1774443600.0,71715.24,71963.71,71515.84,71581.42,982.27587
1774447200.0,71581.42,71699.87,71230.51,71234.28,810.44092
1774450800.0,71234.28,71301.37,70530.47,70832.99,1384.84596
1774454400.0,70832.99,71752.88,70719.26,71324.01,1283.82328
1774458000.0,71324.01,71389.14,70720.38,70779.0,662.98589
1774461600.0,70778.99,71149.07,70681.07,70810.34,535.29926
1774465200.0,70810.34,71093.37,70777.51,70883.31,513.05944
1774468800.0,70883.32,71058.82,70646.34,71009.5,573.58151
1774472400.0,71009.5,71175.0,70949.3,71035.24,379.86408
1774476000.0,71035.25,71594.11,70947.61,71369.08,505.87572
1774479600.0,71369.07,71511.83,71189.55,71336.53,383.33913
1774483200.0,71336.53,71436.82,71142.38,71299.27,548.42613
1774486800.0,71299.27,71377.04,71159.06,71252.11,522.16838
1774490400.0,71252.11,71289.49,70672.37,70893.01,575.89477
1774494000.0,70893.01,70968.66,70685.69,70921.47,510.5495
1774497600.0,70921.47,70921.47,70721.46,70772.01,433.11432
1774501200.0,70772.01,70796.32,69942.96,70016.98,1271.74189
1774504800.0,70016.97,70152.63,69855.73,70097.18,1016.19011
1774508400.0,70097.19,70167.6,69805.0,70087.44,713.03812
1774512000.0,70087.44,70127.69,69806.39,70024.77,510.82818
1774515600.0,70024.78,70144.44,69409.67,69562.41,1313.07806
1774519200.0,69562.41,69719.96,69464.58,69517.68,694.15594
1774522800.0,69517.68,69667.56,69192.96,69276.01,803.66639
1774526400.0,69276.01,69461.28,69226.34,69436.42,589.82378
1774530000.0,69436.42,69877.45,69218.0,69646.59,1361.59869
1774533600.0,69646.59,69837.12,69259.25,69479.92,943.35709
1774537200.0,69479.91,69497.73,68632.4,69082.64,1805.07582
1774540800.0,69082.64,69142.94,68823.21,68932.52,949.52674
1774544400.0,68932.53,69162.0,68377.83,68486.86,1130.52816
1774548000.0,68486.86,68603.75,68153.0,68497.25,1402.56662
1774551600.0,68497.25,68681.54,68358.8,68534.36,543.97259
1774555200.0,68534.37,69478.42,68436.74,69005.21,1707.65634
1774558800.0,69005.21,69205.43,68879.05,68921.1,598.68777
1774562400.0,68921.1,69028.89,68603.24,68892.67,484.39394
1774566000.0,68892.66,68994.16,68640.0,68820.31,390.41835
1774569600.0,68820.31,68965.15,68531.37,68785.01,634.46014
1774573200.0,68785.0,69066.51,68700.0,69051.27,555.05692
1774576800.0,69051.27,69179.05,68862.0,68903.59,948.45642
1774580400.0,68903.58,68924.0,68668.72,68767.51,576.98772
1774584000.0,68767.5,68791.4,68304.14,68578.0,846.47748
1774587600.0,68577.99,68865.88,68511.79,68630.77,773.74806
1774591200.0,68630.76,68846.0,68567.62,68656.15,672.0882
1774594800.0,68656.16,68955.53,68399.18,68540.48,1641.76445
1774598400.0,68540.49,68635.07,67609.29,67920.5,1817.58289
1774602000.0,67920.51,67960.32,67548.67,67695.81,812.25094
1774605600.0,67695.81,67778.99,66326.38,66502.41,3012.9263
1774609200.0,66502.41,66848.05,66231.96,66702.78,1683.20205
1774612800.0,66702.78,66773.25,66432.19,66619.76,964.55681
1774616400.0,66619.75,66757.3,66025.0,66188.32,2427.72498
1774620000.0,66188.31,66404.0,65730.17,66205.06,2475.49917
1774623600.0,66205.07,66638.25,65958.75,66112.82,2405.26081
1774627200.0,66112.82,66177.99,65812.43,65979.29,1226.73521
1774630800.0,65979.29,66290.0,65600.0,65632.92,1002.16119
1774634400.0,65632.93,65951.96,65548.25,65836.69,915.82085
1774638000.0,65836.69,66145.0,65700.0,66040.66,818.3401
1774641600.0,66040.65,66152.51,65817.44,66020.76,511.09525
1774645200.0,66020.77,66186.01,66013.0,66098.0,636.71362
1774648800.0,66098.0,66098.01,65920.0,66020.79,739.86415
1774652400.0,66020.79,66420.75,65970.25,66407.28,504.92186
1774656000.0,66407.28,66520.46,66293.35,66431.55,499.89072
1774659600.0,66431.54,66431.55,66056.09,66178.85,613.17173
1774663200.0,66178.86,66251.67,65932.09,66053.2,490.39923
1774666800.0,66053.2,66259.66,66053.19,66240.0,705.96536
1774670400.0,66240.0,66304.72,66110.0,66285.01,452.84284
1774674000.0,66285.01,66407.96,66202.01,66341.9,675.62625
1774677600.0,66341.9,66500.0,66308.93,66382.0,485.97016
1774681200.0,66382.0,66573.61,66379.8,66561.48,737.38217
1774684800.0,66561.49,66570.09,66387.06,66409.33,708.34892
1774688400.0,66409.34,66416.77,66243.01,66311.32,634.09125
1774692000.0,66311.32,66411.79,66124.4,66221.38,306.12343
1774695600.0,66221.37,66358.0,66201.91,66319.47,223.42305
1774699200.0,66319.46,66527.01,66240.87,66455.09,344.10648
1774702800.0,66455.1,67163.99,66407.65,66835.1,1040.57902
1774706400.0,66835.1,66967.01,66666.66,66742.1,570.49869
1774710000.0,66742.09,67288.94,66717.15,67014.91,771.68723
1774713600.0,67014.92,67096.77,66855.24,66926.95,342.70522
1774717200.0,66926.94,66996.61,66704.0,66846.21,310.89662
1774720800.0,66846.2,66963.51,66834.87,66908.03,234.04169
1774724400.0,66908.03,66954.0,66804.71,66916.52,202.96743
1774728000.0,66916.52,67010.0,66906.0,66906.0,262.72665
1774731600.0,66906.0,66926.31,66600.01,66685.53,291.07026
1774735200.0,66685.53,66788.88,66588.22,66755.88,224.47432
1774738800.0,66755.88,66755.88,66283.38,66377.03,333.40975
1774742400.0,66377.04,66500.0,66281.4,66487.93,285.17232
1774746000.0,66487.93,66620.0,66385.88,66569.22,295.19169
1774749600.0,66569.22,66843.66,66540.96,66818.0,293.83335
1774753200.0,66818.01,67130.5,66760.48,66912.0,660.9466
1774756800.0,66912.0,66936.6,66717.51,66735.14,168.5724
1774760400.0,66735.14,66828.05,66597.1,66771.94,418.44564
1774764000.0,66771.94,66872.0,66636.0,66738.5,418.74617
1774767600.0,66738.5,66752.61,66556.78,66671.0,346.10727
1774771200.0,66671.0,66772.83,66600.0,66724.0,177.06023
1774774800.0,66724.0,66773.02,66549.54,66634.01,225.04256
1774778400.0,66634.01,66634.02,66418.0,66502.79,345.865
1774782000.0,66502.8,66988.01,66502.79,66816.28,336.66276
1774785600.0,66816.29,66870.34,66703.07,66849.88,185.85649
1774789200.0,66849.88,66875.24,66524.28,66580.36,359.5639
1774792800.0,66580.36,66797.01,66461.0,66589.64,372.89659
1774796400.0,66589.64,66730.6,66334.37,66523.0,518.27098
1774800000.0,66523.01,66665.05,66435.75,66499.35,232.56305
1774803600.0,66499.36,66546.0,66158.26,66385.84,329.15631
1774807200.0,66385.84,66540.43,66321.66,66427.26,147.43013
1774810800.0,66427.27,66477.81,66323.3,66348.62,285.67371
1774814400.0,66348.61,66793.83,66348.61,66614.05,280.05501
1774818000.0,66614.04,66756.51,66509.41,66710.12,220.10647
1774821600.0,66710.12,66710.12,65000.0,65860.31,2219.11979
1774825200.0,65860.31,66382.98,65859.91,66010.93,930.51742
1774828800.0,66010.93,67059.66,65800.59,66280.25,1328.87485
1774832400.0,66280.24,66834.79,66280.24,66653.74,685.87133
1774836000.0,66653.74,67450.0,66580.01,67121.01,1220.60217
1774839600.0,67121.01,67319.33,66977.62,67173.8,466.26604
1774843200.0,67173.8,67650.01,67167.92,67616.29,809.57231
1774846800.0,67616.28,67800.0,67442.0,67492.46,627.15632
1774850400.0,67492.46,67585.97,67278.53,67305.14,721.7835
1774854000.0,67305.14,67624.39,67227.88,67624.39,584.47106
1774857600.0,67624.39,67946.02,67604.56,67666.44,1729.15176
1774861200.0,67666.44,67698.62,67460.0,67495.46,607.44273
1774864800.0,67495.46,67518.37,67360.41,67488.53,255.63666
1774868400.0,67488.88,68042.3,67488.88,67680.45,790.86208
1774872000.0,67680.44,67979.93,67666.17,67899.59,627.65449
1774875600.0,67899.59,68169.65,67428.57,67529.52,1379.99177
1774879200.0,67529.52,67864.49,67088.73,67799.54,1205.57197
1774882800.0,67799.54,67896.89,67407.63,67629.4,964.70473
1774886400.0,67629.4,67641.65,67222.0,67368.1,660.26793
1774890000.0,67368.1,67465.2,66650.0,66828.02,917.71373
1774893600.0,66828.02,66929.18,66508.25,66653.46,498.11738
1774897200.0,66653.45,66664.57,66233.13,66550.05,597.89786
1774900800.0,66550.06,66691.48,66523.75,66651.4,324.61202
1774904400.0,66651.41,66994.17,66587.32,66809.3,481.422
1774908000.0,66809.3,66989.1,66683.72,66784.98,169.50316
1774911600.0,66784.97,66797.38,66419.79,66797.37,698.2419
1774915200.0,66797.38,67303.33,66544.51,67208.75,658.94529
1774918800.0,67208.74,68408.37,67050.0,67938.54,1458.05548
1774922400.0,67938.05,68096.87,67775.18,67943.43,435.18783
1774926000.0,67943.43,68009.99,67648.2,67704.74,387.87365
1774929600.0,67704.74,67979.38,67405.89,67544.01,1149.88888
1774933200.0,67544.01,67780.34,67400.0,67681.68,653.43122
1774936800.0,67681.69,67711.02,67333.33,67492.85,511.27605
1774940400.0,67492.86,67524.65,67103.32,67367.69,1579.98188
1774944000.0,67367.7,67496.0,66688.68,66778.33,897.84489
1774947600.0,66778.34,66924.33,65998.05,66124.99,1512.48446
1774951200.0,66125.0,66471.08,66100.01,66363.38,788.27557
1774954800.0,66363.38,66922.58,66240.14,66685.69,989.3859
1774958400.0,66685.69,66939.9,66520.71,66653.26,539.00678
1774962000.0,66653.27,67412.11,66653.27,67302.29,1087.22021
1774965600.0,67302.28,67767.87,66427.53,66587.45,1485.37387
1774969200.0,66587.46,67283.25,66587.46,66736.8,1025.58837
1774972800.0,66736.79,68030.19,66729.28,67665.83,1334.03651
1774976400.0,67665.83,68589.49,67403.81,67526.75,2195.81331
1774980000.0,67526.76,67947.98,67526.3,67854.05,426.40012
1774983600.0,67854.04,68029.41,67716.35,67838.8,435.2447
1774987200.0,67838.79,68267.27,67831.7,68265.53,693.06575
1774990800.0,68265.53,68410.3,67884.0,68277.99,494.48096
1774994400.0,68278.0,68341.16,67962.27,68172.87,755.55219
1774998000.0,68173.59,68371.1,68090.2,68284.48,610.99275
1775001600.0,68284.49,68343.77,67853.3,68330.75,542.79511
1775005200.0,68330.76,68378.64,67760.33,67782.73,966.68117
1775008800.0,67782.74,67913.98,67578.75,67668.89,1114.17912
1775012400.0,67668.9,68250.0,67668.9,68170.67,551.94514
1775016000.0,68170.67,68476.26,68005.33,68303.83,711.87735
1775019600.0,68303.83,68755.51,68150.0,68456.02,817.4812
1775023200.0,68456.01,69236.78,68456.01,69102.85,1241.29278
1775026800.0,69102.8,69310.0,68667.02,68692.0,1537.595
1775030400.0,68692.0,68851.35,68389.21,68670.16,1279.02403
1775034000.0,68670.15,68733.78,68390.25,68644.0,480.44871
1775037600.0,68644.01,68662.26,68407.08,68585.55,974.80784
1775041200.0,68585.55,68736.15,68505.91,68712.52,752.56981
1775044800.0,68712.52,68786.0,68248.3,68393.6,1365.22557
1775048400.0,68393.6,68681.25,67918.83,68116.07,1032.06992
1775052000.0,68116.06,68690.98,68059.38,68593.55,905.1708
1775055600.0,68593.56,68965.0,68428.94,68918.52,789.38357
1775059200.0,68918.52,68986.66,68610.0,68816.34,705.16345
1775062800.0,68816.35,69171.77,68247.17,68266.62,768.87563
1775066400.0,68266.62,68330.31,67939.28,68084.76,723.37275
1775070000.0,68084.76,68287.39,68028.19,68176.84,412.79717
1775073600.0,68176.84,68249.0,67964.48,68191.09,276.10606
1775077200.0,68191.09,68534.0,68171.56,68362.53,326.52766
1775080800.0,68362.53,68362.53,68070.38,68122.99,270.47066
1775084400.0,68122.99,68250.0,67996.89,68113.92,474.3294
1775088000.0,68113.92,68653.38,68050.0,68600.29,409.1904
1775091600.0,68600.29,68600.29,67050.84,67359.27,1944.08944
1775095200.0,67359.27,67359.27,66624.64,66852.99,1169.08434
1775098800.0,66852.99,66969.54,66500.0,66576.25,767.73135
1775102400.0,66576.25,66655.46,66217.07,66330.27,889.41375
1775106000.0,66330.27,66667.92,66311.0,66591.54,966.2787
1775109600.0,66591.54,66824.95,66548.45,66681.49,493.29026
1775113200.0,66681.48,66961.26,66557.33,66930.79,645.82875
1775116800.0,66930.79,66930.79,66180.0,66439.12,781.90752
1775120400.0,66439.12,66517.43,66294.0,66469.6,483.38047
1775124000.0,66469.6,66511.79,66229.55,66457.28,452.52391
1775127600.0,66457.28,66516.06,66167.1,66220.28,1122.63022
1775131200.0,66220.28,66248.51,65961.66,66052.71,1024.11018
1775134800.0,66052.71,66285.81,65712.12,66270.87,1225.30288
1775138400.0,66270.87,67104.86,66168.07,66868.18,1908.17735
1775142000.0,66868.17,66994.51,66646.36,66852.91,825.60342
1775145600.0,66852.91,67300.0,66759.28,67095.85,920.46412
1775149200.0,67095.85,67430.99,66666.66,66679.16,1455.89824
1775152800.0,66679.16,67065.35,66596.8,66981.99,929.27922
1775156400.0,66981.99,67109.09,66878.0,66975.99,436.15774
1775160000.0,66976.0,67100.0,66798.0,66939.25,284.18038
1775163600.0,66939.25,67012.09,66731.08,66935.93,272.54969
1775167200.0,66935.94,67037.48,66825.61,66982.48,352.22156
1775170800.0,66982.48,67096.68,66855.5,66901.99,444.18527
1775174400.0,66901.99,67000.0,66702.83,66785.86,388.08477
1775178000.0,66785.87,66905.61,66483.9,66630.0,613.9141
1775181600.0,66630.01,66750.57,66282.0,66533.81,625.3621
1775185200.0,66533.82,66724.17,66495.69,66579.97,581.20992
1775188800.0,66579.98,66699.99,66500.04,66602.66,733.15532
1775192400.0,66602.67,66808.5,66416.68,66600.35,822.39566
1775196000.0,66600.35,66800.0,66558.76,66796.79,434.2967
1775199600.0,66796.8,67247.38,66758.0,67042.08,883.37731
1775203200.0,67042.08,67288.0,66900.56,66965.39,717.16964
1775206800.0,66965.39,67007.93,66749.35,66859.58,291.40037
1775210400.0,66859.58,66898.97,66674.72,66883.08,215.33139
1775214000.0,66883.09,67057.42,66823.18,67017.44,215.91455
1775217600.0,67017.43,67370.42,66646.36,66722.16,808.01051
1775221200.0,66722.16,66735.62,66508.1,66672.0,554.93399
1775224800.0,66671.99,66990.59,66634.0,66929.81,530.03077
1775228400.0,66929.8,67028.37,66823.3,66827.15,465.79672
1775232000.0,66827.15,67069.0,66827.14,67010.46,361.0645
1775235600.0,67010.45,67067.0,66751.86,66855.01,378.12395
1775239200.0,66855.0,66930.0,66786.12,66812.03,187.13591
1775242800.0,66812.04,66911.19,66774.02,66885.74,289.39585
1775246400.0,66885.73,66919.61,66831.97,66831.98,141.97965
1775250000.0,66831.97,66970.18,66827.6,66964.21,378.17654
1775253600.0,66964.21,66970.17,66842.76,66888.76,287.42422
1775257200.0,66888.76,66964.3,66826.13,66964.3,525.44687
1775260800.0,66964.29,66968.28,66876.7,66893.39,159.1028
1775264400.0,66893.4,66924.48,66827.22,66852.0,418.46364
1775268000.0,66852.0,66919.41,66814.0,66844.83,138.81793
1775271600.0,66844.84,66910.22,66830.23,66832.18,86.81929
1775275200.0,66832.18,66876.32,66775.91,66860.73,180.50471
1775278800.0,66860.73,66936.72,66844.14,66916.29,629.01422
1775282400.0,66916.3,67049.94,66911.2,67013.24,254.32193
1775286000.0,67013.25,67052.99,66943.34,67014.96,664.43952
1775289600.0,67014.95,67057.42,66918.0,66940.0,398.19184
1775293200.0,66940.0,66994.52,66918.0,66988.05,295.09328
1775296800.0,66988.06,67167.0,66918.0,67167.0,290.85424
1775300400.0,67167.0,67232.72,67083.43,67156.93,363.18025
1775304000.0,67156.93,67185.0,67060.56,67097.87,140.59027
1775307600.0,67097.87,67267.0,67082.41,67193.44,362.06124
1775311200.0,67193.45,67223.51,67029.07,67215.24,369.07128
1775314800.0,67215.24,67562.93,67177.39,67383.66,635.57272
1775318400.0,67383.66,67520.85,67331.06,67366.68,294.26452
1775322000.0,67366.68,67416.48,67292.0,67329.4,254.01236
1775325600.0,67329.41,67380.98,67265.0,67295.47,120.36154
1775329200.0,67295.47,67543.6,67275.0,67288.42,189.77457
1775332800.0,67288.42,67295.81,67186.62,67268.4,186.97188
1775336400.0,67268.4,67504.54,67215.0,67359.2,238.4254
1775340000.0,67359.21,67470.93,67341.19,67399.92,306.3388
1775343600.0,67399.91,67399.99,67261.32,67300.42,397.2679
1775347200.0,67300.42,67307.28,67168.08,67225.0,431.18676
1775350800.0,67225.0,67230.0,67080.0,67085.0,369.56535
1775354400.0,67085.0,67174.92,66955.72,67170.16,252.42427
1775358000.0,67170.17,67188.09,67089.33,67145.98,163.69484
1775361600.0,67145.98,67188.51,67073.56,67101.65,92.89503
1775365200.0,67101.65,67154.98,66888.0,66931.65,466.39184
1775368800.0,66931.65,66940.0,66611.66,66802.24,728.34135
1775372400.0,66802.24,66914.48,66715.43,66820.64,615.79892
1775376000.0,66820.64,66940.0,66819.42,66933.18,227.07394
1775379600.0,66933.18,67048.64,66902.15,67035.15,293.93169
1775383200.0,67035.15,67150.0,66968.35,67046.01,288.35183
1775386800.0,67046.01,67087.22,66973.67,66999.0,253.07128
1775390400.0,66998.99,66999.0,66680.57,66783.58,607.98096
1775394000.0,66783.59,66918.03,66693.91,66890.7,361.31735
1775397600.0,66890.7,66963.95,66820.54,66918.03,296.0396
1775401200.0,66918.03,67856.16,66829.02,67306.64,1471.0776
1775404800.0,67306.65,67410.0,67173.4,67212.62,356.80623
1775408400.0,67212.61,67402.0,67187.95,67373.64,168.11139
1775412000.0,67373.64,67451.78,67281.38,67413.78,210.99631
1775415600.0,67413.78,67560.45,67276.67,67361.01,229.64378
1775419200.0,67361.01,67705.74,67332.66,67658.35,338.30366
1775422800.0,67658.35,67682.42,67408.07,67553.43,435.91664
1775426400.0,67553.44,68374.75,67347.05,68338.43,1201.92322
1775430000.0,68338.43,69136.2,68266.13,69034.18,1872.62368
1775433600.0,69034.18,69588.0,69034.18,69083.78,1917.91608
1775437200.0,69083.79,69139.63,68787.13,68810.18,991.41564
1775440800.0,68810.17,69408.39,68776.61,69207.99,951.83494
1775444400.0,69207.99,69259.06,69056.86,69123.69,641.74895
1775448000.0,69123.69,69217.68,68980.36,69141.8,640.03746
1775451600.0,69141.81,69247.0,69086.0,69199.31,664.48642
1775455200.0,69199.31,69354.26,68806.53,68976.67,805.10068
1775458800.0,68976.67,69215.37,68821.07,69115.91,705.20265
1775462400.0,69115.91,69347.85,69081.88,69224.63,514.80546
1775466000.0,69224.63,70283.32,69214.46,69728.0,2395.68342
1775469600.0,69728.01,69950.0,69708.13,69770.88,634.91449
1775473200.0,69770.88,69770.96,69565.01,69614.91,453.63795
1775476800.0,69614.91,69635.87,69329.23,69366.75,601.7024
1775480400.0,69366.76,69550.0,69235.09,69428.23,656.60844
1775484000.0,69428.23,69809.99,69163.86,69654.38,1336.92282
1775487600.0,69654.39,69973.25,69526.87,69968.87,814.13173
1775491200.0,69968.87,70351.46,69782.11,69799.14,1291.21899
1775494800.0,69799.14,69820.0,69282.02,69574.61,914.30002
1775498400.0,69574.62,69967.78,69479.49,69888.97,537.79955
1775502000.0,69888.97,69899.99,69583.33,69739.53,431.93913
1775505600.0,69739.52,69974.08,69625.0,69826.01,372.95882
1775509200.0,69826.0,69826.0,69423.09,69504.99,366.00988
1775512800.0,69504.99,69581.92,68811.0,68811.0,578.82627
1775516400.0,68811.01,68912.97,68300.0,68853.66,1062.40825
1775520000.0,68853.66,69128.2,68723.81,68775.7,908.20417
1775523600.0,68775.71,68900.63,68352.52,68400.01,682.14287
1775527200.0,68400.01,68713.92,68273.34,68674.0,382.32486
1775530800.0,68674.01,68800.94,68625.59,68779.21,449.64401
1775534400.0,68779.2,68981.83,68540.84,68854.65,480.37449
1775538000.0,68854.65,68866.0,68613.2,68669.0,546.70209
1775541600.0,68669.0,68669.01,68443.0,68568.35,488.73987
1775545200.0,68568.35,68703.72,68500.0,68624.61,307.81904
1775548800.0,68624.6,68984.48,68603.6,68936.71,338.93457
1775552400.0,68936.71,69247.9,68930.04,69150.05,436.92801
1775556000.0,69150.06,69199.87,68200.0,68237.93,899.01254
1775559600.0,68237.93,68455.96,68071.96,68345.75,598.71022
1775563200.0,68345.75,68599.13,68080.0,68392.18,738.67705
1775566800.0,68392.19,68633.87,68198.12,68231.99,822.0611
1775570400.0,68231.99,68258.26,67763.64,67860.48,1396.10082
1775574000.0,67860.49,68268.6,67732.01,68168.1,1084.45539
1775577600.0,68168.11,68454.23,68085.01,68229.99,654.26405
1775581200.0,68230.0,69000.0,68198.22,68705.81,1147.70463
1775584800.0,68705.82,68773.24,68358.1,68442.53,630.41269
1775588400.0,68442.52,69098.44,68358.1,69011.29,1385.03929
1775592000.0,69011.29,69535.26,69011.29,69319.39,1097.55478
1775595600.0,69319.39,70216.68,69311.84,69927.64,1742.03489
1775599200.0,69927.65,71528.0,69927.65,71514.09,2841.66596
1775602800.0,71514.1,72761.0,71194.9,71924.22,3690.98922
1775606400.0,71924.22,72110.65,71541.51,71710.19,1153.45069
1775610000.0,71710.19,71758.6,71452.68,71476.97,621.6206
1775613600.0,71476.98,71727.01,71240.99,71364.94,1153.76247
1775617200.0,71364.95,71479.97,71277.18,71287.39,441.23135
1775620800.0,71287.39,71676.77,71287.38,71566.18,721.11279
1775624400.0,71566.66,71831.6,71560.0,71731.1,821.79755
1775628000.0,71731.1,71941.42,71581.14,71732.69,811.19618
1775631600.0,71732.7,71902.0,71573.04,71627.59,943.84918
1775635200.0,71627.59,71831.08,71627.59,71800.0,501.15204
1775638800.0,71799.99,71955.0,71588.75,71678.87,419.9995
1775642400.0,71678.87,71790.0,71457.61,71476.98,514.219
1775646000.0,71476.97,71739.67,71407.77,71675.12,779.27898
1775649600.0,71675.12,72181.81,71581.76,72071.95,1226.00544
1775653200.0,72071.95,72857.0,71510.0,71600.01,2821.31683
1775656800.0,71600.0,71751.42,70707.23,70912.88,1895.54834
1775660400.0,70912.89,71349.05,70833.3,71310.0,873.16856
1775664000.0,71309.99,71699.0,71250.93,71602.1,757.94566
1775667600.0,71602.11,71963.94,71490.55,71888.19,682.09647
1775671200.0,71888.19,71888.2,71085.22,71099.63,703.75724
1775674800.0,71099.63,71372.22,71019.0,71318.48,473.49397
1775678400.0,71318.47,71481.7,71267.91,71372.93,226.24698
1775682000.0,71372.94,71748.0,71330.86,71551.39,367.89907
1775685600.0,71551.4,71571.6,71064.84,71064.84,374.67564
1775689200.0,71064.84,71204.0,70901.89,71069.93,517.86174
1775692800.0,71069.93,71133.71,70650.0,70815.5,677.85142
1775696400.0,70815.5,70956.7,70466.0,70928.89,495.03665
1775700000.0,70928.9,71198.8,70816.36,71060.64,664.15391
1775703600.0,71060.64,71124.05,70845.27,70992.39,808.25356
1775707200.0,70992.37,71006.13,70734.77,70782.0,304.15042
1775710800.0,70781.99,71087.12,70689.38,70984.0,495.401
1775714400.0,70983.99,71082.71,70809.94,71031.84,538.94746
1775718000.0,71031.83,71116.0,70955.4,70982.01,922.88611
1775721600.0,70982.01,71380.0,70865.42,71249.51,562.42694
1775725200.0,71249.51,71575.0,71109.99,71534.68,512.0201
1775728800.0,71534.69,71534.69,71276.44,71276.45,304.66693
1775732400.0,71276.45,71350.0,71038.5,71150.17,446.85377
1775736000.0,71150.17,71328.79,71040.0,71279.63,382.04593
1775739600.0,71279.63,71355.24,70629.3,70801.98,696.59545
1775743200.0,70801.97,71250.39,70522.77,71123.71,873.72309
1775746800.0,71123.71,72358.0,70929.44,72141.99,2048.75279
1775750400.0,72142.0,72399.0,71729.66,72080.87,1429.6831
1775754000.0,72080.86,72550.0,72062.38,72347.49,1415.90923
1775757600.0,72348.0,72380.7,71747.68,71888.69,560.32535
1775761200.0,71888.69,72300.0,71750.0,72096.32,607.89039
1775764800.0,72096.33,72458.31,71985.95,72413.97,497.89389
1775768400.0,72413.96,72700.0,72142.79,72264.95,771.79321
1775772000.0,72264.96,73145.0,71945.94,71946.01,1345.32358
1775775600.0,71946.01,72025.53,71585.25,71787.97,795.83731
1775779200.0,71787.98,72028.4,71573.35,71963.03,967.9743
1775782800.0,71963.04,72387.0,71673.48,72157.93,679.67117
1775786400.0,72157.93,72291.04,71921.59,71965.36,515.54191
1775790000.0,71965.36,72027.37,71813.73,71868.67,543.68867
1775793600.0,71868.67,72212.84,71820.47,72117.29,734.17151
1775797200.0,72117.29,72267.89,72010.4,72127.84,408.69549
1775800800.0,72127.84,72179.85,71792.01,71805.38,448.00931
1775804400.0,71805.39,71837.59,71428.0,71481.85,702.39043
1775808000.0,71481.85,71769.41,71426.15,71606.07,624.89096
1775811600.0,71606.08,71873.0,71583.47,71787.41,281.02303
1775815200.0,71787.41,71928.29,71711.6,71910.09,238.63388
1775818800.0,71910.1,72261.93,71903.69,72127.59,421.17579
1775822400.0,72127.59,72458.0,72007.5,72258.68,733.4245
1775826000.0,72258.69,72409.41,71899.51,72321.4,673.2668
1775829600.0,72321.39,73155.58,72258.0,72909.0,2362.6198
1775833200.0,72909.0,73289.96,72355.87,72460.51,1324.05053
1775836800.0,72460.52,73069.4,72387.41,72992.33,733.09003
1775840400.0,72992.32,73146.0,72802.96,73121.66,454.50524
1775844000.0,73121.66,73159.81,72880.95,73107.07,597.01721
1775847600.0,73107.07,73264.76,72900.0,73236.11,713.54118
1775851200.0,73236.11,73434.0,73051.97,73361.68,872.16866
1775854800.0,73361.68,73364.47,72934.53,73190.67,654.89865
1775858400.0,73190.68,73244.03,72700.6,72877.0,798.3469
1775862000.0,72877.01,72967.79,72791.96,72962.7,889.83693
1775865600.0,72962.71,72962.71,72787.94,72828.42,801.54149
1775869200.0,72828.42,72999.99,72670.0,72954.39,320.3002
1775872800.0,72954.39,73094.89,72910.93,72966.57,288.43552
1775876400.0,72966.58,73075.34,72814.42,72866.63,227.12944
1775880000.0,72866.62,72954.28,72681.9,72806.08,298.14959
1775883600.0,72806.08,72836.55,72679.08,72722.28,222.17067
1775887200.0,72722.28,72771.32,72612.16,72762.0,590.44339
1775890800.0,72762.01,72832.0,72672.56,72745.38,321.42327
1775894400.0,72745.38,72799.57,72638.44,72664.17,263.67236
1775898000.0,72664.16,72908.0,72617.75,72907.11,306.96352
1775901600.0,72907.12,72915.95,72760.9,72843.71,224.83128
1775905200.0,72843.7,72912.0,72826.37,72907.05,109.63598
1775908800.0,72907.05,72982.4,72814.97,72940.49,180.21756
1775912400.0,72940.5,72940.5,72513.09,72658.07,493.97275
1775916000.0,72658.07,72770.91,72609.27,72704.67,212.83973
1775919600.0,72704.66,72896.03,72678.0,72858.17,246.74388
1775923200.0,72858.18,73204.74,72812.94,73034.33,656.04744
1775926800.0,73034.34,73169.04,72942.06,73095.97,269.56328
1775930400.0,73095.97,73726.13,73032.61,73547.89,856.65701
1775934000.0,73547.9,73790.0,73472.38,73687.15,595.037
1775937600.0,73687.16,73689.97,73226.28,73290.43,395.49217
1775941200.0,73290.43,73548.08,73200.48,73427.04,366.94025
1775944800.0,73427.04,73574.0,73234.25,73376.01,431.15797
1775948400.0,73376.01,73376.01,72907.4,73043.16,391.57799
1775952000.0,73043.16,73117.32,72873.25,73079.96,390.45862
1775955600.0,73079.96,73137.24,71310.0,71643.69,2072.10202
1775959200.0,71643.69,71982.46,71352.47,71761.35,839.35622
1775962800.0,71761.35,71861.33,71593.18,71593.19,790.20901
1775966400.0,71593.18,71685.31,71444.68,71466.53,611.50691
1775970000.0,71466.53,71781.0,71417.22,71710.2,667.76838
1775973600.0,71710.19,71753.33,71633.77,71668.01,377.10612
1775977200.0,71668.01,71747.31,71588.57,71665.0,313.33908
1775980800.0,71664.99,71805.85,71595.0,71629.21,922.36362
1775984400.0,71629.21,71633.01,71488.45,71531.94,372.12981
1775988000.0,71531.95,71682.72,71357.76,71452.89,274.78665
1775991600.0,71452.89,71556.12,71412.57,71468.55,211.53603
1775995200.0,71468.54,71500.0,71077.44,71084.01,608.12473
1775998800.0,71084.01,71146.03,70866.82,70889.42,708.82478
1776002400.0,70889.42,71092.78,70700.0,70748.34,541.94034
1776006000.0,70748.34,70932.0,70604.07,70892.03,502.43194
1776009600.0,70892.04,70959.51,70821.05,70936.27,259.94883
1776013200.0,70936.27,71202.0,70900.0,71140.51,322.7326
1776016800.0,71140.51,71214.08,71056.2,71137.64,176.22609
1776020400.0,71137.65,71222.58,71078.76,71084.18,233.07874
1776024000.0,71084.18,71440.0,70956.83,71335.43,622.27061
1776027600.0,71335.43,71452.0,71163.01,71364.02,234.93742
1776031200.0,71364.03,71367.85,70505.88,70912.73,908.94869
1776034800.0,70912.73,70912.73,70571.66,70740.98,510.34077
1776038400.0,70741.56,71262.63,70615.3,71172.62,546.73984
1776042000.0,71172.63,71227.28,71027.26,71197.64,720.27854
1776045600.0,71197.64,71271.78,70986.71,71073.14,270.71272
1776049200.0,71073.14,71155.42,70917.27,70976.0,348.9161
1776052800.0,70975.99,71144.0,70854.29,70890.3,584.47308
1776056400.0,70890.3,70920.0,70672.72,70878.82,533.46945
1776060000.0,70878.82,71106.54,70878.82,71017.66,697.01918
1776063600.0,71017.66,71067.91,70685.25,70813.88,859.13978
1776067200.0,70813.88,70861.01,70566.99,70680.7,334.12518
1776070800.0,70680.7,70910.68,70678.0,70792.88,250.58431
1776074400.0,70792.89,70846.9,70688.28,70755.88,177.99631
1776078000.0,70755.89,70997.12,70736.29,70929.68,260.33899
1776081600.0,70929.68,71219.8,70758.5,71074.91,460.129
1776085200.0,71074.92,71700.82,70818.57,71662.65,1544.74455
1776088800.0,71662.65,72401.0,71375.24,72400.15,2098.23774
1776092400.0,72400.15,72464.28,71652.65,71866.59,1342.3378
1776096000.0,71866.59,72437.25,71679.8,72202.36,1514.19404
1776099600.0,72202.37,72600.0,72069.01,72148.87,1653.64723
1776103200.0,72148.87,72460.42,72053.78,72424.86,965.95939
1776106800.0,72424.86,73480.0,72298.93,73322.82,2632.95065
1776110400.0,73322.0,73394.37,73007.08,73149.36,1081.57049
1776114000.0,73149.36,73368.08,73072.85,73179.71,387.90227
1776117600.0,73179.71,74746.61,73172.01,74627.04,3298.60756
1776121200.0,74627.04,74900.0,74405.64,74417.99,1666.14205
1776124800.0,74418.0,74517.31,74102.39,74163.82,1276.45858
1776128400.0,74163.82,74431.0,73954.86,74386.02,1065.1631
1776132000.0,74386.03,74579.32,74283.2,74330.98,598.05117
1776135600.0,74330.99,74496.9,74252.35,74444.43,646.36946
1776139200.0,74444.44,74504.52,74351.55,74387.85,484.30563
1776142800.0,74387.85,74434.41,74150.6,74210.11,838.40961
1776146400.0,74210.12,74550.0,74210.12,74522.73,614.57152
1776150000.0,74522.72,74924.64,74430.92,74546.0,1456.55359
1776153600.0,74545.99,74910.0,74460.64,74750.0,938.29896
1776157200.0,74750.0,74830.93,74435.12,74500.0,565.8647
1776160800.0,74500.0,74617.92,74333.46,74350.01,540.18312
1776164400.0,74350.01,74450.63,74307.35,74376.52,653.35819
1776168000.0,74376.52,74485.06,74277.19,74452.0,513.51818
1776171600.0,74452.0,75532.94,74407.74,75525.94,3246.78739
1776175200.0,75525.94,76038.0,75013.61,75013.62,4357.56106
1776178800.0,75013.61,75441.99,74564.34,75317.07,1661.60412
1776182400.0,75317.06,75688.0,74527.02,74652.2,1265.45725
1776186000.0,74652.2,74948.78,74244.63,74748.9,985.979
1776189600.0,74748.89,74814.99,73795.47,74093.19,1613.97962
1776193200.0,74093.18,74398.43,73882.79,74223.18,1054.69346
1776196800.0,74223.3,74434.33,74015.53,74102.29,434.25271
1776200400.0,74102.28,74320.44,73951.64,74277.15,381.06364
1776204000.0,74277.16,74373.19,73806.09,74023.15,638.74603
1776207600.0,74023.16,74232.83,74001.08,74131.55,701.71447
1776211200.0,74131.55,74677.19,74126.32,74568.36,874.99865
1776214800.0,74568.37,74786.72,74500.0,74613.28,443.16738
1776218400.0,74613.28,74697.47,74188.0,74322.0,506.95652
1776222000.0,74322.01,74372.84,74173.75,74345.97,317.62112
1776225600.0,74345.98,74434.51,74261.47,74340.38,660.47305
1776229200.0,74340.38,74434.0,73864.01,74021.5,542.04465
1776232800.0,74021.5,74048.95,73855.49,73891.62,419.09008
1776236400.0,73891.62,74016.67,73514.0,73730.43,1451.80452
1776240000.0,73730.43,74181.9,73675.96,74110.51,532.83471
1776243600.0,74110.52,74176.49,73909.49,74011.69,363.2179
1776247200.0,74011.7,74250.0,73789.5,73864.75,548.88747
1776250800.0,73864.76,74256.44,73864.76,74201.78,444.7329
1776254400.0,74201.78,74466.1,74051.64,74273.77,567.44529
1776258000.0,74273.77,74434.51,73817.23,74063.92,676.35905
1776261600.0,74063.91,74506.84,73830.0,74151.81,757.76569
1776265200.0,74151.81,74299.07,73580.85,73844.08,743.29132
1776268800.0,73844.07,74176.0,73762.89,73941.09,547.84936
1776272400.0,73941.09,74242.0,73915.48,74134.95,593.44252
1776276000.0,74134.95,74399.75,74073.61,74390.29,407.09098
1776279600.0,74390.29,75281.0,74355.46,75002.6,1179.99077
1776283200.0,75002.6,75039.92,74512.06,74841.68,570.09892
1776286800.0,74841.67,74855.16,74540.23,74743.1,310.66035
1776290400.0,74743.1,75425.0,74740.02,74964.0,653.95001
1776294000.0,74964.01,74964.01,74620.95,74809.99,311.26846
1776297600.0,74809.99,74874.93,74451.49,74815.1,636.94865
1776301200.0,74815.09,74815.09,74454.09,74657.66,240.65148
1776304800.0,74657.67,75267.85,74601.27,74887.24,589.65615
1776308400.0,74887.23,75159.26,74865.5,74888.21,470.71966
1776312000.0,74888.21,75174.38,74728.0,74944.15,513.51186
1776315600.0,74944.15,75139.82,74900.0,75043.48,359.01217
1776319200.0,75043.47,75115.12,74853.72,75045.01,604.84284
1776322800.0,75045.01,75082.78,74636.0,74707.03,708.0609
1776326400.0,74707.02,74744.35,74500.0,74677.91,669.8621
1776330000.0,74677.91,74901.5,74594.01,74594.02,316.26697
1776333600.0,74594.02,74653.12,74277.34,74313.0,526.53069
1776337200.0,74312.99,74663.27,74285.0,74574.79,1174.6136
1776340800.0,74574.8,74872.0,74574.79,74624.0,529.55969
1776344400.0,74624.01,75030.39,73309.85,73788.03,1828.93731
1776348000.0,73788.03,74197.32,73426.94,73973.33,1331.31817
1776351600.0,73973.33,74878.99,73934.44,74697.19,1520.20876
1776355200.0,74697.2,74932.0,74063.0,74175.57,762.35705
1776358800.0,74175.58,74438.31,73912.23,74343.25,751.1945
1776362400.0,74343.25,75089.0,74240.0,75026.71,780.63438
1776366000.0,75026.71,75410.71,74717.97,75342.99,1203.37407
1776369600.0,75343.0,75534.76,75001.0,75223.47,661.71844
1776373200.0,75223.48,75286.51,74789.5,74934.24,451.58433
1776376800.0,74934.24,75117.0,74833.14,74867.92,232.35004
1776380400.0,74867.92,75177.76,74840.92,75154.29,224.77396
1776384000.0,75154.28,75154.77,74886.82,74944.98,796.37355
1776387600.0,74944.99,75034.49,74569.99,74750.0,407.29847
1776391200.0,74750.0,74802.98,74529.4,74700.0,235.53372
1776394800.0,74700.0,74839.31,74606.12,74615.82,721.66261
1776398400.0,74615.82,74871.11,74589.88,74791.39,213.9543
1776402000.0,74791.39,74801.13,74555.12,74637.77,241.61979
1776405600.0,74637.77,74950.0,74604.62,74938.52,276.57366
1776409200.0,74938.53,75089.51,74930.0,75074.77,607.34373
1776412800.0,75074.76,75881.95,74993.24,75780.38,1494.62708
1776416400.0,75780.38,76370.25,75518.78,75779.99,2004.70646
1776420000.0,75779.99,75886.01,75095.93,75278.77,1050.31882
1776423600.0,75278.77,75609.77,75246.65,75589.7,429.61331
1776427200.0,75589.7,76265.82,75531.97,76233.05,1128.91448
1776430800.0,76233.06,77417.61,76061.57,77340.12,5123.01639
1776434400.0,77340.11,78052.49,77015.39,77886.77,3617.10048
1776438000.0,77886.77,77999.0,77444.44,77785.02,1975.14451
1776441600.0,77785.03,78333.0,77705.2,77857.14,1402.18359
1776445200.0,77857.15,77917.77,77101.49,77520.59,1173.45635
1776448800.0,77520.59,77565.63,77088.23,77159.89,637.39265
1776452400.0,77159.88,77473.44,77000.0,77393.58,652.45495
1776456000.0,77393.58,77611.68,77160.12,77337.64,357.23206
1776459600.0,77337.64,77494.69,77278.72,77445.73,307.76412
1776463200.0,77445.74,77510.0,77274.56,77301.25,474.88113
1776466800.0,77301.25,77302.0,76911.0,77072.0,612.20073
1776470400.0,77072.01,77258.55,76978.17,77168.0,324.03843
1776474000.0,77168.22,77330.0,77115.77,77218.07,266.4299
1776477600.0,77218.06,77420.08,77124.63,77292.52,268.04149
1776481200.0,77292.53,77296.95,76962.67,77005.47,268.91717
1776484800.0,77005.47,77162.08,76884.1,77100.74,370.07883
1776488400.0,77100.73,77278.58,77100.73,77134.66,312.05483
1776492000.0,77134.66,77217.0,77058.4,77136.01,168.72376
1776495600.0,77136.01,77136.01,76890.0,76997.8,276.05173
1776499200.0,76997.79,77048.0,76501.0,76738.63,773.24357
1776502800.0,76738.62,76738.63,76409.37,76599.89,462.93265
1776506400.0,76599.89,76599.9,76132.32,76189.56,624.93038
1776510000.0,76189.55,76189.56,75763.76,76039.05,809.07399
1776513600.0,76039.06,76300.0,76039.05,76206.97,492.57948
1776517200.0,76206.98,76212.7,75797.53,76122.87,456.87331
1776520800.0,76122.88,76288.4,75959.68,76249.99,461.97289
1776524400.0,76250.0,76363.75,76003.97,76167.34,261.12334
1776528000.0,76167.33,76211.57,75691.03,75943.35,522.36094
1776531600.0,75943.34,75958.23,75778.69,75828.51,256.05723
1776535200.0,75828.51,75844.66,75445.16,75651.78,591.47146
1776538800.0,75651.78,75796.32,75574.22,75649.85,194.3187
1776542400.0,75649.86,75834.3,75608.44,75754.78,484.97143
1776546000.0,75754.77,75839.1,75599.64,75821.34,197.94348
1776549600.0,75821.35,75873.1,75608.89,75813.53,155.69572
1776553200.0,75813.53,75891.64,75685.69,75691.76,141.95985
1776556800.0,75691.76,75847.42,75551.73,75693.01,297.06433
1776560400.0,75693.0,75798.47,75457.11,75621.95,321.53516
1776564000.0,75621.96,75722.21,75407.84,75496.0,212.48934
1776567600.0,75496.01,75637.44,75357.0,75515.77,175.28804
1776571200.0,75515.76,75782.63,75424.4,75664.62,294.60425
1776574800.0,75664.62,75687.04,75516.39,75545.6,174.63786
1776578400.0,75545.6,75545.6,75280.92,75400.09,385.31594
1776582000.0,75400.09,75400.09,74867.72,75252.34,771.61495
1776585600.0,75252.33,75299.99,75071.58,75257.6,333.58261
1776589200.0,75257.59,75265.0,74921.74,75015.0,313.21615
1776592800.0,75015.0,75243.02,74933.87,75222.45,323.18472
1776596400.0,75222.46,75641.99,75216.96,75604.11,418.71675
1776600000.0,75604.11,75700.0,75432.07,75571.6,439.48255
1776603600.0,75571.61,76240.66,75552.44,75921.75,760.39543
1776607200.0,75921.75,76147.01,75674.55,76024.01,621.24056
1776610800.0,76024.02,76155.3,75401.44,75846.63,1097.76631
1776614400.0,75846.63,75853.26,75311.11,75382.86,403.71917
1776618000.0,75382.87,75382.87,74638.31,74791.26,795.68148
1776621600.0,74791.27,74908.62,74608.0,74770.11,531.16281
1776625200.0,74770.11,75071.61,74770.11,74965.47,306.83274
1776628800.0,74965.46,74965.47,74427.53,74630.0,452.71123
1776632400.0,74630.01,74810.0,74368.6,74425.15,383.54881
1776636000.0,74425.16,74425.16,73762.9,74047.34,1140.3898
1776639600.0,74047.34,74054.22,73790.0,73801.79,415.64133
1776643200.0,73801.8,74360.43,73724.31,74280.01,787.93368
1776646800.0,74280.01,74746.93,74214.67,74595.13,689.61016
1776650400.0,74595.12,74627.99,74304.84,74410.01,739.68976
1776654000.0,74410.01,74640.65,74359.04,74634.0,281.2031
1776657600.0,74634.01,74637.43,74435.19,74567.64,333.76794
1776661200.0,74567.63,74567.63,74095.18,74264.15,529.73957
1776664800.0,74264.16,74894.11,74250.0,74786.59,441.3007
1776668400.0,74786.59,75572.0,74670.86,74837.17,1175.74482
1776672000.0,74837.18,74998.83,74619.41,74728.91,538.52852
1776675600.0,74728.92,75233.0,74706.87,75062.77,502.56404
1776679200.0,75062.77,75404.63,75003.63,75027.26,321.321
1776682800.0,75027.26,75287.88,74957.51,75192.71,284.12016
1776686400.0,75192.72,75650.0,75043.86,75289.9,698.85484
1776690000.0,75289.91,75434.41,74859.11,75269.38,774.09093
1776693600.0,75269.37,75766.74,74921.42,75034.79,1047.20928
1776697200.0,75034.79,75772.72,74702.0,75716.77,1196.9526
1776700800.0,75716.78,75723.99,75299.26,75338.74,630.71705
1776704400.0,75338.75,75991.47,75289.92,75898.14,642.61045
1776708000.0,75898.14,76453.19,75898.14,76423.69,1544.76303
1776711600.0,76423.69,76486.67,76154.49,76296.96,1368.12243
1776715200.0,76296.97,76558.62,76113.07,76276.17,1418.8575
1776718800.0,76276.18,76357.2,75784.05,75954.71,523.28232
1776722400.0,75954.72,76143.71,75904.39,75974.24,220.6417
1776726000.0,75974.24,75974.24,75617.6,75840.97,301.78476
1776729600.0,75840.97,76099.19,75700.0,76092.45,428.95831
1776733200.0,76092.46,76263.4,75866.01,75927.59,391.13593
1776736800.0,75927.58,75932.7,75580.0,75581.33,536.09341
1776740400.0,75581.33,75721.12,75474.77,75710.3,256.2515
1776744000.0,75710.31,75823.49,75600.0,75813.81,259.64273
1776747600.0,75813.8,75981.1,75782.75,75802.0,321.53858
1776751200.0,75802.0,76129.95,75703.85,75974.11,408.87339
1776754800.0,75974.12,76300.0,75814.26,76084.34,1236.72448
1776758400.0,76084.34,76927.57,76063.98,76507.21,915.23783
1776762000.0,76507.21,76587.82,76155.0,76362.77,582.67237
1776765600.0,76362.78,76866.55,76349.59,76746.41,536.34243
1776769200.0,76746.41,76750.68,76342.0,76452.94,624.94284
1776772800.0,76452.94,76528.11,75709.03,76009.46,1039.78515
1776776400.0,76009.46,76179.75,75736.33,75899.98,686.08493
1776780000.0,75899.98,76595.3,75625.28,75675.05,949.21411
1776783600.0,75675.04,75979.78,75430.62,75834.65,923.86151
1776787200.0,75834.66,76190.72,75760.0,75781.18,496.33064
1776790800.0,75781.19,75912.98,75052.64,75545.62,995.0846
1776794400.0,75545.62,75668.24,75310.88,75610.21,456.47055
1776798000.0,75610.21,75919.5,74821.57,75023.43,954.2676
1776801600.0,75023.43,75859.56,74967.58,75698.51,797.25703
1776805200.0,75698.51,75777.38,75431.62,75549.99,249.37655
1776808800.0,75549.99,75650.04,75302.01,75650.04,389.29388
1776812400.0,75650.03,76425.37,75622.0,76336.15,477.13097
1776816000.0,76336.14,76500.0,76220.4,76370.45,496.92701
1776819600.0,76370.46,76416.24,76132.95,76297.99,351.48706
1776823200.0,76297.99,77645.35,76223.9,77604.71,1622.85639
1776826800.0,77604.7,77733.11,77397.88,77521.48,956.6528
1776830400.0,77521.47,77700.0,77364.25,77523.0,547.1578
1776834000.0,77523.01,78452.18,77450.0,77994.93,2386.48879
1776837600.0,77994.92,78042.84,77900.0,78010.72,576.88586
1776841200.0,78010.73,78111.0,77825.0,78012.79,880.5264
1776844800.0,78012.78,78219.41,77941.59,78010.92,987.44812
1776848400.0,78010.92,78184.7,77956.76,78001.95,415.39605
1776852000.0,78001.96,78180.0,77951.17,78157.41,352.72131
1776855600.0,78157.41,78399.0,78102.0,78300.0,560.88264
1776859200.0,78300.0,78508.18,78114.04,78236.05,952.94008
1776862800.0,78236.05,78850.0,78162.64,78840.94,1253.18724
1776866400.0,78840.94,79174.68,78577.86,79045.75,1847.69509
1776870000.0,79045.75,79400.0,78837.66,79272.9,1412.004
1776873600.0,79272.91,79472.82,78632.37,78743.59,1010.97362
1776877200.0,78743.6,79034.73,78705.71,78900.0,502.31388
1776880800.0,78900.01,79163.66,78828.76,79022.39,322.94022
1776884400.0,79022.4,79067.6,78706.81,78846.62,557.30668
1776888000.0,78846.62,78915.84,78410.0,78436.68,436.66543
1776891600.0,78436.69,78821.86,78425.0,78762.69,299.34545
1776895200.0,78762.68,78824.0,78456.15,78607.95,294.6414
1776898800.0,78607.95,78607.95,78155.83,78178.23,712.06893
1776902400.0,78178.22,78574.44,77582.17,78424.29,1778.58027
1776906000.0,78424.3,78472.95,78057.5,78359.23,586.8685
1776909600.0,78359.71,78359.72,77761.2,77939.92,508.32327
1776913200.0,77939.91,78025.99,77453.43,77746.46,609.2036
1776916800.0,77746.47,77949.09,77675.8,77920.09,305.0499
1776920400.0,77920.09,78110.01,77750.0,78033.87,680.89298
1776924000.0,78034.0,78339.35,78034.0,78211.43,433.12959
1776927600.0,78211.43,78248.39,77981.88,78048.62,292.35484
1776931200.0,78048.61,78175.52,77714.86,77858.35,1135.26875
1776934800.0,77858.34,77860.8,77440.85,77655.34,772.05261
1776938400.0,77655.35,77709.16,77174.01,77403.63,1129.48909
1776942000.0,77403.63,77757.31,77365.57,77704.62,525.42671
1776945600.0,77704.61,77870.54,77491.18,77870.53,636.21566
1776949200.0,77870.54,77904.37,77379.92,77532.23,592.70115
1776952800.0,77532.23,78201.53,77414.0,78180.77,926.52082
1776956400.0,78180.78,78662.5,77983.25,78376.76,1008.45262
1776960000.0,78376.77,78509.82,78030.0,78103.72,661.93618
1776963600.0,78103.72,78184.85,76960.0,77769.21,1724.53866
1776967200.0,77769.2,78146.75,77678.65,77678.65,731.06838
1776970800.0,77678.65,77886.88,77592.92,77727.26,830.20485
1776974400.0,77727.25,78050.0,77637.5,77886.97,391.74493
1776978000.0,77886.97,78070.0,77800.0,77864.83,211.37751
1776981600.0,77864.84,78331.0,77864.83,78235.3,271.3302
1776985200.0,78235.29,78298.01,78030.0,78257.48,228.06394
1776988800.0,78257.48,78490.83,78172.01,78417.22,451.37457
1776992400.0,78417.22,78450.0,77952.16,78429.73,533.84795
1776996000.0,78429.73,78581.93,78067.17,78125.65,425.56297
1776999600.0,78125.65,78178.4,77555.0,77737.85,639.95986
1777003200.0,77737.84,77854.57,77482.49,77670.0,605.14416
1777006800.0,77670.01,78057.65,77457.0,77953.48,423.6718
1777010400.0,77953.48,77979.54,77761.2,77789.75,280.75336
1777014000.0,77789.75,77855.67,77543.52,77644.6,696.90666
1777017600.0,77644.59,78000.0,77550.73,77785.71,731.67499
1777021200.0,77785.7,77804.23,77402.01,77527.69,621.09775
1777024800.0,77527.7,77784.0,77444.95,77752.36,379.99202
1777028400.0,77752.37,78372.58,77752.37,78240.26,1186.36064
1777032000.0,78240.27,78345.15,78016.51,78275.66,579.40035
1777035600.0,78275.65,78479.37,77913.27,78093.79,852.96848
1777039200.0,78093.8,78093.8,77681.74,78037.64,755.72516
1777042800.0,78037.65,78233.18,77577.22,78038.62,662.02033
1777046400.0,78038.63,78060.29,77586.86,77777.28,525.06319
1777050000.0,77776.76,77829.17,77489.6,77681.71,537.36482
1777053600.0,77681.72,77717.08,77363.63,77618.24,321.31558
1777057200.0,77618.25,77748.66,77532.46,77628.85,250.57895
1777060800.0,77628.84,77757.14,77458.0,77718.31,376.29595
1777064400.0,77718.31,77756.15,77536.48,77536.48,322.69633
1777068000.0,77536.49,77616.78,77264.08,77328.91,278.27896
1777071600.0,77328.92,77456.87,77328.92,77437.13,237.08832
1777075200.0,77437.13,77502.99,77309.92,77456.88,429.63681
1777078800.0,77456.88,77620.52,77440.8,77541.63,200.07888
1777082400.0,77541.63,77644.04,77504.43,77607.8,171.0703
1777086000.0,77607.8,77711.87,77550.27,77679.07,142.22205
1777089600.0,77679.08,77691.23,77596.37,77619.05,275.21191
1777093200.0,77619.05,77619.05,77485.51,77510.28,174.55862
1777096800.0,77510.27,77582.28,77489.35,77503.63,269.54814
1777100400.0,77503.63,77566.26,77450.0,77501.19,174.69907
1777104000.0,77501.19,77654.41,77491.36,77643.37,116.50084
1777107600.0,77643.38,77779.65,77587.1,77714.55,144.65626
1777111200.0,77714.56,77885.35,77714.55,77787.77,306.44644
1777114800.0,77787.76,77787.77,77607.03,77682.3,185.59351
1777118400.0,77682.29,77717.95,77550.61,77557.14,161.82067
1777122000.0,77557.14,77710.91,77557.14,77691.69,161.65796
1777125600.0,77691.7,77752.54,77638.0,77656.75,202.75966
1777129200.0,77656.74,77722.7,77299.89,77330.26,480.35839
1777132800.0,77330.25,77454.31,77140.23,77397.27,471.60364
1777136400.0,77397.27,77407.03,77210.96,77245.77,151.09691
1777140000.0,77245.78,77389.01,77216.29,77313.0,331.13304
1777143600.0,77313.0,77343.81,77193.79,77330.01,293.84127
1777147200.0,77330.0,77481.7,77311.05,77479.13,85.63447
1777150800.0,77479.14,77530.0,77415.2,77525.84,150.55151
1777154400.0,77525.83,77634.77,77498.81,77557.01,242.12513
1777158000.0,77557.01,77650.0,77530.0,77625.0,362.30872
1777161600.0,77625.0,77642.43,77445.94,77502.4,307.91239
1777165200.0,77502.39,77572.81,77451.16,77461.16,130.56583
1777168800.0,77461.16,77590.97,77452.07,77512.67,85.92459
1777172400.0,77512.67,77541.96,77326.51,77400.21,146.77411
1777176000.0,77400.21,77814.43,77383.46,77774.29,227.07196
1777179600.0,77774.29,78200.0,77719.77,77983.31,797.06637
1777183200.0,77983.31,78045.0,77899.45,77999.04,206.01822
1777186800.0,77999.04,78121.45,77968.36,78102.53,175.6113
1777190400.0,78102.53,78210.0,78019.65,78032.59,265.96473
1777194000.0,78032.59,78058.45,77926.59,77999.99,168.80014
1777197600.0,78000.0,78050.19,77954.0,78002.43,153.3474
1777201200.0,78002.43,78149.99,78002.42,78101.44,133.58626
1777204800.0,78101.43,78101.5,77770.0,77833.08,296.93614
1777208400.0,77833.08,77996.69,77797.13,77977.79,254.46962
1777212000.0,77977.79,78173.15,77871.85,78095.66,401.66239
1777215600.0,78095.65,78121.92,77988.89,78049.0,177.4742
1777219200.0,78049.0,78086.47,77919.42,77919.43,198.96678
1777222800.0,77919.43,78050.0,77850.0,78018.57,373.25532
1777226400.0,78018.57,78346.89,77988.11,78283.96,421.27794
1777230000.0,78283.97,78500.0,78013.76,78221.16,511.56
1777233600.0,78221.17,78377.77,78158.04,78194.22,172.13709
1777237200.0,78194.21,78961.0,77843.75,78417.41,977.34524
1777240800.0,78417.41,78850.3,77953.26,78313.52,710.63176
1777244400.0,78313.52,78901.63,78041.05,78657.55,669.20184
1777248000.0,78657.55,79392.4,78400.03,79308.6,1271.22649
1777251600.0,79309.0,79485.66,78730.71,79283.66,993.09217
1777255200.0,79283.65,79304.0,79030.91,79130.01,381.22923
1777258800.0,79130.01,79316.5,79077.81,79105.49,397.44839
1777262400.0,79105.5,79160.0,78872.42,78924.22,417.67922
1777266000.0,78924.21,78938.0,77562.63,77785.54,1805.78745
1777269600.0,77785.55,77871.9,77465.05,77700.12,641.73182
1777273200.0,77700.12,77734.79,77562.08,77606.6,743.19766
1777276800.0,77606.59,77816.18,77553.23,77804.34,465.54163
1777280400.0,77804.34,77980.0,77700.0,77900.01,578.50773
1777284000.0,77900.01,77935.66,77792.46,77850.01,311.10764
1777287600.0,77850.01,77885.46,77740.39,77844.26,252.77882
1777291200.0,77844.25,77867.33,77620.0,77667.36,415.46743
1777294800.0,77667.36,77966.8,77571.79,77746.74,762.7167
1777298400.0,77746.74,78265.34,77680.0,77815.25,744.42829
1777302000.0,77815.26,77827.17,76564.33,76793.09,1882.17067
1777305600.0,76793.1,76868.01,76546.0,76618.59,809.46498
1777309200.0,76618.59,76990.43,76618.59,76743.24,874.80558
1777312800.0,76743.23,76890.99,76668.52,76834.06,361.97331
1777316400.0,76834.05,76894.7,76459.64,76878.07,598.68003
1777320000.0,76878.23,77067.8,76844.16,76960.43,310.80766
1777323600.0,76960.43,76981.53,76786.8,76786.81,223.94467
1777327200.0,76786.81,77082.78,76763.71,77066.42,364.86359
1777330800.0,77066.42,77450.0,77018.56,77371.32,438.27302
1777334400.0,77371.32,77478.0,77210.92,77379.62,327.26244
1777338000.0,77379.62,77394.1,77038.1,77084.68,404.77602
1777341600.0,77084.69,77227.03,76672.56,76890.93,437.7548
1777345200.0,76890.92,76890.92,76672.0,76815.18,278.47081
1777348800.0,76815.18,76950.0,76701.35,76888.08,274.86374
1777352400.0,76888.08,77154.0,76811.01,76885.98,510.80129
1777356000.0,76885.97,77027.91,76588.0,76720.0,465.05641
1777359600.0,76720.01,76922.22,76424.9,76879.28,1631.99051
1777363200.0,76879.28,77013.63,76741.12,76858.59,1043.07562
1777366800.0,76858.59,76863.54,76495.91,76598.0,361.69239
1777370400.0,76597.99,76692.19,76484.7,76618.35,418.24563
1777374000.0,76618.35,76649.86,76130.1,76229.0,1019.71842
1777377600.0,76228.99,76421.94,76168.84,76372.05,652.01316
1777381200.0,76372.04,76411.72,75924.98,76189.84,1288.525
1777384800.0,76189.85,76199.99,75666.6,75949.99,1264.2758
1777388400.0,75950.0,76085.42,75836.88,76066.38,571.95819
1777392000.0,76066.37,76218.06,75881.28,76125.04,447.54534
1777395600.0,76125.04,76262.63,75959.05,76187.3,337.12149
1777399200.0,76187.3,76280.91,76137.86,76242.18,337.48355
1777402800.0,76242.17,76380.83,76066.35,76330.97,259.65416
1777406400.0,76330.97,76480.0,76323.71,76463.95,259.71578
1777410000.0,76463.95,76481.3,76267.61,76357.15,281.17357
1777413600.0,76357.15,76446.26,76218.0,76242.17,157.60986
1777417200.0,76242.17,76370.0,76197.02,76342.77,179.93985
1777420800.0,76342.78,76557.97,76276.0,76512.0,636.88517
1777424400.0,76511.99,76668.02,76187.75,76571.0,371.48818
1777428000.0,76571.0,76666.82,76402.72,76531.29,315.29662
1777431600.0,76531.29,77127.62,76519.94,76994.78,568.25927
1777435200.0,76994.77,77455.71,76880.0,77269.76,655.24397
1777438800.0,77269.76,77329.31,77198.07,77288.38,412.95649
1777442400.0,77288.39,77337.57,76907.07,77031.06,974.38933
1777446000.0,77031.07,77182.91,77031.06,77053.64,931.98531
1777449600.0,77053.65,77148.79,76972.32,77046.32,539.09721
1777453200.0,77046.31,77800.0,76972.32,77642.0,835.54071
1777456800.0,77642.0,77904.93,77559.19,77619.61,790.81622
1777460400.0,77619.62,77694.61,77485.81,77590.03,531.7514
1777464000.0,77590.04,77596.39,76850.0,77143.68,1776.35149
1777467600.0,77143.68,77240.0,76425.62,76783.43,1000.6949
1777471200.0,76783.42,76927.69,76489.99,76570.0,1353.72071
1777474800.0,76570.0,76634.61,75705.32,75924.25,1132.75734
1777478400.0,75924.24,76125.47,75696.13,75803.54,1021.10079
1777482000.0,75803.55,76184.01,75803.55,76184.01,549.93434
1777485600.0,76184.0,76274.8,74937.52,75513.91,1926.88309
1777489200.0,75513.92,75591.83,75302.31,75563.86,464.5754
1777492800.0,75563.87,75857.32,75497.43,75676.79,575.31173
1777496400.0,75676.79,76088.9,75607.7,75933.93,363.06477
1777500000.0,75933.94,76004.14,75818.14,75927.38,272.33397
1777503600.0,75927.38,75990.06,75692.33,75780.0,279.49181
1777507200.0,75780.0,76344.61,75656.03,76248.74,562.71461
1777510800.0,76248.76,76473.26,76178.73,76232.8,331.53653
1777514400.0,76232.81,76351.04,75494.7,75704.74,537.06765
1777518000.0,75704.74,75994.26,75659.85,75928.1,182.12647
1777521600.0,75928.09,75963.92,75414.57,75497.0,426.96926
1777525200.0,75497.01,75750.0,75323.65,75600.09,491.70915
1777528800.0,75600.09,75867.9,75569.99,75753.53,372.15072
1777532400.0,75753.54,76179.91,75718.5,76161.67,516.75183
1777536000.0,76161.67,76208.92,76019.57,76058.17,350.94571
1777539600.0,76058.17,76339.38,76012.6,76097.19,445.01057
1777543200.0,76097.19,76163.52,75974.93,76028.66,365.18719
1777546800.0,76028.66,76244.36,75876.29,76059.43,550.88667
1777550400.0,76059.42,76511.22,76042.75,76308.48,1520.57994
1777554000.0,76308.48,76669.14,76116.2,76420.44,927.16622
1777557600.0,76420.45,76597.51,76093.81,76301.24,683.75312
1777561200.0,76301.25,76653.6,76163.16,76473.6,374.70038
1777564800.0,76473.6,76484.6,76228.27,76261.03,165.45041
1777568400.0,76261.04,76328.71,76111.0,76250.01,273.82279
1777572000.0,76250.0,76468.84,76204.4,76350.0,184.15567
1777575600.0,76350.0,76514.8,76308.33,76412.8,307.53776
1777579200.0,76412.8,76568.9,76318.31,76492.46,287.06721
1777582800.0,76492.45,76535.42,76240.78,76241.78,183.08169
1777586400.0,76241.77,76449.16,76206.02,76237.06,158.56535
1777590000.0,76237.07,76380.2,76217.96,76346.57,182.87917
1777593600.0,76346.58,76591.0,76320.42,76458.05,502.88844
1777597200.0,76458.06,76776.21,76449.5,76686.13,486.84554
1777600800.0,76686.12,76744.6,76533.74,76592.54,204.45438
1777604400.0,76592.54,77453.74,76555.06,77131.08,1056.19913
1777608000.0,77131.08,77206.38,76653.6,77042.44,995.75921
1777611600.0,77042.44,77184.96,77033.91,77165.98,283.75111
1777615200.0,77165.99,77179.53,76882.0,76993.48,439.15205
1777618800.0,76993.49,77140.36,76957.04,77130.54,633.7325
1777622400.0,77130.54,77500.0,77048.0,77377.47,697.73561
1777626000.0,77377.48,77391.99,77200.15,77268.55,355.16559
1777629600.0,77268.56,77433.72,77146.48,77304.34,330.99244
1777633200.0,77303.8,77600.0,77263.66,77463.98,584.3796
1777636800.0,77463.98,78170.2,77408.73,77896.01,1392.97654
1777640400.0,77896.01,78914.12,77896.0,78737.25,2354.33999
1777644000.0,78737.26,78871.8,78051.86,78358.75,1970.70152
1777647600.0,78358.74,78735.92,78176.06,78445.89,1013.17746
1777651200.0,78445.88,78683.23,78167.53,78214.36,704.68666
1777654800.0,78214.36,78584.61,78131.02,78552.94,489.31938
1777658400.0,78552.93,78623.37,78375.53,78423.9,487.76487
1777662000.0,78423.91,78540.0,78313.16,78360.0,512.65483
1777665600.0,78360.01,78422.81,77752.0,77880.18,827.52759
1777669200.0,77880.18,78200.0,77857.97,78199.99,485.72824
1777672800.0,78200.0,78411.13,78144.7,78153.38,331.97786
1777676400.0,78153.37,78249.6,78043.28,78231.13,173.55448
1777680000.0,78231.13,78393.39,78166.48,78341.75,211.29374
1777683600.0,78341.75,78441.31,78294.19,78355.0,400.98852
1777687200.0,78355.0,78513.7,78260.95,78353.93,283.69022
1777690800.0,78353.93,78514.82,78237.25,78400.0,300.16391
1777694400.0,78399.99,78448.99,78123.53,78175.5,411.85061
1777698000.0,78175.5,78235.25,78040.0,78174.0,526.60294
1777701600.0,78174.0,78363.21,78148.24,78327.8,366.5645
1777705200.0,78327.8,78342.18,78207.2,78220.0,170.02066
1777708800.0,78220.0,78356.51,78165.3,78315.37,204.83037
1777712400.0,78315.36,78394.0,78220.0,78293.57,257.64077
1777716000.0,78293.57,78311.97,78225.22,78249.3,136.41815
1777719600.0,78249.31,78249.31,78094.43,78143.08,269.24301
1777723200.0,78143.09,78262.37,78108.41,78211.24,182.77682
1777726800.0,78211.24,78423.85,78211.24,78367.06,227.00487
1777730400.0,78367.06,78484.42,78309.84,78423.98,190.15931
1777734000.0,78423.98,78487.68,78365.96,78487.67,126.14054
1777737600.0,78487.67,78596.61,78430.07,78455.02,194.42514
1777741200.0,78455.02,78485.53,78368.24,78398.02,213.39843
1777744800.0,78398.03,78493.31,78310.54,78466.62,118.15969
1777748400.0,78466.63,78521.68,78440.11,78486.0,182.05466
1777752000.0,78486.23,78491.26,78418.32,78451.38,61.92886
1777755600.0,78451.37,79199.48,78439.51,78719.78,734.53837
1777759200.0,78719.78,78872.39,78610.46,78832.98,266.49012
1777762800.0,78832.98,78832.98,78631.9,78686.85,114.49221
1777766400.0,78686.84,78754.55,78490.61,78542.32,233.96416
1777770000.0,78542.33,78542.33,78152.25,78240.83,391.01401
1777773600.0,78240.84,78309.09,78108.75,78171.85,222.42918
1777777200.0,78171.86,78217.59,78109.94,78203.08,200.3559
1777780800.0,78203.07,78236.45,78120.0,78163.19,89.71363
1777784400.0,78163.19,78260.75,78163.17,78249.42,98.09285
1777788000.0,78249.41,78337.26,78084.08,78288.3,306.94233
1777791600.0,78288.3,78483.67,78288.29,78363.25,299.42086
1777795200.0,78363.24,78505.92,78363.24,78387.86,102.01693
1777798800.0,78387.87,78604.67,78354.53,78529.57,293.1321
1777802400.0,78529.57,78534.4,78406.97,78408.01,140.79481
1777806000.0,78408.01,78849.22,78380.0,78656.01,412.8313
1777809600.0,78656.01,78878.77,78656.0,78747.09,294.28187
1777813200.0,78747.09,78769.63,78586.99,78670.01,196.40341
1777816800.0,78670.01,78786.57,78608.7,78741.0,409.96615
1777820400.0,78741.0,78815.19,78633.4,78668.36,237.20487
1777824000.0,78668.36,78784.56,78600.0,78654.0,167.53902
1777827600.0,78654.01,78822.83,78558.65,78725.76,357.9255
1777831200.0,78725.76,78763.57,78631.61,78739.67,138.18974
1777834800.0,78739.68,78853.32,78676.67,78760.32,252.60944
1777838400.0,78760.32,79268.0,78732.04,78915.99,645.7979
1777842000.0,78915.99,79056.59,78650.0,78831.59,357.48617
1777845600.0,78831.6,79447.0,78831.6,79177.29,934.95879
1777849200.0,79177.29,79287.82,78484.42,78568.57,642.72198
1777852800.0,78568.58,78572.57,78288.88,78547.14,434.86007
1777856400.0,78547.15,79848.84,78412.49,79769.43,1366.42153
1777860000.0,79769.43,80420.9,79540.05,80173.3,2278.14954
1777863600.0,80173.3,80458.0,79926.9,80316.31,1012.18218
1777867200.0,80316.3,80635.51,80233.04,80332.06,1362.02834
1777870800.0,80332.06,80395.96,79956.25,80027.26,746.81318
1777874400.0,80027.26,80048.64,79500.0,79877.9,1103.73906
1777878000.0,79877.91,79946.33,79672.0,79696.75,419.83178
1777881600.0,79696.75,79800.0,79602.32,79708.3,435.36516
1777885200.0,79708.3,79930.0,79647.87,79838.48,473.40316
1777888800.0,79838.49,79880.0,78202.0,78940.26,4380.72428
1777892400.0,78940.27,79124.83,78708.87,78793.67,699.54546
1777896000.0,78793.67,79020.0,78718.55,78857.18,426.01688
1777899600.0,78857.18,79124.83,78581.74,78790.0,725.07004
1777903200.0,78790.01,80545.17,78500.0,80216.16,2308.42012
1777906800.0,80216.15,80367.93,79320.28,80028.85,2458.63305
1777910400.0,80028.85,80395.68,79619.33,80025.03,1492.78417
1777914000.0,80025.03,80776.99,80021.5,80390.81,1080.11249
1777917600.0,80390.8,80439.18,80035.32,80114.91,663.99913
1777921200.0,80114.91,80138.0,79900.0,80053.31,505.59924
1777924800.0,80053.31,80154.12,79901.0,79936.7,459.51864
1777928400.0,79936.7,80383.15,79936.7,80259.17,343.30642
1777932000.0,80259.18,80397.19,80042.84,80067.23,272.35375
1777935600.0,80067.22,80067.22,79744.91,79861.01,594.08368
1777939200.0,79861.01,80183.33,79808.72,80170.66,425.73287
1777942800.0,80170.66,80385.06,80080.76,80352.0,530.02962
1777946400.0,80351.99,80900.0,80300.0,80554.68,768.44478
1777950000.0,80554.69,81083.98,80457.93,80893.08,677.93372
1777953600.0,80893.08,80982.59,80725.0,80902.44,528.94138
1777957200.0,80902.44,81323.52,80830.06,80970.0,1011.38606
1777960800.0,80969.99,81016.42,80800.0,80976.0,389.83367
1777964400.0,80976.0,81136.59,80826.0,80855.59,1044.4323
1777968000.0,80855.59,80895.5,80723.2,80815.24,474.4579
1777971600.0,80815.24,80815.24,80527.76,80586.02,865.34761
1777975200.0,80586.02,80831.87,80530.82,80823.61,521.10422
1777978800.0,80823.61,81095.48,80780.0,81014.05,623.66253
1777982400.0,81014.05,81329.61,80932.54,81279.41,607.82057
1777986000.0,81279.4,81712.32,81196.0,81330.0,1771.4169
1777989600.0,81330.0,81500.0,80939.87,81336.59,1282.91373
1777993200.0,81336.59,81689.2,81235.0,81525.19,899.04049
1777996800.0,81525.19,81615.33,81050.04,81285.75,707.45267
1778000400.0,81285.75,81458.26,81185.02,81270.6,280.80669
1778004000.0,81270.61,81599.0,81270.61,81515.0,427.56223
1778007600.0,81515.0,81680.0,81407.58,81606.35,364.63717
1778011200.0,81606.35,81770.0,81510.13,81646.38,724.67261
1778014800.0,81646.39,81791.48,81305.27,81407.11,618.58873
1778018400.0,81407.11,81600.0,80817.72,81111.27,921.88572
1778022000.0,81111.27,81222.03,80790.0,80905.52,479.07578
1778025600.0,80905.53,81262.28,80731.14,81030.01,876.19915
1778029200.0,81030.0,81534.23,80996.0,81439.34,803.82574
1778032800.0,81439.34,81449.04,81047.01,81363.54,621.19491
1778036400.0,81363.54,81760.84,81358.17,81581.69,710.52364
1778040000.0,81581.7,81649.99,81270.0,81331.1,575.6413
1778043600.0,81331.1,81360.3,81060.0,81333.0,592.1865
1778047200.0,81333.0,81516.9,81211.34,81476.71,524.1354
1778050800.0,81476.71,81611.0,81307.81,81359.82,608.74333
1778054400.0,81359.82,81986.0,81328.68,81945.66,1353.41416
1778058000.0,81945.66,82060.0,81682.7,81997.0,1096.7335
1778061600.0,81997.0,82390.0,81953.25,82290.04,1302.85091
1778065200.0,82290.03,82850.0,82261.6,82522.89,1435.93329
1778068800.0,82522.88,82539.33,82164.61,82220.47,820.9281
1778072400.0,82220.47,82220.47,81600.0,81670.89,1247.90169
1778076000.0,81670.9,81980.72,81136.0,81526.73,1615.07708
1778079600.0,81526.74,81823.0,81316.28,81704.25,824.75333
1778083200.0,81704.25,81907.51,81431.16,81630.94,983.55485
1778086800.0,81630.94,81709.32,81394.0,81452.63,417.39237
1778090400.0,81452.63,81559.17,81271.06,81353.14,451.84587
1778094000.0,81353.15,81522.41,81200.0,81464.87,517.12437
1778097600.0,81464.86,81700.0,81302.35,81427.52,436.46876
1778101200.0,81427.52,81618.77,81294.64,81539.16,310.38464
1778104800.0,81539.16,81540.91,81240.0,81342.39,229.58883
1778108400.0,81342.39,81447.3,81000.0,81447.01,442.37224
1778112000.0,81447.01,81490.03,80980.0,81016.96,407.52958
1778115600.0,81016.96,81284.67,80830.23,81167.8,565.39571
1778119200.0,81167.79,81180.74,80883.54,81113.34,749.95215
1778122800.0,81113.35,81113.35,80834.61,80834.91,345.29566
1778126400.0,80834.92,80989.59,80725.09,80979.19,387.82747
1778130000.0,80979.19,81172.27,80974.06,81088.0,355.34634
1778133600.0,81088.0,81443.21,80874.41,81438.61,613.68575
1778137200.0,81438.62,81708.32,81390.3,81518.58,681.98013
1778140800.0,81518.57,81590.0,81194.74,81231.24,647.38206
1778144400.0,81231.25,81231.25,80852.33,80929.0,659.04219
1778148000.0,80929.0,80997.0,80572.4,80850.75,690.56353
1778151600.0,80850.76,81041.15,80786.5,80866.65,367.10915
1778155200.0,80866.65,81180.0,80846.87,81162.01,429.19223
1778158800.0,81162.0,81162.01,80260.98,80503.68,1211.56578
1778162400.0,80503.69,80685.7,80046.0,80171.38,1538.09475
1778166000.0,80171.37,80271.42,79699.52,79890.63,1647.8103
1778169600.0,79890.0,80020.0,79646.79,79801.08,1424.92395
1778173200.0,79801.08,80135.17,79500.0,80094.52,919.74045
1778176800.0,80094.52,80269.06,80004.4,80200.59,527.27769
1778180400.0,80200.6,80224.0,79934.3,80146.11,443.20216
1778184000.0,80146.77,80371.23,79859.51,79879.99,400.51449
1778187600.0,79880.0,79934.92,79660.0,79735.01,401.75461
1778191200.0,79735.0,79990.0,79582.95,79919.01,495.14556
1778194800.0,79919.0,80068.03,79871.98,80006.0,244.47169
1778198400.0,80006.0,80142.84,79729.72,79831.99,958.06006
1778202000.0,79831.98,79900.11,79612.63,79740.01,539.33838
1778205600.0,79740.01,79761.61,79316.99,79488.46,1066.54641
1778209200.0,79488.47,79666.66,79181.48,79578.85,529.79179
1778212800.0,79578.84,79748.0,79551.26,79655.23,317.73705
1778216400.0,79655.22,79778.95,79600.0,79600.01,307.79364
1778220000.0,79600.01,79654.0,79411.0,79525.76,792.09671
1778223600.0,79525.77,79727.0,79248.58,79682.4,992.93778
1778227200.0,79682.4,79987.27,79666.05,79886.01,628.59636
1778230800.0,79886.0,80061.17,79794.88,79872.72,481.81051
1778234400.0,79872.72,80278.92,79788.01,80212.56,650.80764
1778238000.0,80212.55,80340.94,80127.54,80231.22,586.98252
1778241600.0,80231.22,80500.0,79966.14,80025.82,831.54339
1778245200.0,80025.81,80095.99,79549.54,79647.8,1091.58342
1778248800.0,79647.81,80441.79,79647.8,80150.97,1005.3745
1778252400.0,80150.97,80200.0,79625.0,80142.14,812.90032
1778256000.0,80142.13,80182.18,79741.3,79802.34,665.763
1778259600.0,79802.35,80261.87,79738.75,80060.0,1502.98426
1778263200.0,80060.0,80299.99,80059.99,80078.4,470.37331
1778266800.0,80078.39,80181.66,79954.54,80179.94,408.77976
1778270400.0,80180.0,80299.93,80089.76,80133.09,330.63666
1778274000.0,80133.08,80264.0,80116.32,80263.99,269.62208
1778277600.0,80264.0,80409.09,80238.42,80262.0,318.15524
1778281200.0,80262.0,80299.27,80111.02,80193.17,441.0953
1778284800.0,80193.18,80240.87,80129.85,80238.76,206.53644
1778288400.0,80238.75,80446.58,80217.46,80327.75,266.81337
1778292000.0,80327.75,80477.47,80327.75,80417.87,231.63268
1778295600.0,80417.88,80550.67,80307.76,80383.95,388.12699
1778299200.0,80383.96,80666.66,80373.55,80379.9,404.43634
1778302800.0,80379.9,80480.49,80343.0,80379.49,360.73513
1778306400.0,80379.5,80428.01,80201.6,80263.92,270.37474
1778310000.0,80263.93,80309.05,80135.0,80228.89,445.94164
1778313600.0,80228.88,80452.44,80220.0,80407.12,297.06841
1778317200.0,80407.12,80415.83,80214.0,80242.53,211.41081
1778320800.0,80242.54,80346.94,80166.26,80264.02,234.54075
1778324400.0,80264.01,80366.07,80256.95,80345.46,266.71827
1778328000.0,80345.47,80416.21,80274.03,80397.97,357.45715
1778331600.0,80397.97,80422.0,80318.7,80391.18,341.73909
1778335200.0,80391.18,80426.9,80254.71,80332.22,322.24573
1778338800.0,80332.23,80600.0,80234.0,80527.92,418.47876
1778342400.0,80527.92,80777.0,80487.4,80625.01,546.55445
1778346000.0,80625.0,80928.56,80625.0,80812.7,430.13867
1778349600.0,80812.69,81080.0,80787.39,80907.65,339.35386
1778353200.0,80907.66,80958.0,80776.99,80938.53,217.80867
1778356800.0,80938.53,80938.53,80744.98,80805.5,144.14004
1778360400.0,80805.51,80896.0,80744.98,80780.83,149.85415
1778364000.0,80780.83,80823.24,80670.01,80782.38,199.54802
1778367600.0,80782.38,80850.0,80621.88,80678.4,496.76761
1778371200.0,80678.41,80770.51,80610.64,80680.04,346.27712
1778374800.0,80680.03,80690.73,80572.77,80685.56,410.62072
1778378400.0,80685.55,80790.0,80611.0,80777.42,290.59888
1778382000.0,80777.42,80887.15,80709.59,80775.0,284.77121
1778385600.0,80774.99,80840.0,80722.78,80759.93,253.45188
1778389200.0,80759.93,80816.52,80682.0,80700.77,372.73913
1778392800.0,80700.76,80753.04,80658.97,80733.75,211.5502
1778396400.0,80733.75,80827.14,80720.1,80736.03,400.67517
1778400000.0,80736.03,80909.65,80715.33,80830.33,252.36808
1778403600.0,80830.34,80913.8,80756.53,80807.96,237.31778
1778407200.0,80807.95,80883.48,80691.0,80873.79,279.49023
1778410800.0,80873.8,80975.4,80750.0,80821.21,339.53296
1778414400.0,80821.21,80950.0,80784.2,80927.72,235.68491
1778418000.0,80927.71,81000.01,80865.44,80971.67,254.25083
1778421600.0,80971.66,80999.36,80816.22,80990.11,372.4586
1778425200.0,80990.11,81442.81,80936.0,81418.01,780.28503
1778428800.0,81418.01,81500.0,81200.0,81378.25,595.22707
1778432400.0,81378.25,81583.11,81220.0,81476.18,599.74468
1778436000.0,81476.18,81493.11,81231.14,81271.96,268.90805
1778439600.0,81271.96,81481.92,81148.0,81437.83,334.34752
1778443200.0,81437.83,81459.66,80279.77,80734.88,1021.73969
1778446800.0,80734.88,80944.44,80571.97,80720.47,691.73163
1778450400.0,80720.47,82171.96,80666.66,82044.49,1804.86462
1778454000.0,82044.49,82479.32,82044.49,82210.07,1395.68283
1778457600.0,82210.07,82380.0,81280.0,81471.13,1294.00066
1778461200.0,81471.13,81744.85,81291.23,81501.72,495.92379
1778464800.0,81501.73,81572.4,81117.64,81169.08,491.97068
1778468400.0,81169.09,81188.97,80525.0,80736.01,857.95581
1778472000.0,80736.0,80879.12,80639.99,80824.61,378.47076
1778475600.0,80824.61,80981.8,80761.73,80832.33,423.68877
1778479200.0,80832.34,81049.51,80762.0,80822.86,296.00491
1778482800.0,80822.86,80840.3,80663.11,80740.4,496.93812
1778486400.0,80740.4,80863.42,80621.87,80767.97,463.92135
1778490000.0,80767.97,80997.63,80758.3,80966.57,330.83757
1778493600.0,80966.58,81200.0,80940.0,80940.0,488.26383
1778497200.0,80940.0,81196.95,80900.0,81196.94,356.37085
1778500800.0,81196.95,81356.46,81029.77,81054.65,485.8963
1778504400.0,81054.65,81332.29,80739.63,81072.0,767.39683
1778508000.0,81072.01,81252.72,80462.97,80953.38,767.64104
1778511600.0,80953.39,81458.0,80826.02,81445.9,647.30001
1778515200.0,81445.89,81910.35,81344.72,81575.85,1113.46844
1778518800.0,81575.84,82071.77,81369.42,81941.09,565.28919
1778522400.0,81941.09,82137.26,81836.15,81858.96,536.09834
1778526000.0,81858.97,82091.11,81739.09,81961.99,458.6097
1778529600.0,81961.99,82078.91,81758.5,81821.02,322.40099
1778533200.0,81821.03,81906.35,81600.0,81821.18,268.82965
1778536800.0,81821.18,81969.99,81729.99,81833.92,366.43361
1778540400.0,81833.92,81833.92,81596.31,81745.65,278.04936
1778544000.0,81745.66,81788.0,81478.75,81545.2,419.66559
1778547600.0,81545.2,81615.67,80714.28,81199.18,866.00547
1778551200.0,81199.18,81332.29,81087.63,81249.93,386.77691
1778554800.0,81249.93,81294.42,81024.41,81058.8,187.87319
1778558400.0,81058.79,81303.99,81000.0,81240.01,398.28206
1778562000.0,81240.01,81305.24,81181.56,81224.03,329.93857
1778565600.0,81224.04,81300.0,81010.01,81022.44,448.36294
1778569200.0,81022.44,81137.27,80800.77,80865.4,603.31882
1778572800.0,80865.4,80964.13,80760.53,80843.31,478.61372
1778576400.0,80843.3,80963.35,80720.0,80837.15,506.71585
1778580000.0,80837.15,80848.27,80601.27,80666.37,487.71377
1778583600.0,80666.38,80785.38,80496.57,80784.87,500.02112
1778587200.0,80784.86,80999.0,80619.19,80881.26,585.87948
1778590800.0,80881.25,80928.26,80397.07,80466.91,795.94705
1778594400.0,80466.91,80888.01,80397.88,80540.0,865.59094
1778598000.0,80540.0,80676.78,80188.65,80336.01,958.32005
1778601600.0,80336.01,80435.99,79843.59,80000.01,1473.4545
1778605200.0,80000.01,80593.06,79951.05,80527.69,486.64257
1778608800.0,80527.69,80763.81,80430.0,80679.12,367.3581
1778612400.0,80679.11,80874.42,80679.11,80834.64,346.22158
1778616000.0,80835.3,80896.25,80642.85,80696.87,292.49967
1778619600.0,80696.87,80738.0,80497.0,80587.44,202.53849
1778623200.0,80587.45,80791.94,80587.45,80656.43,151.10909
1778626800.0,80656.44,80714.0,80439.91,80504.47,247.40723
1778630400.0,80504.47,80768.95,80412.15,80718.0,230.81443
1778634000.0,80718.0,81195.69,80683.12,81006.0,633.76198
1778637600.0,81005.99,81281.66,80934.69,81050.0,333.93602
1778641200.0,81050.0,81299.99,80976.27,81249.99,377.40594
1778644800.0,81249.99,81281.07,81124.87,81231.96,253.70329
1778648400.0,81231.96,81247.22,80999.99,81019.99,266.87053
1778652000.0,81020.0,81160.36,80972.94,80980.05,499.1653
1778655600.0,80980.06,81049.01,80889.12,81026.92,476.02435
1778659200.0,81026.92,81200.0,80943.63,81196.57,372.92514
1778662800.0,81196.57,81324.64,81137.77,81291.38,435.50222
1778666400.0,81291.37,81298.5,80809.01,80809.01,364.76288
1778670000.0,80809.01,80843.87,80494.98,80501.22,668.09274
1778673600.0,80501.22,80592.65,79852.0,80202.78,1194.36751
1778677200.0,80202.78,80345.45,79576.47,79656.01,1205.27854
1778680800.0,79656.01,79898.0,79481.56,79756.01,942.38578
1778684400.0,79756.02,79856.08,78807.22,78827.21,1731.43058
1778688000.0,78827.21,79222.22,78754.65,79108.39,1522.11383
1778691600.0,79108.39,79556.36,79100.0,79514.97,611.40519
1778695200.0,79514.97,79800.0,79514.97,79598.15,747.58594
1778698800.0,79598.15,79646.29,79400.0,79642.41,463.49581
1778702400.0,79642.41,79760.0,79622.7,79698.95,225.22286
1778706000.0,79698.95,79705.73,79340.39,79398.54,418.00056
1778709600.0,79398.54,79470.0,79228.0,79428.46,338.28664
1778713200.0,79428.46,79499.01,79233.83,79313.61,497.51837
1778716800.0,79313.61,79681.73,79308.0,79580.0,443.66772
1778720400.0,79580.0,79681.73,79409.42,79604.6,369.48629
1778724000.0,79604.61,79676.11,79222.22,79370.24,684.03959
1778727600.0,79370.24,79460.0,78922.0,79044.85,712.36112
1778731200.0,79044.86,79474.41,78982.06,79451.63,437.35487
1778734800.0,79451.62,79998.0,79359.49,79809.16,850.16622
1778738400.0,79809.15,79953.35,79769.12,79804.71,301.13354
1778742000.0,79804.72,79937.59,79702.05,79745.98,480.32483
1778745600.0,79745.99,79936.98,79644.44,79821.56,652.77033
1778749200.0,79821.55,79905.99,79569.81,79635.52,445.75367
1778752800.0,79635.53,79756.98,79409.42,79570.01,384.95969
1778756400.0,79570.01,79600.0,79234.0,79258.27,362.97846
1778760000.0,79258.27,79775.02,79230.31,79767.11,526.41242
1778763600.0,79767.1,80059.71,79670.88,79701.73,1000.54213
1778767200.0,79701.73,81020.0,79561.52,80964.85,1882.78042
1778770800.0,80964.84,81332.23,80816.08,81301.23,2292.36231
1778774400.0,81301.22,81904.44,81080.25,81888.4,2732.81932
1778778000.0,81888.4,82048.13,81271.0,81668.48,1967.47911
1778781600.0,81668.49,81949.15,81440.38,81581.99,1012.7972
1778785200.0,81582.0,81718.73,81330.12,81419.74,566.84044
1778788800.0,81419.75,81590.19,81166.22,81412.04,471.62836
1778792400.0,81412.05,81526.08,81268.38,81396.61,292.07185
1778796000.0,81396.61,81559.71,81335.48,81456.0,322.84736
1778799600.0,81456.0,81456.0,81059.93,81089.99,534.29082
1778803200.0,81090.0,81664.45,81068.52,81518.67,578.5498
1778806800.0,81518.66,81612.73,81106.2,81131.01,538.82284
1778810400.0,81131.0,81350.0,80750.0,81299.14,829.4016
1778814000.0,81299.14,81340.81,80930.82,81059.15,506.95135
1778817600.0,81059.15,81100.0,80709.09,80724.71,367.57246
1778821200.0,80724.71,80882.45,80314.0,80360.01,1029.21412
1778824800.0,80360.01,80644.5,80314.01,80580.0,815.53271
1778828400.0,80580.0,81003.37,80559.88,80814.88,878.78211
1778832000.0,80814.88,80822.95,80415.84,80638.0,538.63644
1778835600.0,80638.0,80670.51,80369.0,80489.8,471.66166
1778839200.0,80489.81,80776.33,80407.6,80716.23,444.96934
1778842800.0,80716.22,80750.56,80590.08,80628.53,250.99223
1778846400.0,80628.52,80635.44,80340.83,80385.11,535.00082
1778850000.0,80385.1,80385.11,78698.69,78758.59,3101.88518
1778853600.0,78758.59,79353.32,78659.0,79150.37,1965.21031
1778857200.0,79150.36,79369.36,79013.81,79150.27,606.4731
1778860800.0,79150.26,79382.3,79131.01,79294.31,514.78679
1778864400.0,79294.31,79504.83,79224.0,79460.0,478.80422
1778868000.0,79460.0,79561.94,79170.47,79284.0,544.01093
1778871600.0,79284.01,79290.0,79051.0,79146.5,421.75884
1778875200.0,79146.5,79217.07,79000.0,79123.12,224.44355
1778878800.0,79123.13,79200.0,78911.42,78973.5,682.32127
1778882400.0,78973.5,79145.44,78973.49,79107.38,347.86808
1778886000.0,79107.38,79161.86,79077.96,79113.21,677.62104
1778889600.0,79113.2,79227.77,79075.09,79111.92,314.0124
1778893200.0,79111.92,79186.05,79010.0,79168.0,357.20294
1778896800.0,79168.0,79211.77,79080.1,79155.54,208.30505
1778900400.0,79155.55,79187.71,79059.77,79083.18,368.66241
1778904000.0,79083.19,79129.71,78860.0,79035.26,321.76822
1778907600.0,79035.25,79039.49,78933.63,79027.37,183.05543
1778911200.0,79027.36,79047.94,78459.87,78648.0,632.26156
1778914800.0,78648.0,78651.63,78066.0,78369.77,1267.74437
1778918400.0,78369.78,78530.52,78334.21,78426.56,379.04319
1778922000.0,78426.55,78440.81,77906.1,78083.48,1104.4311
1778925600.0,78083.47,78101.43,77640.0,77960.0,1759.70594
1778929200.0,77959.99,78193.88,77959.99,78081.71,602.9198
1778932800.0,78080.46,78133.38,77918.62,78007.23,791.53177
1778936400.0,78007.24,78014.6,77833.4,78014.6,830.86287
1778940000.0,78014.6,78346.0,77895.2,78130.55,729.04785
1778943600.0,78130.55,78285.0,78078.22,78238.67,332.91477
1778947200.0,78238.68,78364.65,78119.72,78205.96,328.10255
1778950800.0,78205.96,78320.41,78199.0,78201.5,350.20669
1778954400.0,78201.5,78327.75,78142.99,78229.81,310.63405
1778958000.0,78229.82,78314.69,78204.22,78259.66,271.10252
1778961600.0,78259.67,78318.94,78201.42,78261.0,194.3429
1778965200.0,78261.0,78308.33,78206.85,78265.73,237.27188
1778968800.0,78265.73,78279.28,78171.02,78186.25,128.79242
1778972400.0,78186.25,78267.46,78125.32,78148.05,128.93924
1778976000.0,78148.05,78243.19,77812.0,77945.85,311.59646
1778979600.0,77945.85,78114.0,77721.19,77725.71,516.53667
1778983200.0,77725.72,77938.0,77725.71,77895.51,256.64293
1778986800.0,77895.5,78079.3,77888.0,78028.88,200.15322
1778990400.0,78028.88,78203.93,78003.35,78158.09,375.99093
1778994000.0,78158.08,78323.96,78102.42,78121.41,258.98839
1778997600.0,78121.41,78204.01,78017.0,78104.8,136.86954
1779001200.0,78104.79,78208.69,78053.79,78180.01,180.24659
1779004800.0,78180.0,78200.91,78033.01,78089.8,117.37418
1779008400.0,78089.8,78293.97,78073.52,78249.33,196.43485
1779012000.0,78249.33,78599.99,78249.03,78465.99,564.92985
1779015600.0,78465.99,78473.82,78289.0,78415.99,257.4445
1779019200.0,78415.99,78550.0,78333.8,78364.83,254.43689
1779022800.0,78364.83,78364.83,78173.15,78202.91,260.27625
1779026400.0,78202.91,78217.33,77850.0,78051.51,397.56893
1779030000.0,78051.51,78119.42,77920.76,78051.41,203.63392
1779033600.0,78051.42,78193.66,78025.23,78034.36,142.87987
1779037200.0,78034.37,78092.44,77856.69,78089.98,296.4389
1779040800.0,78089.99,78271.59,78014.33,78268.05,172.43416
1779044400.0,78268.04,78468.46,78209.96,78415.3,225.32283
1779048000.0,78415.29,78435.32,78248.8,78277.36,205.39109
1779051600.0,78277.36,78485.36,78243.5,78405.72,293.90051
1779055200.0,78405.72,78414.16,77830.0,77997.24,585.78673
1779058800.0,77997.24,78008.18,76735.16,77457.67,2031.42401
1779062400.0,77457.67,77477.99,76916.6,77209.95,1062.83033
1779066000.0,77209.95,77291.54,76744.95,77109.22,771.47833
1779069600.0,77109.21,77222.03,76707.61,76835.41,544.67309
1779073200.0,76835.41,77030.42,76817.14,76924.65,509.0298
1779076800.0,76924.66,77069.77,76772.01,77038.49,354.48166
1779080400.0,77038.49,77080.93,76884.33,76931.4,586.83852
1779084000.0,76931.4,76967.8,76583.33,76912.52,621.71728
1779087600.0,76912.53,77089.29,76771.53,77073.69,1139.6298
1779091200.0,77073.69,77181.88,76890.34,77040.42,562.21651
1779094800.0,77040.43,77048.14,76877.17,76933.16,365.74952
1779098400.0,76933.17,76957.35,76716.99,76764.74,432.20236
1779102000.0,76764.75,77403.48,76668.58,77285.83,692.38548
1779105600.0,77285.83,77800.0,77275.96,77639.98,980.76582
1779109200.0,77639.99,77639.99,76695.31,76937.7,1116.5633
1779112800.0,76937.7,76954.25,76230.02,76393.65,2158.59337
1779116400.0,76393.66,76485.29,76051.0,76409.46,1960.17489
1779120000.0,76409.46,76665.68,76218.0,76410.01,1252.9383
1779123600.0,76410.0,76757.21,76366.13,76706.39,450.87486
1779127200.0,76706.38,76706.38,76144.24,76252.5,779.57136
1779130800.0,76252.01,76995.0,76235.0,76928.0,812.47229
1779134400.0,76928.0,77182.14,76874.73,76909.92,463.85785
1779138000.0,76909.92,77174.23,76800.0,77103.05,491.7356
1779141600.0,77103.04,77222.79,76937.19,77078.22,359.68174
1779145200.0,77078.22,77160.79,76948.8,77001.87,275.05472
1779148800.0,77001.88,77414.62,76955.99,77140.87,556.43712
1779152400.0,77140.86,77156.2,76667.0,76667.01,769.46148
1779156000.0,76667.01,76997.33,76487.83,76617.47,469.02583
1779159600.0,76617.46,76867.23,76586.11,76787.11,211.83571
1779163200.0,76787.1,76943.75,76700.0,76927.25,239.72033
1779166800.0,76927.25,77000.0,76644.98,76911.24,392.43215
1779170400.0,76911.25,77108.68,76886.13,77029.4,386.11356
1779174000.0,77029.41,77278.57,76974.72,77233.69,490.1935
1779177600.0,77233.68,77317.02,76972.96,77048.71,465.92336
1779181200.0,77048.72,77074.05,76709.29,76818.8,385.08727
1779184800.0,76818.8,77103.97,76704.0,77041.87,464.38738
1779188400.0,77041.87,77076.53,76633.83,76714.62,430.29111
1779192000.0,76714.61,76982.89,76650.06,76940.21,257.11004
1779195600.0,76940.2,77048.72,76596.0,76872.75,906.63403
1779199200.0,76872.74,77023.75,76144.71,76392.43,1426.24149
1779202800.0,76392.43,76675.76,76337.97,76521.23,773.78391
1779206400.0,76521.24,76911.0,76407.72,76894.59,568.91388
1779210000.0,76894.59,77015.41,76759.39,76856.76,442.15826
1779213600.0,76856.76,76947.2,76744.8,76803.28,282.19478
1779217200.0,76803.28,77065.8,76765.14,76818.74,341.73224
1779220800.0,76818.73,77040.24,76818.73,77022.23,147.68289
1779224400.0,77022.22,77040.83,76973.76,76982.34,185.29058
1779228000.0,76982.34,76982.34,76642.95,76712.21,233.07768
1779231600.0,76712.22,76980.07,76670.52,76834.36,199.1312
1779235200.0,76834.36,76896.5,76516.74,76788.83,236.25061
1779238800.0,76788.83,76922.46,76536.59,76820.98,358.53384
1779242400.0,76820.98,76909.62,76600.0,76690.42,293.25018
1779246000.0,76690.42,76829.61,76604.99,76723.54,673.76637
1779249600.0,76723.55,76836.82,76692.0,76780.37,365.31048
1779253200.0,76780.37,77320.0,76780.37,77196.99,973.23466
1779256800.0,77196.99,77422.0,77179.93,77414.11,528.12463
1779260400.0,77414.1,77472.21,77241.13,77282.64,351.42212
1779264000.0,77282.65,77635.52,77210.33,77458.04,548.89961
1779267600.0,77458.05,77543.59,77365.94,77485.13,360.90275
1779271200.0,77485.14,77663.0,77485.14,77517.45,409.79863
1779274800.0,77517.46,77569.1,77328.2,77382.49,362.81092
1779278400.0,77382.5,77748.05,77365.52,77617.26,377.41047
1779282000.0,77617.26,77650.62,76968.05,77204.61,682.21238
1779285600.0,77204.61,77574.29,76891.61,77446.08,1202.39421
1779289200.0,77446.01,77853.04,77300.0,77455.46,777.75101
1779292800.0,77455.45,77557.0,77018.38,77338.6,407.4641
1779296400.0,77338.6,77713.66,77230.86,77568.95,501.34929
1779300000.0,77568.95,77634.52,77398.63,77415.09,414.50917
1779303600.0,77415.09,77709.68,77350.71,77667.49,388.96569
1779307200.0,77667.49,77760.0,77476.19,77720.01,357.7103
1779310800.0,77720.01,77766.6,77500.0,77500.01,158.00627
1779314400.0,77500.01,77504.69,77226.61,77504.69,367.95652
1779318000.0,77504.69,77559.34,77386.93,77552.23,198.22886
1779321600.0,77552.24,78071.42,77525.0,77967.09,547.83434
1779325200.0,77967.09,78173.15,77800.0,77863.85,453.71737
1779328800.0,77863.85,78100.0,77820.1,77955.78,820.7986
1779332400.0,77955.78,78098.85,77908.0,78078.72,441.60659
1779336000.0,78078.72,78180.01,77965.36,78035.8,365.79347
1779339600.0,78035.8,78147.07,77714.94,77828.0,390.37362
1779343200.0,77828.0,77873.15,77533.45,77622.14,317.41875
1779346800.0,77622.14,77901.06,77521.0,77889.01,380.5065
1779350400.0,77889.01,78200.0,77885.53,77924.63,493.4737
1779354000.0,77924.63,77977.53,77633.02,77633.02,277.92731
1779357600.0,77633.03,77678.01,77190.09,77198.08,783.43483
1779361200.0,77198.09,77372.0,77147.15,77189.1,380.03818
1779364800.0,77189.1,77363.32,77080.72,77278.53,382.67307
1779368400.0,77278.52,77358.05,76719.47,77122.68,862.17497
1779372000.0,77122.67,77240.82,76788.8,76984.61,697.95187
1779375600.0,76984.61,77402.12,76900.0,77259.46,411.10449
1779379200.0,77259.45,77344.01,77008.75,77207.93,404.33559
1779382800.0,77207.92,78098.16,77181.83,77869.38,1291.96294
1779386400.0,77869.38,77922.01,77230.0,77387.74,559.91554
1779390000.0,77387.74,77802.51,77365.97,77690.56,437.10444
1779393600.0,77690.56,77804.75,77647.75,77705.81,144.76199
1779397200.0,77705.8,77813.35,77645.4,77672.29,182.97007
1779400800.0,77672.3,77750.61,77555.33,77628.0,130.38276
1779404400.0,77628.01,77745.39,77534.43,77615.52,159.99742
1779408000.0,77615.52,77628.38,77369.49,77373.57,228.62269
1779411600.0,77373.57,77673.5,77327.28,77616.0,252.86608
1779415200.0,77616.0,77728.01,77593.16,77673.36,244.81122
1779418800.0,77673.37,77817.8,77673.36,77779.98,158.00162
1779422400.0,77779.98,77900.0,77637.99,77655.42,475.76681
1779426000.0,77655.43,77726.0,77454.56,77489.0,344.3172
1779429600.0,77489.0,77525.85,77370.4,77423.41,542.83384
1779433200.0,77423.41,77543.38,77288.77,77408.06,393.92568
1779436800.0,77408.07,77535.0,77216.0,77267.38,509.65577
1779440400.0,77267.39,77360.0,77200.0,77307.11,276.32946
1779444000.0,77307.12,77363.01,77261.73,77312.0,275.0182
1779447600.0,77311.99,77430.55,77184.45,77428.84,375.5311
1779451200.0,77428.83,77584.94,77395.45,77533.9,317.41573
1779454800.0,77533.91,77547.56,77130.99,77290.01,419.18989
1779458400.0,77290.0,77290.0,76751.0,76774.23,1004.6619
1779462000.0,76774.23,77030.64,76570.0,76790.59,872.56913
1779465600.0,76790.6,77006.69,76767.0,76950.68,481.05047
1779469200.0,76950.67,77093.72,76750.0,76750.0,322.37426
1779472800.0,76750.01,76898.0,76101.0,76537.47,809.74159
1779476400.0,76537.47,76590.68,75668.76,75860.44,1201.88912
1779480000.0,75860.44,76080.95,75826.0,75984.47,415.32736
1779483600.0,75984.47,76087.85,75926.2,75978.83,349.85112
1779487200.0,75978.83,75978.84,75558.28,75737.52,473.52886
1779490800.0,75737.53,75881.18,75359.18,75539.5,527.08224
1779494400.0,75539.5,75635.59,75220.0,75352.64,828.38332
1779498000.0,75352.64,75500.0,75350.0,75489.84,466.00374
1779501600.0,75489.83,75581.27,75417.56,75572.07,334.42834
1779505200.0,75572.07,75664.62,75563.33,75635.22,267.29386
1779508800.0,75635.22,75650.63,75507.01,75539.77,198.6031
1779512400.0,75539.77,75562.4,75469.89,75482.68,267.20559
1779516000.0,75482.68,75501.09,75394.54,75398.33,189.47214
1779519600.0,75398.33,75443.44,74289.6,74609.36,2035.70931
1779523200.0,74609.37,74746.67,74303.56,74684.3,963.9472
1779526800.0,74684.29,74752.45,74624.5,74656.91,431.5071
1779530400.0,74656.91,74797.01,74656.91,74705.0,625.72233
1779534000.0,74705.0,74873.55,74704.99,74789.99,487.9196
1779537600.0,74789.99,74798.41,74660.05,74753.93,570.81814
1779541200.0,74753.94,75262.86,74753.93,75213.9,815.89889
1779544800.0,75213.9,75726.3,75108.15,75537.72,922.06012
1779548400.0,75537.73,75676.0,75405.4,75520.0,634.72295
1779552000.0,75519.99,75638.62,75415.17,75444.7,411.95204
1779555600.0,75444.71,75522.0,75371.72,75488.18,566.20129
1779559200.0,75488.17,75986.24,75472.04,75845.82,429.21806
1779562800.0,75845.82,76012.22,75780.9,75983.45,364.9012
1779566400.0,75983.45,77300.0,75953.94,77287.58,1242.58285
1779570000.0,77286.08,77404.18,76538.04,76804.99,1147.59506
1779573600.0,76805.0,76885.0,76396.06,76584.45,464.30329
1779577200.0,76584.45,76822.0,76538.36,76752.01,420.43862
1779580800.0,76752.0,76930.65,76629.02,76835.16,392.54327
1779584400.0,76835.16,76921.45,76754.53,76890.04,225.24128
1779588000.0,76890.04,76968.04,76704.32,76830.0,185.87406
1779591600.0,76830.01,77011.62,76738.5,76750.0,248.04543
1779595200.0,76750.01,76858.26,76730.0,76786.5,163.64327
1779598800.0,76786.5,76861.78,76651.59,76822.23,202.16815
1779602400.0,76822.23,77065.94,76716.02,76987.58,257.8917
1779606000.0,76987.58,77014.24,76786.2,76799.99,193.96514
1779609600.0,76799.99,76861.77,76734.42,76830.69,226.94949
1779613200.0,76830.69,77046.67,76821.86,77020.53,369.92973
1779616800.0,77020.54,77543.15,76927.04,77190.74,863.69953
1779620400.0,77190.73,77356.62,77190.73,77320.06,285.66801
1779624000.0,77320.06,77325.72,77044.73,77118.73,271.94108
1779627600.0,77118.72,77127.54,76688.89,76802.23,474.39799
1779631200.0,76802.23,76840.01,76195.36,76465.16,837.87651
1779634800.0,76465.15,76539.38,76362.78,76371.59,398.04105
1779638400.0,76371.59,76734.3,76371.59,76671.7,359.46109
1779642000.0,76671.69,76799.99,76566.15,76693.34,249.31214
1779645600.0,76693.34,76788.01,76596.0,76665.73,148.14196
1779649200.0,76665.72,76783.51,76611.17,76773.34,125.12918
1779652800.0,76773.33,76796.18,76596.37,76668.4,560.38206
1779656400.0,76668.41,76748.12,76108.0,76151.14,497.80071
1779660000.0,76151.14,77012.01,76132.0,76803.99,543.11534
1779663600.0,76803.99,77225.97,76803.99,77064.96,316.78339
1779667200.0,77064.96,77288.0,77064.95,77153.01,281.30951
1779670800.0,77153.01,77245.67,76914.25,76945.27,574.42489
1779674400.0,76945.28,77485.0,76945.28,77108.77,313.96478
1779678000.0,77108.77,77169.88,77002.3,77026.67,198.70522
1779681600.0,77026.68,77450.0,76990.78,77391.07,251.77406
1779685200.0,77391.07,77498.0,77324.0,77407.0,306.77798
1779688800.0,77406.99,77650.0,77222.22,77419.87,413.85927
1779692400.0,77419.87,77520.0,77184.62,77401.12,376.11814
1779696000.0,77401.11,77469.64,77280.32,77456.94,352.6298
1779699600.0,77456.94,77699.97,77425.17,77604.56,369.10396
1779703200.0,77604.56,77681.37,77490.37,77545.65,283.53522
1779706800.0,77545.65,77545.65,77333.33,77357.5,209.17805
1779710400.0,77357.5,77440.46,77286.5,77367.98,261.28583
1779714000.0,77367.98,77450.0,77286.5,77341.05,199.52985
1779717600.0,77341.05,77773.69,77304.84,77714.0,603.07815
1779721200.0,77713.99,77905.52,77557.0,77628.82,499.50313
1779724800.0,77628.82,77807.29,77508.88,77735.69,342.64397
1779728400.0,77735.69,77804.48,77550.39,77564.01,278.21782
1779732000.0,77564.0,77658.01,77543.38,77543.39,204.7646
1779735600.0,77543.39,77543.39,77343.61,77441.86,295.53937
1779739200.0,77441.85,77500.0,77220.0,77273.06,314.11527
1779742800.0,77273.06,77396.08,77273.05,77367.03,183.92616
1779746400.0,77367.03,77449.94,77019.82,77116.21,395.72227
1779750000.0,77116.21,77367.44,77072.36,77322.01,162.61467
1779753600.0,77322.01,77345.0,76575.49,76792.71,686.17714
1779757200.0,76792.24,76888.01,76590.9,76756.98,342.05131
1779760800.0,76756.98,76810.0,76512.98,76660.0,721.43857
1779764400.0,76660.0,76705.71,76475.59,76664.01,396.14567
1779768000.0,76664.0,76817.28,76606.79,76749.5,392.59093
1779771600.0,76749.51,76989.23,76704.8,76930.01,556.0432
1779775200.0,76930.0,77059.74,76775.0,76908.01,658.30833
1779778800.0,76908.0,76924.55,76603.73,76730.84,436.26184
1779782400.0,76730.84,76852.01,76693.21,76726.37,246.06951
1779786000.0,76726.37,76804.0,76649.79,76672.19,350.5237
1779789600.0,76672.2,77621.75,76586.94,77430.0,897.13516
1779793200.0,77430.0,77516.93,77174.94,77183.55,403.26795
1779796800.0,77183.56,77232.52,76877.94,77132.5,402.68245
1779800400.0,77132.51,77464.01,76691.88,77231.56,659.9668
1779804000.0,77231.56,78080.0,76724.63,76908.01,2020.17697
1779807600.0,76908.01,77012.0,76272.63,76518.1,1751.25838
1779811200.0,76518.1,76710.01,76209.58,76558.0,2070.02098
1779814800.0,76558.0,76649.91,75850.0,75935.08,1190.65802
1779818400.0,75935.09,76273.66,75779.3,75840.55,846.30902
1779822000.0,75840.55,76104.49,75805.23,76052.0,581.71052
1779825600.0,76052.0,76180.0,75982.64,76106.86,324.41575
1779829200.0,76106.86,76117.31,75850.0,75890.0,275.58323
1779832800.0,75890.0,75998.94,75677.97,75749.02,428.12169
1779836400.0,75749.02,75986.45,75749.02,75930.01,316.55917
1779840000.0,75930.01,76089.7,75872.71,76085.01,780.41682
1779843600.0,76085.0,76104.02,75824.0,75877.44,573.72878
1779847200.0,75877.44,75890.59,75682.99,75879.0,437.25803
1779850800.0,75879.01,75966.91,75607.62,75683.0,612.84746
1779854400.0,75683.0,75706.77,75310.9,75579.01,817.05359
1779858000.0,75579.01,75739.36,75579.0,75697.99,490.56114
1779861600.0,75697.99,75900.0,75690.01,75838.65,482.86494
1779865200.0,75838.65,75980.0,75764.0,75977.17,433.92885
1779868800.0,75977.16,76071.41,75843.02,75873.24,308.77238
1779872400.0,75873.25,75978.01,75710.76,75912.6,294.26595
1779876000.0,75912.61,76043.94,75880.0,75909.82,372.61961
1779879600.0,75909.82,76029.24,75754.1,75769.18,316.01081
1779883200.0,75769.18,76174.15,75575.75,75688.0,621.24106
1779886800.0,75688.01,75760.0,74866.18,75073.4,2200.23684
1779890400.0,75073.4,75274.11,74758.33,75031.92,1567.20208
1779894000.0,75031.92,75502.29,74983.77,75326.01,797.5234
1779897600.0,75326.02,75408.01,75000.0,75304.01,632.49097
1779901200.0,75304.01,75344.01,74685.58,74860.42,1103.99219
1779904800.0,74860.42,75032.01,74663.45,75026.67,549.25309
1779908400.0,75026.67,75105.17,74952.36,75066.08,879.80197
1779912000.0,75066.09,75415.81,75056.25,75274.58,389.41476
1779915600.0,75274.58,75274.58,74341.76,74473.01,653.21971
1779919200.0,74473.01,74775.5,74260.91,74418.13,624.64107
1779922800.0,74418.12,74572.0,74243.99,74449.3,938.42933
1779926400.0,74449.31,74580.0,74366.89,74570.66,476.29695
1779930000.0,74570.67,74590.77,74156.0,74344.08,653.98384
1779933600.0,74344.07,74400.0,74127.57,74287.42,717.91596
1779937200.0,74287.43,74380.39,73060.59,73258.01,3879.74728
1779940800.0,73258.0,73260.01,72728.85,73181.95,1588.42564
1779944400.0,73181.95,73181.95,72908.67,72990.87,850.50171
1779948000.0,72990.87,73213.11,72761.11,73202.7,1248.76931
1779951600.0,73202.71,73512.14,73158.0,73498.0,1111.91354
1779955200.0,73498.0,73500.0,73193.13,73325.88,567.79073
1779958800.0,73325.88,73560.0,73261.6,73541.24,547.18862
1779962400.0,73541.25,73616.0,73349.91,73400.01,495.53335
1779966000.0,73400.01,73532.01,73319.36,73505.66,383.87102
1779969600.0,73505.65,73580.75,73245.56,73518.01,454.53291
1779973200.0,73518.01,73574.6,72771.64,73022.02,1277.58759
1779976800.0,73022.01,73573.21,72582.82,73033.06,2189.6201
1779980400.0,73033.06,73180.01,72700.0,72928.73,710.64433
1779984000.0,72928.73,73440.67,72741.4,73440.67,821.59668
1779987600.0,73440.66,73734.72,73316.31,73554.82,737.45631
1779991200.0,73554.81,73749.69,73514.57,73652.88,517.48323
1779994800.0,73652.87,73652.88,73381.81,73419.32,447.75042
1779998400.0,73419.31,73721.45,73241.48,73579.99,441.85746
1780002000.0,73580.0,73926.22,73560.45,73817.31,386.07817
1780005600.0,73817.31,73949.22,73448.55,73464.8,445.66881
1780009200.0,73464.8,73714.9,73464.79,73617.51,321.8063
1780012800.0,73617.52,73854.77,73617.51,73716.37,592.13944
1780016400.0,73716.37,73868.33,73463.52,73586.83,543.44041
1780020000.0,73586.83,73646.68,73189.11,73225.06,716.13416
1780023600.0,73225.07,73456.63,73225.07,73301.52,271.59006
1780027200.0,73301.53,73508.97,73210.21,73507.69,462.74907
1780030800.0,73507.68,73719.39,73500.0,73706.0,814.3098
1780034400.0,73706.0,73939.19,73641.05,73786.32,283.07172
1780038000.0,73786.32,73830.01,73373.37,73528.56,1081.6764
1780041600.0,73528.55,73835.58,73524.0,73653.4,690.03943
1780045200.0,73653.4,73902.85,73649.58,73744.96,506.90617
1780048800.0,73744.96,73749.53,73588.13,73634.64,583.75086
1780052400.0,73634.64,73700.41,73341.85,73487.98,417.09649
1780056000.0,73487.98,73487.98,73202.0,73295.73,419.42757
1780059600.0,73295.73,73346.04,72900.46,73135.7,883.40251
1780063200.0,73135.7,73198.17,72512.49,73096.85,1512.76179
1780066800.0,73096.84,74200.0,73008.98,73808.26,1809.3402
1780070400.0,73808.25,74124.73,73565.73,74056.5,1160.72957
1780074000.0,74056.49,74514.1,73925.33,73980.94,2917.46541
1780077600.0,73980.94,74065.29,73187.25,73374.52,1065.50146
1780081200.0,73374.51,73727.95,73239.36,73520.28,453.16949
1780084800.0,73520.29,73760.0,73514.0,73673.61,155.12213
1780088400.0,73673.62,73844.0,73408.8,73409.27,412.83689
1780092000.0,73409.27,73571.81,73379.79,73483.52,662.8477
1780095600.0,73483.51,73510.0,73320.0,73460.78,271.23268
1780099200.0,73460.78,73579.82,73408.62,73498.8,545.20652
1780102800.0,73498.8,73663.08,73472.8,73657.9,386.87772
1780106400.0,73657.9,73786.7,73613.85,73786.69,268.52358
1780110000.0,73786.7,73796.43,73524.01,73524.01,339.03494
1780113600.0,73524.01,73575.0,73216.0,73402.84,466.81865
1780117200.0,73402.85,73635.0,73346.85,73604.99,464.14797
1780120800.0,73604.99,73709.91,73530.0,73584.99,331.33867
1780124400.0,73584.99,73588.2,73486.0,73548.6,225.56478
1780128000.0,73548.6,73567.59,73500.02,73530.07,274.14087
1780131600.0,73530.07,73615.47,73503.07,73615.46,201.26346
1780135200.0,73615.46,73680.75,73592.57,73655.85,283.9706
1780138800.0,73655.85,73655.86,73564.62,73602.02,317.1037
1780142400.0,73602.01,73717.07,73594.4,73698.18,369.235
1780146000.0,73698.17,73837.06,73676.1,73829.31,249.39427
1780149600.0,73829.31,74100.0,73820.91,73929.11,565.07041
1780153200.0,73929.11,74042.88,73836.7,73930.14,301.39896
1780156800.0,73930.13,73985.84,73880.1,73934.99,193.46997
1780160400.0,73935.0,74047.26,73811.3,74020.07,308.74992
1780164000.0,74020.06,74143.76,73945.0,74043.38,188.56655
1780167600.0,74043.39,74072.0,73971.3,74016.65,145.42131
1780171200.0,74016.64,74016.65,73926.68,73979.84,104.9948
1780174800.0,73979.85,74054.0,73929.07,73981.99,224.4707
1780178400.0,73981.99,73982.0,73796.01,73883.3,391.66756
1780182000.0,73883.3,73995.98,73781.3,73884.38,368.97818
1780185600.0,73884.38,74041.72,73858.56,74038.2,241.35407
1780189200.0,74038.2,74275.66,74028.64,74058.01,363.47802
1780192800.0,74058.01,74243.94,73890.49,74090.84,304.8567
1780196400.0,74090.84,74226.78,74074.05,74150.64,189.87382
1780200000.0,74150.64,74221.33,74109.0,74178.4,194.38913
1780203600.0,74178.41,74207.2,74055.16,74055.98,231.70947
1780207200.0,74055.99,74109.39,73985.34,74054.87,141.21825
1780210800.0,74054.86,74054.87,73836.0,73871.24,302.07421
1780214400.0,73871.25,73980.0,73850.05,73937.61,348.32905
1780218000.0,73937.62,74024.0,73813.44,73841.79,323.04158
1780221600.0,73841.79,73900.0,73699.2,73900.0,400.29833
1780225200.0,73900.0,73972.0,73899.99,73937.79,178.9239
1780228800.0,73937.63,73995.88,73874.0,73920.0,222.22652
1780232400.0,73920.0,74023.99,73807.43,73872.8,178.44734
1780236000.0,73872.8,73872.8,73483.05,73602.17,681.72491
1780239600.0,73602.18,73775.79,73588.8,73655.21,266.93299
1780243200.0,73655.2,73730.0,73400.0,73526.14,319.75425
1780246800.0,73526.15,73734.0,73466.67,73709.44,195.46974
1780250400.0,73709.43,73713.34,73585.49,73603.69,214.37074
1780254000.0,73603.68,73649.93,73456.48,73563.42,255.80848
1780257600.0,73563.41,73760.0,73563.41,73739.66,381.5641
1780261200.0,73739.67,73924.0,73626.67,73892.52,391.01047
1780264800.0,73892.52,73997.56,73686.0,73944.62,284.29172
1780268400.0,73944.62,74198.0,73500.0,73674.39,375.30928
1780272000.0,73674.39,74092.0,73654.06,73885.0,366.4897
1780275600.0,73885.01,73916.01,73278.02,73292.92,464.54265
1780279200.0,73292.92,73892.52,73222.0,73790.0,506.50025
1780282800.0,73789.99,74019.58,73735.47,73769.06,460.44243
1780286400.0,73769.06,73841.37,73348.74,73536.01,335.64727
1780290000.0,73536.01,73541.48,73328.32,73350.0,404.19791
1780293600.0,73349.99,73368.0,72950.01,73135.74,740.28999
1780297200.0,73135.75,73203.85,72704.0,72818.0,833.64063
1780300800.0,72818.0,72921.38,72610.03,72902.65,751.49608
1780304400.0,72902.64,73095.64,72600.0,72880.0,2061.2162
1780308000.0,72880.0,72900.73,72592.27,72748.88,482.4874
1780311600.0,72748.88,72768.11,72290.0,72479.99,769.61036
1780315200.0,72480.0,72610.0,71902.98,72221.73,1854.73885
1780318800.0,72221.74,72243.52,71389.88,71711.89,3036.53496
1780322400.0,71711.89,71887.6,71363.43,71567.91,2060.71568
1780326000.0,71567.91,71677.55,71066.33,71129.62,1656.46415
1780329600.0,71129.62,71599.95,70686.68,71564.01,2820.57409
1780333200.0,71564.01,71800.73,71469.64,71646.01,999.45739
1780336800.0,71646.0,71687.28,71382.0,71498.64,667.35668
1780340400.0,71498.64,71666.0,71386.0,71595.24,432.84579
1780344000.0,71595.24,71690.0,71419.64,71446.0,273.2723
1780347600.0,71445.99,71449.98,70941.95,71038.01,573.85796
1780351200.0,71038.01,71460.0,70840.9,71408.0,770.63523
1780354800.0,71407.99,71583.29,71225.29,71408.9,598.07789
1780358400.0,71408.9,71408.9,71100.0,71289.23,677.70318
1780362000.0,71289.24,71372.0,70607.57,70652.47,1034.85247
1780365600.0,70652.47,70880.63,70111.0,70846.49,1320.1444
1780369200.0,70846.48,71041.04,70806.0,70953.69,492.94753
1780372800.0,70953.7,71048.0,70713.54,70810.0,489.36754
1780376400.0,70810.0,70847.66,70267.79,70268.96,832.11781
1780380000.0,70268.97,70442.0,69958.49,70106.31,1507.14949
1780383600.0,70106.31,70275.86,69733.0,70118.42,1388.79813
1780387200.0,70118.42,70172.0,69705.3,69821.99,944.6499
1780390800.0,69822.0,69849.0,69324.65,69426.01,1499.21853
1780394400.0,69426.01,69756.0,69336.98,69652.19,904.86792
1780398000.0,69652.18,69659.47,69397.83,69461.72,417.59402
1780401600.0,69461.73,69548.13,68989.61,69010.42,1382.26152
1780405200.0,69010.41,69180.0,68757.03,68811.91,1762.82906
1780408800.0,68809.93,68836.0,67617.85,68019.3,3845.79627
1780412400.0,68019.3,68094.6,67076.0,67304.28,2543.79469
1780416000.0,67304.29,68146.3,67228.45,67413.44,1789.92962
1780419600.0,67413.44,67837.53,67378.0,67492.34,905.8915
1780423200.0,67492.34,67661.7,67124.2,67341.99,926.14597
1780426800.0,67341.99,67498.0,66432.0,67315.14,2333.17121
1780430400.0,67315.14,67689.65,66911.2,67587.77,1637.61606
1780434000.0,67587.78,67923.24,67412.0,67566.01,765.53933
1780437600.0,67566.01,67566.01,66244.02,66385.2,1856.41667
1780441200.0,66385.2,66868.62,66193.0,66760.83,1599.39304
1780444800.0,66760.84,67204.15,66654.0,66938.01,1238.50805
1780448400.0,66938.01,67050.0,66472.65,66920.0,973.29949
1780452000.0,66920.0,66920.01,66586.17,66620.01,773.38787
1780455600.0,66620.0,66653.67,65426.34,65849.9,2891.72624
1780459200.0,65849.9,66623.44,65834.0,66465.98,1263.85794
1780462800.0,66465.99,67398.28,66465.99,67330.01,1773.95829
1780466400.0,67330.0,67516.0,66962.95,66983.27,1658.04956
1780470000.0,66983.27,67334.4,66872.01,67220.03,1003.46306
1780473600.0,67220.03,67264.34,66974.0,67028.0,1273.47385
1780477200.0,67028.01,67322.0,66656.48,67075.17,1438.06157
1780480800.0,67075.18,67476.69,67068.51,67294.52,639.46259
1780484400.0,67294.51,67366.82,67056.58,67067.37,489.69833
1780488000.0,67067.37,67163.82,66782.65,67078.72,856.74966
1780491600.0,67078.72,67244.62,66635.0,66906.01,1223.17247
1780495200.0,66906.0,66990.66,66643.96,66864.95,936.44379
1780498800.0,66864.95,66898.0,66076.0,66076.01,1521.34921
1780502400.0,66076.01,66373.18,65555.0,66061.83,1633.14277
1780506000.0,66061.83,66189.8,65704.8,65964.08,810.29365
1780509600.0,65964.08,66161.24,65744.01,66036.57,600.59221
1780513200.0,66036.56,66054.0,65251.0,65462.0,1198.70968
1780516800.0,65461.99,65614.74,64766.0,65007.27,1892.05101
1780520400.0,65007.27,65860.0,64960.87,65768.88,1254.10382
1780524000.0,65768.89,65841.23,64778.15,64912.98,974.52056
1780527600.0,64912.97,64979.99,64092.49,64142.75,1820.23083
1780531200.0,64142.75,64428.0,63000.0,63344.97,3512.79677
1780534800.0,63344.98,63500.0,62100.01,62178.1,4759.0413
1780538400.0,62178.1,63622.7,61383.56,63231.99,6283.29826
1780542000.0,63232.0,64540.3,63218.48,64363.49,2402.09774
1780545600.0,64363.49,64764.32,64265.73,64399.99,1421.62502
1780549200.0,64399.99,64400.0,63648.01,63955.47,1272.84935
1780552800.0,63955.48,64481.22,63892.0,64027.99,802.33437
1780556400.0,64027.99,64062.81,63492.89,63603.15,1503.87893
1780560000.0,63603.15,63904.63,63245.9,63629.99,1570.23316
1780563600.0,63629.99,63644.0,62703.33,63266.0,2329.3282
1780567200.0,63266.01,63276.0,62301.21,62420.0,3046.35677
1780570800.0,62420.01,62833.82,62205.0,62545.99,1649.57305
1780574400.0,62546.0,63966.48,62392.0,63766.82,1740.31399
1780578000.0,63766.82,64244.0,63068.41,64230.0,2087.69891
1780581600.0,64230.0,64494.92,63785.33,63958.97,1314.7717
1780585200.0,63958.97,64404.0,63691.7,63896.17,1043.20477
1780588800.0,63896.16,63920.0,63456.0,63742.01,512.05902
