timestamp,open,high,low,close,volume
1773679500.0,73657.3,73901.95,73601.25,73760.63,233.1972
1773680400.0,73760.63,73950.05,73696.0,73835.65,254.22014
1773681300.0,73835.66,73888.0,73679.19,73683.26,94.17191
1773682200.0,73683.27,73965.61,73648.7,73893.28,152.90363
1773683100.0,73893.29,74065.7,73768.0,73943.18,404.7484
1773684000.0,73943.17,74336.0,73907.13,74214.66,497.24317
1773684900.0,74214.66,74307.0,74105.23,74248.86,244.65702
1773685800.0,74249.32,74356.32,74014.14,74206.32,178.28115
1773686700.0,74206.31,74206.31,73860.0,73913.6,166.77612
1773687600.0,73913.6,74418.6,73781.54,74167.88,517.13057
1773688500.0,74167.88,74265.95,73970.34,74110.13,186.81645
1773689400.0,74110.13,74247.5,74105.69,74145.97,139.06553
1773690300.0,74145.96,74159.47,73848.48,73963.0,279.07256
1773691200.0,73963.0,73982.46,73863.2,73906.51,123.01446
1773692100.0,73906.5,74067.23,73879.08,73977.99,99.51757
1773693000.0,73977.99,74110.0,73977.99,74041.62,88.78463
1773693900.0,74041.63,74248.95,74041.63,74236.9,113.27679
1773694800.0,74236.9,74505.0,74150.0,74367.93,387.53669
1773695700.0,74367.93,74474.5,74204.81,74280.05,171.89482
1773696600.0,74280.05,74799.0,74255.32,74436.0,514.54846
1773697500.0,74436.0,74617.53,74354.94,74401.36,172.97224
1773698400.0,74401.35,74899.99,74378.43,74874.6,337.18437
1773699300.0,74874.6,74894.67,74583.45,74660.31,246.35293
1773700200.0,74660.31,74783.23,74621.0,74764.81,149.4055
1773701100.0,74764.81,74874.95,74687.5,74772.66,325.78788
1773702000.0,74773.56,74773.56,74250.21,74392.5,502.47865
1773702900.0,74392.51,74615.74,74392.5,74612.39,190.39226
1773703800.0,74612.39,74900.0,74595.86,74874.93,287.98056
1773704700.0,74874.93,74909.08,74682.0,74884.67,178.85804
1773705600.0,74884.67,75462.09,74614.18,75409.33,999.34529
1773706500.0,75409.33,75520.23,74837.32,75080.2,621.57972
1773707400.0,75080.19,75244.05,74913.57,74996.96,352.40867
1773708300.0,74996.96,75318.48,74923.59,75318.48,200.20302
1773709200.0,75318.48,75978.0,75074.37,75840.88,758.95332
1773710100.0,75840.88,75981.52,75607.84,75933.8,385.42543
1773711000.0,75933.8,76000.0,75507.51,75678.16,542.19866
1773711900.0,75678.17,75776.01,75457.7,75623.91,266.51132
1773712800.0,75623.91,75677.66,75128.17,75243.62,384.28273
1773713700.0,75243.63,75271.35,75114.67,75172.0,258.36338
1773714600.0,75172.01,75466.0,75119.07,75396.16,157.96484
1773715500.0,75396.16,75421.99,75140.15,75198.02,267.63684
1773716400.0,75198.02,75326.15,74933.33,74943.79,229.54277
1773717300.0,74943.79,75000.0,74731.97,74823.46,397.79673
1773718200.0,74823.46,74838.1,74348.42,74422.85,712.39018
1773719100.0,74422.86,74530.6,74268.73,74463.98,390.60763
1773720000.0,74463.98,74712.89,74432.26,74674.06,517.41397
1773720900.0,74674.05,74681.68,74300.74,74419.33,278.84039
1773721800.0,74419.34,74500.0,73980.16,74051.38,908.52652
1773722700.0,74051.38,74291.63,74014.56,74252.01,312.33799
1773723600.0,74252.0,74389.3,74089.38,74280.46,367.85114
1773724500.0,74280.47,74417.19,74191.78,74406.55,182.7678
1773725400.0,74406.56,74459.99,73895.91,73943.01,314.49042
1773726300.0,73943.01,74103.02,73784.0,74036.74,385.7076
1773727200.0,74036.74,74165.0,73877.56,74145.18,332.84171
1773728100.0,74145.17,74266.66,74079.73,74212.41,171.73102
1773729000.0,74212.42,74276.66,73980.0,74004.78,228.61274
1773729900.0,74004.78,74094.52,73954.74,74085.45,146.56202
1773730800.0,74085.46,74361.03,74066.4,74324.03,177.44352
1773731700.0,74324.04,74457.72,74320.79,74403.62,182.57063
1773732600.0,74403.62,74403.62,74300.0,74400.0,295.78749
1773733500.0,74400.0,74400.0,74220.0,74249.32,115.44036
1773734400.0,74249.32,74452.97,74174.63,74230.0,122.45777
1773735300.0,74230.01,74400.0,74108.01,74306.23,110.44847
1773736200.0,74306.22,74447.77,74172.63,74394.28,130.93406
1773737100.0,74394.28,74424.39,74140.53,74188.38,97.81265
1773738000.0,74188.38,74257.92,74032.94,74047.64,188.69078
1773738900.0,74047.63,74406.03,73999.0,74311.79,313.16358
1773739800.0,74311.78,74330.81,74143.1,74194.85,177.43852
1773740700.0,74194.84,74194.85,73841.62,73937.16,184.86975
1773741600.0,73937.16,73960.74,73560.98,73685.51,381.31165
1773742500.0,73685.51,73837.2,73580.33,73750.0,175.09215
1773743400.0,73750.0,73786.74,73596.59,73743.99,211.58952
1773744300.0,73743.98,73774.37,73639.71,73729.45,281.07578
1773745200.0,73729.45,73974.06,73682.01,73930.54,203.72784
1773746100.0,73930.55,74081.21,73887.67,74012.78,187.63697
1773747000.0,74012.78,74127.98,73940.48,74107.82,136.55059
1773747900.0,74107.81,74224.16,74018.0,74033.11,120.04264
1773748800.0,74033.1,74170.55,74008.67,74057.88,119.84785
1773749700.0,74057.88,74153.11,73780.0,73793.9,198.44399
1773750600.0,73793.89,73914.0,73698.0,73837.39,137.35468
1773751500.0,73837.39,73837.39,73672.25,73739.74,158.58784
1773752400.0,73739.74,73845.51,73689.68,73836.46,104.68526
1773753300.0,73836.46,73871.79,73666.0,73715.06,118.18991
1773754200.0,73715.05,74167.39,73688.01,73721.08,487.10486
1773755100.0,73721.07,73881.58,73399.19,73615.48,449.90441
1773756000.0,73615.49,73804.0,73424.79,73721.2,308.09709
1773756900.0,73721.2,73934.38,73534.0,73892.18,184.01093
1773757800.0,73892.17,74283.01,73892.17,74249.35,452.03931
1773758700.0,74249.34,74425.31,74109.43,74381.7,418.56775
1773759600.0,74381.69,74893.94,74100.0,74121.45,591.57475
1773760500.0,74121.45,74292.12,73984.68,74054.35,224.33558
1773761400.0,74054.34,74154.34,73669.91,73902.0,372.60579
1773762300.0,73900.01,74059.08,73722.89,73914.39,182.20719
1773763200.0,73914.4,74153.56,73855.24,73972.33,194.23385
1773764100.0,73972.33,74350.0,73952.55,74205.21,189.99301
1773765000.0,74205.2,74237.24,73992.78,74136.66,222.52599
1773765900.0,74136.66,74250.99,74010.87,74155.69,141.11994
1773766800.0,74155.68,74300.0,74006.58,74218.9,276.02742
1773767700.0,74218.91,74444.07,74164.72,74287.75,202.36622
1773768600.0,74287.74,74482.85,74211.27,74421.53,179.77973
1773769500.0,74421.53,74594.0,74364.87,74523.75,167.93507
1773770400.0,74523.76,74672.3,74446.41,74597.69,177.6832
1773771300.0,74597.69,74654.74,74386.11,74423.18,209.75349
1773772200.0,74423.19,74723.82,74417.97,74612.85,175.07337
1773773100.0,74612.85,74769.17,74575.8,74683.04,144.95032
1773774000.0,74683.04,74800.0,74633.09,74745.5,159.46096
1773774900.0,74745.49,74800.0,74533.95,74631.29,213.92615
1773775800.0,74631.28,74774.16,74528.01,74673.85,168.22356
1773776700.0,74673.85,74689.53,74427.25,74512.17,226.99455
1773777600.0,74511.21,74515.41,74359.87,74360.0,203.11341
1773778500.0,74360.0,74685.5,74359.99,74652.26,79.14891
1773779400.0,74652.27,74652.27,74506.03,74552.58,93.16606
1773780300.0,74553.16,74584.0,74486.69,74506.75,91.33534
1773781200.0,74506.75,74779.9,74450.01,74705.09,281.09745
1773782100.0,74705.08,74727.0,74554.86,74554.87,167.8702
1773783000.0,74554.87,74799.0,74496.79,74736.93,122.21194
1773783900.0,74736.92,74788.0,74655.19,74685.42,47.02142
1773784800.0,74685.42,74772.14,74564.89,74580.57,89.97664
1773785700.0,74580.56,74595.13,74369.99,74370.0,88.61079
1773786600.0,74370.0,74386.26,73934.0,74160.0,226.91566
1773787500.0,74159.99,74353.58,74137.01,74307.08,82.80538
1773788400.0,74307.08,74398.74,74222.69,74317.74,76.72347
1773789300.0,74317.75,74331.61,74100.0,74196.95,149.45587
1773790200.0,74196.94,74196.94,73930.53,73945.1,149.05467
1773791100.0,73945.41,74059.58,73871.74,73909.36,148.17656
1773792000.0,73909.37,74063.22,73828.0,73989.17,131.08789
1773792900.0,73989.16,74012.91,73668.63,73782.2,162.18396
1773793800.0,73782.19,73803.17,73535.36,73721.1,172.42786
1773794700.0,73721.11,73883.29,73721.11,73867.88,207.6109
1773795600.0,73867.88,73989.29,73820.69,73907.5,132.206
1773796500.0,73907.51,74048.53,73856.29,74019.66,63.05582
1773797400.0,74019.65,74209.5,74019.65,74141.73,245.73949
1773798300.0,74141.73,74211.43,74010.85,74072.3,96.72755
1773799200.0,74072.3,74287.93,74051.78,74284.55,155.26998
1773800100.0,74284.55,74299.01,74181.59,74233.45,164.46354
1773801000.0,74233.45,74416.58,74200.0,74416.58,162.83574
1773801900.0,74416.58,74476.0,74326.71,74338.93,66.9688
1773802800.0,74338.93,74399.7,74250.27,74267.56,98.56256
1773803700.0,74267.56,74625.0,74266.46,74525.84,124.8695
1773804600.0,74525.83,74672.34,74446.4,74490.49,135.89317
1773805500.0,74490.49,74519.55,74417.58,74446.14,100.48405
1773806400.0,74446.14,74486.3,74399.73,74432.99,104.25074
1773807300.0,74432.98,74432.98,74253.78,74253.78,70.49237
1773808200.0,74253.79,74253.79,74178.53,74236.31,111.01263
1773809100.0,74236.31,74262.2,74137.02,74175.49,186.59632
1773810000.0,74175.48,74312.11,74161.77,74285.28,200.87449
1773810900.0,74285.29,74285.29,74050.0,74066.32,79.11022
1773811800.0,74066.31,74150.0,74000.0,74000.01,127.0153
1773812700.0,74000.0,74060.0,73830.76,73950.0,255.80055
1773813600.0,73950.01,74101.43,73942.0,74094.02,84.51504
1773814500.0,74094.02,74225.82,74034.67,74171.55,112.85283
1773815400.0,74171.56,74212.44,74006.02,74063.01,215.52549
1773816300.0,74063.01,74109.47,73938.1,73954.03,239.89918
1773817200.0,73954.03,73997.04,73860.01,73975.68,90.81667
1773818100.0,73975.68,73986.17,73812.0,73847.07,129.95436
1773819000.0,73847.08,73847.08,73700.01,73710.01,182.58361
1773819900.0,73710.01,73912.4,73700.01,73883.8,101.36906
1773820800.0,73883.8,74035.17,73863.31,74010.01,144.70292
1773821700.0,74010.01,74072.92,73970.0,74045.92,214.72708
1773822600.0,74045.91,74121.33,73971.64,74082.0,229.4808
1773823500.0,74082.0,74130.02,74022.69,74044.89,146.59384
1773824400.0,74044.9,74193.98,74042.85,74172.59,87.34946
1773825300.0,74172.59,74229.99,74120.0,74164.25,101.1796
1773826200.0,74164.24,74281.33,74142.39,74248.25,96.89227
1773827100.0,74248.26,74274.48,74115.78,74181.08,61.74225
1773828000.0,74181.08,74267.77,74100.54,74259.37,66.12403
1773828900.0,74259.36,74259.36,74178.57,74185.62,80.32315
1773829800.0,74185.62,74211.06,73870.49,73882.83,160.3978
1773830700.0,73882.82,73953.32,73816.26,73946.35,172.0636
1773831600.0,73946.35,74074.84,73722.09,73955.76,145.06071
1773832500.0,73955.76,74017.06,73577.32,73602.91,218.3905
1773833400.0,73602.91,73605.87,72800.0,73113.08,1199.87176
1773834300.0,73113.07,73141.02,72890.6,72952.85,314.36882
1773835200.0,72952.85,72981.79,72643.08,72751.48,510.84359
1773836100.0,72751.48,72879.28,72660.0,72818.67,329.57854
1773837000.0,72818.66,72818.66,72306.0,72429.39,723.31152
1773837900.0,72429.39,72488.0,72271.11,72361.24,256.22006
1773838800.0,72361.13,72450.0,72117.11,72430.93,358.3678
1773839700.0,72430.94,72546.53,72302.0,72474.59,351.94411
1773840600.0,72474.6,72556.81,72222.0,72324.52,323.12925
1773841500.0,72324.53,72374.09,71980.0,72133.49,573.58615
1773842400.0,72133.48,72222.45,71860.97,71876.56,422.1488
1773843300.0,71876.57,72025.25,71620.0,71652.21,545.57737
1773844200.0,71652.21,71854.77,71481.44,71493.45,627.71097
1773845100.0,71493.44,71613.26,71100.0,71193.23,790.55108
1773846000.0,71193.23,71483.8,70857.21,71073.24,1130.4876
1773846900.0,71073.25,71334.0,71018.42,71299.67,641.96794
1773847800.0,71299.68,71478.8,71213.7,71363.95,424.23894
1773848700.0,71363.95,71531.54,71218.6,71467.82,363.54217
1773849600.0,71467.82,71565.78,71180.13,71243.82,332.37292
1773850500.0,71243.82,71331.56,71100.0,71230.28,215.43875
1773851400.0,71230.28,71288.81,71037.34,71283.8,186.68331
1773852300.0,71283.81,71450.7,71257.26,71314.08,232.71911
1773853200.0,71314.07,71393.73,71199.87,71285.71,272.92765
1773854100.0,71285.72,71513.81,71204.09,71479.91,182.38085
1773855000.0,71479.91,71716.77,71348.23,71590.62,358.91696
1773855900.0,71590.63,71750.0,71563.47,71595.21,211.77294
1773856800.0,71595.21,72000.5,71595.21,71882.21,495.74833
1773857700.0,71882.21,71882.21,71563.99,71684.6,217.03819
1773858600.0,71684.59,71852.3,71483.82,71620.46,253.00244
1773859500.0,71620.46,71620.46,70947.78,71096.74,509.32823
1773860400.0,71096.75,71426.23,71082.92,71342.01,252.65437
1773861300.0,71342.01,71486.14,71214.09,71282.18,134.83825
1773862200.0,71282.19,71357.2,71000.03,71065.78,293.62886
1773863100.0,71065.78,71149.57,70933.85,71072.38,186.79768
1773864000.0,71072.38,71072.38,70500.0,70752.73,620.41461
1773864900.0,70752.74,71042.72,70730.62,70989.0,208.74545
1773865800.0,70988.99,71307.91,70958.84,71168.43,235.39995
1773866700.0,71168.43,71333.33,71129.96,71214.67,116.06212
1773867600.0,71214.67,71451.22,71185.25,71280.44,113.66929
1773868500.0,71280.44,71372.69,71240.72,71245.26,66.51636
1773869400.0,71245.26,71399.99,71167.15,71325.1,92.05358
1773870300.0,71325.1,71367.47,71263.67,71263.67,66.0253
1773871200.0,71263.67,71269.02,70957.32,70998.45,176.21052
1773872100.0,70998.44,71120.0,70966.74,71085.58,89.62479
1773873000.0,71085.58,71116.42,70944.56,71061.24,124.65996
1773873900.0,71061.23,71153.99,71023.54,71153.66,130.4531
1773874800.0,71153.67,71264.99,71069.69,71160.93,206.32681
1773875700.0,71160.94,71213.01,71079.94,71206.1,133.12327
1773876600.0,71206.11,71350.0,71206.1,71275.76,204.17219
1773877500.0,71275.77,71365.4,71214.99,71246.54,147.64464
1773878400.0,71246.55,71303.26,71089.42,71179.85,170.65149
1773879300.0,71179.85,71321.81,71094.26,71296.69,101.5388
1773880200.0,71296.69,71296.69,71048.14,71059.51,185.77822
1773881100.0,71059.5,71112.0,70976.69,71002.17,429.98756
1773882000.0,71002.18,71097.46,70963.31,70999.99,125.35439
1773882900.0,71000.0,71075.19,70951.93,71067.29,117.49852
1773883800.0,71067.3,71160.84,71011.9,71134.47,81.96997
1773884700.0,71134.47,71182.44,71087.53,71115.23,66.58508
1773885600.0,71115.24,71210.36,70902.37,71181.98,129.91031
1773886500.0,71181.98,71245.0,71134.62,71244.99,199.07632
1773887400.0,71245.0,71252.83,71166.14,71200.0,85.67797
1773888300.0,71200.0,71209.98,71042.0,71055.44,140.31157
1773889200.0,71055.44,71232.82,71053.33,71184.99,121.55306
1773890100.0,71185.0,71613.79,71181.44,71494.89,272.61355
1773891000.0,71494.89,71535.17,71236.7,71249.71,121.73146
1773891900.0,71249.7,71304.55,71203.37,71215.39,77.71136
1773892800.0,71215.39,71215.39,70738.2,70867.64,274.23284
1773893700.0,70867.64,70942.88,70682.33,70732.97,177.07742
1773894600.0,70732.96,70834.0,70654.86,70793.0,172.91606
1773895500.0,70793.01,70877.86,70743.35,70822.07,78.634
1773896400.0,70822.06,70909.88,70758.81,70815.85,95.90102
1773897300.0,70815.85,70888.18,70680.15,70694.34,63.70211
1773898200.0,70694.34,70869.01,70661.56,70779.99,124.96939
1773899100.0,70780.0,70855.04,70722.05,70826.54,131.58939
1773900000.0,70826.55,70979.99,70728.82,70869.43,88.38683
1773900900.0,70869.44,70937.33,70731.71,70731.72,102.87851
1773901800.0,70731.72,70758.98,70571.8,70713.15,180.55365
1773902700.0,70713.15,70730.26,70505.0,70583.22,248.03241
1773903600.0,70583.22,70600.04,69990.0,69990.0,1006.45513
1773904500.0,69990.01,70038.3,69478.51,69810.79,958.38853
1773905400.0,69810.8,70242.4,69794.46,70096.95,418.15054
1773906300.0,70097.0,70317.06,70010.01,70191.17,370.9615
1773907200.0,70191.16,70300.0,70107.31,70165.83,264.72859
1773908100.0,70165.83,70230.28,70060.7,70066.36,227.86523
1773909000.0,70066.37,70166.0,69900.0,70020.67,369.9157
1773909900.0,70020.68,70130.35,69929.27,69985.19,153.13257
1773910800.0,69985.19,70162.21,69971.99,70042.14,142.84053
1773911700.0,70042.13,70460.0,70006.28,70265.41,369.01986
1773912600.0,70265.41,70466.8,70111.54,70457.54,365.45847
1773913500.0,70457.53,70560.91,70420.59,70513.0,385.3371
1773914400.0,70513.0,70538.74,70402.07,70420.09,372.82759
1773915300.0,70420.1,70500.0,70373.95,70400.0,59.39024
1773916200.0,70400.0,70410.0,70180.98,70216.69,107.64856
1773917100.0,70216.69,70273.66,70117.0,70133.72,73.30913
1773918000.0,70133.73,70259.37,70072.42,70138.51,94.94442
1773918900.0,70138.51,70233.38,70118.41,70204.15,70.29355
1773919800.0,70204.14,70244.69,70000.01,70023.5,182.4311
1773920700.0,70023.5,70063.6,69909.09,69952.75,195.03146
1773921600.0,69952.75,69952.76,69618.61,69799.83,451.92662
1773922500.0,69799.82,69814.97,69555.56,69609.19,267.09285
1773923400.0,69609.19,69759.44,69545.45,69644.94,218.59237
1773924300.0,69644.93,69659.46,69105.49,69290.27,514.80854
1773925200.0,69290.28,69442.48,69081.51,69094.99,491.68876
1773926100.0,69094.99,69521.7,69087.18,69333.0,386.20659
1773927000.0,69333.01,69823.5,69241.0,69717.19,525.84193
1773927900.0,69715.51,70084.35,69552.01,69905.65,316.45597
1773928800.0,69905.65,70179.53,69500.21,69507.4,294.64309
1773929700.0,69507.4,69558.24,69133.33,69165.75,310.44707
1773930600.0,69165.75,69368.86,69096.16,69278.56,402.43096
1773931500.0,69278.56,69583.33,69188.01,69482.25,628.97527
1773932400.0,69482.24,69917.87,69447.06,69700.69,311.57408
1773933300.0,69700.69,69818.18,69206.81,69206.82,253.14809
1773934200.0,69206.81,69380.56,68900.0,68900.01,656.39255
1773935100.0,68900.01,69550.0,68793.35,69412.51,677.17459
1773936000.0,69412.52,69535.26,69210.0,69339.69,248.30245
1773936900.0,69339.7,69598.41,69177.19,69524.48,279.80184
1773937800.0,69524.47,69642.35,69257.08,69520.0,204.41646
1773938700.0,69520.0,69542.66,69293.34,69455.86,125.80678
1773939600.0,69455.86,69497.9,69122.03,69229.44,211.01739
1773940500.0,69229.3,69746.39,69187.93,69661.41,244.10271
1773941400.0,69661.4,69768.72,69497.11,69586.47,103.608
1773942300.0,69586.46,69954.18,69546.85,69854.16,200.95058
1773943200.0,69854.15,69931.1,69719.42,69833.01,145.17818
1773944100.0,69833.01,69914.75,69625.5,69655.21,118.79416
1773945000.0,69655.21,69755.14,69602.88,69715.62,83.03104
1773945900.0,69715.61,69853.5,69581.55,69821.21,95.61425
1773946800.0,69821.21,70554.97,69805.33,70360.2,481.75056
1773947700.0,70360.2,70596.42,70229.28,70282.46,368.87453
1773948600.0,70282.46,70494.33,70162.62,70445.18,196.2937
1773949500.0,70445.18,70445.19,70180.02,70271.99,143.6342
1773950400.0,70272.0,70323.6,70201.0,70284.26,78.29077
1773951300.0,70284.26,70534.15,70284.26,70335.42,196.71227
1773952200.0,70335.41,70676.0,70324.0,70513.75,105.7819
1773953100.0,70513.76,70534.22,70435.91,70483.03,107.92537
1773954000.0,70483.03,70695.6,70456.05,70688.5,115.27081
1773954900.0,70688.51,70688.51,70514.34,70550.47,97.0365
1773955800.0,70550.47,70586.97,70437.84,70458.05,110.81171
1773956700.0,70458.05,70540.34,70371.19,70413.47,95.66481
1773957600.0,70413.46,70501.89,70304.0,70439.75,132.66908
1773958500.0,70439.76,70442.54,70356.78,70373.18,102.52718
1773959400.0,70373.18,70373.18,69954.05,70066.78,203.66534
1773960300.0,70066.77,70184.0,69997.76,70183.99,112.8866
1773961200.0,70184.0,70282.47,70174.81,70191.79,103.19331
1773962100.0,70191.79,70191.79,69964.96,70145.48,118.9008
1773963000.0,70145.48,70183.68,69718.23,69845.66,228.71197
1773963900.0,69845.66,69981.81,69810.0,69930.0,141.24055
1773964800.0,69930.01,70126.48,69837.1,70081.47,300.54707
1773965700.0,70081.47,70177.0,69945.92,70115.19,97.96354
1773966600.0,70115.19,70260.44,70055.61,70220.76,345.64929
1773967500.0,70220.77,70311.12,70167.08,70181.0,127.56429
1773968400.0,70181.0,70437.83,70181.0,70403.09,156.36287
1773969300.0,70403.09,70450.0,70345.44,70388.48,180.53479
1773970200.0,70388.48,70588.5,70388.48,70574.0,116.45601
1773971100.0,70574.0,70584.6,70386.56,70403.79,73.46787
1773972000.0,70403.8,70492.25,70313.86,70356.5,69.09614
1773972900.0,70356.49,70356.5,70178.87,70245.98,74.93886
1773973800.0,70245.98,70292.19,70086.86,70277.6,82.72131
1773974700.0,70277.6,70516.16,70223.26,70415.47,86.15795
1773975600.0,70415.48,70499.63,70388.0,70409.81,91.70019
1773976500.0,70409.82,70665.42,70407.55,70665.41,109.59943
1773977400.0,70665.41,70809.43,70575.32,70610.33,207.74382
1773978300.0,70610.33,70780.59,70567.29,70729.92,302.53245
1773979200.0,70729.93,70969.71,70700.0,70926.01,164.62972
1773980100.0,70926.0,70936.89,70826.5,70927.85,133.65342
1773981000.0,70927.85,70927.85,70557.91,70602.17,144.25939
1773981900.0,70602.17,70800.23,70583.1,70783.69,103.99496
1773982800.0,70783.7,70856.0,70736.02,70849.47,67.18892
1773983700.0,70849.46,70867.44,70611.45,70625.43,81.26333
1773984600.0,70625.44,70726.58,70572.85,70707.84,46.00946
1773985500.0,70707.46,70720.0,70521.73,70606.24,173.2336
1773986400.0,70606.23,70646.93,70500.0,70536.07,244.70054
1773987300.0,70536.06,70536.06,70414.55,70484.08,218.01471
1773988200.0,70484.48,70536.9,70346.49,70464.84,155.64146
1773989100.0,70464.83,70537.64,70431.7,70502.9,140.4572
1773990000.0,70502.91,70502.91,70160.06,70274.01,202.9518
1773990900.0,70274.01,70548.56,70261.91,70451.32,114.52959
1773991800.0,70451.33,70857.21,70421.87,70852.47,399.65982
1773992700.0,70852.47,70939.58,70819.57,70854.66,219.75785
1773993600.0,70854.66,71367.0,70800.0,71274.16,458.11803
1773994500.0,71274.15,71294.43,71157.37,71248.99,241.56151
1773995400.0,71248.98,71248.98,71096.86,71114.34,196.58684
1773996300.0,71114.34,71158.29,71013.81,71042.23,115.69676
1773997200.0,71042.23,71042.23,70849.26,70849.27,288.04457
1773998100.0,70849.26,70859.62,70419.65,70509.18,374.96549
1773999000.0,70509.19,70736.55,70509.18,70640.19,138.0947
1773999900.0,70640.19,70640.19,70478.01,70583.8,84.3864
1774000800.0,70583.81,70598.21,70294.2,70366.57,140.5966
1774001700.0,70366.57,70459.4,70218.68,70325.07,187.88864
1774002600.0,70325.07,70670.43,70311.0,70533.48,190.93451
1774003500.0,70533.49,70651.16,70521.32,70611.68,89.69738
1774004400.0,70611.68,70810.81,70571.46,70779.36,231.12354
1774005300.0,70779.35,70779.35,70606.03,70713.03,87.95981
1774006200.0,70713.02,70718.07,70312.5,70395.29,203.31808
1774007100.0,70395.29,70484.31,70303.36,70478.71,83.16302
1774008000.0,70478.71,70685.63,70409.32,70572.99,195.63969
1774008900.0,70572.98,70651.16,70419.31,70442.9,96.38178
1774009800.0,70442.9,70461.35,70251.0,70359.52,251.52133
1774010700.0,70359.52,70373.22,70257.15,70342.63,69.72827
1774011600.0,70342.63,70444.82,70244.9,70324.71,170.50116
1774012500.0,70324.7,70613.75,70319.12,70495.62,139.16111
1774013400.0,70495.61,70509.12,69850.65,70323.01,586.04682
1774014300.0,70323.0,70399.59,69795.7,69863.84,330.18485
1774015200.0,69863.85,70095.73,69641.38,69810.33,497.75652
1774016100.0,69810.33,69982.75,69589.38,69940.48,540.65675
1774017000.0,69940.48,70268.66,69940.48,69980.14,321.17052
1774017900.0,69979.19,70107.97,69650.0,69731.21,320.26615
1774018800.0,69731.2,69867.03,69480.0,69768.89,425.05608
1774019700.0,69768.89,70002.68,69592.12,69826.4,436.23223
1774020600.0,69826.39,70000.0,69756.2,69908.65,146.81939
1774021500.0,69908.65,70002.59,69763.56,69860.09,188.79306
1774022400.0,69860.09,70083.43,69851.83,69988.51,289.30502
1774023300.0,69988.52,70100.0,69881.35,70024.65,189.83906
1774024200.0,70024.65,70024.65,69681.8,69771.65,243.31006
1774025100.0,69771.66,69890.89,69608.54,69829.26,199.80359
1774026000.0,69829.27,69963.88,69686.0,69803.71,218.4864
1774026900.0,69803.72,69892.96,69636.11,69656.1,178.36097
1774027800.0,69656.1,69692.0,69388.0,69573.35,340.17132
1774028700.0,69573.34,70039.78,69565.55,70000.0,261.82928
1774029600.0,69999.99,70071.81,69894.43,69973.05,180.39932
1774030500.0,69973.05,70024.35,69641.98,69666.79,156.14988
1774031400.0,69666.78,69790.67,69525.33,69696.6,151.20166
1774032300.0,69696.61,69901.84,69681.4,69770.0,142.72874
1774033200.0,69770.01,69910.04,69700.0,69877.24,114.73782
1774034100.0,69877.23,69985.75,69783.77,69876.63,106.30212
1774035000.0,69876.64,70019.42,69673.76,70007.91,128.55662
1774035900.0,70007.91,70190.18,69910.03,70177.86,178.79937
1774036800.0,70177.85,70259.28,70080.32,70206.39,100.39115
1774037700.0,70206.4,70206.4,69952.95,69977.25,109.4895
1774038600.0,69977.26,69991.08,69754.71,69931.91,120.29778
1774039500.0,69931.91,70095.32,69910.03,70057.66,105.21822
1774040400.0,70057.66,70157.23,69946.65,70133.93,89.21388
1774041300.0,70133.92,70583.3,70121.78,70500.0,327.95724
1774042200.0,70499.99,70726.13,70377.55,70405.38,249.46323
1774043100.0,70405.38,70600.9,70405.32,70540.73,113.82607
1774044000.0,70540.72,70923.75,70532.0,70809.61,271.5426
1774044900.0,70809.61,70866.73,70686.01,70686.03,129.0779
1774045800.0,70686.02,70767.22,70610.6,70696.29,99.19403
1774046700.0,70696.29,70832.02,70659.73,70767.85,91.8813
1774047600.0,70767.85,70771.13,70502.92,70522.07,126.44304
1774048500.0,70522.06,70558.52,70430.0,70480.63,96.06349
1774049400.0,70480.64,70542.17,70465.91,70534.51,83.79727
1774050300.0,70534.5,70601.17,70467.91,70510.73,66.29628
1774051200.0,70510.73,70599.44,70467.36,70594.76,69.15004
1774052100.0,70594.5,70826.0,70578.01,70657.29,103.26183
1774053000.0,70657.29,70678.29,70582.68,70602.53,39.26729
1774053900.0,70602.54,70730.01,70570.59,70682.19,62.99161
1774054800.0,70682.2,70758.5,70648.04,70671.51,45.69171
1774055700.0,70671.52,70675.82,70577.69,70610.12,73.24268
1774056600.0,70610.12,70650.54,70519.1,70519.66,116.46231
1774057500.0,70519.66,70576.0,70445.36,70464.59,140.55556
1774058400.0,70464.6,70510.5,70431.67,70485.17,110.47966
1774059300.0,70485.16,70703.06,70485.16,70644.57,77.08354
1774060200.0,70644.57,70738.84,70580.61,70708.13,57.5634
1774061100.0,70708.14,70785.9,70690.92,70737.6,71.75424
1774062000.0,70737.6,70784.07,70667.78,70695.04,60.61725
1774062900.0,70695.04,70719.69,70660.5,70704.97,44.90222
1774063800.0,70704.96,70704.96,70632.39,70651.35,23.7462
1774064700.0,70651.35,70700.0,70632.39,70657.35,97.55452
1774065600.0,70657.35,70785.9,70657.34,70757.01,156.1695
1774066500.0,70757.0,70819.0,70721.93,70746.99,139.519
1774067400.0,70747.0,70747.0,70624.84,70645.66,97.72328
1774068300.0,70645.67,70661.67,70617.05,70642.13,93.69229
1774069200.0,70642.14,70707.86,70635.1,70637.45,38.76227
1774070100.0,70637.46,70809.04,70637.45,70792.01,352.44238
1774071000.0,70792.0,70834.46,70702.91,70779.8,492.13374
1774071900.0,70779.79,70779.8,70683.31,70697.94,58.11073
1774072800.0,70697.94,70749.99,70693.06,70718.19,100.38454
1774073700.0,70718.19,70831.14,70711.46,70815.0,357.34429
1774074600.0,70815.01,70823.33,70734.82,70779.98,365.94016
1774075500.0,70779.98,70788.73,70747.63,70774.65,33.59709
1774076400.0,70773.55,70787.98,70731.91,70731.92,106.83946
1774077300.0,70731.91,70879.76,70731.91,70875.94,107.96895
1774078200.0,70875.95,70875.95,70755.78,70755.78,74.24008
1774079100.0,70755.78,70768.83,70677.44,70727.33,142.37854
1774080000.0,70727.33,70753.79,70685.52,70685.55,218.40762
1774080900.0,70685.55,70716.02,70520.51,70528.26,336.07783
1774081800.0,70528.27,70632.22,70492.02,70589.39,365.60654
1774082700.0,70589.39,70635.52,70566.77,70594.43,36.00919
1774083600.0,70594.42,70735.36,70570.4,70715.91,94.29111
1774084500.0,70715.91,70722.0,70583.16,70589.02,41.80449
1774085400.0,70589.02,70696.58,70580.6,70639.87,47.78321
1774086300.0,70639.87,70675.25,70639.72,70661.59,20.82088
1774087200.0,70661.59,70695.32,70604.94,70635.44,208.51595
1774088100.0,70635.44,70635.45,70559.69,70559.76,244.01682
1774089000.0,70559.76,70626.41,70559.76,70586.08,49.98785
1774089900.0,70586.08,70609.61,70563.19,70605.64,21.8072
1774090800.0,70605.64,70623.99,70572.62,70572.63,248.99451
1774091700.0,70572.62,70615.29,70567.79,70609.99,41.85416
1774092600.0,70610.0,70647.18,70574.13,70647.17,46.332
1774093500.0,70647.18,70652.73,70614.0,70652.72,23.03392
1774094400.0,70652.73,70730.0,70652.73,70730.0,46.50264
1774095300.0,70730.0,70800.0,70694.28,70780.0,79.24439
1774096200.0,70779.99,70780.0,70718.0,70758.83,40.35646
1774097100.0,70758.83,70763.5,70714.54,70722.61,33.31514
1774098000.0,70722.61,70766.62,70707.12,70751.9,45.51363
1774098900.0,70751.9,70812.74,70724.3,70737.42,38.97502
1774099800.0,70737.41,70791.85,70723.42,70726.34,42.57795
1774100700.0,70726.34,70766.9,70713.36,70740.18,44.4771
1774101600.0,70740.18,71100.94,70740.18,71020.08,268.22593
1774102500.0,71020.08,71066.11,70923.5,70933.48,265.94206
1774103400.0,70933.48,71018.67,70933.48,70940.86,67.85061
1774104300.0,70940.86,70940.86,70592.53,70629.1,271.70857
1774105200.0,70629.09,70656.83,70573.77,70639.37,60.06542
1774106100.0,70639.38,70671.19,70453.09,70670.46,105.02695
1774107000.0,70670.47,70760.0,70606.06,70616.2,155.41051
1774107900.0,70616.2,70680.0,70616.2,70630.02,78.94774
1774108800.0,70630.02,70652.64,70562.24,70566.84,68.44804
1774109700.0,70566.85,70627.41,70325.0,70414.32,201.13647
1774110600.0,70414.32,70474.43,70335.58,70371.22,105.46434
1774111500.0,70371.21,70431.43,70251.0,70301.66,60.6554
1774112400.0,70301.66,70370.31,70210.0,70279.1,62.71099
1774113300.0,70279.1,70404.92,70252.15,70368.48,76.68361
1774114200.0,70368.49,70426.18,70361.13,70388.23,236.89783
1774115100.0,70388.23,70420.47,70280.76,70304.08,68.35557
1774116000.0,70303.45,70381.85,70290.48,70381.64,49.15869
1774116900.0,70381.65,70445.28,70355.16,70412.67,34.81951
1774117800.0,70412.66,70534.38,70406.38,70479.49,55.82636
1774118700.0,70479.48,70479.49,70383.17,70389.19,60.78124
1774119600.0,70389.18,70446.05,70389.18,70431.69,43.31956
1774120500.0,70431.69,70448.79,70401.56,70414.08,38.56364
1774121400.0,70414.08,70427.21,70324.7,70347.63,29.30938
1774122300.0,70347.63,70396.01,70342.72,70396.0,29.2644
1774123200.0,70396.01,70438.27,70358.9,70390.9,154.39326
1774124100.0,70390.89,70475.5,70365.17,70455.01,46.24092
1774125000.0,70455.0,70486.92,70440.0,70481.14,324.45517
1774125900.0,70480.97,70508.11,70444.44,70462.28,172.30614
1774126800.0,70462.27,70516.82,70368.61,70373.24,255.44807
1774127700.0,70373.24,70403.52,70352.77,70362.17,77.78208
1774128600.0,70362.17,70397.86,70329.29,70346.98,241.74757
1774129500.0,70346.98,70369.64,70268.06,70345.57,54.85487
1774130400.0,70345.57,70384.95,70267.71,70314.0,58.33893
1774131300.0,70313.99,70335.97,70283.84,70287.81,109.47441
1774132200.0,70287.8,70373.02,70265.55,70304.33,95.76117
1774133100.0,70304.33,70321.54,70265.71,70277.22,474.31044
1774134000.0,70277.21,70293.82,70127.16,70153.13,74.23027
1774134900.0,70153.12,70226.0,70120.68,70120.7,55.46074
1774135800.0,70120.7,70198.24,70105.26,70163.0,234.83032
1774136700.0,70163.01,70163.01,68571.42,68918.12,2145.08435
1774137600.0,68918.12,68951.7,68228.5,68690.35,1104.05223
1774138500.0,68690.36,69066.5,68658.0,68904.25,500.73164
1774139400.0,68904.25,69155.86,68904.25,69069.68,365.92911
1774140300.0,69069.68,69137.86,68779.08,68954.71,190.45144
1774141200.0,68954.7,69100.0,68848.48,68971.82,256.13185
1774142100.0,68971.81,69095.21,68901.28,69030.27,126.71498
1774143000.0,69030.27,69080.0,68762.31,68845.5,306.61105
1774143900.0,68845.49,68990.64,68845.49,68962.4,120.09863
1774144800.0,68962.4,69079.56,68951.21,69053.35,83.78991
1774145700.0,69053.35,69411.1,68976.0,69357.07,172.92827
1774146600.0,69357.07,69367.1,69207.65,69237.0,133.29629
1774147500.0,69236.99,69366.26,69203.26,69278.12,116.61391
1774148400.0,69278.12,69342.75,69123.13,69308.01,90.44478
1774149300.0,69308.02,69540.0,69261.41,69440.44,285.89248
1774150200.0,69440.44,69588.79,69315.45,69355.6,186.19149
1774151100.0,69355.6,69365.51,69277.23,69339.99,108.61165
1774152000.0,69340.0,69489.35,69309.98,69448.01,204.99496
1774152900.0,69448.01,69526.85,69223.19,69260.0,144.55476
1774153800.0,69260.0,69376.88,69215.89,69349.64,108.41383
1774154700.0,69349.64,69408.27,69303.08,69358.0,168.79346
1774155600.0,69358.0,69358.0,69219.87,69228.56,97.67443
1774156500.0,69228.56,69271.83,69169.78,69175.82,83.54301
1774157400.0,69175.83,69238.73,69150.0,69206.12,74.73188
1774158300.0,69206.12,69263.45,69151.94,69153.41,66.19202
1774159200.0,69153.41,69173.19,69059.87,69139.99,210.4481
1774160100.0,69139.98,69236.3,69089.23,69236.29,103.5965
1774161000.0,69236.29,69245.79,69174.0,69197.95,29.89321
1774161900.0,69197.95,69203.5,69148.61,69164.06,34.14738
1774162800.0,69164.06,69250.08,69128.63,69155.27,104.83373
1774163700.0,69155.26,69200.0,69139.92,69181.62,105.54887
1774164600.0,69181.63,69181.74,68926.19,68951.59,126.61333
1774165500.0,68951.6,69088.0,68892.93,68919.38,95.94708
1774166400.0,68919.37,68990.67,68720.06,68990.67,238.58408
1774167300.0,68990.66,68990.67,68560.27,68624.01,451.78372
1774168200.0,68624.0,68787.84,68523.96,68738.56,296.15755
1774169100.0,68738.55,68825.0,68694.31,68804.77,67.25167
1774170000.0,68804.77,68881.19,68750.94,68873.38,81.12297
1774170900.0,68873.37,68901.65,68587.78,68649.09,177.61728
1774171800.0,68649.09,68829.02,68644.58,68782.75,69.66217
1774172700.0,68782.76,68847.83,68763.55,68826.2,55.42521
1774173600.0,68826.21,68847.83,68680.0,68742.42,141.72213
1774174500.0,68742.42,68744.55,68661.98,68731.27,50.68614
1774175400.0,68731.27,68774.2,68585.91,68620.11,87.03501
1774176300.0,68620.11,68687.19,68584.27,68648.17,80.59018
1774177200.0,68648.16,68691.03,68568.5,68658.59,53.68455
1774178100.0,68658.58,68682.36,68381.51,68419.89,221.98126
1774179000.0,68419.9,68518.22,68287.0,68405.0,182.86393
1774179900.0,68405.0,68424.27,68110.55,68217.95,325.90186
1774180800.0,68217.94,68342.92,68199.04,68314.5,112.72236
1774181700.0,68314.5,68763.18,68311.94,68662.51,241.95545
1774182600.0,68662.51,68673.96,68592.96,68610.0,66.05709
1774183500.0,68610.0,68693.82,68565.53,68654.83,63.5081
1774184400.0,68654.83,68957.24,68654.83,68815.32,181.26769
1774185300.0,68815.32,68869.21,68750.0,68806.7,134.14548
1774186200.0,68806.7,68849.85,68548.32,68627.92,128.15071
1774187100.0,68627.92,68753.14,68592.0,68700.02,104.50961
1774188000.0,68700.02,68811.89,68542.1,68780.0,136.92502
1774188900.0,68780.0,68900.0,68727.13,68839.99,73.87696
1774189800.0,68840.0,68915.27,68782.49,68843.0,69.37356
1774190700.0,68843.0,68843.01,68645.9,68711.66,105.36922
1774191600.0,68711.66,68940.0,68711.65,68904.24,110.48153
1774192500.0,68904.24,69005.71,68809.43,68907.95,133.24747
1774193400.0,68907.94,68910.8,68700.0,68803.1,96.20216
1774194300.0,68803.1,68856.89,68753.18,68847.96,51.2418
1774195200.0,68847.97,68885.53,68770.0,68790.84,65.82453
1774196100.0,68790.84,68814.31,68682.38,68715.09,69.90297
1774197000.0,68715.09,68781.73,68665.62,68733.34,79.24303
1774197900.0,68733.35,68848.9,68733.34,68805.58,43.27982
1774198800.0,68805.58,68834.34,68739.76,68823.98,38.36726
1774199700.0,68823.99,68848.32,68759.04,68810.33,58.56919
1774200600.0,68810.33,68824.99,68665.34,68671.02,94.05778
1774201500.0,68671.02,68741.16,68671.01,68673.02,61.16858
1774202400.0,68672.85,68720.92,68587.69,68720.91,54.00703
1774203300.0,68720.91,68730.91,68662.77,68694.05,39.73435
1774204200.0,68694.04,68743.18,68344.57,68470.01,190.55816
1774205100.0,68470.01,68619.51,68438.31,68618.58,55.71764
1774206000.0,68618.57,68626.07,68281.37,68332.16,150.07873
1774206900.0,68332.15,68398.75,68275.0,68287.44,91.52015
1774207800.0,68287.44,68424.09,68224.63,68390.24,84.07995
1774208700.0,68390.24,68404.15,68145.01,68199.93,147.31422
1774209600.0,68199.93,68369.3,68199.93,68335.88,86.32667
1774210500.0,68335.88,68498.4,68274.67,68324.0,75.62032
1774211400.0,68324.23,68370.22,68194.0,68363.62,64.59928
1774212300.0,68363.62,68363.62,68080.0,68176.46,92.98618
1774213200.0,68176.47,68228.71,67552.03,67780.83,839.82399
1774214100.0,67780.83,67865.3,67360.66,67810.33,472.52311
1774215000.0,67810.33,67984.15,67680.0,67874.82,127.18863
1774215900.0,67874.82,67904.8,67761.11,67899.97,95.9378
1774216800.0,67899.97,68135.14,67571.67,67912.81,318.29944
1774217700.0,67912.81,68383.18,67864.0,68256.0,291.88966
1774218600.0,68256.0,68335.6,68099.82,68135.8,154.91418
1774219500.0,68135.8,68396.94,68135.79,68339.37,91.45772
1774220400.0,68339.38,68474.0,68200.01,68327.15,115.75336
1774221300.0,68327.15,68340.6,68103.06,68103.9,132.27832
1774222200.0,68103.9,68161.47,67993.94,68126.67,77.75528
1774223100.0,68126.67,68145.6,67839.99,67859.0,183.48931
1774224000.0,67859.0,68123.86,67779.33,67957.48,305.76761
1774224900.0,67957.48,68161.41,67801.54,67994.06,170.63
1774225800.0,67994.06,67999.94,67445.18,67689.52,230.4121
1774226700.0,67689.52,67889.97,67619.89,67669.99,116.88247
1774227600.0,67670.0,67942.76,67536.01,67845.76,191.80043
1774228500.0,67845.76,68123.21,67845.76,68091.54,234.30982
1774229400.0,68091.54,68157.31,67980.59,68044.0,102.51879
1774230300.0,68044.0,68133.28,67903.58,67905.0,99.58882
1774231200.0,67905.0,68082.83,67842.33,67847.2,159.20722
1774232100.0,67847.2,68317.38,67801.67,68263.65,152.54856
1774233000.0,68264.05,68400.0,68200.0,68240.69,204.9584
1774233900.0,68240.7,68327.06,68169.3,68320.72,111.19089
1774234800.0,68320.72,68585.12,68239.09,68244.8,134.21204
1774235700.0,68244.8,68280.57,68175.98,68204.2,104.48712
1774236600.0,68204.2,68231.35,68107.0,68206.72,106.3376
1774237500.0,68206.72,68235.29,68059.88,68074.6,70.76371
1774238400.0,68074.6,68224.0,68057.56,68168.19,98.43004
1774239300.0,68168.2,68230.7,68119.68,68230.69,78.36773
1774240200.0,68230.7,68375.99,68220.43,68266.26,88.3313
1774241100.0,68266.27,68550.0,68266.26,68541.0,221.48242
1774242000.0,68541.0,68800.0,68541.0,68764.83,357.88041
1774242900.0,68764.83,68915.4,68679.55,68694.33,200.3298
1774243800.0,68694.33,68844.44,68592.51,68621.13,381.73747
1774244700.0,68621.13,68902.78,68568.22,68899.92,222.60185
1774245600.0,68899.92,68904.42,68502.83,68610.8,234.9596
1774246500.0,68610.8,68694.05,68506.77,68562.0,278.07133
1774247400.0,68562.0,68572.36,67706.42,67818.26,421.29763
1774248300.0,67818.27,67947.49,67698.86,67874.19,284.55361
1774249200.0,67874.2,67998.14,67502.48,67943.45,416.14889
1774250100.0,67943.46,67999.99,67650.01,67810.17,231.7413
1774251000.0,67810.18,68339.75,67777.04,68330.25,462.86114
1774251900.0,68330.24,68464.42,68281.99,68333.16,835.60676
1774252800.0,68333.16,68678.0,68333.16,68650.93,204.61941
1774253700.0,68651.16,68696.91,68446.88,68469.71,187.12871
1774254600.0,68469.71,68654.26,68406.81,68545.52,401.04421
1774255500.0,68545.52,68572.64,68328.55,68434.26,445.63885
1774256400.0,68434.27,68471.11,68216.85,68283.02,83.43692
1774257300.0,68283.02,68354.69,68145.46,68256.73,83.108
1774258200.0,68256.73,68256.74,67916.14,68145.5,157.81065
1774259100.0,68145.5,68334.01,68140.25,68334.01,57.96028
1774260000.0,68334.01,68714.28,68301.21,68602.78,246.59942
1774260900.0,68602.79,68627.66,68410.0,68462.79,84.57144
1774261800.0,68462.78,68485.44,68299.82,68418.68,67.64369
1774262700.0,68418.69,68579.99,68372.99,68551.02,96.04054
1774263600.0,68551.02,71499.0,68544.15,70963.07,3836.10868
1774264500.0,70963.19,71265.23,70289.58,70702.57,1402.848
1774265400.0,70702.58,71208.99,70389.54,70669.98,915.40276
1774266300.0,70670.0,70700.8,70053.43,70122.15,895.99628
1774267200.0,70122.15,70276.58,69671.95,69992.78,756.46998
1774268100.0,69992.77,70507.38,69967.88,70350.93,364.03399
1774269000.0,70350.93,70796.41,70171.99,70719.04,470.18576
1774269900.0,70719.04,70877.35,70589.0,70752.15,324.9765
1774270800.0,70752.14,70922.34,70600.0,70749.76,283.15629
1774271700.0,70749.77,70914.28,70749.77,70815.73,144.53058
1774272600.0,70815.73,71417.76,70660.0,71219.99,631.89055
1774273500.0,71219.99,71587.98,71024.65,71481.13,652.94442
1774274400.0,71481.13,71817.09,71391.92,71524.82,689.72259
1774275300.0,71524.82,71734.81,71288.71,71353.19,406.99711
1774276200.0,71353.19,71530.55,71221.76,71385.8,298.66654
1774277100.0,71385.07,71518.54,71127.14,71446.46,267.79103
1774278000.0,71446.46,71660.01,71366.25,71371.26,215.86217
1774278900.0,71371.26,71391.38,70874.53,70900.13,452.60194
1774279800.0,70900.13,70951.22,70582.0,70660.56,346.62595
1774280700.0,70660.56,70853.13,70103.21,70131.48,1036.61923
1774281600.0,70131.48,70549.09,70131.47,70525.19,426.53105
1774282500.0,70525.19,70558.0,70214.75,70214.75,273.94273
1774283400.0,70214.75,70514.0,70147.99,70464.67,288.45022
1774284300.0,70464.67,70753.43,70433.92,70561.54,378.94518
1774285200.0,70561.54,70733.82,70473.88,70629.53,179.98021
1774286100.0,70629.53,70660.92,70363.63,70535.68,99.36017
1774287000.0,70534.5,71078.89,70522.73,70886.86,273.33501
1774287900.0,70886.86,71119.09,70871.23,71085.16,121.02868
1774288800.0,71085.16,71166.27,70899.73,70973.69,171.30258
1774289700.0,70973.69,71042.88,70879.85,70882.7,138.93053
1774290600.0,70882.7,71157.77,70882.7,71046.83,147.10759
1774291500.0,71046.83,71195.21,70980.0,71076.22,136.54972
1774292400.0,71076.22,71246.01,70874.52,70935.03,301.70626
1774293300.0,70935.03,71085.85,70824.0,71031.95,82.02505
1774294200.0,71031.95,71066.93,70855.67,70904.35,64.55106
1774295100.0,70904.34,70996.0,70649.4,70679.05,167.57583
1774296000.0,70679.04,70798.43,70559.03,70795.16,153.14678
1774296900.0,70795.17,70830.25,70746.06,70811.17,86.07785
1774297800.0,70811.17,70983.33,70794.56,70949.28,80.09321
1774298700.0,70949.28,70958.01,70874.02,70915.59,74.72725
1774299600.0,70915.59,70987.24,70827.66,70827.66,67.33273
1774300500.0,70827.67,70919.68,70827.66,70894.08,30.39105
1774301400.0,70894.08,70998.0,70874.32,70936.0,74.41394
1774302300.0,70936.0,70973.44,70827.66,70851.35,50.41086
1774303200.0,70851.36,70896.76,70568.18,70727.6,96.77852
1774304100.0,70726.4,70726.41,70608.19,70636.01,47.65827
1774305000.0,70636.01,70712.45,70520.22,70712.45,76.78004
1774305900.0,70712.44,70797.89,70678.78,70780.22,58.76617
1774306800.0,70780.22,70810.11,70549.3,70552.81,79.15743
1774307700.0,70552.81,70710.0,70404.39,70707.2,88.11442
1774308600.0,70707.2,70800.0,70621.72,70767.17,44.89372
1774309500.0,70767.18,70998.0,70730.0,70906.45,155.97775
1774310400.0,70906.45,71099.96,70773.86,70786.55,228.21799
1774311300.0,70786.55,70823.01,70654.01,70720.55,144.45054
1774312200.0,70720.56,70734.0,70423.36,70592.21,287.93802
1774313100.0,70592.2,70817.84,70582.4,70679.2,75.22315
1774314000.0,70679.2,70712.13,70508.0,70565.48,101.82442
1774314900.0,70565.48,70877.4,70505.42,70828.15,73.66674
1774315800.0,70828.15,70891.53,70278.46,70392.31,373.54057
1774316700.0,70392.31,70577.12,70365.02,70516.57,181.27198
1774317600.0,70516.57,70698.0,70428.81,70466.0,95.57887
1774318500.0,70466.0,70627.19,70418.26,70559.73,124.38212
1774319400.0,70559.73,70644.38,70369.46,70531.31,153.73321
1774320300.0,70531.31,70595.74,70430.62,70453.37,58.29378
1774321200.0,70453.38,70543.75,70404.54,70503.1,149.88083
1774322100.0,70503.1,70583.36,70475.99,70541.65,116.92605
1774323000.0,70541.64,70555.19,70433.03,70489.98,55.8973
1774323900.0,70489.98,70570.24,70453.27,70542.9,58.27114
1774324800.0,70542.9,70741.64,70520.32,70636.56,102.09919
1774325700.0,70636.56,70660.91,70532.31,70532.32,106.53177
1774326600.0,70532.32,70532.32,70302.33,70340.32,132.39749
1774327500.0,70340.32,70430.54,70247.91,70372.44,133.88797
1774328400.0,70372.45,70374.38,70150.39,70161.04,261.13657
1774329300.0,70161.04,70341.77,70119.06,70181.25,152.91268
1774330200.0,70181.26,70367.82,70152.0,70326.12,70.55402
1774331100.0,70326.12,70373.74,70250.8,70283.85,157.09031
1774332000.0,70283.84,70404.26,70253.23,70364.14,176.49157
1774332900.0,70364.14,70456.09,70319.39,70378.56,369.31891
1774333800.0,70378.56,70517.73,70378.56,70470.01,180.51216
1774334700.0,70470.01,70572.83,70432.03,70541.38,123.73484
1774335600.0,70541.39,70913.83,70488.0,70835.04,342.3301
1774336500.0,70835.04,71030.0,70789.13,70929.92,563.99555
1774337400.0,70929.92,70968.0,70819.93,70902.71,358.16728
1774338300.0,70902.7,71400.0,70828.74,71291.7,458.18409
1774339200.0,71291.7,71349.1,71086.0,71132.08,261.27138
1774340100.0,71132.08,71132.08,70860.36,70914.41,133.21831
1774341000.0,70914.4,71080.24,70850.11,71068.93,193.42226
1774341900.0,71068.93,71095.87,70888.0,70964.15,137.36436
1774342800.0,70964.16,71041.4,70867.15,70876.04,94.35629
1774343700.0,70876.04,71041.4,70851.77,71014.7,105.06045
1774344600.0,71014.7,71243.14,70977.9,71242.7,102.71249
1774345500.0,71242.7,71368.61,71159.35,71316.97,209.37524
1774346400.0,71316.98,71328.59,71218.35,71264.83,163.51964
1774347300.0,71264.83,71264.83,71112.13,71114.64,169.14423
1774348200.0,71114.65,71272.54,71078.09,71244.13,186.70072
1774349100.0,71244.35,71289.17,71142.22,71272.87,161.45087
1774350000.0,71272.87,71272.87,70984.18,71119.61,166.02422
1774350900.0,71119.61,71124.6,70964.94,71067.21,115.69431
1774351800.0,71067.2,71324.95,71036.16,71244.0,157.46415
1774352700.0,71244.0,71327.26,71028.0,71157.77,121.1496
1774353600.0,71157.77,71177.66,70976.71,71074.01,123.84727
1774354500.0,71074.01,71112.23,70992.89,71085.9,59.96753
1774355400.0,71085.89,71085.9,70860.18,70900.0,95.72705
1774356300.0,70900.01,71027.51,70872.32,70956.48,181.27625
1774357200.0,70956.48,71059.59,70649.6,70829.23,295.38531
1774358100.0,70829.23,70861.32,70568.18,70598.69,195.15947
1774359000.0,70598.7,70781.55,70251.3,70321.51,581.85439
1774359900.0,70321.52,70442.0,69968.02,70100.46,657.22438
1774360800.0,70100.46,70462.91,69747.22,69858.64,417.9106
1774361700.0,69858.64,70089.41,69788.25,70000.41,373.0872
1774362600.0,70000.41,70131.96,69768.11,69846.28,284.85396
1774363500.0,69846.28,70060.6,69507.34,69869.93,897.17013
1774364400.0,69869.93,70055.91,69856.21,69966.0,416.55691
1774365300.0,69966.0,70255.37,69916.0,70029.61,455.82561
1774366200.0,70029.61,70209.58,69770.85,70058.12,359.13373
1774367100.0,70058.12,70193.19,69861.14,69873.04,188.15552
1774368000.0,69873.04,69940.43,69796.0,69915.27,161.02671
1774368900.0,69915.27,70001.92,69655.26,69798.32,190.31641
1774369800.0,69798.32,69855.85,69340.08,69564.81,365.29919
1774370700.0,69565.36,69619.09,69420.15,69476.87,173.11897
1774371600.0,69476.88,69512.73,69114.99,69237.43,379.67167
1774372500.0,69237.42,69288.54,69102.0,69177.17,233.00043
1774373400.0,69177.16,69330.0,68923.87,68946.27,362.3775
1774374300.0,68946.28,69260.0,68923.07,69238.43,319.19337
1774375200.0,69238.44,69385.66,69168.64,69366.35,235.22358
1774376100.0,69365.86,69496.1,69272.21,69408.35,208.41376
1774377000.0,69408.34,69746.4,69374.91,69530.83,258.42336
1774377900.0,69530.84,69569.36,69423.73,69430.24,106.00513
1774378800.0,69430.25,69644.85,69430.24,69640.8,214.70337
1774379700.0,69640.8,69700.0,69527.85,69537.72,105.34053
1774380600.0,69537.72,69540.0,69371.55,69445.56,115.79905
1774381500.0,69445.55,69445.55,69277.04,69377.33,111.58306
1774382400.0,69377.33,69415.54,69296.15,69415.54,66.05058
1774383300.0,69415.54,70295.54,69415.54,70012.33,493.76024
1774384200.0,70012.33,70215.11,69963.52,70059.59,257.61419
1774385100.0,70059.59,70247.29,69912.44,70093.19,201.02653
1774386000.0,70093.19,70231.28,69935.25,69992.84,170.48995
1774386900.0,69993.75,70107.42,69901.39,70059.91,125.37998
1774387800.0,70059.91,70400.0,70034.55,70275.75,237.67406
1774388700.0,70275.76,70391.4,70204.5,70332.93,153.10864
1774389600.0,70332.93,70586.86,70219.58,70543.52,176.62076
1774390500.0,70543.51,70543.51,70200.0,70238.88,271.17629
1774391400.0,70238.88,70330.01,70140.5,70288.01,119.75517
1774392300.0,70288.01,70391.65,70245.83,70316.96,119.36281
1774393200.0,70316.96,70581.77,70270.0,70536.45,164.8331
1774394100.0,70536.46,70758.37,70506.84,70748.6,257.32757
1774395000.0,70748.6,70832.54,70665.42,70665.43,254.54411
1774395900.0,70665.43,70694.26,70541.19,70556.74,64.69733
1774396800.0,70556.74,70753.65,70528.17,70726.0,130.0744
1774397700.0,70726.0,70730.54,70570.91,70668.99,63.02635
1774398600.0,70669.0,71100.28,70476.9,70923.89,432.78254
1774399500.0,70923.9,70995.3,70791.05,70840.75,158.44754
1774400400.0,70840.75,70977.35,70709.99,70803.63,299.52469
1774401300.0,70803.63,70841.88,70691.5,70763.47,175.8075
1774402200.0,70763.47,70810.53,70629.72,70738.5,105.36619
1774403100.0,70738.5,70820.05,70677.18,70677.18,43.49359
1774404000.0,70677.19,70705.73,70550.58,70609.08,138.3394
1774404900.0,70609.08,70671.36,70533.33,70595.04,218.24419
1774405800.0,70595.05,70781.39,70518.81,70695.96,129.24897
1774406700.0,70695.96,70740.81,70490.77,70531.09,97.0316
1774407600.0,70531.1,70573.92,70426.69,70494.0,181.87577
1774408500.0,70494.0,70550.01,70408.0,70530.14,183.85803
1774409400.0,70530.15,70808.37,70530.15,70743.9,102.71378
1774410300.0,70743.91,70805.43,70716.7,70716.7,44.70538
1774411200.0,70716.7,70900.0,70703.83,70850.39,79.8152
1774412100.0,70850.38,70948.85,70783.92,70865.74,262.68796
1774413000.0,70865.74,70886.54,70726.2,70769.2,193.5323
1774413900.0,70769.21,70977.49,70732.67,70968.64,87.42475
1774414800.0,70968.64,71345.0,70940.0,71245.33,505.86814
1774415700.0,71245.33,71250.87,71088.88,71198.74,126.15791
1774416600.0,71198.74,71250.0,71112.6,71220.93,107.58574
1774417500.0,71220.93,71244.09,71076.42,71117.66,110.57993
1774418400.0,71117.65,71164.17,71006.85,71076.02,146.65779
1774419300.0,71076.02,71260.0,71076.01,71234.41,285.53353
1774420200.0,71234.42,71250.0,71162.97,71201.0,222.74842
1774421100.0,71201.01,71229.34,70984.67,70991.83,279.81904
1774422000.0,70991.82,71150.32,70958.73,71142.98,99.36644
1774422900.0,71142.98,71150.0,71048.92,71069.56,55.44074
1774423800.0,71069.57,71270.11,71053.53,71056.76,147.02112
1774424700.0,71056.75,71084.89,70891.31,70926.88,168.89644
1774425600.0,70926.88,71010.92,70800.0,70811.41,212.93358
1774426500.0,70811.41,71250.0,70811.41,71192.19,170.02552
1774427400.0,71192.18,71503.94,71187.19,71478.32,635.51621
1774428300.0,71478.32,71478.33,71223.95,71248.39,132.35607
1774429200.0,71248.4,71385.72,71225.83,71334.03,208.92965
1774430100.0,71334.03,71404.25,71172.96,71268.2,126.95095
1774431000.0,71268.2,71326.0,71228.34,71263.02,107.48741
1774431900.0,71263.02,71415.12,71101.99,71345.91,155.05906
1774432800.0,71345.91,71456.76,71291.69,71420.0,137.1613
1774433700.0,71420.0,71482.0,71371.37,71405.92,77.53481
1774434600.0,71405.92,71436.31,71325.02,71436.31,87.56258
1774435500.0,71436.31,71641.91,71436.3,71501.39,182.96292
1774436400.0,71501.4,71605.0,71470.49,71599.09,105.39561
1774437300.0,71599.1,71931.5,71599.1,71870.28,275.01154
1774438200.0,71870.29,72026.09,71774.19,71813.42,499.75368
1774439100.0,71813.43,71813.43,71528.84,71678.97,172.87148
1774440000.0,71678.97,71847.28,71678.97,71750.01,105.27805
1774440900.0,71750.0,71750.34,71105.43,71341.68,386.15366
1774441800.0,71341.67,71482.0,71189.97,71369.58,142.89253
1774442700.0,71369.59,71955.17,71287.07,71715.24,398.59762
1774443600.0,71715.24,71858.48,71630.44,71708.42,242.72944
1774444500.0,71708.42,71711.34,71563.56,71621.96,153.15548
1774445400.0,71621.97,71963.71,71617.29,71728.55,368.44547
1774446300.0,71728.54,71830.37,71515.84,71581.42,217.94548
1774447200.0,71581.42,71699.87,71291.78,71392.91,345.29708
1774448100.0,71392.91,71542.38,71267.79,71366.26,239.85027
1774449000.0,71366.67,71556.39,71302.56,71365.99,118.96592
1774449900.0,71366.0,71438.9,71230.51,71234.28,106.32765
1774450800.0,71234.28,71301.37,70745.56,70825.25,511.58774
1774451700.0,70825.25,71025.78,70530.47,71023.6,492.21575
1774452600.0,71023.61,71093.72,70814.71,70878.43,214.45758
1774453500.0,70878.43,70951.47,70776.26,70832.99,166.58489
1774454400.0,70832.99,70990.0,70719.26,70874.45,255.40675
1774455300.0,70874.44,71752.88,70832.0,71506.63,650.98036
1774456200.0,71506.21,71635.8,71388.0,71467.51,244.5744
1774457100.0,71467.51,71473.86,71250.06,71324.01,132.86177
1774458000.0,71324.01,71389.14,71101.7,71148.33,126.55189
1774458900.0,71148.32,71202.0,70945.56,71077.88,236.33084
1774459800.0,71077.89,71077.89,70845.04,70913.4,144.76358
1774460700.0,70913.41,70977.43,70720.38,70779.0,155.33958
1774461600.0,70778.99,70944.0,70748.75,70922.94,145.37682
1774462500.0,70922.94,71149.07,70922.94,70974.43,131.2493
1774463400.0,70974.43,71012.94,70789.96,70848.76,125.49254
1774464300.0,70848.76,70978.0,70681.07,70810.34,133.1806
1774465200.0,70810.34,71012.0,70777.58,70851.83,105.22233
1774466100.0,70851.84,70980.17,70827.15,70970.65,142.11639
1774467000.0,70969.83,71093.37,70868.18,70940.0,92.42901
1774467900.0,70940.0,70997.72,70777.51,70883.31,173.29171
1774468800.0,70883.32,70909.59,70681.99,70743.67,142.28063
1774469700.0,70743.67,70810.17,70646.34,70710.85,194.9091
1774470600.0,70710.85,70946.29,70706.97,70946.29,101.2538
1774471500.0,70946.29,71058.82,70900.0,71009.5,135.13798
1774472400.0,71009.5,71174.5,70960.21,71164.66,138.11823
1774473300.0,71164.67,71175.0,70949.3,70984.04,118.02871
1774474200.0,70984.04,71103.36,70972.71,71067.98,71.04831
1774475100.0,71067.99,71106.81,70974.75,71035.24,52.66883
1774476000.0,71035.25,71138.93,70969.12,70993.18,89.88533
1774476900.0,70993.19,71091.42,70947.61,71042.87,30.27067
1774477800.0,71042.87,71594.11,71036.32,71374.34,314.81286
1774478700.0,71374.34,71462.91,71322.71,71369.08,70.90686
1774479600.0,71369.07,71511.83,71327.69,71327.7,170.46748
1774480500.0,71327.7,71439.39,71238.88,71359.59,79.53427
1774481400.0,71359.58,71375.03,71194.97,71216.47,88.99739
1774482300.0,71216.47,71379.17,71189.55,71336.53,44.33999
1774483200.0,71336.53,71372.73,71191.08,71250.0,100.42194
1774484100.0,71250.0,71379.78,71216.7,71306.6,169.081
1774485000.0,71306.59,71398.05,71282.0,71355.88,147.95298
1774485900.0,71355.88,71436.82,71142.38,71299.27,130.97021
1774486800.0,71299.27,71368.98,71194.1,71269.6,119.46457
1774487700.0,71269.6,71377.04,71159.06,71319.69,68.95197
1774488600.0,71319.69,71355.3,71235.77,71259.48,284.64219
1774489500.0,71259.48,71298.22,71189.0,71252.11,49.10965
1774490400.0,71252.11,71289.49,71061.67,71091.99,57.35181
1774491300.0,71092.0,71093.84,70889.3,70894.93,278.87366
1774492200.0,70894.93,70917.49,70672.37,70868.64,189.53526
1774493100.0,70868.64,70916.71,70841.77,70893.01,50.13404
1774494000.0,70893.01,70968.66,70761.79,70968.66,62.94526
1774494900.0,70968.66,70968.66,70685.69,70713.14,85.86856
1774495800.0,70713.14,70900.14,70713.13,70850.74,144.7545
1774496700.0,70850.75,70921.48,70781.63,70921.47,216.98118
1774497600.0,70921.47,70921.47,70740.8,70755.06,145.75616
1774498500.0,70755.07,70872.41,70721.46,70868.66,54.78448
1774499400.0,70868.65,70899.02,70828.47,70839.99,104.4952
1774500300.0,70840.0,70884.84,70761.11,70772.01,128.07848
1774501200.0,70772.01,70796.32,70446.79,70559.07,508.80492
1774502100.0,70559.07,70636.56,70510.54,70577.2,124.61928
1774503000.0,70577.19,70624.0,70288.4,70310.9,183.45466
1774503900.0,70310.89,70372.0,69942.96,70016.98,454.86303
1774504800.0,70016.97,70100.0,69855.73,70068.0,381.26084
1774505700.0,70067.47,70137.63,69905.61,70059.5,188.78775
1774506600.0,70059.5,70098.94,69979.61,70000.32,219.46028
1774507500.0,70000.32,70152.63,69991.0,70097.18,226.68124
1774508400.0,70097.19,70167.6,70010.31,70048.5,170.92778
1774509300.0,70048.5,70093.36,69906.86,69969.87,245.37394
1774510200.0,69969.87,70112.08,69805.0,70071.97,205.66256
1774511100.0,70071.97,70163.84,70050.5,70087.44,91.07384
1774512000.0,70087.44,70127.69,69896.62,69924.82,131.90498
1774512900.0,69924.82,70011.1,69821.47,69826.84,99.98766
1774513800.0,69826.84,69952.75,69806.39,69937.32,154.75814
1774514700.0,69937.32,70047.63,69902.0,70024.77,124.1774
1774515600.0,70024.78,70144.44,69930.7,70028.91,252.88685
1774516500.0,70028.91,70049.24,69883.39,70028.12,212.03736
1774517400.0,70028.11,70028.11,69426.38,69506.64,647.65047
1774518300.0,69506.64,69621.02,69409.67,69562.41,200.50338
1774519200.0,69562.41,69635.49,69503.98,69579.23,250.76737
1774520100.0,69579.23,69719.96,69577.76,69661.45,109.65424
1774521000.0,69661.45,69661.46,69505.01,69548.18,131.49742
1774521900.0,69548.18,69575.36,69464.58,69517.68,202.23691
1774522800.0,69517.68,69667.56,69433.33,69566.06,174.96537
1774523700.0,69566.06,69582.73,69192.96,69321.37,337.21066
1774524600.0,69321.37,69461.1,69313.0,69398.0,156.63524
1774525500.0,69398.0,69439.87,69271.51,69276.01,134.85512
1774526400.0,69276.01,69413.3,69226.34,69375.23,170.81991
1774527300.0,69375.23,69431.0,69331.0,69420.65,139.84513
1774528200.0,69420.65,69459.58,69241.62,69365.73,156.87616
1774529100.0,69365.74,69461.28,69365.73,69436.42,122.28258
1774530000.0,69436.42,69573.6,69414.07,69484.14,267.31971
1774530900.0,69484.15,69527.89,69375.51,69400.14,176.34198
1774531800.0,69400.14,69547.35,69218.0,69547.35,306.71892
1774532700.0,69547.35,69877.45,69502.0,69646.59,611.21808
1774533600.0,69646.59,69837.12,69522.02,69608.4,252.45127
1774534500.0,69608.4,69708.92,69406.28,69611.03,194.55575
1774535400.0,69611.03,69772.0,69494.49,69516.89,232.36686
1774536300.0,69516.88,69554.75,69259.25,69479.92,263.98321
1774537200.0,69479.91,69497.73,68904.49,68950.99,599.48736
1774538100.0,68950.76,69082.87,68632.4,69030.49,685.63862
1774539000.0,69030.49,69069.69,68902.08,68988.75,212.7524
1774539900.0,68988.76,69220.01,68983.86,69082.64,307.19744
1774540800.0,69082.64,69082.64,68950.11,69022.57,278.51322
1774541700.0,69022.57,69142.94,68855.84,68888.01,384.31803
1774542600.0,68888.01,69002.03,68823.21,68918.29,181.89564
1774543500.0,68918.28,68979.9,68855.0,68932.52,104.79985
1774544400.0,68932.53,69047.76,68904.02,68921.51,128.29158
1774545300.0,68921.5,69086.91,68911.89,69082.98,86.71782
1774546200.0,69082.97,69162.0,68931.23,68957.74,169.61533
1774547100.0,68957.75,68960.27,68377.83,68486.86,745.90343
1774548000.0,68486.86,68603.75,68314.48,68459.44,298.59245
1774548900.0,68459.44,68459.44,68153.0,68203.58,512.46491
1774549800.0,68203.59,68360.26,68184.35,68336.67,415.30943
1774550700.0,68336.67,68503.03,68313.47,68497.25,176.19983
1774551600.0,68497.25,68520.29,68395.63,68457.4,104.84101
1774552500.0,68457.41,68578.8,68385.51,68435.96,127.44982
1774553400.0,68435.96,68677.1,68358.8,68633.12,145.18346
1774554300.0,68633.12,68681.54,68494.05,68534.36,166.4983
1774555200.0,68534.37,69478.42,68436.74,69201.99,775.98365
1774556100.0,69202.0,69346.29,69073.99,69168.99,507.69527
1774557000.0,69168.99,69306.13,69082.58,69158.79,164.03569
1774557900.0,69158.8,69201.37,68865.2,69005.21,259.94173
1774558800.0,69005.21,69007.62,68880.83,68912.92,174.20725
1774559700.0,68912.92,69205.43,68879.05,69092.49,177.2481
1774560600.0,69092.48,69130.97,68968.34,69020.98,119.69057
1774561500.0,69020.98,69029.52,68904.12,68921.1,127.54185
1774562400.0,68921.1,69028.89,68863.29,68955.84,98.36862
1774563300.0,68955.84,68978.48,68603.24,68754.44,191.49442
1774564200.0,68754.44,68833.19,68708.0,68796.22,107.34421
1774565100.0,68796.22,68892.67,68769.98,68892.67,87.18669
1774566000.0,68892.66,68994.16,68793.89,68817.63,119.52745
1774566900.0,68817.63,68850.0,68640.0,68735.8,114.42358
1774567800.0,68735.8,68784.28,68652.0,68754.78,96.95435
1774568700.0,68754.78,68847.16,68740.35,68820.31,59.51297
1774569600.0,68820.31,68965.15,68705.64,68940.0,278.39623
1774570500.0,68940.0,68956.53,68732.26,68732.26,78.15821
1774571400.0,68732.26,68787.73,68531.37,68718.75,220.78917
1774572300.0,68718.74,68786.34,68600.0,68785.01,57.11653
1774573200.0,68785.0,68883.1,68700.0,68863.48,244.13683
1774574100.0,68863.49,68950.0,68831.13,68909.84,173.67141
1774575000.0,68909.84,68943.95,68849.0,68900.66,70.39769
1774575900.0,68900.67,69066.51,68873.93,69051.27,66.85099
1774576800.0,69051.27,69179.05,69045.74,69057.22,159.30803
1774577700.0,69057.22,69057.22,68955.5,69023.45,163.03815
1774578600.0,69023.45,69071.67,68862.0,68920.51,369.92158
1774579500.0,68920.5,68978.92,68876.5,68903.59,256.18866
1774580400.0,68903.58,68924.0,68668.72,68751.83,253.95876
1774581300.0,68751.83,68848.95,68725.41,68839.31,82.26469
1774582200.0,68839.31,68910.63,68810.01,68869.56,73.76483
1774583100.0,68869.56,68884.19,68767.5,68767.51,166.99944
1774584000.0,68767.5,68791.4,68304.14,68405.24,344.26488
1774584900.0,68405.23,68566.36,68394.62,68534.05,236.61672
1774585800.0,68534.06,68624.81,68505.76,68591.86,195.02131
1774586700.0,68591.85,68635.82,68567.22,68578.0,70.57457
1774587600.0,68577.99,68820.0,68554.0,68814.43,176.04808
1774588500.0,68814.43,68865.88,68589.6,68599.39,109.62757
1774589400.0,68599.4,68717.16,68511.79,68602.79,284.04147
1774590300.0,68602.79,68632.14,68563.62,68630.77,204.03094
1774591200.0,68630.76,68752.62,68567.62,68751.32,84.21733
1774592100.0,68751.32,68846.0,68711.38,68789.13,216.84315
1774593000.0,68789.13,68830.44,68727.54,68737.45,266.26434
1774593900.0,68737.44,68737.44,68636.0,68656.15,104.76338
1774594800.0,68656.16,68900.0,68599.56,68851.44,184.35675
1774595700.0,68851.44,68955.53,68804.66,68924.84,150.23599
1774596600.0,68924.84,68947.6,68548.32,68602.44,552.13151
1774597500.0,68602.45,68647.27,68399.18,68540.48,755.0402
1774598400.0,68540.49,68635.07,68460.0,68476.06,308.96493
1774599300.0,68476.06,68516.2,68230.0,68239.13,266.86604
1774600200.0,68239.12,68301.99,67609.29,67825.04,997.84737
1774601100.0,67825.04,68057.81,67759.28,67920.5,243.90455
1774602000.0,67920.51,67950.01,67548.67,67749.67,359.7
1774602900.0,67749.68,67960.32,67743.35,67936.31,138.69001
1774603800.0,67936.3,67936.31,67712.28,67723.8,174.24067
1774604700.0,67723.8,67880.78,67680.85,67695.81,139.62026
1774605600.0,67695.81,67770.0,67612.02,67670.68,143.28969
1774606500.0,67670.69,67778.99,67662.19,67765.55,91.65557
1774607400.0,67765.55,67773.0,66809.63,66906.57,1467.04733
1774608300.0,66906.58,66940.93,66326.38,66502.41,1310.93371
1774609200.0,66502.41,66626.0,66231.96,66619.17,708.8347
1774610100.0,66619.18,66740.38,66602.01,66712.91,405.19824
1774611000.0,66712.92,66771.63,66651.25,66764.79,297.37694
1774611900.0,66764.79,66848.05,66673.95,66702.78,271.79217
1774612800.0,66702.78,66773.25,66603.18,66650.0,261.68883
1774613700.0,66650.01,66717.18,66526.54,66540.5,244.53938
1774614600.0,66540.49,66641.33,66432.19,66617.39,278.02341
1774615500.0,66617.4,66685.43,66479.73,66619.76,180.30519
1774616400.0,66619.75,66730.0,66522.0,66533.19,214.7454
1774617300.0,66533.19,66720.0,66491.1,66697.8,196.24555
1774618200.0,66697.8,66757.3,66144.06,66514.51,1471.61176
1774619100.0,66514.51,66575.74,66025.0,66188.32,545.12227
1774620000.0,66188.31,66404.0,66100.0,66361.24,497.76036
1774620900.0,66361.23,66376.79,65730.17,65737.82,1079.68312
1774621800.0,65737.82,66003.55,65737.81,65900.79,474.18875
1774622700.0,65900.79,66249.38,65786.39,66205.06,423.86694
1774623600.0,66205.07,66294.28,66100.0,66243.15,529.26471
1774624500.0,66243.15,66458.57,65958.75,66332.98,681.0996
1774625400.0,66332.99,66638.25,66280.47,66399.04,672.89157
1774626300.0,66399.05,66471.0,66097.93,66112.82,522.00493
1774627200.0,66112.82,66112.83,65812.43,65978.14,403.74495
1774628100.0,65976.76,66100.0,65815.98,65955.45,258.91425
1774629000.0,65955.44,66029.7,65815.98,66023.7,316.69344
1774629900.0,66023.7,66177.99,65846.0,65979.29,247.38257
1774630800.0,65979.29,66290.0,65938.3,66209.99,261.91938
1774631700.0,66209.99,66279.27,65862.73,65865.1,268.77358
1774632600.0,65865.09,65919.33,65600.0,65631.7,304.67956
1774633500.0,65631.7,65738.6,65602.11,65632.92,166.78867
1774634400.0,65632.93,65784.81,65591.26,65620.39,389.04226
1774635300.0,65620.39,65860.41,65548.25,65763.5,190.92902
1774636200.0,65763.5,65876.25,65727.91,65799.98,219.38903
1774637100.0,65799.99,65951.96,65796.18,65836.69,116.46054
1774638000.0,65836.69,65851.84,65700.0,65775.16,133.64126
1774638900.0,65775.16,65989.03,65741.77,65925.48,255.60169
1774639800.0,65925.48,66042.24,65869.2,65928.8,122.34247
1774640700.0,65928.81,66145.0,65877.35,66040.66,306.75468
1774641600.0,66040.65,66152.51,66003.56,66004.52,242.26284
1774642500.0,66004.52,66090.07,65817.44,65900.32,119.61205
1774643400.0,65900.33,65957.86,65826.29,65896.7,84.72348
1774644300.0,65896.71,66095.44,65890.0,66020.76,64.49688
1774645200.0,66020.77,66186.01,66013.0,66151.33,214.83136
1774646100.0,66151.32,66180.09,66105.9,66151.47,143.13533
1774647000.0,66151.47,66176.17,66045.39,66129.89,92.00454
1774647900.0,66129.89,66139.99,66031.49,66098.0,186.74239
1774648800.0,66098.0,66098.01,65958.0,66000.0,187.54202
1774649700.0,65999.99,66052.09,65944.8,66020.91,304.58977
1774650600.0,66020.92,66061.4,65920.0,66041.85,185.56193
1774651500.0,66041.85,66076.39,66014.36,66020.79,62.17043
1774652400.0,66020.79,66100.0,65970.25,66096.8,70.92661
1774653300.0,66096.8,66221.76,66069.44,66190.76,85.06814
1774654200.0,66190.77,66301.36,66166.51,66291.05,158.66654
1774655100.0,66291.06,66420.75,66283.34,66407.28,190.26057
1774656000.0,66407.28,66473.75,66293.35,66306.23,133.07295
1774656900.0,66306.23,66398.83,66306.22,66375.01,129.38077
1774657800.0,66375.01,66520.46,66375.0,66489.14,122.07226
1774658700.0,66489.14,66493.69,66415.17,66431.55,115.36474
1774659600.0,66431.54,66431.55,66115.08,66154.94,176.62538
1774660500.0,66154.94,66284.38,66150.96,66217.1,85.38528
1774661400.0,66217.09,66286.84,66056.09,66137.21,168.19568
1774662300.0,66137.22,66202.87,66107.35,66178.85,182.96539
1774663200.0,66178.86,66251.67,66149.01,66197.31,120.44648
1774664100.0,66197.3,66226.39,66021.0,66052.62,88.96135
1774665000.0,66052.62,66071.54,65932.09,66032.52,121.28738
1774665900.0,66032.52,66068.38,65976.45,66053.2,159.70402
1774666800.0,66053.2,66161.12,66053.19,66130.13,57.61403
1774667700.0,66130.13,66188.18,66130.13,66179.04,200.57621
1774668600.0,66179.04,66248.61,66143.67,66231.64,224.23106
1774669500.0,66231.65,66259.66,66182.05,66240.0,223.54406
1774670400.0,66240.0,66240.01,66110.0,66123.66,110.80199
1774671300.0,66123.67,66294.65,66123.66,66267.75,64.95999
1774672200.0,66267.76,66297.01,66252.42,66297.01,117.763
1774673100.0,66297.01,66304.72,66233.42,66285.01,159.31786
1774674000.0,66285.01,66300.0,66202.01,66250.54,137.59726
1774674900.0,66250.55,66407.96,66224.57,66336.79,122.52412
1774675800.0,66336.79,66366.99,66289.39,66345.01,151.10963
1774676700.0,66345.0,66369.09,66316.42,66341.9,264.39524
1774677600.0,66341.9,66411.68,66308.93,66367.48,71.95715
1774678500.0,66367.47,66500.0,66362.42,66461.72,140.34257
1774679400.0,66461.72,66499.75,66423.16,66426.0,129.55406
1774680300.0,66426.0,66450.57,66347.08,66382.0,144.11638
1774681200.0,66382.0,66453.68,66379.8,66437.73,69.05159
1774682100.0,66437.73,66487.69,66430.26,66471.17,185.0335
1774683000.0,66471.16,66471.16,66429.99,66429.99,246.50116
1774683900.0,66430.0,66573.61,66430.0,66561.48,236.79592
1774684800.0,66561.49,66570.09,66476.9,66500.17,426.18356
1774685700.0,66500.25,66559.6,66496.19,66552.28,66.44252
1774686600.0,66552.27,66556.89,66421.61,66421.61,105.24037
1774687500.0,66421.62,66463.92,66387.06,66409.33,110.48247
1774688400.0,66409.34,66416.77,66313.48,66349.92,134.96419
1774689300.0,66349.91,66400.0,66294.84,66354.06,248.16124
1774690200.0,66354.07,66359.05,66243.01,66259.49,140.18002
1774691100.0,66259.5,66315.98,66243.05,66311.32,110.7858
1774692000.0,66311.32,66411.79,66288.72,66323.76,35.03678
1774692900.0,66323.76,66343.47,66158.01,66169.67,98.30311
1774693800.0,66169.68,66228.72,66124.4,66192.19,135.22798
1774694700.0,66192.19,66236.66,66174.75,66221.38,37.55556
1774695600.0,66221.37,66294.33,66201.91,66254.0,61.53072
1774696500.0,66254.0,66325.93,66240.86,66325.93,41.9721
1774697400.0,66325.93,66333.03,66298.33,66323.92,60.72666
1774698300.0,66323.92,66358.0,66304.52,66319.47,59.19357
1774699200.0,66319.46,66417.58,66240.87,66406.28,87.68633
1774700100.0,66406.29,66527.01,66406.28,66440.7,119.2833
1774701000.0,66440.7,66440.71,66290.0,66368.24,59.48739
1774701900.0,66368.24,66465.65,66351.36,66455.09,77.64946
1774702800.0,66455.1,66514.07,66427.68,66477.15,53.80339
1774703700.0,66477.16,66500.0,66407.65,66469.92,82.36806
1774704600.0,66469.93,67163.99,66457.64,66940.95,630.67766
1774705500.0,66940.95,67010.16,66771.22,66835.1,273.72991
1774706400.0,66835.1,66939.86,66741.51,66775.92,211.7753
1774707300.0,66775.92,66851.44,66718.15,66816.01,108.10321
1774708200.0,66816.0,66938.54,66707.56,66887.5,105.96135
1774709100.0,66887.5,66967.01,66666.66,66742.1,144.65883
1774710000.0,66742.09,66891.73,66717.15,66875.38,76.51667
1774710900.0,66875.38,67288.94,66860.34,67028.67,529.7607
1774711800.0,67028.67,67150.92,66977.62,67051.88,104.47535
1774712700.0,67051.88,67068.43,66929.39,67014.91,60.93451
1774713600.0,67014.92,67094.14,66926.44,67026.78,122.09013
1774714500.0,67026.77,67096.77,67026.77,67074.07,62.09388
1774715400.0,67074.07,67074.07,66893.36,66899.41,74.97265
1774716300.0,66899.41,66939.85,66855.24,66926.95,83.54856
1774717200.0,66926.94,66996.61,66882.79,66920.7,51.98017
1774718100.0,66920.7,66920.7,66772.72,66778.5,113.31075
1774719000.0,66778.49,66919.44,66704.0,66812.71,100.63542
1774719900.0,66812.71,66870.34,66763.97,66846.21,44.97028
1774720800.0,66846.2,66963.51,66846.2,66939.21,59.60507
1774721700.0,66939.21,66939.22,66870.33,66881.22,28.09422
1774722600.0,66881.22,66949.35,66834.87,66949.34,89.30106
1774723500.0,66949.35,66949.35,66883.94,66908.03,57.04134
1774724400.0,66908.03,66954.0,66804.71,66844.16,52.41849
1774725300.0,66844.16,66867.91,66826.37,66860.09,40.9868
1774726200.0,66860.09,66903.55,66837.53,66837.53,41.80814
1774727100.0,66837.53,66916.53,66828.86,66916.52,67.754
1774728000.0,66916.52,67010.0,66916.52,66999.84,76.4588
1774728900.0,66999.85,67010.0,66906.94,66919.07,34.7104
1774729800.0,66919.07,67003.35,66910.0,66911.7,38.18041
1774730700.0,66911.7,66970.37,66906.0,66906.0,113.37704
1774731600.0,66906.0,66926.31,66789.58,66836.1,40.11413
1774732500.0,66836.1,66855.13,66807.73,66850.54,126.72305
1774733400.0,66850.54,66890.56,66807.84,66862.03,31.85244
1774734300.0,66862.03,66862.04,66600.01,66685.53,92.38064
1774735200.0,66685.53,66721.14,66603.39,66605.92,66.23453
1774736100.0,66605.92,66787.49,66588.22,66778.8,90.06802
1774737000.0,66778.8,66788.88,66703.99,66703.99,20.80993
1774737900.0,66704.0,66773.13,66695.54,66755.88,47.36184
1774738800.0,66755.88,66755.88,66289.43,66400.75,142.35741
1774739700.0,66400.74,66436.89,66283.38,66393.63,79.93813
1774740600.0,66393.63,66480.0,66381.25,66388.23,68.5369
1774741500.0,66388.23,66418.0,66318.0,66377.03,42.57731
1774742400.0,66377.04,66471.29,66361.94,66412.28,69.48811
1774743300.0,66412.29,66480.37,66281.4,66399.76,84.72553
1774744200.0,66399.76,66463.71,66363.95,66400.82,69.62238
1774745100.0,66400.82,66500.0,66392.0,66487.93,61.3363
1774746000.0,66487.93,66596.65,66479.86,66555.61,144.30315
1774746900.0,66555.61,66620.0,66520.54,66550.33,41.02223
1774747800.0,66550.33,66559.44,66385.88,66477.88,40.95931
1774748700.0,66477.88,66600.0,66426.0,66569.22,68.907
1774749600.0,66569.22,66647.0,66540.96,66643.31,50.02851
1774750500.0,66643.31,66720.19,66588.65,66654.65,64.37932
1774751400.0,66654.66,66754.06,66577.7,66712.21,65.60784
1774752300.0,66712.21,66843.66,66687.01,66818.0,113.81768
1774753200.0,66818.01,66822.79,66760.48,66802.23,350.83055
1774754100.0,66802.23,67130.5,66766.56,66975.97,196.43293
1774755000.0,66975.97,67007.73,66908.1,66921.48,47.60287
1774755900.0,66921.48,66949.76,66863.13,66912.0,66.08025
1774756800.0,66912.0,66936.6,66850.02,66914.5,48.49261
1774757700.0,66914.51,66914.51,66772.04,66816.72,62.83542
1774758600.0,66816.73,66848.17,66780.0,66800.88,20.64009
1774759500.0,66800.88,66800.89,66717.51,66735.14,36.60428
1774760400.0,66735.14,66750.0,66668.79,66690.0,80.08486
1774761300.0,66690.0,66749.99,66605.67,66631.03,148.8042
1774762200.0,66631.03,66677.18,66597.1,66672.92,32.74543
1774763100.0,66672.92,66828.05,66631.44,66771.94,156.81115
1774764000.0,66771.94,66872.0,66771.94,66817.01,82.39077
1774764900.0,66817.01,66867.34,66636.0,66701.93,191.6207
1774765800.0,66701.93,66727.48,66662.54,66678.88,56.01749
1774766700.0,66678.87,66771.63,66658.96,66738.5,88.71721
1774767600.0,66738.5,66738.5,66556.78,66602.46,70.89694
1774768500.0,66602.45,66692.93,66585.34,66681.41,170.08145
1774769400.0,66681.41,66714.56,66617.82,66637.98,60.72684
1774770300.0,66637.98,66752.61,66606.22,66671.0,44.40204
1774771200.0,66671.0,66756.83,66622.57,66654.18,38.06618
1774772100.0,66654.18,66683.22,66600.0,66680.02,46.15179
1774773000.0,66680.02,66772.83,66680.01,66741.82,37.7866
1774773900.0,66741.81,66751.18,66702.39,66724.0,55.05566
1774774800.0,66724.0,66773.02,66589.86,66696.24,89.49356
1774775700.0,66696.24,66726.14,66640.34,66673.6,36.65772
1774776600.0,66673.59,66697.25,66549.54,66581.57,64.04028
1774777500.0,66581.58,66642.07,66581.58,66634.01,34.851
1774778400.0,66634.01,66634.02,66500.02,66548.07,120.4865
1774779300.0,66548.07,66557.38,66429.37,66468.21,110.95234
1774780200.0,66468.21,66549.54,66418.0,66545.09,72.34014
1774781100.0,66545.95,66573.41,66498.15,66502.79,42.08602
1774782000.0,66502.8,66861.0,66502.79,66767.96,118.46769
1774782900.0,66767.95,66853.66,66739.0,66834.02,68.05027
1774783800.0,66834.02,66923.81,66767.39,66903.98,67.45174
1774784700.0,66903.98,66988.01,66801.32,66816.28,82.69306
1774785600.0,66816.29,66851.58,66770.55,66773.06,33.8173
1774786500.0,66773.05,66816.31,66729.65,66781.62,54.0146
1774787400.0,66781.63,66805.16,66703.07,66738.0,51.9588
1774788300.0,66738.0,66870.34,66729.27,66849.88,46.06579
1774789200.0,66849.88,66875.24,66524.28,66606.37,187.37677
1774790100.0,66606.38,66699.75,66561.54,66628.0,67.76846
1774791000.0,66627.99,66687.3,66610.0,66669.94,50.53981
1774791900.0,66669.95,66686.48,66544.1,66580.36,53.87886
1774792800.0,66580.36,66797.01,66461.0,66672.92,186.40697
1774793700.0,66672.92,66691.72,66527.0,66538.5,54.34348
1774794600.0,66538.5,66617.14,66510.87,66574.96,70.39146
1774795500.0,66574.96,66595.33,66506.32,66589.64,61.75468
1774796400.0,66589.64,66730.6,66516.35,66597.3,120.91329
1774797300.0,66597.96,66670.33,66336.8,66420.74,125.66021
1774798200.0,66420.74,66465.4,66334.37,66456.12,219.48335
1774799100.0,66456.12,66543.24,66423.61,66523.0,52.21413
1774800000.0,66523.01,66558.11,66445.89,66447.22,57.1208
1774800900.0,66447.23,66665.05,66435.75,66617.19,77.93289
1774801800.0,66617.2,66618.94,66531.51,66540.0,60.49799
1774802700.0,66540.0,66567.93,66488.01,66499.35,37.01137
1774803600.0,66499.36,66546.0,66404.68,66422.35,47.84732
1774804500.0,66422.36,66422.36,66158.26,66262.41,168.83583
1774805400.0,66262.41,66422.43,66233.42,66392.26,64.61206
1774806300.0,66392.26,66435.48,66356.05,66385.84,47.8611
1774807200.0,66385.84,66417.0,66321.66,66402.54,35.22311
1774808100.0,66402.54,66463.89,66361.34,66397.51,36.76206
1774809000.0,66397.5,66540.43,66397.5,66430.59,35.8719
1774809900.0,66430.58,66463.35,66390.97,66427.26,39.57306
1774810800.0,66427.27,66450.0,66390.43,66436.9,32.07521
1774811700.0,66436.89,66477.2,66397.29,66425.94,116.51059
1774812600.0,66425.95,66477.81,66337.32,66391.74,76.11972
1774813500.0,66391.73,66426.09,66323.3,66348.62,60.96819
1774814400.0,66348.61,66511.9,66348.61,66461.17,45.82043
1774815300.0,66461.17,66793.83,66461.17,66705.65,156.22596
1774816200.0,66705.64,66719.0,66596.26,66596.27,30.74054
1774817100.0,66596.27,66626.72,66566.26,66614.05,47.26808
1774818000.0,66614.04,66672.0,66509.41,66554.62,76.10481
1774818900.0,66554.61,66675.96,66533.78,66653.87,38.35065
1774819800.0,66653.87,66695.1,66602.61,66640.32,50.23272
1774820700.0,66640.33,66756.51,66640.32,66710.12,55.41829
1774821600.0,66710.12,66710.12,66229.99,66306.35,173.56942
1774822500.0,66306.34,66491.12,66272.0,66384.51,72.89071
1774823400.0,66384.51,66425.85,65638.44,65684.25,640.86358
1774824300.0,65684.24,65983.35,65000.0,65860.31,1331.79608
1774825200.0,65860.31,66382.98,65859.91,66102.11,399.5249
1774826100.0,66102.12,66305.22,65960.9,66010.01,178.5758
1774827000.0,66010.01,66094.64,65868.79,66029.24,191.14592
1774827900.0,66029.24,66168.42,65885.13,66010.93,161.2708
1774828800.0,66010.93,66086.94,65802.0,65853.46,129.74171
1774829700.0,65853.46,67059.66,65800.59,66574.21,798.47077
1774830600.0,66574.21,66740.69,66192.73,66331.53,243.26172
1774831500.0,66331.53,66419.35,66111.11,66280.25,157.40065
1774832400.0,66280.24,66566.66,66280.24,66400.2,152.39059
1774833300.0,66400.66,66660.32,66328.38,66603.24,125.63442
1774834200.0,66603.24,66731.64,66530.33,66668.0,164.15027
1774835100.0,66668.0,66834.79,66599.34,66653.74,243.69605
1774836000.0,66653.74,66860.47,66580.01,66840.58,173.04775
1774836900.0,66840.58,66901.44,66687.71,66755.66,121.00828
1774837800.0,66755.66,67040.28,66600.0,67038.75,271.0711
1774838700.0,67038.75,67450.0,66992.92,67121.01,655.47504
1774839600.0,67121.01,67145.75,66977.62,67012.46,109.30315
1774840500.0,67012.46,67294.16,67001.23,67242.74,158.62371
1774841400.0,67242.73,67282.28,67134.23,67196.14,116.59633
1774842300.0,67196.14,67319.33,67124.25,67173.8,81.74285
1774843200.0,67173.8,67493.46,67167.92,67432.49,198.7502
1774844100.0,67432.48,67650.01,67378.67,67449.19,304.16776
1774845000.0,67449.18,67560.96,67386.35,67419.76,180.3966
1774845900.0,67419.77,67647.87,67419.77,67616.29,126.25775
1774846800.0,67616.28,67800.0,67581.55,67646.15,276.94525
1774847700.0,67646.14,67728.77,67595.04,67665.0,96.4261
1774848600.0,67665.0,67701.99,67460.0,67500.01,119.7881
1774849500.0,67500.01,67561.29,67442.0,67492.46,133.99687
1774850400.0,67492.46,67585.97,67418.58,67447.09,106.3942
1774851300.0,67447.08,67462.34,67283.3,67309.99,263.07958
1774852200.0,67310.0,67399.46,67278.53,67365.1,185.26669
1774853100.0,67365.1,67428.25,67296.7,67305.14,167.04303
1774854000.0,67305.14,67458.38,67227.88,67383.02,93.84927
1774854900.0,67383.02,67437.1,67300.0,67327.99,113.43232
1774855800.0,67328.0,67428.25,67289.31,67318.24,163.78922
1774856700.0,67318.24,67624.39,67302.41,67624.39,213.40025
1774857600.0,67624.39,67907.66,67608.49,67893.92,532.4805
1774858500.0,67893.92,67911.7,67737.25,67765.16,475.83142
1774859400.0,67765.15,67946.02,67734.8,67761.01,270.58038
1774860300.0,67761.0,67822.87,67604.56,67666.44,450.25946
1774861200.0,67666.44,67698.62,67580.59,67580.59,261.82135
1774862100.0,67580.6,67655.61,67510.0,67518.37,140.82877
1774863000.0,67518.37,67564.72,67460.0,67556.95,134.80479
1774863900.0,67556.95,67593.17,67468.0,67495.46,69.98782
1774864800.0,67495.46,67502.95,67402.0,67440.51,92.82338
1774865700.0,67440.51,67492.91,67418.98,67424.01,42.14861
1774866600.0,67424.01,67437.52,67360.41,67433.32,77.53526
1774867500.0,67433.32,67518.37,67423.8,67488.53,43.12941
1774868400.0,67488.88,67585.97,67488.88,67585.96,69.46575
1774869300.0,67585.96,68042.3,67542.16,67690.49,402.01303
1774870200.0,67690.5,67748.57,67511.01,67596.01,222.99654
1774871100.0,67596.01,67739.0,67587.51,67680.45,96.38676
1774872000.0,67680.44,67873.89,67666.17,67850.19,131.08971
1774872900.0,67850.19,67979.93,67802.5,67861.24,267.848
1774873800.0,67861.24,67965.72,67820.48,67883.35,139.5998
1774874700.0,67883.36,67950.0,67844.52,67899.59,89.11698
1774875600.0,67899.59,67968.99,67841.99,67915.01,121.09681
1774876500.0,67915.01,68169.65,67878.85,67878.85,525.54884
1774877400.0,67878.85,68042.0,67706.52,67714.36,402.211
1774878300.0,67714.36,67838.29,67428.57,67529.52,331.13512
1774879200.0,67529.52,67753.78,67468.75,67678.92,205.88928
1774880100.0,67678.92,67706.59,67242.5,67313.59,266.74133
1774881000.0,67313.59,67404.48,67113.2,67123.93,358.4187
1774881900.0,67123.93,67864.49,67088.73,67799.54,374.52266
1774882800.0,67799.54,67878.87,67554.51,67561.67,312.18382
1774883700.0,67561.67,67606.31,67407.63,67522.8,248.56512
1774884600.0,67522.8,67896.89,67462.57,67751.6,231.42668
1774885500.0,67751.6,67788.75,67598.38,67629.4,172.52911
1774886400.0,67629.4,67641.65,67339.59,67441.4,173.73027
1774887300.0,67441.4,67475.04,67287.96,67351.12,147.39113
1774888200.0,67351.12,67508.13,67311.66,67372.33,199.8281
1774889100.0,67372.33,67441.88,67222.0,67368.1,139.31843
1774890000.0,67368.1,67465.2,67157.18,67185.24,171.65004
1774890900.0,67185.24,67188.94,66650.0,66805.26,462.95009
1774891800.0,66805.26,66958.94,66762.0,66958.03,158.80208
1774892700.0,66958.04,66990.67,66782.13,66828.02,124.31152
1774893600.0,66828.02,66929.18,66705.27,66825.05,103.77209
1774894500.0,66825.05,66856.69,66581.07,66700.12,162.01508
1774895400.0,66700.12,66819.65,66576.47,66739.53,102.85891
1774896300.0,66739.53,66787.03,66508.25,66653.46,129.4713
1774897200.0,66653.45,66664.57,66300.0,66425.62,201.95107
1774898100.0,66425.62,66457.99,66233.13,66310.09,133.6574
1774899000.0,66310.1,66403.55,66243.37,66339.0,109.30595
1774899900.0,66339.0,66573.54,66292.11,66550.05,152.98344
1774900800.0,66550.06,66691.48,66523.75,66598.34,108.28472
1774901700.0,66598.34,66672.96,66553.92,66655.94,89.52793
1774902600.0,66655.95,66682.82,66554.01,66664.66,63.35719
1774903500.0,66664.66,66674.9,66610.02,66651.4,63.44218
1774904400.0,66651.41,66797.38,66587.32,66786.13,144.15659
1774905300.0,66786.13,66994.17,66771.61,66860.47,193.81215
1774906200.0,66860.47,66991.93,66820.64,66929.46,89.17362
1774907100.0,66929.46,66945.08,66799.58,66809.3,54.27964
1774908000.0,66809.3,66989.1,66702.34,66771.62,70.66192
1774908900.0,66771.62,66893.62,66728.34,66820.25,32.35902
1774909800.0,66820.26,66856.42,66743.86,66831.69,20.06954
1774910700.0,66831.69,66840.95,66683.72,66784.98,46.41268
1774911600.0,66784.97,66784.97,66419.79,66550.32,257.74703
1774912500.0,66550.32,66738.21,66522.97,66707.57,129.573
1774913400.0,66707.57,66778.29,66663.23,66765.9,190.2601
1774914300.0,66765.89,66797.38,66720.37,66797.37,120.66177
1774915200.0,66797.38,66821.35,66570.67,66653.19,135.6177
1774916100.0,66653.19,66831.54,66544.51,66815.48,97.9656
1774917000.0,66815.48,66954.65,66771.62,66942.98,158.71335
1774917900.0,66942.99,67303.33,66942.99,67208.75,266.64864
1774918800.0,67208.74,67288.0,67050.0,67234.97,100.73945
1774919700.0,67234.97,67881.96,67234.97,67775.48,359.53339
1774920600.0,67775.48,68408.37,67737.56,67933.31,839.43552
1774921500.0,67933.31,68050.94,67818.18,67938.54,158.34712
1774922400.0,67938.05,67986.41,67775.18,67916.59,129.57183
1774923300.0,67916.6,68096.87,67916.59,68049.04,151.07363
1774924200.0,68049.05,68064.29,67845.42,67989.27,82.67489
1774925100.0,67989.27,68087.44,67910.0,67943.43,71.86748
1774926000.0,67943.43,68009.99,67811.36,67916.86,65.3257
1774926900.0,67916.85,67964.6,67808.0,67845.35,70.38834
1774927800.0,67845.34,67925.2,67648.2,67728.91,186.65789
1774928700.0,67728.91,67758.7,67648.2,67704.74,65.50172
1774929600.0,67704.74,67788.75,67580.0,67673.78,356.38646
1774930500.0,67673.78,67979.38,67405.89,67599.83,356.30167
1774931400.0,67599.83,67660.22,67524.72,67600.93,286.2174
1774932300.0,67600.93,67687.56,67518.0,67544.01,150.98335
1774933200.0,67544.01,67621.06,67405.18,67428.25,119.37544
1774934100.0,67428.24,67663.7,67400.0,67613.99,206.05215
1774935000.0,67614.0,67715.45,67570.0,67673.56,129.01243
1774935900.0,67673.56,67780.34,67659.33,67681.68,198.9912
1774936800.0,67681.69,67711.02,67472.46,67476.14,130.77803
1774937700.0,67476.13,67515.39,67333.33,67410.7,142.72873
1774938600.0,67410.7,67474.76,67348.67,67410.71,180.05903
1774939500.0,67410.71,67532.42,67405.1,67492.85,57.71026
1774940400.0,67492.86,67524.65,67242.91,67294.69,168.23733
1774941300.0,67294.68,67310.0,67103.32,67288.37,351.52703
1774942200.0,67288.36,67401.4,67209.88,67323.15,418.75077
1774943100.0,67323.15,67444.26,67305.39,67367.69,641.46675
1774944000.0,67367.7,67496.0,67193.5,67351.38,202.12318
1774944900.0,67351.37,67444.9,67289.4,67310.57,135.96331
1774945800.0,67310.56,67310.56,66802.81,66842.82,306.88041
1774946700.0,66842.82,66936.46,66688.68,66778.33,252.87799
1774947600.0,66778.34,66924.33,66582.0,66693.24,282.48734
1774948500.0,66693.25,66707.04,66343.37,66429.75,660.0775
1774949400.0,66429.76,66525.38,66397.0,66503.83,175.89528
1774950300.0,66503.83,66511.87,65998.05,66124.99,394.02434
1774951200.0,66125.0,66392.69,66100.01,66381.3,237.24645
1774952100.0,66381.3,66466.56,66349.95,66388.82,197.40387
1774953000.0,66388.82,66439.9,66227.89,66283.65,188.79874
1774953900.0,66283.64,66471.08,66251.01,66363.38,164.82651
1774954800.0,66363.38,66584.35,66240.14,66576.68,282.78485
1774955700.0,66576.69,66922.58,66542.15,66644.0,440.39188
1774956600.0,66643.99,66833.37,66643.99,66730.53,169.44882
1774957500.0,66730.54,66730.54,66572.72,66685.69,96.76035
1774958400.0,66685.69,66797.35,66576.16,66576.18,153.83015
1774959300.0,66576.17,66829.54,66520.71,66799.02,150.5528
1774960200.0,66798.76,66939.9,66728.19,66904.44,121.02462
1774961100.0,66904.45,66922.1,66653.26,66653.26,113.59921
1774962000.0,66653.27,66844.63,66653.27,66826.01,109.90432
1774962900.0,66826.01,66950.0,66760.9,66807.65,91.08659
1774963800.0,66807.64,67204.61,66740.39,66972.97,427.06863
1774964700.0,66972.97,67412.11,66972.97,67302.29,459.16067
1774965600.0,67302.28,67542.0,67121.96,67343.29,349.92109
1774966500.0,67343.3,67767.87,67328.21,67737.99,359.74068
1774967400.0,67738.0,67753.14,67087.72,67222.48,272.47665
1774968300.0,67222.47,67222.48,66427.53,66587.45,503.23545
1774969200.0,66587.46,67283.25,66587.46,67241.7,479.95184
1774970100.0,67241.71,67280.2,66903.01,66955.99,247.02677
1774971000.0,66955.99,67151.02,66877.48,66935.0,148.26805
1774971900.0,66934.99,67053.56,66703.3,66736.8,150.34171
1774972800.0,66736.79,67006.75,66729.28,66931.28,174.13915
1774973700.0,66931.27,67197.36,66918.9,67096.25,150.79439
1774974600.0,67096.26,68030.19,66964.1,67776.04,595.47872
1774975500.0,67776.04,67902.48,67490.12,67665.83,413.62425
1774976400.0,67665.83,68492.19,67580.01,68454.01,845.02189
1774977300.0,68454.0,68589.49,67989.02,68034.0,636.3346
1774978200.0,68034.0,68116.0,67618.63,67712.83,383.82482
1774979100.0,67712.83,67770.0,67403.81,67526.75,330.632
1774980000.0,67526.76,67793.66,67526.3,67775.47,137.06051
1774980900.0,67775.46,67947.98,67631.64,67777.77,126.73008
1774981800.0,67777.76,67883.71,67640.53,67821.4,86.4165
1774982700.0,67821.41,67941.02,67743.22,67854.05,76.19303
1774983600.0,67854.04,68022.92,67844.96,67995.81,131.84315
1774984500.0,67995.81,68029.41,67860.72,67878.41,75.38205
1774985400.0,67878.42,67936.0,67716.35,67830.02,98.02701
1774986300.0,67830.01,67966.02,67730.0,67838.8,129.99249
1774987200.0,67838.79,68198.0,67831.7,68146.88,287.65647
1774988100.0,68146.88,68167.44,67939.3,68003.0,222.55489
1774989000.0,68003.01,68124.0,67953.37,68044.0,66.96292
1774989900.0,68043.99,68267.27,68015.31,68265.53,115.89147
1774990800.0,68265.53,68265.53,67962.05,68019.97,139.35951
1774991700.0,68019.97,68054.72,67884.0,68034.37,105.00013
1774992600.0,68034.37,68175.09,68030.55,68167.59,95.77525
1774993500.0,68167.6,68410.3,68161.78,68277.99,154.34607
1774994400.0,68278.0,68341.16,68053.34,68209.49,180.2727
1774995300.0,68209.48,68289.74,68078.8,68121.0,169.23168
1774996200.0,68120.99,68243.06,67962.27,68184.21,154.67468
1774997100.0,68184.21,68219.05,68107.94,68172.87,251.37313
1774998000.0,68173.59,68285.06,68090.2,68227.3,225.79583
1774998900.0,68227.3,68371.1,68184.0,68274.46,207.62062
1774999800.0,68274.45,68357.81,68231.93,68310.02,109.61426
1775000700.0,68310.02,68330.76,68211.94,68284.48,67.96204
1775001600.0,68284.49,68284.49,68030.0,68046.0,124.90553
1775002500.0,68046.0,68223.71,67913.97,68000.0,198.39822
1775003400.0,68000.0,68066.0,67853.3,68066.0,91.17536
1775004300.0,68066.0,68343.77,68034.39,68330.75,128.316
1775005200.0,68330.76,68378.64,68150.01,68265.74,170.25132
1775006100.0,68265.74,68265.74,68030.0,68046.0,177.16973
1775007000.0,68046.0,68119.34,67785.62,67958.01,331.1785
1775007900.0,67958.02,67962.24,67760.33,67782.73,288.08162
1775008800.0,67782.74,67913.41,67712.61,67847.24,512.77026
1775009700.0,67847.24,67913.98,67622.39,67639.41,146.84746
1775010600.0,67639.42,67725.34,67578.75,67663.35,173.89292
1775011500.0,67663.35,67743.87,67603.42,67668.89,280.66848
1775012400.0,67668.9,68118.67,67668.9,67990.15,158.99033
1775013300.0,67990.16,68027.22,67931.22,67973.15,61.56475
1775014200.0,67973.14,68083.88,67918.74,68062.97,113.59878
1775015100.0,68062.97,68250.0,68062.96,68170.67,217.79128
1775016000.0,68170.67,68260.0,68005.33,68075.22,202.98702
1775016900.0,68075.22,68230.71,68044.72,68157.76,289.45581
1775017800.0,68157.75,68276.28,68108.6,68226.91,63.52096
1775018700.0,68226.91,68476.26,68207.34,68303.83,155.91356
1775019600.0,68303.83,68423.34,68150.0,68401.53,144.57109
1775020500.0,68401.53,68755.51,68355.14,68585.97,403.46195
1775021400.0,68585.98,68649.54,68476.04,68507.87,163.45608
1775022300.0,68507.87,68559.95,68440.77,68456.02,105.99208
1775023200.0,68456.01,68699.66,68456.01,68649.99,144.04463
1775024100.0,68650.0,68882.36,68609.67,68859.77,270.34159
1775025000.0,68859.77,69226.79,68800.0,69209.37,512.63173
1775025900.0,69209.37,69236.78,69025.0,69102.85,314.27483
1775026800.0,69102.8,69310.0,69102.8,69179.68,274.63679
1775027700.0,69179.68,69184.09,68855.84,68896.74,403.16359
1775028600.0,68896.74,68991.59,68851.42,68892.97,467.74036
1775029500.0,68892.97,68920.61,68667.02,68692.0,392.05426
1775030400.0,68692.0,68771.36,68513.82,68528.31,404.02443
1775031300.0,68528.3,68749.99,68389.21,68740.69,546.51628
1775032200.0,68740.68,68851.35,68718.27,68779.26,159.7915
1775033100.0,68779.26,68790.4,68552.02,68670.16,168.69182
1775034000.0,68670.15,68733.78,68454.81,68492.59,140.74988
1775034900.0,68493.28,68563.97,68390.25,68551.45,128.29208
1775035800.0,68551.45,68620.51,68402.26,68480.59,137.24747
1775036700.0,68480.6,68700.0,68480.6,68644.0,74.15928
1775037600.0,68644.01,68662.26,68503.71,68509.26,139.3341
1775038500.0,68509.27,68628.56,68489.14,68521.16,260.37447
1775039400.0,68521.15,68575.42,68407.08,68497.83,244.75727
1775040300.0,68497.82,68659.09,68433.03,68585.55,330.342
1775041200.0,68585.55,68668.18,68506.57,68612.01,175.29174
1775042100.0,68612.02,68652.23,68505.91,68552.49,240.86313
1775043000.0,68552.49,68634.0,68534.7,68608.35,230.14782
1775043900.0,68608.36,68736.15,68595.1,68712.52,106.26712
1775044800.0,68712.52,68723.22,68476.82,68574.13,346.38067
1775045700.0,68574.14,68717.72,68513.58,68524.53,216.78737
1775046600.0,68524.53,68748.88,68248.3,68665.68,403.89518
1775047500.0,68666.15,68786.0,68351.11,68393.6,398.16235
1775048400.0,68393.6,68443.34,68149.84,68432.17,259.83677
1775049300.0,68432.17,68598.0,68431.54,68555.87,125.71901
1775050200.0,68555.88,68681.25,67918.83,68114.95,438.38934
1775051100.0,68114.94,68293.26,67935.82,68116.07,208.1248
1775052000.0,68116.06,68287.78,68059.38,68263.66,176.98476
1775052900.0,68263.65,68520.0,68232.35,68517.23,253.05288
1775053800.0,68517.22,68641.82,68256.3,68408.16,280.03871
1775054700.0,68408.17,68690.98,68357.93,68593.55,195.09445
1775055600.0,68593.56,68675.22,68462.4,68489.19,205.31973
1775056500.0,68489.19,68899.0,68428.94,68746.25,231.62431
1775057400.0,68746.24,68878.21,68668.72,68756.28,116.45796
1775058300.0,68756.28,68965.0,68756.27,68918.52,235.98157
1775059200.0,68918.52,68929.97,68645.04,68671.85,173.94495
1775060100.0,68671.85,68935.59,68610.0,68872.1,207.75015
1775061000.0,68872.09,68986.66,68714.93,68937.66,246.03118
1775061900.0,68937.65,68951.02,68810.0,68816.34,77.43717
1775062800.0,68816.35,69171.77,68726.52,68747.3,242.86555
1775063700.0,68747.31,68793.56,68492.15,68527.97,208.47851
1775064600.0,68527.97,68540.89,68298.87,68426.04,154.39426
1775065500.0,68426.04,68439.54,68247.17,68266.62,163.13731
1775066400.0,68266.62,68292.0,67939.28,68086.03,327.8422
1775067300.0,68086.02,68169.37,67987.14,68089.59,153.53482
1775068200.0,68089.58,68330.31,68044.72,68221.98,113.3792
1775069100.0,68221.98,68225.05,68006.29,68084.76,128.61653
1775070000.0,68084.76,68232.4,68061.59,68061.59,72.58971
1775070900.0,68061.6,68268.34,68028.19,68268.34,84.54148
1775071800.0,68268.34,68287.39,68062.33,68156.98,88.3755
1775072700.0,68156.98,68280.0,68112.75,68176.84,167.29048
1775073600.0,68176.84,68194.7,68013.4,68086.01,99.27219
1775074500.0,68086.01,68141.43,68024.77,68051.15,63.84408
1775075400.0,68051.14,68180.0,67964.48,68179.01,64.46613
1775076300.0,68179.01,68249.0,68149.75,68191.09,48.52366
1775077200.0,68191.09,68372.69,68171.56,68289.65,82.40806
1775078100.0,68289.65,68534.0,68280.85,68437.37,82.1608
1775079000.0,68437.36,68514.0,68315.53,68343.3,88.49167
1775079900.0,68343.3,68473.27,68266.67,68362.53,73.46713
1775080800.0,68362.53,68362.53,68150.37,68216.38,94.29315
1775081700.0,68216.38,68261.62,68070.38,68185.28,72.36246
1775082600.0,68185.29,68306.53,68134.95,68243.81,55.38447
1775083500.0,68243.81,68261.94,68077.09,68122.99,48.43058
1775084400.0,68122.99,68250.0,68122.99,68200.0,169.66717
1775085300.0,68200.0,68200.0,68082.49,68119.46,157.37517
1775086200.0,68119.45,68174.74,67996.89,68099.87,71.41173
1775087100.0,68099.88,68172.0,68059.78,68113.92,75.87533
1775088000.0,68113.92,68234.21,68050.0,68208.26,99.44377
1775088900.0,68208.27,68271.19,68140.07,68218.86,60.4035
1775089800.0,68218.86,68526.06,68203.35,68526.06,141.50929
1775090700.0,68526.07,68653.38,68433.62,68600.29,107.83384
1775091600.0,68600.29,68600.29,67638.74,68138.05,651.71561
1775092500.0,68138.05,68138.37,67263.08,67586.77,667.73597
1775093400.0,67586.77,67586.77,67132.0,67174.37,341.42452
1775094300.0,67174.37,67407.98,67050.84,67359.27,283.21334
1775095200.0,67359.27,67359.27,66854.5,66860.88,514.58903
1775096100.0,66860.88,67012.89,66777.0,66900.63,203.1464
1775097000.0,66900.63,67046.63,66624.64,66705.79,329.57244
1775097900.0,66705.79,66948.36,66692.97,66852.99,121.77647
1775098800.0,66852.99,66969.54,66747.25,66759.97,114.37289
1775099700.0,66759.97,66896.09,66636.81,66860.64,244.83295
1775100600.0,66860.64,66883.14,66500.0,66606.88,265.63199
1775101500.0,66606.88,66644.54,66504.17,66576.25,142.89352
1775102400.0,66576.25,66655.46,66507.56,66533.43,373.03894
1775103300.0,66533.43,66624.2,66362.43,66427.07,156.98416
1775104200.0,66427.06,66450.99,66217.07,66287.03,176.6645
1775105100.0,66287.02,66387.23,66271.21,66330.27,182.72615
1775106000.0,66330.27,66484.74,66311.0,66384.3,184.01456
1775106900.0,66384.3,66489.94,66354.01,66474.72,130.88606
1775107800.0,66474.73,66667.92,66385.93,66580.15,528.23954
1775108700.0,66580.16,66645.84,66468.98,66591.54,123.13854
1775109600.0,66591.54,66620.2,66560.41,66577.24,97.50419
1775110500.0,66577.24,66824.95,66573.41,66642.24,211.24087
1775111400.0,66642.23,66693.26,66548.45,66549.9,86.79689
1775112300.0,66549.9,66687.0,66549.89,66681.49,97.74831
1775113200.0,66681.48,66709.94,66557.33,66580.01,70.80789
1775114100.0,66580.0,66713.6,66580.0,66679.81,72.99466
1775115000.0,66679.81,66883.33,66679.81,66862.85,247.85146
1775115900.0,66862.85,66961.26,66860.05,66930.79,254.17474
1775116800.0,66930.79,66930.79,66727.24,66784.04,118.13506
1775117700.0,66784.05,66784.33,66600.0,66683.5,144.56645
1775118600.0,66683.5,66737.28,66506.4,66511.17,134.25873
1775119500.0,66511.17,66560.18,66180.0,66439.12,384.94728
1775120400.0,66439.12,66476.05,66294.0,66427.83,215.50757
1775121300.0,66427.84,66513.99,66362.79,66478.73,111.73391
1775122200.0,66478.73,66517.43,66406.0,66440.97,107.83723
1775123100.0,66440.97,66475.19,66374.61,66469.6,48.30176
1775124000.0,66469.6,66504.02,66229.55,66262.53,136.02233
1775124900.0,66262.52,66388.0,66237.53,66378.59,105.58556
1775125800.0,66378.59,66500.0,66364.0,66484.8,145.45789
1775126700.0,66484.8,66511.79,66429.7,66457.28,65.45813
1775127600.0,66457.28,66487.82,66256.3,66300.0,89.65366
1775128500.0,66300.01,66516.06,66167.1,66456.4,806.08531
1775129400.0,66456.39,66484.3,66325.67,66340.0,87.3592
1775130300.0,66340.01,66394.29,66189.35,66220.28,139.53205
1775131200.0,66220.28,66243.93,66068.72,66182.05,230.5773
1775132100.0,66182.05,66185.96,65961.66,66149.4,533.30634
1775133000.0,66149.4,66224.35,66109.43,66224.34,137.24487
1775133900.0,66224.35,66248.51,66017.31,66052.71,122.98167
1775134800.0,66052.71,66170.0,65963.97,66008.51,152.50545
1775135700.0,66008.52,66190.36,65891.18,66153.24,190.60592
1775136600.0,66153.23,66243.84,65712.12,65866.7,435.03199
1775137500.0,65866.7,66285.81,65838.04,66270.87,447.15952
1775138400.0,66270.87,66446.11,66168.07,66397.85,319.10137
1775139300.0,66397.85,66490.49,66208.0,66261.89,301.41134
1775140200.0,66261.88,67054.37,66259.92,67054.37,843.93571
1775141100.0,67054.46,67104.86,66671.7,66868.18,443.72893
1775142000.0,66868.17,66977.97,66706.08,66904.01,312.39251
1775142900.0,66904.01,66914.75,66646.36,66849.99,177.75345
1775143800.0,66850.0,66994.51,66710.73,66936.69,214.08121
1775144700.0,66936.69,66949.82,66741.38,66852.91,121.37625
1775145600.0,66852.91,66968.0,66811.12,66913.37,198.20057
1775146500.0,66913.36,66968.28,66759.28,66884.01,210.29771
1775147400.0,66884.01,67300.0,66860.66,67172.97,373.67012
1775148300.0,67172.97,67259.34,67090.79,67095.85,138.29572
1775149200.0,67095.85,67199.03,66862.93,67169.55,174.53465
1775150100.0,67169.54,67430.99,67169.54,67247.69,259.12421
1775151000.0,67247.69,67268.15,66931.7,66991.99,830.77876
1775151900.0,66991.99,66994.61,66666.66,66679.16,191.46062
1775152800.0,66679.16,66796.59,66596.8,66696.19,172.56543
1775153700.0,66696.19,66831.18,66612.56,66622.71,311.40438
1775154600.0,66622.72,66800.51,66622.71,66740.37,276.57424
1775155500.0,66740.37,67065.35,66724.08,66981.99,168.73517
1775156400.0,66981.99,67109.09,66943.09,67055.28,143.98903
1775157300.0,67055.28,67101.81,66930.9,67035.36,108.60966
1775158200.0,67035.36,67060.0,66878.0,66973.21,101.28209
1775159100.0,66973.21,67061.44,66920.87,66975.99,82.27696
1775160000.0,66976.0,66980.29,66798.0,66894.09,90.10375
1775160900.0,66894.09,67057.42,66888.0,67052.99,61.42967
1775161800.0,67052.99,67100.0,66960.17,67034.14,70.60485
1775162700.0,67034.14,67052.76,66935.28,66939.25,62.04211
1775163600.0,66939.25,67012.09,66731.08,66817.39,92.69124
1775164500.0,66817.4,66932.67,66802.35,66836.01,66.63234
1775165400.0,66836.0,66871.27,66766.27,66779.26,68.98934
1775166300.0,66779.26,66940.11,66779.25,66935.93,44.23677
1775167200.0,66935.94,67016.88,66898.6,66898.6,50.40916
1775168100.0,66898.61,66996.24,66825.61,66902.8,82.24544
1775169000.0,66902.81,67006.73,66902.81,66985.24,48.2582
1775169900.0,66985.25,67037.48,66924.43,66982.48,171.30876
1775170800.0,66982.48,67096.68,66930.24,66951.34,194.04307
1775171700.0,66951.33,67032.94,66934.4,66946.12,79.65336
1775172600.0,66946.12,66963.64,66882.18,66885.83,139.88616
1775173500.0,66885.82,66902.88,66855.5,66901.99,30.60268
1775174400.0,66901.99,67000.0,66794.16,66883.68,92.20949
1775175300.0,66883.68,66965.41,66803.05,66828.89,61.84543
1775176200.0,66828.88,66911.93,66770.94,66811.79,121.91464
1775177100.0,66811.79,66811.79,66702.83,66785.86,112.11521
1775178000.0,66785.87,66841.57,66740.39,66831.01,92.50579
1775178900.0,66831.01,66900.01,66743.36,66863.0,105.99543
1775179800.0,66863.0,66905.61,66483.9,66574.33,259.86699
1775180700.0,66574.33,66630.01,66500.0,66630.0,155.54589
1775181600.0,66630.01,66630.01,66412.13,66508.76,196.90753
1775182500.0,66508.77,66750.57,66455.13,66460.64,106.40618
1775183400.0,66460.64,66512.0,66282.0,66349.55,214.22594
1775184300.0,66349.56,66546.16,66318.0,66533.81,107.82245
1775185200.0,66533.82,66666.66,66495.69,66651.74,111.56549
1775186100.0,66651.74,66724.17,66611.97,66634.5,72.37102
1775187000.0,66634.49,66709.85,66536.92,66607.07,206.0449
1775187900.0,66607.07,66640.88,66544.86,66579.97,191.22851
1775188800.0,66579.98,66659.97,66564.15,66639.65,67.79971
1775189700.0,66639.66,66699.99,66550.0,66550.0,66.12457
1775190600.0,66550.01,66608.8,66500.04,66578.0,303.55586
1775191500.0,66578.0,66677.85,66560.5,66602.66,295.67518
1775192400.0,66602.67,66668.47,66589.93,66596.78,98.11922
1775193300.0,66596.78,66596.78,66416.68,66583.79,57.9692
1775194200.0,66583.79,66808.5,66583.79,66777.54,100.76582
1775195100.0,66777.55,66777.55,66518.58,66600.35,565.54142
1775196000.0,66600.35,66660.33,66558.76,66660.32,104.60215
1775196900.0,66660.33,66694.22,66601.0,66624.98,63.62786
1775197800.0,66624.98,66772.0,66579.32,66740.63,90.54348
1775198700.0,66740.64,66800.0,66715.97,66796.79,175.52321
1775199600.0,66796.8,66911.98,66758.0,66818.36,279.58286
1775200500.0,66818.36,66945.58,66800.5,66942.95,76.81339
1775201400.0,66942.96,67247.38,66910.0,67075.72,236.72474
1775202300.0,67075.72,67134.0,67010.14,67042.08,290.25632
1775203200.0,67042.08,67288.0,67033.08,67169.74,350.17606
1775204100.0,67169.75,67222.6,67056.24,67056.25,81.16788
1775205000.0,67056.25,67123.87,66903.01,66934.65,152.37935
1775205900.0,66934.65,67011.94,66900.56,66965.39,133.44635
1775206800.0,66965.39,67007.93,66883.0,66889.47,78.35551
1775207700.0,66889.46,66916.36,66749.35,66819.29,129.33114
1775208600.0,66819.29,66917.0,66790.1,66902.2,59.06803
1775209500.0,66902.2,66902.21,66804.81,66859.58,24.64569
1775210400.0,66859.58,66859.58,66778.4,66828.1,37.37944
1775211300.0,66828.09,66866.0,66765.7,66765.71,73.94824
1775212200.0,66765.71,66800.93,66674.72,66781.91,38.93668
1775213100.0,66781.91,66898.97,66781.91,66883.08,65.06703
1775214000.0,66883.09,66914.28,66823.18,66852.07,38.1563
1775214900.0,66852.07,66960.18,66845.49,66937.63,63.46257
1775215800.0,66937.62,67057.42,66920.86,67001.23,69.93867
1775216700.0,67001.23,67042.56,66960.0,67017.44,44.35701
1775217600.0,67017.43,67051.12,66941.5,67008.0,45.10078
1775218500.0,67008.0,67144.09,66942.35,67115.99,89.45488
1775219400.0,67115.99,67370.42,66796.43,66867.31,420.31914
1775220300.0,66867.31,66899.99,66646.36,66722.16,253.13571
1775221200.0,66722.16,66735.62,66561.05,66672.07,129.79774
1775222100.0,66672.07,66726.67,66596.66,66688.73,157.73183
1775223000.0,66688.72,66688.73,66580.44,66602.66,147.68676
1775223900.0,66602.66,66680.33,66508.1,66672.0,119.71766
1775224800.0,66671.99,66797.08,66634.0,66785.76,137.67462
1775225700.0,66785.77,66990.59,66721.72,66916.1,203.82429
1775226600.0,66916.09,66939.4,66814.56,66814.57,116.58778
1775227500.0,66814.56,66989.0,66814.56,66929.81,71.94408
1775228400.0,66929.8,67028.37,66915.59,66966.0,52.13519
1775229300.0,66966.01,66966.01,66875.09,66933.71,125.1199
1775230200.0,66933.71,66982.5,66840.59,66859.48,131.58762
1775231100.0,66859.49,66876.49,66823.3,66827.15,156.95401
1775232000.0,66827.15,66913.56,66827.14,66907.05,80.47147
1775232900.0,66907.05,66994.2,66870.23,66993.14,48.03136
1775233800.0,66993.13,67010.0,66931.4,66974.91,177.59344
1775234700.0,66974.91,67069.0,66945.08,67010.46,54.96823
1775235600.0,67010.45,67067.0,66964.0,66964.01,115.65738
1775236500.0,66964.0,66968.53,66751.86,66880.8,101.21713
1775237400.0,66880.81,66950.0,66862.01,66895.09,81.0838
1775238300.0,66895.09,66899.13,66810.4,66855.01,80.16564
1775239200.0,66855.0,66867.36,66786.12,66837.72,55.44519
1775240100.0,66837.72,66930.0,66826.14,66882.24,79.73489
1775241000.0,66882.25,66923.62,66840.94,66856.83,21.86907
1775241900.0,66856.82,66856.83,66806.0,66812.03,30.08676
1775242800.0,66812.04,66856.83,66775.23,66782.02,53.05223
1775243700.0,66782.02,66852.77,66774.02,66794.83,196.17947
1775244600.0,66794.83,66857.97,66784.37,66857.67,21.79272
1775245500.0,66857.68,66911.19,66857.67,66885.74,18.37143
1775246400.0,66885.73,66912.85,66853.48,66899.99,36.67281
1775247300.0,66899.99,66912.72,66872.56,66881.23,20.96805
1775248200.0,66881.23,66919.61,66855.73,66884.8,38.21658
1775249100.0,66884.8,66900.75,66831.97,66831.98,46.12221
1775250000.0,66831.97,66931.97,66827.6,66909.66,56.34395
1775250900.0,66909.66,66939.63,66870.0,66887.99,130.24136
1775251800.0,66887.98,66947.79,66880.72,66940.26,153.68271
1775252700.0,66940.26,66970.18,66902.04,66964.21,37.90852
1775253600.0,66964.21,66970.17,66842.76,66871.0,59.5654
1775254500.0,66870.99,66935.98,66870.99,66918.0,81.09912
1775255400.0,66918.0,66960.18,66898.68,66929.97,100.27491
1775256300.0,66929.97,66936.23,66851.28,66888.76,46.48479
1775257200.0,66888.76,66905.91,66854.53,66870.59,33.88286
1775258100.0,66870.59,66885.61,66840.93,66856.23,135.05951
1775259000.0,66856.24,66919.49,66826.13,66868.78,201.64078
1775259900.0,66868.78,66964.3,66868.78,66964.3,154.86372
1775260800.0,66964.29,66964.3,66876.7,66911.19,51.42608
1775261700.0,66911.19,66968.28,66895.93,66918.95,24.0997
1775262600.0,66918.95,66961.87,66910.87,66939.61,25.7416
1775263500.0,66939.61,66939.61,66886.54,66893.39,57.83542
1775264400.0,66893.4,66924.48,66852.22,66852.23,78.82273
1775265300.0,66852.23,66881.59,66840.59,66840.6,192.50953
1775266200.0,66840.59,66870.13,66832.94,66832.94,122.15655
1775267100.0,66832.95,66853.96,66827.22,66852.0,24.97483
1775268000.0,66852.0,66919.41,66831.27,66844.34,24.30316
1775268900.0,66844.33,66844.34,66818.64,66834.32,29.15413
1775269800.0,66834.32,66885.92,66826.81,66826.82,43.78944
1775270700.0,66826.82,66850.0,66814.0,66844.83,41.5712
1775271600.0,66844.84,66910.22,66844.83,66900.84,27.03738
1775272500.0,66900.85,66900.85,66849.67,66852.11,17.42771
1775273400.0,66852.11,66853.59,66837.04,66840.75,19.23858
1775274300.0,66840.75,66865.07,66830.23,66832.18,23.11562
1775275200.0,66832.18,66846.92,66800.0,66800.01,27.61562
1775276100.0,66800.01,66857.72,66775.91,66857.72,35.54097
1775277000.0,66857.72,66857.72,66847.63,66857.22,15.94614
1775277900.0,66857.21,66876.32,66850.06,66860.73,101.40198
1775278800.0,66860.73,66897.64,66855.6,66861.78,207.08497
1775279700.0,66861.78,66900.79,66844.14,66878.36,232.42412
1775280600.0,66878.36,66936.72,66872.61,66895.21,89.37752
1775281500.0,66895.2,66920.53,66895.2,66916.29,100.12761
1775282400.0,66916.3,66966.69,66913.52,66955.24,77.53448
1775283300.0,66955.24,66968.28,66911.2,66955.97,37.16331
1775284200.0,66955.96,66966.96,66916.75,66966.95,53.55017
1775285100.0,66966.95,67049.94,66966.95,67013.24,86.07397
1775286000.0,67013.25,67033.04,66987.62,67002.92,151.83606
1775286900.0,67002.92,67012.03,66943.34,66967.37,170.24731
1775287800.0,66967.37,67005.3,66962.59,66966.02,132.79691
1775288700.0,66966.02,67052.99,66951.64,67014.96,209.55924
1775289600.0,67014.95,67053.0,66993.71,67001.23,136.07437
1775290500.0,67001.23,67057.42,67000.75,67051.99,95.96251
1775291400.0,67051.99,67051.99,66964.31,66980.12,113.71261
1775292300.0,66980.13,66980.13,66918.0,66940.0,52.44235
1775293200.0,66940.0,66990.39,66918.0,66983.71,44.55438
1775294100.0,66983.71,66994.52,66945.68,66977.48,160.81295
1775295000.0,66977.49,66980.3,66963.96,66963.96,56.27607
1775295900.0,66963.97,66988.06,66963.96,66988.05,33.44988
1775296800.0,66988.06,67015.46,66918.0,66918.0,91.58746
1775297700.0,66918.01,66946.22,66918.0,66943.37,18.13801
1775298600.0,66943.37,67061.47,66931.05,67050.0,60.03531
1775299500.0,67050.01,67167.0,67040.0,67167.0,121.09346
1775300400.0,67167.0,67232.72,67146.22,67170.22,232.26693
1775301300.0,67170.21,67170.22,67110.73,67125.44,40.20618
1775302200.0,67125.43,67158.13,67083.43,67142.12,48.95874
1775303100.0,67142.12,67157.87,67109.62,67156.93,41.7484
1775304000.0,67156.93,67185.0,67084.97,67121.94,37.25971
1775304900.0,67121.93,67137.29,67108.24,67112.73,21.75966
1775305800.0,67112.73,67122.36,67060.56,67060.57,22.86221
1775306700.0,67060.57,67115.84,67060.56,67097.87,58.70869
1775307600.0,67097.87,67109.24,67082.41,67109.23,107.80293
1775308500.0,67109.24,67140.38,67095.33,67113.41,76.75659
1775309400.0,67113.4,67267.0,67101.15,67239.97,111.31955
1775310300.0,67239.96,67239.97,67175.3,67193.44,66.18217
1775311200.0,67193.45,67223.51,67192.97,67200.23,65.44366
1775312100.0,67200.23,67213.68,67187.71,67187.71,60.54149
1775313000.0,67187.72,67187.72,67029.07,67105.15,179.56842
1775313900.0,67105.14,67215.24,67105.14,67215.24,63.51771
1775314800.0,67215.24,67562.93,67177.39,67383.16,317.68338
1775315700.0,67383.16,67479.97,67306.82,67339.03,133.42541
1775316600.0,67339.03,67356.0,67282.29,67328.62,112.43639
1775317500.0,67328.63,67389.39,67299.46,67383.66,72.02754
1775318400.0,67383.66,67400.0,67333.1,67350.87,56.65316
1775319300.0,67350.86,67481.48,67331.06,67446.36,64.94296
1775320200.0,67446.36,67513.78,67390.08,67513.78,58.19092
1775321100.0,67513.78,67520.85,67360.15,67366.68,114.47748
1775322000.0,67366.68,67381.16,67292.0,67375.36,79.00026
1775322900.0,67375.36,67416.48,67357.96,67390.28,74.94181
1775323800.0,67390.27,67402.41,67326.0,67326.01,43.8061
1775324700.0,67326.0,67348.99,67318.98,67329.4,56.26419
1775325600.0,67329.41,67343.85,67295.08,67332.67,33.36327
1775326500.0,67332.68,67380.98,67332.67,67336.0,33.47191
1775327400.0,67336.01,67336.01,67285.63,67285.63,18.51995
1775328300.0,67285.64,67326.0,67265.0,67295.47,35.00641
1775329200.0,67295.47,67498.58,67295.47,67497.19,58.5799
1775330100.0,67497.2,67543.6,67364.62,67365.72,54.48297
1775331000.0,67365.72,67370.6,67286.54,67298.52,32.49368
1775331900.0,67298.52,67323.45,67275.0,67288.42,44.21802
1775332800.0,67288.42,67288.42,67186.62,67227.19,52.06949
1775333700.0,67227.19,67278.09,67227.19,67270.01,44.70317
1775334600.0,67270.01,67292.0,67256.3,67261.45,54.03324
1775335500.0,67261.45,67295.81,67246.88,67268.4,36.16598
1775336400.0,67268.4,67285.06,67215.0,67235.66,36.52685
1775337300.0,67235.66,67280.28,67235.66,67273.44,19.62848
1775338200.0,67273.44,67320.0,67264.36,67311.17,81.33951
1775339100.0,67311.18,67504.54,67311.18,67359.2,100.93056
1775340000.0,67359.21,67389.65,67341.19,67389.64,43.17107
1775340900.0,67389.65,67452.54,67381.25,67427.77,107.38902
1775341800.0,67427.76,67465.2,67388.83,67465.19,86.78938
1775342700.0,67465.2,67470.93,67370.5,67399.92,68.98933
1775343600.0,67399.91,67399.99,67330.86,67362.46,158.04308
1775344500.0,67362.47,67362.47,67305.63,67305.64,34.48669
1775345400.0,67305.64,67327.48,67267.09,67325.25,105.49037
1775346300.0,67325.25,67327.65,67261.32,67300.42,99.24776
1775347200.0,67300.42,67307.28,67241.23,67257.37,22.45966
1775348100.0,67257.38,67273.59,67232.0,67264.42,92.43426
1775349000.0,67264.42,67270.69,67231.51,67247.83,115.13967
1775349900.0,67247.83,67272.81,67168.08,67225.0,201.15317
1775350800.0,67225.0,67230.0,67120.0,67189.67,61.02682
1775351700.0,67189.68,67189.68,67128.0,67130.21,69.80837
1775352600.0,67130.22,67130.22,67080.0,67086.71,155.8177
1775353500.0,67086.71,67119.81,67082.4,67085.0,82.91246
1775354400.0,67085.0,67090.71,66955.72,66998.37,151.62554
1775355300.0,66998.37,67158.6,66992.29,67129.5,54.27475
1775356200.0,67129.5,67171.16,67118.03,67135.96,23.06411
1775357100.0,67135.96,67174.92,67129.23,67170.16,23.45987
1775358000.0,67170.17,67188.09,67154.64,67188.08,54.06946
1775358900.0,67188.08,67188.09,67131.44,67154.64,47.95224
1775359800.0,67154.65,67154.65,67089.33,67139.12,30.33675
1775360700.0,67139.13,67145.98,67122.42,67145.98,31.33639
1775361600.0,67145.98,67145.99,67073.56,67087.21,18.12042
1775362500.0,67087.22,67188.51,67083.47,67188.51,20.84115
1775363400.0,67188.51,67188.51,67130.28,67130.29,14.74703
1775364300.0,67130.29,67140.62,67086.68,67101.65,39.18643
1775365200.0,67101.65,67154.98,67095.01,67112.59,16.81444
1775366100.0,67112.6,67134.01,67054.68,67095.0,153.01412
1775367000.0,67095.01,67109.14,67054.95,67085.48,164.75786
1775367900.0,67085.48,67098.9,66888.0,66931.65,131.80542
1775368800.0,66931.65,66940.0,66626.66,66660.33,242.13405
1775369700.0,66660.33,66777.79,66611.66,66763.88,135.42797
1775370600.0,66763.87,66850.0,66763.87,66826.59,207.91211
1775371500.0,66826.58,66864.42,66800.0,66802.24,142.86722
1775372400.0,66802.24,66914.48,66802.24,66905.1,156.04418
1775373300.0,66905.09,66912.59,66800.01,66816.96,75.82614
1775374200.0,66816.96,66816.96,66715.43,66767.02,74.89598
1775375100.0,66767.02,66829.03,66740.39,66820.64,309.03262
1775376000.0,66820.64,66884.0,66819.42,66862.19,47.10954
1775376900.0,66862.19,66907.68,66862.18,66875.07,45.86183
1775377800.0,66875.08,66891.61,66840.66,66860.24,76.45272
1775378700.0,66860.23,66940.0,66860.23,66933.18,57.64985
1775379600.0,66933.18,66993.67,66902.15,66929.99,99.5566
1775380500.0,66930.0,67037.22,66929.99,67015.59,76.56796
1775381400.0,67015.59,67026.81,66969.85,67026.81,42.89947
1775382300.0,67026.81,67048.64,67009.68,67035.15,74.90766
1775383200.0,67035.15,67035.41,66975.67,66975.67,96.1376
1775384100.0,66975.67,66992.92,66968.35,66992.92,48.3436
1775385000.0,66992.91,67150.0,66992.9,67085.99,76.44013
1775385900.0,67086.0,67086.0,67009.62,67046.01,67.4305
1775386800.0,67046.01,67087.22,67034.28,67045.87,73.82831
1775387700.0,67045.87,67081.62,66991.82,67010.16,48.68517
1775388600.0,67010.16,67016.74,66973.67,66992.0,79.08394
1775389500.0,66992.0,66999.0,66975.69,66999.0,51.47386
1775390400.0,66998.99,66999.0,66900.91,66905.95,72.90561
1775391300.0,66905.95,66937.91,66885.91,66885.92,75.5775
1775392200.0,66885.92,66890.0,66692.17,66745.0,285.52693
1775393100.0,66745.0,66803.82,66680.57,66783.58,173.97092
1775394000.0,66783.59,66854.83,66760.42,66760.42,98.96786
1775394900.0,66760.43,66854.83,66703.66,66703.66,79.44952
1775395800.0,66703.67,66853.5,66693.91,66830.99,108.28968
1775396700.0,66831.0,66918.03,66830.99,66890.7,74.61029
1775397600.0,66890.7,66963.8,66850.04,66872.11,85.93528
1775398500.0,66872.1,66915.26,66820.54,66908.0,68.36539
1775399400.0,66908.01,66963.95,66886.94,66946.7,70.39622
1775400300.0,66946.95,66946.96,66909.68,66918.03,71.34271
1775401200.0,66918.03,66970.0,66829.02,66929.04,97.68622
1775402100.0,66929.04,67530.0,66929.04,67499.99,468.31652
1775403000.0,67500.0,67856.16,67316.47,67437.2,771.82436
1775403900.0,67437.21,67456.37,67272.72,67306.64,133.2505
1775404800.0,67306.65,67396.58,67270.88,67295.15,131.90875
1775405700.0,67295.15,67383.2,67295.14,67325.57,52.04551
1775406600.0,67325.58,67410.0,67267.18,67323.49,62.75762
1775407500.0,67323.48,67323.49,67173.4,67212.62,110.09435
1775408400.0,67212.61,67306.29,67187.95,67284.83,65.15618
1775409300.0,67284.83,67343.85,67188.28,67339.55,33.31746
1775410200.0,67339.56,67402.0,67306.01,67360.97,39.261
1775411100.0,67360.97,67396.58,67308.31,67373.64,30.37675
1775412000.0,67373.64,67375.12,67284.09,67304.84,65.89627
1775412900.0,67304.85,67337.36,67281.38,67299.53,34.71344
1775413800.0,67299.53,67450.17,67299.53,67425.48,82.50621
1775414700.0,67425.47,67451.78,67392.02,67413.78,27.88039
1775415600.0,67413.78,67423.8,67364.61,67418.29,45.88758
1775416500.0,67418.29,67560.45,67397.59,67465.22,96.0145
1775417400.0,67465.22,67472.01,67289.8,67308.79,47.85477
1775418300.0,67308.79,67361.01,67276.67,67361.01,39.88693
1775419200.0,67361.01,67416.48,67332.66,67378.0,62.64098
1775420100.0,67378.01,67493.17,67374.6,67479.04,37.85012
1775421000.0,67479.04,67705.74,67467.73,67554.7,174.10243
1775421900.0,67554.71,67667.92,67544.7,67658.35,63.71013
1775422800.0,67658.35,67658.35,67408.07,67521.87,198.87399
1775423700.0,67521.88,67543.76,67412.89,67476.37,66.75556
1775424600.0,67476.37,67525.95,67427.92,67492.0,53.23755
1775425500.0,67492.45,67682.42,67473.66,67553.43,117.04954
1775426400.0,67553.44,67796.11,67475.28,67534.8,270.38696
1775427300.0,67534.8,67606.46,67347.05,67436.61,119.47525
1775428200.0,67436.6,67988.0,67418.0,67964.31,293.99214
1775429100.0,67964.31,68374.75,67960.21,68338.43,518.06887
1775430000.0,68338.43,68600.0,68266.13,68599.99,459.9104
1775430900.0,68599.99,68979.06,68599.99,68804.34,586.39921
1775431800.0,68804.33,69136.2,68797.06,68949.99,536.33878
1775432700.0,68950.0,69050.0,68894.56,69034.18,289.97529
1775433600.0,69034.18,69588.0,69034.18,69234.56,1070.36222
1775434500.0,69234.56,69349.99,69075.11,69182.01,373.03636
1775435400.0,69182.01,69437.72,69096.8,69312.72,316.8394
1775436300.0,69312.73,69342.59,69071.2,69083.78,157.6781
1775437200.0,69083.79,69139.63,68854.0,68854.65,401.4871
1775438100.0,68854.66,68991.91,68834.2,68985.2,197.44942
1775439000.0,68985.2,68985.21,68800.65,68800.66,130.2932
1775439900.0,68800.67,68876.09,68787.13,68810.18,262.18592
1775440800.0,68810.17,69326.84,68776.61,69112.58,291.04935
1775441700.0,69114.62,69317.63,69101.84,69233.76,210.70509
1775442600.0,69233.76,69408.39,69188.91,69221.11,262.88151
1775443500.0,69221.11,69305.29,69206.99,69207.99,187.19899
1775444400.0,69207.99,69259.06,69119.06,69131.06,201.39663
1775445300.0,69131.06,69207.03,69056.86,69182.0,221.0049
1775446200.0,69182.01,69232.48,69079.7,69120.0,106.80616
1775447100.0,69119.99,69152.17,69067.77,69123.69,112.54126
1775448000.0,69123.69,69200.0,69010.25,69075.93,146.17505
1775448900.0,69075.93,69081.31,68980.36,68999.99,140.02521
1775449800.0,68999.99,69210.11,68995.24,69184.07,169.5884
1775450700.0,69184.07,69217.68,69126.0,69141.8,184.2488
1775451600.0,69141.81,69182.33,69117.49,69162.19,134.01756
1775452500.0,69162.18,69219.98,69086.0,69173.19,287.00077
1775453400.0,69173.19,69247.0,69168.96,69219.57,142.97002
1775454300.0,69219.57,69240.0,69151.84,69199.31,100.49807
1775455200.0,69199.31,69354.26,69106.94,69309.24,192.45608
1775456100.0,69309.23,69309.23,68806.53,68844.9,273.52527
1775457000.0,68844.9,68975.09,68835.18,68926.65,169.21056
1775457900.0,68926.65,69106.95,68926.64,68976.67,169.90877
1775458800.0,68976.67,68988.81,68821.07,68897.76,136.89884
1775459700.0,68897.76,69106.95,68897.75,69079.52,100.98877
1775460600.0,69079.52,69139.23,68973.77,68982.23,209.4985
1775461500.0,68982.23,69215.37,68952.61,69115.91,257.81654
1775462400.0,69115.91,69224.22,69081.88,69170.18,89.61598
1775463300.0,69170.18,69250.01,69122.24,69234.81,174.65703
1775464200.0,69234.82,69347.85,69212.48,69302.53,153.68095
1775465100.0,69302.53,69313.27,69211.86,69224.63,96.8515
1775466000.0,69224.63,69747.93,69214.46,69633.59,448.09257
1775466900.0,69633.59,70283.32,69631.57,69932.88,1255.42324
1775467800.0,69932.87,69978.46,69721.71,69853.31,386.94909
1775468700.0,69853.32,69900.0,69701.75,69728.0,305.21852
1775469600.0,69728.01,69853.42,69728.01,69821.63,129.89156
1775470500.0,69821.64,69870.93,69740.38,69769.82,151.82065
1775471400.0,69769.82,69950.0,69757.3,69894.5,156.97569
1775472300.0,69894.51,69894.51,69708.13,69770.88,196.22659
1775473200.0,69770.88,69770.96,69675.05,69682.42,101.41826
1775474100.0,69682.43,69720.31,69581.61,69625.6,167.70247
1775475000.0,69625.6,69717.65,69571.63,69650.9,130.38503
1775475900.0,69650.91,69704.49,69565.01,69614.91,54.13219
1775476800.0,69614.91,69635.87,69459.97,69482.58,137.70839
1775477700.0,69482.59,69530.0,69426.98,69465.27,119.42127
1775478600.0,69465.28,69544.96,69384.89,69493.05,155.29329
1775479500.0,69493.05,69540.15,69329.23,69366.75,189.27945
1775480400.0,69366.76,69445.36,69366.76,69410.02,93.00659
1775481300.0,69410.02,69483.41,69330.0,69474.58,110.89248
1775482200.0,69474.59,69550.0,69235.09,69325.22,266.35561
1775483100.0,69325.22,69492.04,69251.32,69428.23,186.35376
1775484000.0,69428.23,69642.1,69163.86,69348.26,357.54519
1775484900.0,69348.26,69643.8,69348.25,69546.77,272.01996
1775485800.0,69546.78,69809.99,69315.38,69462.66,515.64337
1775486700.0,69462.65,69693.04,69309.14,69654.38,191.7143
1775487600.0,69654.39,69800.0,69526.87,69705.5,209.10208
1775488500.0,69705.51,69769.26,69600.0,69742.91,179.11593
1775489400.0,69742.91,69856.61,69655.32,69825.66,158.20076
1775490300.0,69825.26,69973.25,69787.13,69968.87,267.71296
1775491200.0,69968.87,70110.0,69856.62,70074.76,297.36435
1775492100.0,70074.76,70092.68,69903.31,69907.24,168.01052
1775493000.0,69907.23,70129.87,69849.88,70129.86,293.45554
1775493900.0,70129.86,70351.46,69782.11,69799.14,532.38858
1775494800.0,69799.14,69820.0,69314.44,69346.42,387.03815
1775495700.0,69346.41,69578.88,69282.02,69537.56,213.17156
1775496600.0,69537.56,69638.4,69438.78,69462.95,195.08758
1775497500.0,69462.95,69603.62,69416.42,69574.61,119.00273
1775498400.0,69574.62,69781.68,69479.49,69754.97,201.26986
1775499300.0,69754.97,69967.78,69716.5,69854.01,151.97575
1775500200.0,69854.01,69930.15,69744.0,69777.91,90.10063
1775501100.0,69777.91,69912.47,69704.01,69888.97,94.45331
1775502000.0,69888.97,69888.97,69583.33,69729.99,115.63002
1775502900.0,69730.0,69899.99,69729.99,69847.01,125.99674
1775503800.0,69847.01,69888.0,69685.0,69763.8,86.90168
1775504700.0,69763.8,69768.98,69675.0,69739.53,103.41069
1775505600.0,69739.52,69768.09,69625.0,69759.16,119.07685
1775506500.0,69759.16,69963.68,69759.15,69960.1,101.72992
1775507400.0,69960.11,69974.08,69891.74,69903.37,67.52842
1775508300.0,69903.36,69925.42,69820.62,69826.01,84.62363
1775509200.0,69826.0,69826.0,69689.45,69724.31,81.67393
1775510100.0,69724.31,69764.09,69651.82,69658.26,40.02358
1775511000.0,69658.26,69665.23,69423.09,69438.12,150.41874
1775511900.0,69438.12,69571.85,69438.12,69504.99,93.89363
1775512800.0,69504.99,69581.92,69405.76,69549.31,114.42202
1775513700.0,69549.31,69549.31,69320.13,69368.61,101.58885
1775514600.0,69368.6,69368.61,69200.0,69236.31,109.4482
1775515500.0,69236.3,69236.3,68811.0,68811.0,253.3672
1775516400.0,68811.01,68818.0,68300.0,68602.81,566.41858
1775517300.0,68602.81,68689.21,68489.19,68522.02,206.35491
1775518200.0,68522.01,68859.19,68484.97,68789.73,123.8903
1775519100.0,68789.74,68912.97,68781.69,68853.66,165.74446
1775520000.0,68853.66,69128.2,68800.16,68942.01,163.42963
1775520900.0,68942.01,69068.09,68873.5,68924.0,138.7704
1775521800.0,68924.0,69047.8,68723.81,68784.67,319.85537
1775522700.0,68784.67,68900.63,68734.57,68775.7,286.14877
1775523600.0,68775.71,68775.71,68545.59,68591.14,229.00371
1775524500.0,68591.15,68900.63,68591.14,68728.03,177.2311
1775525400.0,68728.03,68803.44,68595.5,68635.16,137.9603
1775526300.0,68635.16,68651.75,68352.52,68400.01,137.94776
1775527200.0,68400.01,68494.0,68273.34,68425.5,124.1309
1775528100.0,68425.51,68580.01,68416.82,68580.01,127.51193
1775529000.0,68580.0,68713.92,68507.79,68624.4,78.52401
1775529900.0,68624.41,68690.75,68556.01,68674.0,52.15802
1775530800.0,68674.01,68753.09,68625.59,68683.13,61.40367
1775531700.0,68683.13,68791.65,68656.55,68787.45,242.5049
1775532600.0,68787.45,68800.94,68729.18,68793.85,102.52159
1775533500.0,68793.86,68797.09,68735.0,68779.21,43.21385
1775534400.0,68779.2,68787.17,68632.39,68674.44,144.48894
1775535300.0,68674.45,68681.89,68540.84,68601.73,144.70595
1775536200.0,68601.72,68870.33,68601.72,68856.27,103.85406
1775537100.0,68856.27,68981.83,68828.37,68854.65,87.32554
1775538000.0,68854.65,68866.0,68793.45,68809.21,26.38704
1775538900.0,68809.21,68835.17,68691.84,68705.16,217.03005
1775539800.0,68705.16,68750.0,68650.0,68650.01,41.36319
1775540700.0,68650.0,68690.0,68613.2,68669.0,261.92181
1775541600.0,68669.0,68669.01,68489.69,68523.78,229.00462
1775542500.0,68523.78,68582.66,68443.0,68568.99,106.18585
1775543400.0,68568.99,68582.72,68480.09,68554.85,42.37526
1775544300.0,68554.86,68606.54,68500.0,68568.35,111.17414
1775545200.0,68568.35,68578.4,68500.0,68551.98,95.24229
1775546100.0,68551.98,68655.64,68507.03,68580.59,53.29296
1775547000.0,68580.6,68703.72,68580.59,68675.9,85.5265
1775547900.0,68675.9,68683.84,68611.63,68624.61,73.75729
1775548800.0,68624.6,68840.65,68603.6,68734.97,95.66784
1775549700.0,68734.98,68855.73,68666.66,68756.14,64.95349
1775550600.0,68756.15,68946.34,68756.15,68919.01,79.24839
1775551500.0,68919.0,68984.48,68882.51,68936.71,99.06485
1775552400.0,68936.71,69247.9,68930.04,69107.64,162.46893
1775553300.0,69107.65,69149.1,68992.61,69055.08,79.3627
1775554200.0,69055.07,69243.34,69047.36,69185.89,145.10984
1775555100.0,69185.88,69196.96,69120.7,69150.05,49.98654
1775556000.0,69150.06,69199.87,68836.59,68915.52,184.99718
1775556900.0,68915.52,69011.95,68665.42,68736.99,172.91987
1775557800.0,68736.99,68773.24,68457.43,68474.2,246.53928
1775558700.0,68474.2,68484.21,68200.0,68237.93,294.55621
1775559600.0,68237.93,68342.85,68071.96,68342.85,332.60968
1775560500.0,68342.85,68416.53,68246.85,68378.29,115.51085
1775561400.0,68378.29,68455.96,68287.24,68408.1,85.13578
1775562300.0,68408.1,68433.39,68322.82,68345.75,65.45391
1775563200.0,68345.75,68469.36,68080.0,68270.19,343.60065
1775564100.0,68270.2,68452.4,68201.0,68423.34,127.59335
1775565000.0,68423.33,68469.61,68275.27,68320.62,94.96635
1775565900.0,68320.62,68599.13,68239.36,68392.18,172.5167
1775566800.0,68392.19,68633.87,68376.6,68616.77,223.46031
1775567700.0,68616.77,68632.0,68458.82,68481.92,126.48992
1775568600.0,68481.92,68591.27,68293.98,68338.42,255.34588
1775569500.0,68338.42,68461.22,68198.12,68231.99,216.76499
1775570400.0,68231.99,68258.26,67803.96,67891.76,548.10725
1775571300.0,67891.76,68169.69,67763.64,68151.26,497.58938
1775572200.0,68151.26,68221.75,67992.0,67999.61,188.0301
1775573100.0,67999.62,68216.9,67860.46,67860.48,162.37409
1775574000.0,67860.49,67986.46,67732.01,67888.63,435.57219
1775574900.0,67888.72,68203.35,67888.72,68189.16,318.912
1775575800.0,68189.17,68216.65,68078.59,68091.12,181.37751
1775576700.0,68091.12,68268.6,68080.15,68168.1,148.59369
1775577600.0,68168.11,68454.23,68095.0,68154.12,226.49873
1775578500.0,68154.12,68393.24,68085.01,68391.95,239.85273
1775579400.0,68391.94,68391.95,68285.82,68320.29,79.29879
1775580300.0,68320.28,68396.51,68199.77,68229.99,108.6138
1775581200.0,68230.0,68364.49,68198.22,68304.62,121.79998
1775582100.0,68304.62,68414.4,68198.41,68414.39,187.15707
1775583000.0,68414.4,69000.0,68414.4,68694.16,669.93401
1775583900.0,68694.17,68830.8,68678.59,68705.81,168.81357
1775584800.0,68705.82,68773.24,68607.64,68647.55,134.20175
1775585700.0,68647.54,68676.64,68555.89,68644.66,138.20368
1775586600.0,68644.66,68731.97,68463.98,68522.78,134.19666
1775587500.0,68522.78,68522.78,68358.1,68442.53,223.8106
1775588400.0,68442.52,68496.68,68358.1,68457.31,140.16598
1775589300.0,68457.31,68835.86,68457.31,68582.48,351.5344
1775590200.0,68582.47,68583.56,68457.07,68510.09,164.86071
1775591100.0,68511.25,69098.44,68489.51,69011.29,728.4782
1775592000.0,69011.29,69535.26,69011.29,69438.16,649.62477
1775592900.0,69438.17,69502.56,69279.16,69364.14,186.28847
1775593800.0,69364.13,69417.91,69216.89,69301.82,157.2216
1775594700.0,69301.83,69320.0,69174.33,69319.39,104.41994
1775595600.0,69319.39,70216.68,69311.84,69981.17,992.88693
1775596500.0,69981.18,70035.99,69500.0,69591.76,368.62767
1775597400.0,69591.77,69913.04,69591.76,69912.11,162.6386
1775598300.0,69912.12,70100.0,69836.91,69927.64,217.88169
1775599200.0,69927.65,70593.78,69927.65,70289.99,648.72887
1775600100.0,70289.99,70470.0,70190.85,70419.11,239.4845
1775601000.0,70419.11,71298.0,70417.66,70761.78,1287.17243
1775601900.0,70761.79,71528.0,70740.57,71514.09,666.28016
1775602800.0,71514.1,71731.11,71194.9,71487.34,762.12711
1775603700.0,71487.35,72753.27,71317.18,72753.27,1617.34125
1775604600.0,72753.27,72761.0,71909.23,72011.99,779.32101
1775605500.0,72012.0,72250.0,71890.0,71924.22,532.19985
1775606400.0,71924.22,72110.65,71794.51,71966.18,405.13558
1775607300.0,71966.17,72093.15,71857.14,71924.83,175.95734
1775608200.0,71924.84,72022.73,71748.17,71836.22,277.36185
1775609100.0,71836.21,71854.32,71541.51,71710.19,294.99592
1775610000.0,71710.19,71758.6,71505.19,71685.21,224.88443
1775610900.0,71685.21,71697.2,71462.66,71481.68,142.90372
1775611800.0,71481.69,71582.42,71462.03,71477.7,127.34683
1775612700.0,71477.69,71586.22,71452.68,71476.97,126.48562
1775613600.0,71476.98,71725.22,71381.18,71718.78,341.57715
1775614500.0,71718.78,71727.01,71412.85,71465.14,336.1218
1775615400.0,71465.14,71490.12,71240.99,71316.04,353.47768
1775616300.0,71316.04,71400.0,71291.88,71364.94,122.58584
1775617200.0,71364.95,71448.34,71283.98,71293.22,131.08156
1775618100.0,71293.22,71479.97,71277.18,71479.96,144.08418
1775619000.0,71479.97,71479.97,71354.96,71374.4,72.53799
1775619900.0,71374.39,71374.39,71280.24,71287.39,93.52762
1775620800.0,71287.39,71549.49,71287.38,71521.27,272.14727
1775621700.0,71521.28,71599.0,71472.37,71570.06,149.30151
1775622600.0,71570.05,71676.77,71527.55,71611.06,98.97765
1775623500.0,71611.06,71673.7,71551.64,71566.18,200.68636
1775624400.0,71566.66,71680.0,71560.0,71666.79,234.93414
1775625300.0,71666.78,71774.61,71636.42,71720.97,99.06655
1775626200.0,71720.96,71772.0,71670.4,71709.0,248.44649
1775627100.0,71709.01,71831.6,71650.81,71731.1,239.35037
1775628000.0,71731.1,71850.0,71581.14,71799.8,112.24436
1775628900.0,71799.8,71941.42,71735.64,71855.74,331.32399
1775629800.0,71855.74,71864.08,71767.08,71810.0,101.82261
1775630700.0,71810.0,71822.97,71719.15,71732.69,265.80522
1775631600.0,71732.7,71795.66,71629.18,71751.41,184.25566
1775632500.0,71751.42,71902.0,71706.0,71811.91,215.56535
1775633400.0,71811.91,71811.91,71620.4,71645.75,268.7762
1775634300.0,71645.74,71645.74,71573.04,71627.59,275.25197
1775635200.0,71627.59,71816.5,71627.59,71712.49,169.95618
1775636100.0,71712.5,71805.6,71666.28,71751.41,99.22366
1775637000.0,71751.42,71831.08,71647.99,71729.89,119.53777
1775637900.0,71729.89,71800.0,71700.1,71800.0,112.43443
1775638800.0,71799.99,71955.0,71799.99,71822.0,159.48104
1775639700.0,71821.86,71873.92,71680.24,71680.24,105.79564
1775640600.0,71680.25,71743.72,71593.29,71593.29,84.27136
1775641500.0,71593.3,71707.57,71588.75,71678.87,70.45146
1775642400.0,71678.87,71790.0,71590.0,71611.51,124.0961
1775643300.0,71611.5,71688.0,71589.23,71645.51,74.76113
1775644200.0,71645.52,71646.33,71457.61,71554.72,231.35434
1775645100.0,71554.71,71578.68,71476.97,71476.98,84.00743
1775646000.0,71476.97,71654.19,71446.0,71636.84,180.52809
1775646900.0,71636.85,71679.95,71531.92,71659.79,99.18782
1775647800.0,71659.79,71659.8,71407.77,71521.02,133.83067
1775648700.0,71521.02,71739.67,71483.01,71675.12,365.7324
1775649600.0,71675.12,71849.99,71675.12,71837.75,177.94307
1775650500.0,71837.75,71852.0,71581.76,71767.25,232.35093
1775651400.0,71767.24,71954.6,71739.14,71937.54,241.63358
1775652300.0,71937.54,72181.81,71898.9,72071.95,574.07786
1775653200.0,72071.95,72783.52,72069.79,72626.37,1003.02931
1775654100.0,72626.37,72857.0,72403.96,72487.85,576.61345
1775655000.0,72487.86,72604.19,71660.66,71676.19,700.15044
1775655900.0,71676.19,71969.49,71510.0,71600.01,541.52363
1775656800.0,71600.0,71751.42,71316.01,71507.89,342.3474
1775657700.0,71507.88,71647.2,71364.41,71454.76,323.5071
1775658600.0,71454.76,71522.0,70915.02,71091.78,696.4131
1775659500.0,71091.78,71174.63,70707.23,70912.88,533.28074
1775660400.0,70912.89,71106.04,70833.3,71106.03,360.00143
1775661300.0,71106.04,71236.5,71052.34,71184.2,228.42637
1775662200.0,71184.2,71327.28,71105.1,71193.85,191.81237
1775663100.0,71193.86,71349.05,71193.85,71310.0,92.92839
1775664000.0,71309.99,71430.71,71264.59,71338.0,147.92089
1775664900.0,71338.01,71499.99,71263.09,71394.28,133.07147
1775665800.0,71394.28,71482.0,71250.93,71454.1,252.92625
1775666700.0,71454.11,71699.0,71426.28,71602.1,224.02705
1775667600.0,71602.11,71799.0,71584.68,71783.97,123.963
1775668500.0,71783.97,71783.97,71490.55,71636.74,172.99109
1775669400.0,71636.73,71963.94,71636.73,71848.97,277.82767
1775670300.0,71848.98,71930.2,71818.0,71888.19,107.31471
1775671200.0,71888.19,71888.2,71654.84,71707.15,145.57271
1775672100.0,71707.15,71769.24,71304.09,71389.94,262.91648
1775673000.0,71389.95,71610.51,71269.45,71299.99,131.43407
1775673900.0,71299.99,71355.0,71085.22,71099.63,163.83398
1775674800.0,71099.63,71270.14,71019.0,71270.13,155.10006
1775675700.0,71270.14,71289.18,71116.58,71127.04,77.52701
1775676600.0,71127.05,71353.48,71065.81,71304.93,136.78013
1775677500.0,71304.94,71372.22,71253.7,71318.48,104.08677
1775678400.0,71318.47,71460.71,71308.48,71432.08,85.56716
1775679300.0,71432.08,71481.7,71367.01,71438.66,61.59518
1775680200.0,71438.66,71438.67,71279.36,71303.81,38.21805
1775681100.0,71303.8,71373.11,71267.91,71372.93,40.86659
1775682000.0,71372.94,71582.53,71330.86,71518.04,94.69048
1775682900.0,71518.05,71748.0,71518.04,71668.01,81.33052
1775683800.0,71668.02,71717.84,71548.26,71548.26,131.63572
1775684700.0,71548.27,71642.7,71516.51,71551.39,60.24235
1775685600.0,71551.4,71571.6,71391.53,71450.64,83.41044
1775686500.0,71450.64,71480.4,71143.48,71165.36,118.66481
1775687400.0,71165.36,71365.45,71089.03,71239.86,64.10878
1775688300.0,71239.87,71279.35,71064.84,71064.84,108.49161
1775689200.0,71064.84,71170.0,70901.89,71165.36,268.21039
1775690100.0,71165.36,71204.0,70910.0,71031.78,100.08253
1775691000.0,71031.79,71127.35,70956.08,71083.29,74.68633
1775691900.0,71083.29,71169.67,71069.93,71069.93,74.88249
1775692800.0,71069.93,71133.71,70986.61,70997.74,87.22145
1775693700.0,70997.74,71014.68,70859.63,70927.87,236.81199
1775694600.0,70927.88,70937.98,70764.5,70810.38,227.02206
1775695500.0,70810.39,70879.25,70650.0,70815.5,126.79592
1775696400.0,70815.5,70881.58,70468.63,70663.57,235.69508
1775697300.0,70663.57,70679.95,70466.0,70617.96,97.33862
1775698200.0,70617.97,70850.0,70594.15,70764.88,89.37475
1775699100.0,70764.88,70956.7,70700.0,70928.89,72.6282
1775700000.0,70928.9,71025.38,70824.46,70835.68,71.33387
1775700900.0,70835.68,71064.51,70816.36,71028.88,59.99665
1775701800.0,71028.87,71090.07,70909.52,71042.0,216.18509
1775702700.0,71042.01,71198.8,70981.95,71060.64,316.6383
1775703600.0,71060.64,71124.05,70943.68,70983.55,262.29928
1775704500.0,70983.54,70999.94,70869.56,70914.37,235.46102
1775705400.0,70914.37,70986.62,70873.07,70903.93,171.3986
1775706300.0,70903.93,71041.06,70845.27,70992.39,139.09466
1775707200.0,70992.37,71006.13,70888.47,70908.0,58.88262
1775708100.0,70907.99,70928.9,70798.84,70838.0,105.33777
1775709000.0,70838.0,70927.13,70838.0,70874.17,70.9119
1775709900.0,70874.18,70898.7,70734.77,70782.0,69.01813
1775710800.0,70781.99,70870.92,70689.38,70870.91,70.22926
1775711700.0,70870.91,71000.0,70842.98,70985.52,148.36507
1775712600.0,70985.51,71087.12,70964.35,71040.58,122.29876
1775713500.0,71040.58,71040.58,70909.95,70984.0,154.50791
1775714400.0,70983.99,71082.71,70983.99,71010.01,89.52105
1775715300.0,71010.01,71010.02,70809.94,70862.0,120.1698
1775716200.0,70862.01,70971.83,70810.69,70934.77,167.91355
1775717100.0,70934.77,71031.84,70907.64,71031.84,161.34306
1775718000.0,71031.83,71116.0,71005.23,71093.01,111.03632
1775718900.0,71093.0,71093.0,70973.07,71000.15,117.78779
1775719800.0,71000.14,71080.0,70955.4,71021.98,531.96436
1775720700.0,71021.99,71040.2,70958.29,70982.01,162.09764
1775721600.0,70982.01,71020.0,70865.42,70950.15,69.69557
1775722500.0,70950.15,71021.67,70900.0,70980.35,49.92547
1775723400.0,70980.35,71335.0,70980.35,71330.01,276.70188
1775724300.0,71330.01,71380.0,71205.0,71249.51,166.10402
1775725200.0,71249.51,71335.92,71109.99,71324.59,125.65092
1775726100.0,71324.6,71535.76,71233.77,71292.44,196.14225
1775727000.0,71292.44,71341.19,71200.06,71274.35,64.80896
1775727900.0,71274.35,71575.0,71274.34,71534.68,125.41797
1775728800.0,71534.69,71534.69,71344.39,71374.75,104.95497
1775729700.0,71374.76,71484.65,71371.44,71393.18,80.7451
1775730600.0,71393.17,71429.22,71355.22,71414.0,57.87318
1775731500.0,71414.0,71460.0,71276.44,71276.45,61.09368
1775732400.0,71276.45,71350.0,71184.42,71193.88,95.87167
1775733300.0,71193.87,71231.12,71038.5,71078.85,204.43734
1775734200.0,71078.86,71206.0,71074.17,71164.46,86.50922
1775735100.0,71164.46,71224.47,71137.75,71150.17,60.03554
1775736000.0,71150.17,71249.03,71150.16,71200.96,48.09492
1775736900.0,71200.95,71328.79,71040.0,71275.99,152.06388
1775737800.0,71275.99,71298.31,71121.14,71212.96,107.7633
1775738700.0,71212.97,71305.04,71100.0,71279.63,74.12383
1775739600.0,71279.63,71355.24,71108.82,71114.55,70.95085
1775740500.0,71114.56,71154.49,71066.5,71109.22,53.6756
1775741400.0,71109.22,71171.89,70805.67,70892.0,340.13741
1775742300.0,70892.0,70913.36,70629.3,70801.98,231.83159
1775743200.0,70801.97,70850.0,70650.0,70788.01,157.97801
1775744100.0,70788.01,70824.0,70522.77,70633.1,135.63256
1775745000.0,70633.1,70907.39,70601.12,70887.61,184.68865
1775745900.0,70887.62,71250.39,70887.61,71123.71,395.42387
1775746800.0,71123.71,71366.43,70929.44,71338.59,210.68878
1775747700.0,71338.25,71630.74,71328.13,71341.15,323.58266
1775748600.0,71341.15,72241.41,71292.8,72075.75,940.32515
1775749500.0,72075.74,72358.0,72047.68,72141.99,574.1562
1775750400.0,72142.0,72399.0,72081.51,72176.63,533.93862
1775751300.0,72176.62,72390.0,72061.55,72062.61,343.17217
1775752200.0,72062.61,72068.57,71778.01,71972.11,330.37188
1775753100.0,71972.1,72084.25,71729.66,72080.87,222.20043
1775754000.0,72080.86,72524.42,72062.38,72481.24,510.17645
1775754900.0,72481.25,72550.0,72228.24,72341.74,514.08782
1775755800.0,72341.73,72511.25,72100.0,72424.42,254.58345
1775756700.0,72424.41,72481.38,72263.26,72347.49,137.06151
1775757600.0,72348.0,72380.7,71860.0,71894.13,224.31297
1775758500.0,71894.13,72009.21,71772.0,71908.44,168.3162
1775759400.0,71908.43,71954.58,71747.68,71855.3,88.08116
1775760300.0,71855.3,71919.56,71751.6,71888.69,79.61502
1775761200.0,71888.69,72130.9,71836.61,72033.76,107.78902
1775762100.0,72033.77,72093.34,71750.0,71824.82,139.49292
1775763000.0,71824.83,72149.59,71816.11,72116.21,158.41683
1775763900.0,72116.21,72300.0,72008.01,72096.32,202.19162
1775764800.0,72096.33,72186.44,71985.95,72182.78,126.19141
1775765700.0,72182.78,72348.33,72161.94,72297.62,135.86641
1775766600.0,72297.62,72458.31,72256.23,72417.51,146.79234
1775767500.0,72417.51,72417.52,72294.69,72413.97,89.04373
1775768400.0,72413.96,72700.0,72197.14,72336.25,293.23685
1775769300.0,72336.25,72358.0,72142.79,72186.21,134.90847
1775770200.0,72186.21,72460.0,72150.02,72450.53,237.18611
1775771100.0,72451.02,72470.0,72238.0,72264.95,106.46178
1775772000.0,72264.96,72523.67,72251.23,72512.39,169.51706
1775772900.0,72512.4,73145.0,72506.53,72625.38,797.21652
1775773800.0,72625.38,72631.49,72291.57,72317.49,160.73373
1775774700.0,72317.48,72456.09,71945.94,71946.01,217.85627
1775775600.0,71946.01,72025.53,71751.43,71803.44,187.80022
1775776500.0,71803.45,71916.0,71585.25,71794.52,216.30978
1775777400.0,71794.52,71850.0,71622.81,71767.28,136.58196
1775778300.0,71767.27,71824.0,71697.39,71787.97,255.14535
1775779200.0,71787.98,71894.85,71709.01,71816.0,367.00844
1775780100.0,71815.99,71836.97,71573.35,71836.95,189.72916
1775781000.0,71836.96,71969.6,71789.69,71932.81,94.13576
1775781900.0,71932.8,72028.4,71862.17,71963.03,317.10094
1775782800.0,71963.04,72078.28,71823.32,72000.0,156.50225
1775783700.0,72000.0,72050.01,71673.48,71879.36,192.76093
1775784600.0,71879.37,72387.0,71862.16,72298.89,235.65625
1775785500.0,72298.89,72354.57,72152.88,72157.93,94.75174
1775786400.0,72157.93,72291.04,72120.54,72226.08,123.43968
1775787300.0,72226.08,72257.93,72168.62,72179.65,75.42534
1775788200.0,72179.66,72227.84,72123.74,72154.65,53.98875
1775789100.0,72154.64,72154.65,71921.59,71965.36,262.68814
1775790000.0,71965.36,72027.37,71851.12,71863.74,333.20062
1775790900.0,71863.75,71930.45,71814.75,71814.76,69.61015
1775791800.0,71814.75,71967.03,71813.73,71920.0,78.26561
1775792700.0,71919.98,71955.12,71838.09,71868.67,62.61229
1775793600.0,71868.67,71961.32,71867.47,71867.48,81.35594
1775794500.0,71867.48,71945.44,71855.54,71855.99,278.6102
1775795400.0,71856.0,71909.81,71820.47,71903.6,134.99106
1775796300.0,71903.61,72212.84,71882.36,72117.29,239.21431
1775797200.0,72117.29,72171.79,72010.4,72060.04,111.15
1775798100.0,72060.04,72267.89,72018.01,72224.82,128.39054
1775799000.0,72224.83,72262.1,72146.38,72157.04,96.81603
1775799900.0,72157.04,72218.5,72089.42,72127.84,72.33892
1775800800.0,72127.84,72179.85,72050.45,72140.09,129.51154
1775801700.0,72140.1,72140.1,71943.46,71964.01,112.8027
1775802600.0,71964.01,72004.89,71865.25,71936.66,100.84634
1775803500.0,71936.66,71988.15,71792.01,71805.38,104.84873
1775804400.0,71805.39,71837.59,71715.41,71716.23,113.44592
1775805300.0,71716.23,71772.95,71697.76,71720.98,101.09417
1775806200.0,71720.98,71779.85,71650.52,71660.79,198.8784
1775807100.0,71660.8,71690.45,71428.0,71481.85,288.97194
1775808000.0,71481.85,71670.0,71426.15,71607.99,341.8986
1775808900.0,71607.99,71690.4,71534.0,71643.27,71.37338
1775809800.0,71643.27,71769.41,71613.64,71700.24,88.51657
1775810700.0,71700.25,71716.96,71500.0,71606.07,123.10241
1775811600.0,71606.08,71701.13,71583.47,71693.5,75.52728
1775812500.0,71693.5,71850.0,71681.16,71765.29,92.98432
1775813400.0,71765.28,71873.0,71747.82,71811.18,61.01849
1775814300.0,71811.18,71839.8,71746.32,71787.41,51.49294
1775815200.0,71787.41,71810.4,71720.98,71810.39,34.92936
1775816100.0,71810.39,71816.04,71711.6,71730.82,46.93823
1775817000.0,71730.82,71822.22,71722.68,71800.01,64.1784
1775817900.0,71800.0,71928.29,71787.9,71910.09,92.58789
1775818800.0,71910.1,72161.59,71903.69,72121.99,104.25689
1775819700.0,72121.99,72218.06,72094.01,72214.39,113.91638
1775820600.0,72214.38,72261.93,72140.67,72186.01,111.37643
1775821500.0,72186.0,72254.15,72103.38,72127.59,91.62609
1775822400.0,72127.59,72207.73,72094.79,72094.8,86.78642
1775823300.0,72094.8,72316.87,72007.5,72174.77,184.74219
1775824200.0,72175.58,72458.0,72042.92,72315.35,333.99492
1775825100.0,72315.35,72401.96,72200.01,72258.68,127.90097
1775826000.0,72258.69,72265.76,72189.44,72214.0,78.11239
1775826900.0,72214.0,72301.98,72161.68,72296.51,90.50476
1775827800.0,72296.51,72409.41,71899.51,72059.72,317.93424
1775828700.0,72059.72,72372.67,72059.72,72321.4,186.71541
1775829600.0,72321.39,72765.99,72258.0,72709.32,623.85459
1775830500.0,72709.31,73073.26,72636.65,72969.98,776.48639
1775831400.0,72969.98,73155.58,72740.79,72865.04,699.45976
1775832300.0,72865.03,72963.05,72703.83,72909.0,262.81906
1775833200.0,72909.0,73123.37,72844.0,73026.4,186.00081
1775834100.0,73026.39,73289.96,72761.32,72782.95,508.29566
1775835000.0,72782.96,72842.0,72596.38,72745.81,356.91354
1775835900.0,72745.8,72763.42,72355.87,72460.51,272.84052
1775836800.0,72460.52,72707.34,72387.41,72695.0,187.28128
1775837700.0,72695.0,72816.26,72575.08,72768.87,186.94622
1775838600.0,72768.87,72799.47,72600.0,72719.54,121.23336
1775839500.0,72719.54,73069.4,72708.89,72992.33,237.62917
1775840400.0,72992.32,73004.85,72802.96,72865.04,116.68587
1775841300.0,72865.04,73029.51,72803.69,72966.97,100.59118
1775842200.0,72966.96,72966.97,72803.16,72918.0,91.79406
1775843100.0,72918.0,73146.0,72918.0,73121.66,145.43413
1775844000.0,73121.66,73136.39,72880.95,73087.79,165.86474
1775844900.0,73087.79,73159.81,72889.54,72983.07,169.44271
1775845800.0,72983.07,73015.01,72916.69,72952.8,114.71172
1775846700.0,72952.79,73110.96,72939.18,73107.07,146.99804
1775847600.0,73107.07,73255.25,73078.0,73175.77,186.27483
1775848500.0,73175.78,73185.0,72990.0,72996.94,123.52372
1775849400.0,72996.94,73017.03,72904.52,72945.98,224.86355
1775850300.0,72945.99,73264.76,72900.0,73236.11,178.87908
1775851200.0,73236.11,73265.25,73130.53,73242.98,272.8121
1775852100.0,73242.98,73275.25,73131.11,73249.2,159.48036
1775853000.0,73249.21,73434.0,73051.97,73240.68,309.01527
1775853900.0,73240.69,73418.0,73150.59,73361.68,130.86093
1775854800.0,73361.68,73364.47,73026.37,73079.24,168.45709
1775855700.0,73079.24,73182.0,73057.66,73096.9,88.19146
1775856600.0,73096.9,73099.61,72934.53,73064.01,320.73562
1775857500.0,73064.0,73204.12,73036.97,73190.67,77.51448
1775858400.0,73190.68,73244.03,73101.91,73157.53,251.84797
1775859300.0,73157.54,73199.0,73000.0,73011.99,193.86756
1775860200.0,73012.0,73024.3,72700.6,72858.2,222.6586
1775861100.0,72858.21,72899.71,72832.78,72877.0,129.97277
1775862000.0,72877.01,72889.35,72791.96,72879.93,316.786
1775862900.0,72879.94,72939.91,72811.25,72892.97,176.85831
1775863800.0,72892.98,72928.59,72840.0,72904.39,204.7671
1775864700.0,72904.39,72967.79,72904.39,72962.7,191.42552
1775865600.0,72962.71,72962.71,72810.62,72871.39,234.79732
1775866500.0,72871.39,72915.16,72817.97,72898.42,416.27199
1775867400.0,72898.43,72938.28,72843.99,72862.4,76.67802
1775868300.0,72862.4,72862.4,72787.94,72828.42,73.79416
1775869200.0,72828.42,72846.68,72771.66,72809.38,64.95065
1775870100.0,72809.38,72835.5,72670.0,72835.5,128.19428
1775871000.0,72835.49,72936.66,72827.12,72854.63,57.84497
1775871900.0,72854.64,72999.99,72854.64,72954.39,69.3103
1775872800.0,72954.39,72999.07,72910.93,72966.26,52.86845
1775873700.0,72966.26,73038.71,72966.25,72993.76,61.64895
1775874600.0,72993.75,73094.89,72976.42,72999.96,121.92963
1775875500.0,72999.95,72999.96,72922.95,72966.57,51.98849
1775876400.0,72966.58,73075.34,72966.57,73044.28,71.05635
1775877300.0,73044.28,73051.34,72994.84,72999.27,35.624
1775878200.0,72999.27,73023.99,72930.0,72980.04,54.96176
1775879100.0,72980.03,72984.99,72814.42,72866.63,65.48733
1775880000.0,72866.62,72954.28,72807.98,72837.99,85.94846
1775880900.0,72838.0,72839.69,72681.9,72731.45,135.08074
1775881800.0,72731.45,72824.76,72731.44,72804.46,50.31173
1775882700.0,72804.46,72825.5,72768.58,72806.08,26.80866
1775883600.0,72806.08,72826.4,72699.98,72709.99,63.21765
1775884500.0,72709.99,72810.15,72679.08,72810.15,51.48841
1775885400.0,72810.16,72836.55,72801.99,72802.0,72.4845
1775886300.0,72802.0,72802.0,72716.58,72722.28,34.98011
1775887200.0,72722.28,72722.29,72612.16,72673.87,200.99483
1775888100.0,72673.87,72731.06,72634.0,72695.04,245.22113
1775889000.0,72695.04,72756.77,72665.34,72727.21,98.41335
1775889900.0,72727.21,72771.32,72715.71,72762.0,45.81408
1775890800.0,72762.01,72777.67,72743.35,72758.34,158.63565
1775891700.0,72758.34,72832.0,72755.72,72799.11,49.10958
1775892600.0,72799.12,72815.63,72737.5,72737.5,46.15676
1775893500.0,72737.5,72745.38,72672.56,72745.38,67.52128
1775894400.0,72745.38,72784.22,72715.13,72770.73,33.64332
1775895300.0,72770.73,72799.57,72740.57,72740.58,41.50752
1775896200.0,72740.58,72760.54,72688.52,72732.87,84.98139
1775897100.0,72732.88,72743.58,72638.44,72664.17,103.54013
1775898000.0,72664.16,72675.71,72617.75,72673.88,97.3454
1775898900.0,72673.89,72900.0,72673.89,72858.96,118.0847
1775899800.0,72858.95,72858.96,72758.13,72829.8,51.17101
1775900700.0,72829.8,72908.0,72829.8,72907.11,40.36241
1775901600.0,72907.12,72915.95,72790.0,72810.14,97.41651
1775902500.0,72810.13,72880.44,72773.6,72872.85,35.14554
1775903400.0,72872.86,72872.86,72760.9,72783.36,49.73485
1775904300.0,72783.36,72847.43,72768.88,72843.71,42.53438
1775905200.0,72843.7,72884.63,72826.37,72865.78,22.46042
1775906100.0,72865.78,72879.86,72826.37,72833.03,26.93373
1775907000.0,72833.03,72848.08,72828.98,72848.08,25.74013
1775907900.0,72848.07,72912.0,72842.3,72907.05,34.5017
1775908800.0,72907.05,72946.1,72887.38,72927.87,48.79784
1775909700.0,72927.87,72949.47,72814.97,72861.86,52.69311
1775910600.0,72861.85,72964.3,72849.2,72962.73,39.79067
1775911500.0,72962.73,72982.4,72920.0,72940.49,38.93594
1775912400.0,72940.5,72940.5,72513.09,72605.99,307.37954
1775913300.0,72605.99,72774.14,72605.98,72616.78,77.99572
1775914200.0,72616.79,72716.56,72578.18,72668.01,46.89331
1775915100.0,72668.0,72706.0,72641.53,72658.07,61.70418
1775916000.0,72658.07,72727.32,72617.8,72704.9,71.33602
1775916900.0,72704.9,72770.91,72700.0,72712.93,37.68768
1775917800.0,72712.93,72715.12,72609.27,72657.3,57.75369
1775918700.0,72657.3,72737.89,72643.38,72704.67,46.06234
1775919600.0,72704.66,72737.89,72678.0,72700.71,38.94178
1775920500.0,72700.72,72896.03,72696.27,72754.02,59.53441
1775921400.0,72754.03,72813.86,72754.03,72771.17,75.4074
1775922300.0,72771.17,72872.54,72733.03,72858.17,72.86029
1775923200.0,72858.18,72872.54,72812.94,72872.54,278.43487
1775924100.0,72872.54,72929.75,72851.68,72882.09,83.02827
1775925000.0,72882.09,73204.74,72866.0,73107.53,179.12979
1775925900.0,73107.54,73200.0,73025.05,73034.33,115.45451
1775926800.0,73034.34,73049.78,72994.47,73002.93,68.35843
1775927700.0,73002.93,73099.61,72942.06,73077.71,54.35619
1775928600.0,73077.7,73169.04,73077.7,73154.44,107.73638
1775929500.0,73154.45,73164.72,73061.03,73095.97,39.11228
1775930400.0,73095.97,73110.73,73032.61,73110.72,23.79161
1775931300.0,73110.73,73244.0,73110.72,73196.53,83.71958
1775932200.0,73196.52,73726.13,73191.24,73463.42,641.28601
1775933100.0,73463.43,73630.0,73430.18,73547.89,107.85981
1775934000.0,73547.9,73790.0,73482.0,73570.0,293.75677
1775934900.0,73570.0,73659.96,73472.38,73618.41,109.78648
1775935800.0,73618.42,73790.0,73618.41,73692.43,126.15502
1775936700.0,73692.43,73692.44,73609.34,73687.15,65.33873
1775937600.0,73687.16,73689.97,73492.63,73493.28,119.83594
1775938500.0,73493.28,73522.28,73402.68,73423.67,81.16267
1775939400.0,73423.68,73423.68,73226.28,73363.35,138.9906
1775940300.0,73363.36,73440.0,73285.22,73290.43,55.50296
1775941200.0,73290.43,73434.89,73200.48,73420.81,95.26204
1775942100.0,73420.82,73444.0,73313.9,73342.44,76.12686
1775943000.0,73342.45,73470.6,73317.4,73437.07,51.09145
1775943900.0,73437.07,73548.08,73406.01,73427.04,144.4599
1775944800.0,73427.04,73541.77,73373.75,73505.47,45.3872
1775945700.0,73505.46,73574.0,73393.96,73442.0,98.2724
1775946600.0,73442.0,73455.91,73234.25,73328.04,147.80324
1775947500.0,73328.05,73387.96,73254.22,73376.01,139.69513
1775948400.0,73376.01,73376.01,72907.4,73045.51,166.19977
1775949300.0,73045.51,73210.0,73035.13,73136.0,55.34483
1775950200.0,73136.0,73176.4,73071.58,73071.72,78.57479
1775951100.0,73071.73,73114.45,73009.45,73043.16,91.4586
1775952000.0,73043.16,73071.33,72873.25,73015.01,158.10394
1775952900.0,73015.0,73107.31,72931.39,73090.0,89.41009
1775953800.0,73090.0,73117.32,72984.73,73016.0,55.26497
1775954700.0,73016.0,73092.51,73009.99,73079.96,87.67962
1775955600.0,73079.96,73137.24,72981.54,73077.99,55.47749
1775956500.0,73077.99,73088.17,72994.15,73017.61,27.7598
1775957400.0,73017.62,73017.62,71555.0,71735.99,1295.00024
1775958300.0,71736.0,71736.0,71310.0,71643.69,693.86449
1775959200.0,71643.69,71857.08,71352.47,71789.64,316.85785
1775960100.0,71789.65,71982.46,71678.46,71780.19,264.38822
1775961000.0,71780.2,71932.2,71780.19,71891.77,110.99656
1775961900.0,71891.77,71903.7,71761.34,71761.35,147.11359
1775962800.0,71761.35,71861.33,71638.76,71750.09,238.11
1775963700.0,71750.19,71772.48,71619.21,71728.0,251.64464
1775964600.0,71728.0,71759.92,71600.04,71673.03,123.1517
1775965500.0,71673.03,71698.0,71593.18,71593.19,177.30267
1775966400.0,71593.18,71685.31,71519.0,71589.95,145.30917
1775967300.0,71589.94,71637.78,71488.4,71514.23,159.14071
1775968200.0,71514.22,71594.68,71477.62,71560.54,109.37269
1775969100.0,71560.54,71578.52,71444.68,71466.53,197.68434
1775970000.0,71466.53,71578.51,71417.22,71508.35,97.91065
1775970900.0,71508.35,71688.42,71488.07,71672.46,75.0717
1775971800.0,71672.46,71724.12,71623.88,71649.43,244.13786
1775972700.0,71649.44,71781.0,71649.18,71710.2,250.64817
1775973600.0,71710.19,71753.33,71691.19,71738.1,159.19536
1775974500.0,71738.11,71744.22,71657.88,71710.18,67.32693
1775975400.0,71710.17,71710.17,71650.0,71658.0,81.69957
1775976300.0,71658.0,71687.61,71633.77,71668.01,68.88426
1775977200.0,71668.01,71681.21,71588.57,71620.82,81.36685
1775978100.0,71620.82,71654.76,71605.43,71630.0,49.30275
1775979000.0,71630.0,71742.27,71624.0,71739.13,47.10274
1775979900.0,71739.14,71747.31,71649.01,71665.0,135.56674
1775980800.0,71664.99,71710.69,71632.56,71644.28,430.62595
1775981700.0,71644.28,71711.25,71637.82,71695.0,30.06875
1775982600.0,71695.01,71805.85,71680.37,71747.31,303.64721
1775983500.0,71747.31,71747.31,71595.0,71629.21,158.02171
1775984400.0,71629.21,71633.01,71541.0,71591.73,150.55887
1775985300.0,71591.74,71622.91,71582.67,71592.1,53.01979
1775986200.0,71592.11,71632.43,71561.41,71576.69,36.43409
1775987100.0,71576.69,71582.0,71488.45,71531.94,132.11706
1775988000.0,71531.95,71682.72,71510.44,71630.0,57.18963
1775988900.0,71630.01,71659.31,71610.96,71612.01,48.56965
1775989800.0,71612.0,71612.0,71510.65,71519.54,51.68489
1775990700.0,71519.54,71522.08,71357.76,71452.89,117.34248
1775991600.0,71452.89,71542.89,71412.57,71516.79,79.35963
1775992500.0,71516.78,71556.12,71480.22,71517.84,58.42802
1775993400.0,71517.84,71523.93,71420.67,71449.14,33.05446
1775994300.0,71449.14,71486.29,71433.76,71468.55,40.69392
1775995200.0,71468.54,71468.54,71332.17,71394.03,112.47785
1775996100.0,71394.02,71450.0,71373.99,71415.0,53.3204
1775997000.0,71415.0,71500.0,71337.53,71488.23,88.86314
1775997900.0,71488.24,71488.24,71077.44,71084.01,353.46334
1775998800.0,71084.01,71146.03,70912.65,70985.84,408.0814
1775999700.0,70985.84,71116.33,70985.84,71048.49,107.99246
1776000600.0,71048.49,71093.25,70940.73,70984.8,81.02583
1776001500.0,70984.8,71009.99,70866.82,70889.42,111.72509
1776002400.0,70889.42,71027.75,70867.14,70990.0,106.08064
1776003300.0,70990.0,71092.78,70989.99,71077.24,85.43982
1776004200.0,71077.24,71088.84,70770.23,70844.92,167.28369
1776005100.0,70844.92,70884.82,70700.0,70748.34,183.13619
1776006000.0,70748.34,70844.27,70740.94,70838.08,115.37505
1776006900.0,70838.08,70850.0,70719.94,70720.21,97.92454
1776007800.0,70720.21,70896.55,70604.07,70872.37,208.79171
1776008700.0,70872.38,70932.0,70852.24,70892.03,80.34064
1776009600.0,70892.04,70959.51,70849.11,70935.4,98.66945
1776010500.0,70935.39,70943.78,70821.05,70925.98,74.71665
1776011400.0,70925.99,70950.0,70844.92,70876.92,36.76834
1776012300.0,70876.91,70939.46,70822.44,70936.27,49.79439
1776013200.0,70936.27,70999.5,70900.0,70900.0,75.64404
1776014100.0,70900.01,71007.05,70900.0,70997.06,64.72519
1776015000.0,70997.05,71020.01,70952.39,71014.75,65.65208
1776015900.0,71014.74,71202.0,70927.27,71140.51,116.71129
1776016800.0,71140.51,71182.0,71056.2,71175.75,68.58796
1776017700.0,71175.75,71214.08,71065.16,71091.42,50.9876
1776018600.0,71091.42,71205.31,71091.41,71119.42,35.07843
1776019500.0,71119.42,71158.29,71104.55,71137.64,21.5721
1776020400.0,71137.65,71222.58,71133.63,71133.64,40.78335
1776021300.0,71133.64,71165.88,71123.8,71165.86,13.21279
1776022200.0,71165.86,71165.87,71081.6,71102.47,75.01575
1776023100.0,71102.47,71118.16,71078.76,71084.18,104.06685
1776024000.0,71084.18,71106.76,70991.27,71017.36,53.37466
1776024900.0,71017.36,71065.5,70956.83,71057.29,320.4204
1776025800.0,71057.29,71440.0,71057.29,71321.85,141.73553
1776026700.0,71321.85,71374.61,71227.52,71335.43,106.74002
1776027600.0,71335.43,71452.0,71163.01,71220.52,102.43567
1776028500.0,71220.52,71323.85,71220.51,71304.27,47.85538
1776029400.0,71304.27,71355.57,71228.11,71311.59,35.61062
1776030300.0,71311.58,71364.02,71215.05,71364.02,49.03575
1776031200.0,71364.03,71367.85,70700.0,70948.05,420.68991
1776032100.0,70948.05,70961.69,70538.53,70667.02,217.52404
1776033000.0,70667.01,70927.32,70505.88,70817.47,184.8007
1776033900.0,70817.47,70934.92,70783.97,70912.73,85.93404
1776034800.0,70912.73,70912.73,70632.51,70632.51,115.97105
1776035700.0,70632.51,70760.74,70600.0,70719.47,228.92436
1776036600.0,70719.48,70733.28,70571.66,70733.27,86.3517
1776037500.0,70733.27,70790.02,70592.29,70740.98,79.09366
1776038400.0,70741.56,70916.96,70615.3,70916.18,153.04254
1776039300.0,70916.18,71089.6,70831.13,70982.39,175.67721
1776040200.0,70982.39,71129.31,70954.72,71063.99,134.62938
1776041100.0,71064.0,71262.63,71019.48,71172.62,83.39071
1776042000.0,71172.63,71227.28,71098.28,71132.95,241.70528
1776042900.0,71132.95,71166.69,71055.9,71100.72,355.8705
1776043800.0,71100.71,71201.56,71027.26,71147.76,75.51973
1776044700.0,71147.77,71225.5,71119.42,71197.64,47.18303
1776045600.0,71197.64,71258.72,70986.71,71001.38,62.01626
1776046500.0,71001.38,71259.57,71001.38,71223.66,72.60698
1776047400.0,71223.67,71271.78,71038.49,71042.64,75.2563
1776048300.0,71042.63,71081.12,70994.99,71073.14,60.83318
1776049200.0,71073.14,71118.71,70992.53,71056.97,132.15426
1776050100.0,71056.97,71155.42,71000.0,71029.55,93.28912
1776051000.0,71029.55,71056.28,70917.27,70973.43,69.86667
1776051900.0,70973.43,71000.0,70929.14,70976.0,53.60605
1776052800.0,70975.99,71000.0,70907.28,70951.74,72.56243
1776053700.0,70951.74,71043.87,70914.68,71029.98,116.19168
1776054600.0,71029.97,71144.0,71023.5,71023.5,274.20237
1776055500.0,71023.5,71023.51,70854.29,70890.3,121.5166
1776056400.0,70890.3,70920.0,70787.86,70823.44,201.75363
1776057300.0,70823.45,70871.77,70766.4,70860.01,84.43824
1776058200.0,70860.01,70860.01,70672.72,70747.21,131.52844
1776059100.0,70747.21,70889.24,70747.21,70878.82,115.74914
1776060000.0,70878.82,71010.66,70878.82,71000.37,161.1389
1776060900.0,71000.36,71070.0,70980.18,71017.97,198.88242
1776061800.0,71017.96,71046.78,70998.46,71046.77,136.94636
1776062700.0,71046.78,71106.54,71017.56,71017.66,200.0515
1776063600.0,71017.66,71067.91,70888.0,70896.13,95.1877
1776064500.0,70896.12,70906.68,70686.03,70704.0,166.94424
1776065400.0,70704.0,70810.23,70685.25,70778.76,311.49892
1776066300.0,70778.76,70841.43,70762.92,70813.88,285.50892
1776067200.0,70813.88,70861.01,70707.27,70730.55,51.67915
1776068100.0,70730.55,70822.34,70651.3,70761.0,84.64632
1776069000.0,70761.01,70761.01,70592.53,70600.01,115.51812
1776069900.0,70600.01,70697.6,70566.99,70680.7,82.28159
1776070800.0,70680.7,70910.68,70680.7,70715.54,114.80444
1776071700.0,70715.54,70816.99,70678.0,70789.38,68.91314
1776072600.0,70789.38,70832.19,70760.01,70789.41,46.22568
1776073500.0,70789.4,70807.96,70749.99,70792.88,20.64105
1776074400.0,70792.89,70846.9,70762.43,70820.72,36.80478
1776075300.0,70820.72,70820.72,70718.0,70768.58,54.88104
1776076200.0,70768.59,70835.11,70688.28,70771.83,50.22764
1776077100.0,70771.83,70805.76,70709.63,70755.88,36.08285
1776078000.0,70755.89,70875.24,70736.29,70870.78,60.67317
1776078900.0,70870.79,70906.67,70842.48,70866.32,45.64798
1776079800.0,70866.32,70950.0,70806.22,70936.04,75.71566
1776080700.0,70936.03,70997.12,70915.2,70929.68,78.30218
1776081600.0,70929.68,71061.21,70841.35,70965.7,128.38723
1776082500.0,70965.69,70993.77,70862.06,70862.06,61.82335
1776083400.0,70862.07,70905.56,70758.5,70836.58,106.48371
1776084300.0,70836.58,71219.8,70836.57,71074.91,163.43471
1776085200.0,71074.92,71200.0,71071.85,71199.99,117.47554
1776086100.0,71200.0,71267.74,71111.95,71185.04,182.99161
1776087000.0,71185.04,71227.08,70818.57,71038.44,324.76665
1776087900.0,71038.43,71700.82,70953.29,71662.65,919.51075
1776088800.0,71662.65,71768.0,71454.84,71622.24,336.57127
1776089700.0,71622.25,71740.0,71375.24,71639.99,582.10254
1776090600.0,71640.0,72000.0,71600.0,71989.14,474.49157
1776091500.0,71989.13,72401.0,71866.95,72400.15,705.07236
1776092400.0,72400.15,72464.28,71912.96,71951.39,469.12863
1776093300.0,71951.4,72017.19,71850.94,71955.68,228.42944
1776094200.0,71955.67,71955.67,71652.65,71837.57,474.09672
1776095100.0,71837.56,71931.19,71728.08,71866.59,170.68301
1776096000.0,71866.59,72044.16,71679.8,72030.33,261.19403
1776096900.0,72030.33,72270.0,71922.0,72244.41,282.011
1776097800.0,72244.42,72370.0,72166.06,72301.56,626.14498
1776098700.0,72301.56,72437.25,72066.89,72202.36,344.84403
1776099600.0,72202.37,72433.33,72137.96,72300.39,417.06871
1776100500.0,72300.38,72444.18,72278.93,72444.17,407.76679
1776101400.0,72444.18,72600.0,72378.8,72444.15,383.28396
1776102300.0,72444.15,72500.0,72069.01,72148.87,445.52777
1776103200.0,72148.87,72216.93,72077.59,72191.22,329.61768
1776104100.0,72191.22,72274.0,72053.78,72173.37,319.31127
1776105000.0,72173.37,72421.94,72173.36,72334.19,180.25375
1776105900.0,72334.19,72460.42,72306.33,72424.86,136.77669
1776106800.0,72424.86,72428.85,72298.93,72318.67,123.57831
1776107700.0,72318.67,72908.0,72318.67,72853.59,861.55707
1776108600.0,72853.6,73200.22,72829.98,73015.75,1073.17913
1776109500.0,73015.75,73480.0,73015.75,73322.82,574.63614
1776110400.0,73322.0,73394.37,73040.36,73060.0,374.63672
1776111300.0,73060.0,73161.18,73007.08,73097.0,275.75494
1776112200.0,73097.0,73277.23,73064.18,73219.63,234.94733
1776113100.0,73219.63,73250.0,73071.21,73149.36,196.2315
1776114000.0,73149.36,73306.66,73072.85,73224.02,140.77974
1776114900.0,73224.03,73284.0,73117.96,73127.2,86.75925
1776115800.0,73127.19,73368.08,73106.75,73265.68,89.78547
1776116700.0,73265.69,73290.71,73179.7,73179.71,70.57781
1776117600.0,73179.71,73900.0,73172.01,73753.26,548.45103
1776118500.0,73753.26,74465.0,73753.26,74134.65,1542.91185
1776119400.0,74134.65,74350.96,74052.72,74259.99,415.98314
1776120300.0,74260.0,74746.61,74152.47,74627.04,791.26154
1776121200.0,74627.04,74900.0,74448.54,74653.32,456.74525
1776122100.0,74653.32,74805.6,74531.75,74730.84,590.62361
1776123000.0,74730.84,74877.48,74547.51,74562.65,328.97798
1776123900.0,74562.65,74598.23,74405.64,74417.99,289.79521
1776124800.0,74418.0,74517.31,74231.11,74338.01,353.56066
1776125700.0,74338.01,74463.54,74218.55,74259.61,344.82137
1776126600.0,74259.61,74446.35,74165.22,74422.87,240.36886
1776127500.0,74422.87,74425.44,74102.39,74163.82,337.70769
1776128400.0,74163.82,74300.0,73954.86,74299.99,432.1032
1776129300.0,74299.99,74400.0,74219.69,74297.5,478.27547
1776130200.0,74297.5,74329.99,74233.35,74322.27,75.10559
1776131100.0,74322.27,74431.0,74322.27,74386.02,79.67884
1776132000.0,74386.03,74490.94,74359.99,74487.41,214.75767
1776132900.0,74487.4,74579.32,74395.53,74395.53,153.934
1776133800.0,74395.53,74458.81,74283.2,74429.98,79.97952
1776134700.0,74429.99,74439.07,74311.05,74330.98,149.37998
1776135600.0,74330.99,74412.0,74293.19,74342.81,243.38557
1776136500.0,74343.1,74364.57,74252.35,74292.0,202.29718
1776137400.0,74291.99,74496.9,74278.85,74472.9,124.56009
1776138300.0,74472.89,74485.99,74397.97,74444.43,76.12662
1776139200.0,74444.44,74500.0,74384.09,74466.56,76.05749
1776140100.0,74466.56,74498.93,74432.68,74494.0,184.77485
1776141000.0,74493.99,74504.52,74358.62,74378.93,167.50394
1776141900.0,74378.94,74436.79,74351.55,74387.85,55.96935
1776142800.0,74387.85,74387.86,74300.01,74325.0,139.54383
1776143700.0,74324.99,74434.41,74306.04,74339.78,182.27706
1776144600.0,74339.78,74359.63,74271.1,74290.74,214.15665
1776145500.0,74290.73,74298.24,74150.6,74210.11,302.43207
1776146400.0,74210.12,74350.0,74210.12,74328.27,130.75149
1776147300.0,74328.28,74446.45,74313.39,74386.89,81.64069
1776148200.0,74386.88,74449.1,74348.66,74374.99,171.47441
1776149100.0,74375.0,74550.0,74374.99,74522.73,230.70493
1776150000.0,74522.72,74924.64,74430.92,74775.02,561.24394
1776150900.0,74775.03,74796.49,74615.0,74669.73,143.06414
1776151800.0,74669.73,74685.25,74491.52,74493.32,441.78598
1776152700.0,74493.32,74555.9,74461.55,74546.0,310.45953
1776153600.0,74545.99,74600.01,74460.64,74541.44,126.61552
1776154500.0,74541.44,74639.54,74504.31,74639.53,148.01797
1776155400.0,74639.54,74910.0,74626.0,74653.38,347.56408
1776156300.0,74653.39,74843.28,74595.79,74750.0,316.10139
1776157200.0,74750.0,74797.94,74654.03,74796.0,179.97549
1776158100.0,74796.0,74830.93,74629.26,74670.46,156.0312
1776159000.0,74670.46,74694.17,74500.26,74510.87,145.67854
1776159900.0,74510.88,74542.0,74435.12,74500.0,84.17947
1776160800.0,74500.0,74555.01,74452.22,74548.04,60.81976
1776161700.0,74548.05,74592.53,74500.0,74558.33,78.78142
1776162600.0,74558.32,74617.92,74352.46,74358.88,216.97059
1776163500.0,74358.88,74435.74,74333.46,74350.01,183.61135
1776164400.0,74350.01,74431.74,74322.54,74393.5,200.02202
1776165300.0,74393.49,74450.63,74356.99,74356.99,93.66197
1776166200.0,74357.0,74396.55,74321.28,74324.36,174.32868
1776167100.0,74324.36,74450.63,74307.35,74376.52,185.34552
1776168000.0,74376.52,74430.79,74292.0,74306.93,117.42415
1776168900.0,74306.93,74419.32,74277.19,74293.55,140.38405
1776169800.0,74293.54,74406.63,74292.7,74307.87,101.32373
1776170700.0,74307.87,74485.06,74307.87,74452.0,154.38625
1776171600.0,74452.0,74613.13,74407.74,74576.51,160.85028
1776172500.0,74576.52,74732.94,74500.0,74500.01,184.51915
1776173400.0,74500.0,75241.3,74500.0,75188.5,1437.17679
1776174300.0,75188.5,75532.94,75068.0,75525.94,1464.24117
1776175200.0,75525.94,75627.2,75329.55,75573.99,1302.3397
1776176100.0,75573.99,75861.32,75500.0,75855.08,918.4387
1776177000.0,75855.08,76038.0,75231.02,75376.44,1528.20974
1776177900.0,75376.45,75408.33,75013.61,75013.62,608.57292
1776178800.0,75013.61,75122.34,74564.34,74756.43,642.84099
1776179700.0,74756.43,74940.95,74684.0,74811.86,364.81674
1776180600.0,74811.86,75310.81,74800.0,75284.0,448.18378
1776181500.0,75284.0,75441.99,75167.82,75317.07,205.76261
1776182400.0,75317.06,75688.0,75310.15,75489.99,460.97392
1776183300.0,75489.99,75496.0,75185.1,75253.23,157.72725
1776184200.0,75253.23,75287.31,75100.34,75208.5,232.59184
1776185100.0,75208.5,75233.07,74527.02,74652.2,414.16424
1776186000.0,74652.2,74821.52,74580.64,74793.84,229.3183
1776186900.0,74793.84,74948.78,74632.22,74632.23,168.78122
1776187800.0,74632.23,74689.99,74244.63,74550.05,377.90961
1776188700.0,74550.05,74766.0,74544.0,74748.9,209.96987
1776189600.0,74748.89,74814.99,74613.71,74676.0,110.48056
1776190500.0,74675.99,74744.0,74444.75,74524.36,311.02509
1776191400.0,74524.36,74570.38,74150.0,74298.3,270.82163
1776192300.0,74298.29,74343.57,73795.47,74093.19,921.65234
1776193200.0,74093.18,74398.43,74057.19,74262.61,284.003
1776194100.0,74262.6,74368.63,73882.79,74160.34,237.69875
1776195000.0,74160.34,74273.67,74038.01,74119.19,268.66218
1776195900.0,74119.19,74266.55,74089.53,74223.18,264.32953
1776196800.0,74223.3,74434.33,74220.64,74413.65,168.71937
1776197700.0,74413.66,74431.58,74124.0,74187.72,83.52237
1776198600.0,74187.72,74276.0,74134.85,74250.0,53.24843
1776199500.0,74249.99,74301.69,74015.53,74102.29,128.76254
1776200400.0,74102.28,74294.0,74102.28,74206.8,63.86695
1776201300.0,74206.8,74206.81,74055.0,74125.99,78.06839
1776202200.0,74125.99,74146.68,73951.64,74016.8,120.41867
1776203100.0,74016.8,74320.44,73986.01,74277.15,118.70963
1776204000.0,74277.16,74373.19,74132.14,74310.94,174.37966
1776204900.0,74310.93,74310.93,73902.34,73911.82,141.73976
1776205800.0,73911.83,74085.62,73806.09,73970.0,175.81349
1776206700.0,73970.0,74123.94,73964.07,74023.15,146.81312
1776207600.0,74023.16,74160.82,74001.08,74094.8,148.36703
1776208500.0,74094.8,74222.31,74050.0,74107.38,146.46007
1776209400.0,74107.38,74206.15,74037.12,74136.15,172.99248
1776210300.0,74136.16,74232.83,74035.92,74131.55,233.89489
1776211200.0,74131.55,74677.19,74126.32,74542.32,275.27521
1776212100.0,74542.33,74642.78,74392.38,74584.95,232.89601
1776213000.0,74584.95,74606.0,74445.15,74554.89,241.53906
1776213900.0,74554.89,74597.44,74434.51,74568.36,125.28837
1776214800.0,74568.37,74751.72,74512.47,74742.65,148.5356
1776215700.0,74742.66,74786.72,74589.8,74677.06,92.78185
1776216600.0,74677.69,74702.93,74500.0,74634.94,124.32831
1776217500.0,74634.93,74747.8,74579.39,74613.28,77.52162
1776218400.0,74613.28,74697.47,74526.27,74543.15,95.00601
1776219300.0,74543.16,74599.65,74328.8,74348.57,103.27165
1776220200.0,74348.57,74356.7,74188.0,74276.59,247.6402
1776221100.0,74276.6,74350.0,74195.39,74322.0,61.03866
1776222000.0,74322.01,74327.4,74214.16,74226.08,61.94873
1776222900.0,74226.07,74371.1,74173.75,74299.65,78.75598
1776223800.0,74299.64,74341.4,74207.19,74233.7,98.88904
1776224700.0,74233.69,74372.84,74220.5,74345.97,78.02737
1776225600.0,74345.98,74434.51,74335.39,74344.14,128.58882
1776226500.0,74344.14,74400.0,74300.0,74318.14,135.4035
1776227400.0,74318.13,74410.15,74273.23,74332.16,213.12496
1776228300.0,74332.15,74350.32,74261.47,74340.38,183.35577
1776229200.0,74340.38,74434.0,74197.27,74207.36,124.12288
1776230100.0,74207.36,74234.0,74000.0,74013.83,153.50857
1776231000.0,74013.83,74034.5,73864.01,73948.83,168.25225
1776231900.0,73948.83,74037.63,73907.73,74021.5,96.16095
1776232800.0,74021.5,74048.95,73909.99,73938.0,151.85125
1776233700.0,73938.0,74021.54,73910.0,73925.09,85.4655
1776234600.0,73925.09,74000.0,73896.27,73999.99,96.70147
1776235500.0,74000.0,74018.95,73855.49,73891.62,85.07186
1776236400.0,73891.62,74016.67,73814.93,73913.7,532.77129
1776237300.0,73913.71,73913.71,73592.36,73711.33,402.03672
1776238200.0,73711.33,73713.25,73575.01,73593.15,183.99055
1776239100.0,73593.14,73781.63,73514.0,73730.43,333.00596
1776240000.0,73730.43,73849.47,73675.96,73846.59,123.44424
1776240900.0,73846.6,73992.24,73839.02,73990.51,90.4187
1776241800.0,73990.5,74172.52,73972.47,74094.97,154.10428
1776242700.0,74094.97,74181.9,74033.01,74110.51,164.86749
1776243600.0,74110.52,74176.49,73960.13,74029.5,220.04009
1776244500.0,74029.51,74083.64,73930.97,73957.34,51.80582
1776245400.0,73957.34,74004.81,73909.49,73966.0,44.79329
1776246300.0,73966.01,74024.94,73925.03,74011.69,46.5787
1776247200.0,74011.7,74179.26,73984.31,74109.49,89.72268
1776248100.0,74109.5,74115.46,73884.69,73904.46,114.90258
1776249000.0,73904.45,74051.65,73789.5,74051.65,184.37281
1776249900.0,74051.65,74250.0,73831.12,73864.75,159.8894
1776250800.0,73864.76,74088.77,73864.76,74023.5,116.26612
1776251700.0,74023.51,74023.51,73928.9,73956.41,42.94653
1776252600.0,73956.41,74057.37,73940.01,74049.21,49.48567
1776253500.0,74049.21,74256.44,74034.0,74201.78,236.03458
1776254400.0,74201.78,74255.01,74051.64,74201.76,226.91297
1776255300.0,74201.76,74257.7,74119.0,74177.1,53.3661
1776256200.0,74177.1,74466.1,74177.09,74333.96,167.88209
1776257100.0,74333.96,74370.01,74273.77,74273.77,119.28413
1776258000.0,74273.77,74376.81,74182.17,74322.02,125.44985
1776258900.0,74322.01,74434.51,74250.0,74398.09,86.89994
1776259800.0,74398.09,74417.04,73861.84,73879.18,318.76035
1776260700.0,73879.18,74134.06,73817.23,74063.92,145.24891
1776261600.0,74063.91,74154.48,73830.0,74154.48,154.44336
1776262500.0,74154.47,74506.84,74129.87,74429.99,278.95853
1776263400.0,74429.99,74462.95,73919.33,73962.75,236.00368
1776264300.0,73962.76,74257.3,73954.89,74151.81,88.36012
1776265200.0,74151.81,74299.07,73976.0,74275.11,178.924
1776266100.0,74274.27,74298.02,73985.29,74026.71,83.5111
1776267000.0,74026.71,74026.72,73580.85,73853.38,368.59591
1776267900.0,73853.38,73991.28,73733.39,73844.08,112.26031
1776268800.0,73844.07,74017.63,73762.89,74010.35,92.66963
1776269700.0,74010.35,74176.0,73978.41,74095.13,160.16938
1776270600.0,74095.13,74157.42,73866.25,73899.17,152.19882
1776271500.0,73899.17,74024.0,73820.46,73941.09,142.81153
1776272400.0,73941.09,74110.22,73915.48,74038.84,224.18885
1776273300.0,74038.84,74242.0,73959.73,74116.23,138.86733
1776274200.0,74116.23,74191.31,73916.96,73980.0,143.23825
1776275100.0,73980.0,74173.36,73936.44,74134.95,87.14809
1776276000.0,74134.95,74306.78,74073.61,74283.8,145.68727
1776276900.0,74283.79,74360.0,74149.99,74202.93,157.80266
1776277800.0,74202.94,74327.27,74195.52,74311.69,53.88154
1776278700.0,74311.7,74399.75,74284.29,74390.29,49.71951
1776279600.0,74390.29,74712.36,74355.46,74644.74,286.84244
1776280500.0,74644.74,74720.0,74561.85,74719.99,110.33964
1776281400.0,74719.99,75281.0,74719.99,75068.15,513.55943
1776282300.0,75068.15,75136.9,74939.92,75002.6,269.24926
1776283200.0,75002.6,75039.92,74590.3,74668.55,212.08245
1776284100.0,74668.54,74779.16,74512.06,74766.13,136.97396
1776285000.0,74766.14,74914.28,74633.57,74738.77,111.91479
1776285900.0,74738.77,74874.0,74725.31,74841.68,109.12772
1776286800.0,74841.67,74855.16,74724.36,74724.37,76.38802
1776287700.0,74724.36,74724.37,74588.89,74639.56,85.48427
1776288600.0,74639.56,74815.36,74540.23,74730.02,95.61943
1776289500.0,74730.01,74824.65,74706.26,74743.1,53.16863
1776290400.0,74743.1,75156.62,74740.02,75040.14,176.19953
1776291300.0,75040.15,75057.31,74900.0,74990.54,104.89513
1776292200.0,74990.54,75425.0,74918.34,75054.01,232.08963
1776293100.0,75054.0,75200.0,74912.05,74964.0,140.76572
1776294000.0,74964.01,74964.01,74706.0,74748.92,149.82116
1776294900.0,74748.92,74764.0,74650.0,74737.87,53.50952
1776295800.0,74737.88,74779.16,74620.95,74656.21,48.53381
1776296700.0,74656.2,74858.86,74656.18,74809.99,59.40397
1776297600.0,74809.99,74829.89,74607.54,74607.54,90.37375
1776298500.0,74607.54,74660.4,74451.49,74595.58,143.86967
1776299400.0,74595.59,74874.93,74595.59,74770.18,216.27287
1776300300.0,74770.17,74847.88,74690.48,74815.1,186.43236
1776301200.0,74815.09,74815.09,74454.09,74568.23,99.02261
1776302100.0,74568.24,74688.0,74520.3,74617.47,40.47837
1776303000.0,74617.47,74702.0,74583.91,74688.0,42.25989
1776303900.0,74687.99,74710.0,74560.0,74657.66,58.89061
1776304800.0,74657.67,74750.0,74601.27,74678.54,90.98847
1776305700.0,74678.54,74905.91,74610.59,74896.51,109.54222
1776306600.0,74896.52,75245.5,74896.51,75197.93,252.55609
1776307500.0,75197.93,75267.85,74810.17,74887.24,136.56937
1776308400.0,74887.23,75125.4,74876.37,74955.38,167.21811
1776309300.0,74955.07,75159.26,74955.06,75037.84,140.62007
1776310200.0,75037.85,75048.0,74950.75,74965.68,52.02546
1776311100.0,74965.68,74981.32,74865.5,74888.21,110.85602
1776312000.0,74888.21,75010.0,74839.51,74940.11,93.24191
1776312900.0,74940.11,74975.4,74881.32,74921.99,80.34074
1776313800.0,74922.0,75174.38,74871.86,75109.36,117.77389
1776314700.0,75109.36,75109.36,74728.0,74944.15,222.15532
1776315600.0,74944.15,75009.99,74900.0,74913.89,61.72557
1776316500.0,74913.89,75106.92,74900.0,75070.23,65.12915
1776317400.0,75070.23,75139.82,75016.78,75055.51,140.69322
1776318300.0,75055.51,75079.98,75006.37,75043.48,91.46423
1776319200.0,75043.47,75115.12,75004.73,75009.79,166.43904
1776320100.0,75009.8,75082.86,75005.25,75020.18,126.14267
1776321000.0,75020.17,75027.19,74853.72,74940.92,131.54194
1776321900.0,74940.92,75045.03,74909.47,75045.01,180.71919
1776322800.0,75045.01,75082.78,74889.31,74905.19,203.99755
1776323700.0,74905.2,74937.77,74866.9,74903.01,186.75534
1776324600.0,74903.01,74905.19,74828.0,74859.84,103.34478
1776325500.0,74859.84,74859.85,74636.0,74707.03,213.96323
1776326400.0,74707.02,74744.35,74500.0,74520.72,290.43522
1776327300.0,74520.72,74731.44,74520.72,74688.78,206.37968
1776328200.0,74688.78,74730.54,74555.08,74672.37,98.66982
1776329100.0,74672.38,74737.0,74647.17,74677.91,74.37738
1776330000.0,74677.91,74753.48,74619.91,74747.3,77.07403
1776330900.0,74747.29,74901.5,74747.29,74824.36,70.2968
1776331800.0,74824.37,74851.74,74693.42,74697.89,98.32579
1776332700.0,74697.88,74719.8,74594.01,74594.02,70.57035
1776333600.0,74594.02,74653.12,74398.0,74424.38,174.0505
1776334500.0,74424.37,74524.45,74310.51,74460.66,120.54805
1776335400.0,74460.66,74514.49,74380.0,74394.0,82.57644
1776336300.0,74394.0,74412.13,74277.34,74313.0,149.3557
1776337200.0,74312.99,74381.86,74285.0,74322.54,61.38293
1776338100.0,74322.54,74384.67,74285.01,74378.97,53.63311
1776339000.0,74378.96,74663.27,74345.93,74453.88,967.89665
1776339900.0,74453.88,74598.17,74438.98,74574.79,91.70091
1776340800.0,74574.8,74872.0,74574.79,74748.87,175.91928
1776341700.0,74748.88,74805.67,74676.97,74713.25,61.55062
1776342600.0,74713.26,74749.4,74607.52,74664.66,74.91102
1776343500.0,74664.65,74664.66,74580.0,74624.0,217.17877
1776344400.0,74624.01,74851.9,74590.64,74819.06,105.77843
1776345300.0,74819.05,75014.66,74796.83,74975.5,192.8379
1776346200.0,74975.5,75030.39,74485.07,74601.26,420.00497
1776347100.0,74601.26,74606.23,73309.85,73788.03,1110.31601
1776348000.0,73788.03,73970.37,73588.37,73836.01,431.24816
1776348900.0,73836.0,73898.85,73426.94,73781.35,451.6521
1776349800.0,73781.35,74043.76,73767.47,73970.76,233.64678
1776350700.0,73970.75,74197.32,73850.46,73973.33,214.77113
1776351600.0,73973.33,74444.73,73934.44,74308.0,333.0217
1776352500.0,74308.01,74419.48,74189.53,74189.61,228.51803
1776353400.0,74189.61,74878.99,74168.08,74549.34,715.14134
1776354300.0,74549.34,74786.69,74457.83,74697.19,243.52769
1776355200.0,74697.2,74932.0,74642.0,74658.58,174.8448
1776356100.0,74658.59,74872.0,74568.58,74570.37,214.58984
1776357000.0,74570.37,74633.11,74221.71,74324.81,219.19056
1776357900.0,74324.81,74416.42,74063.0,74175.57,153.73185
1776358800.0,74175.58,74200.0,73963.23,73963.24,204.12953
1776359700.0,73963.23,74275.08,73912.23,74219.59,217.75049
1776360600.0,74219.52,74407.11,74096.01,74377.93,191.78873
1776361500.0,74377.93,74438.31,74197.42,74343.25,137.52575
1776362400.0,74343.25,74527.87,74240.0,74410.89,134.72699
1776363300.0,74410.88,74493.1,74274.36,74406.91,112.65391
1776364200.0,74406.9,74586.02,74366.26,74578.25,165.79109
1776365100.0,74578.26,75089.0,74578.25,75026.71,367.46239
1776366000.0,75026.71,75098.96,74717.97,74823.97,321.75626
1776366900.0,74823.98,75066.84,74789.5,75018.57,146.44967
1776367800.0,75018.0,75309.96,74970.0,75232.0,338.59978
1776368700.0,75232.0,75410.71,75216.67,75342.99,396.56836
1776369600.0,75343.0,75534.76,75240.72,75415.24,421.23449
1776370500.0,75415.24,75431.54,75102.0,75195.37,82.98189
1776371400.0,75195.37,75195.38,75001.0,75078.6,99.08281
1776372300.0,75078.61,75249.74,75040.73,75223.47,58.41925
1776373200.0,75223.48,75286.51,75143.34,75143.34,90.3438
1776374100.0,75143.34,75160.0,74789.5,74924.0,147.53315
1776375000.0,74923.99,74997.03,74841.54,74940.23,95.99664
1776375900.0,74940.24,75010.57,74902.86,74934.24,117.71074
1776376800.0,74934.24,75117.0,74934.24,74971.1,75.96203
1776377700.0,74971.1,74986.99,74833.14,74925.23,78.28061
1776378600.0,74925.24,74986.0,74888.17,74925.54,39.31098
1776379500.0,74925.53,74969.96,74833.14,74867.92,38.79642
1776380400.0,74867.92,75023.83,74840.92,74979.21,57.53566
1776381300.0,74979.2,75126.88,74914.6,75024.49,62.08137
1776382200.0,75024.49,75177.76,75011.51,75136.48,60.0712
1776383100.0,75136.48,75173.75,75050.0,75154.29,45.08573
1776384000.0,75154.28,75154.77,74950.0,74959.0,87.63455
1776384900.0,74959.0,75000.0,74886.82,74996.66,160.44171
1776385800.0,74996.67,75108.0,74959.24,74959.24,63.84522
1776386700.0,74959.24,74982.0,74898.1,74944.98,484.45207
1776387600.0,74944.99,75034.49,74881.19,74890.6,95.5783
1776388500.0,74890.61,74930.01,74633.56,74752.53,118.62681
1776389400.0,74752.53,74819.99,74660.33,74719.27,95.80331
1776390300.0,74719.28,74853.67,74569.99,74750.0,97.29005
1776391200.0,74750.0,74802.98,74641.11,74716.03,55.83678
1776392100.0,74716.04,74730.64,74599.43,74600.96,47.79821
1776393000.0,74600.67,74735.65,74529.4,74660.71,91.25156
1776393900.0,74660.71,74700.0,74623.66,74700.0,40.64717
1776394800.0,74700.0,74720.9,74606.12,74689.37,227.18978
1776395700.0,74689.38,74766.99,74681.5,74730.55,330.26944
1776396600.0,74730.54,74839.31,74673.69,74780.01,66.96478
1776397500.0,74780.01,74805.36,74607.46,74615.82,97.23861
1776398400.0,74615.82,74689.53,74589.88,74672.83,78.97642
1776399300.0,74672.83,74793.6,74672.83,74749.21,25.96132
1776400200.0,74749.21,74871.11,74741.09,74808.88,52.52467
1776401100.0,74808.88,74830.84,74756.0,74791.39,56.49189
1776402000.0,74791.39,74801.13,74555.12,74627.48,129.1642
1776402900.0,74627.49,74750.0,74608.31,74666.03,37.80144
1776403800.0,74666.03,74690.85,74610.9,74648.03,41.96464
1776404700.0,74648.04,74731.15,74635.13,74637.77,32.68951
1776405600.0,74637.77,74778.81,74604.62,74757.62,69.22335
1776406500.0,74757.62,74809.82,74732.68,74805.84,60.19608
1776407400.0,74805.84,74864.74,74760.37,74856.87,79.82395
1776408300.0,74856.87,74950.0,74823.29,74938.52,67.33028
1776409200.0,74938.53,75089.51,74938.52,75031.11,153.93494
1776410100.0,75031.1,75031.11,74938.79,74973.79,77.5275
1776411000.0,74973.79,75015.29,74930.0,75015.28,124.22802
1776411900.0,75015.28,75074.77,74947.01,75074.77,251.65327
1776412800.0,75074.76,75176.47,75006.01,75064.0,169.00345
1776413700.0,75064.01,75153.91,74993.24,75109.56,213.10255
1776414600.0,75109.56,75407.26,75092.66,75339.32,329.67145
1776415500.0,75339.33,75881.95,75275.99,75780.38,782.84963
1776416400.0,75780.38,75929.0,75601.56,75902.82,409.45762
1776417300.0,75902.83,76370.25,75718.38,76284.96,860.06976
1776418200.0,76284.96,76322.73,75518.78,75752.91,529.47254
1776419100.0,75752.91,75900.0,75670.51,75779.99,205.70654
1776420000.0,75779.99,75886.01,75611.1,75619.47,226.92888
1776420900.0,75619.47,75728.89,75221.1,75224.72,342.26929
1776421800.0,75224.72,75364.64,75095.93,75189.23,402.99195
1776422700.0,75189.22,75301.15,75100.74,75278.77,78.1287
1776423600.0,75278.77,75414.0,75246.65,75315.67,134.48833
1776424500.0,75315.66,75487.42,75311.99,75465.07,116.87197
1776425400.0,75465.07,75578.52,75390.03,75391.7,91.57509
1776426300.0,75391.69,75609.77,75376.79,75589.7,86.67792
1776427200.0,75589.7,75724.0,75531.97,75688.01,94.83753
1776428100.0,75688.0,75980.0,75630.0,75776.49,240.92998
1776429000.0,75776.5,75908.97,75651.41,75754.16,172.18708
1776429900.0,75754.16,76265.82,75740.0,76233.05,620.95989
1776430800.0,76233.06,76910.0,76061.57,76909.99,1258.65786
1776431700.0,76909.99,76997.11,76432.01,76586.01,976.74789
1776432600.0,76586.01,76928.88,76130.42,76892.44,1247.3967
1776433500.0,76892.45,77417.61,76650.0,77340.12,1640.21394
1776434400.0,77340.11,77550.0,77015.39,77089.99,738.30895
1776435300.0,77090.0,77742.52,77085.19,77454.27,770.76183
1776436200.0,77454.27,78050.0,77454.27,77983.13,1188.15223
1776437100.0,77983.12,78052.49,77701.13,77886.77,919.87747
1776438000.0,77886.77,77969.6,77558.72,77831.99,570.09775
1776438900.0,77832.0,77999.0,77684.86,77744.99,667.84708
1776439800.0,77744.99,77850.0,77456.35,77520.21,382.357
1776440700.0,77520.21,77879.15,77444.44,77785.02,354.84268
1776441600.0,77785.03,78038.0,77705.2,77863.38,327.66688
1776442500.0,77863.38,78333.0,77803.08,78161.62,494.18696
1776443400.0,78161.61,78278.38,77974.68,78084.29,355.40089
1776444300.0,78084.29,78088.82,77789.4,77857.14,224.92886
1776445200.0,77857.15,77917.77,77351.66,77499.63,376.54088
1776446100.0,77499.63,77589.03,77101.49,77242.61,373.64262
1776447000.0,77242.6,77537.15,77242.6,77462.46,243.04035
1776447900.0,77462.45,77651.96,77431.02,77520.59,180.2325
1776448800.0,77520.59,77565.63,77095.17,77143.8,251.28361
1776449700.0,77143.8,77362.38,77088.88,77198.0,140.66763
1776450600.0,77198.01,77389.21,77137.85,77377.45,135.83153
1776451500.0,77377.44,77381.14,77088.23,77159.89,109.60988
1776452400.0,77159.88,77267.91,77000.0,77233.44,205.13343
1776453300.0,77233.45,77382.93,77233.44,77274.0,120.84494
1776454200.0,77274.0,77399.4,77210.55,77349.71,113.94918
1776455100.0,77349.7,77473.44,77230.04,77393.58,212.5274
1776456000.0,77393.58,77611.68,77354.0,77518.0,132.13477
1776456900.0,77518.0,77518.69,77362.92,77368.09,66.92491
1776457800.0,77368.08,77389.29,77160.12,77251.42,97.67142
1776458700.0,77251.42,77358.47,77206.13,77337.64,60.50096
1776459600.0,77337.64,77414.64,77317.14,77381.04,61.50873
1776460500.0,77381.03,77487.81,77289.3,77441.94,75.90341
1776461400.0,77441.94,77442.39,77278.72,77413.42,102.23215
1776462300.0,77413.42,77494.69,77376.67,77445.73,68.11983
1776463200.0,77445.74,77510.0,77391.52,77415.46,190.85681
1776464100.0,77415.47,77449.17,77312.64,77393.78,109.20636
1776465000.0,77393.77,77476.27,77336.65,77420.71,89.27749
1776465900.0,77420.71,77441.28,77274.56,77301.25,85.54047
1776466800.0,77301.25,77302.0,77170.76,77209.46,122.99528
1776467700.0,77209.46,77209.47,76911.0,77057.54,196.29223
1776468600.0,77057.55,77122.05,76986.34,77036.77,157.90658
1776469500.0,77036.78,77144.48,77036.78,77072.0,135.00664
1776470400.0,77072.01,77205.53,77044.79,77096.85,154.4723
1776471300.0,77096.85,77232.0,77096.85,77218.8,50.0146
1776472200.0,77218.8,77258.55,77018.0,77018.01,69.24936
1776473100.0,77018.0,77210.0,76978.17,77168.0,50.30217
1776474000.0,77168.22,77320.08,77115.77,77319.12,68.84643
1776474900.0,77319.12,77330.0,77279.1,77293.39,60.12678
1776475800.0,77293.39,77297.42,77200.0,77200.01,67.76782
1776476700.0,77200.01,77313.51,77146.0,77218.07,69.68887
1776477600.0,77218.06,77294.67,77124.63,77294.67,97.44999
1776478500.0,77294.67,77420.08,77294.66,77326.27,86.30615
1776479400.0,77326.28,77411.27,77266.66,77317.24,46.60464
1776480300.0,77317.24,77332.78,77279.0,77292.52,37.68071
1776481200.0,77292.53,77296.95,77229.82,77257.86,25.96243
1776482100.0,77257.87,77258.07,77155.01,77185.89,45.22819
1776483000.0,77185.89,77200.0,77115.45,77168.44,52.59492
1776483900.0,77168.43,77208.54,76962.67,77005.47,145.13163
1776484800.0,77005.47,77095.0,76963.81,77084.19,47.77738
1776485700.0,77084.19,77084.19,76944.14,76995.67,76.67449
1776486600.0,76995.67,77080.23,76884.1,76989.02,172.7723
1776487500.0,76989.02,77162.08,76989.02,77100.74,72.85466
1776488400.0,77100.73,77278.58,77100.73,77206.58,139.11056
1776489300.0,77206.58,77225.19,77130.52,77155.72,99.10277
1776490200.0,77155.72,77190.53,77114.96,77154.01,55.11312
1776491100.0,77154.02,77154.02,77126.21,77134.66,18.72838
1776492000.0,77134.66,77217.0,77102.29,77163.97,45.10008
1776492900.0,77163.96,77174.3,77058.4,77090.82,42.50902
1776493800.0,77090.81,77141.34,77083.16,77141.34,24.66001
1776494700.0,77141.34,77156.06,77107.63,77136.01,56.45465
1776495600.0,77136.01,77136.01,77066.59,77066.6,65.14012
1776496500.0,77066.6,77095.62,77047.0,77093.08,36.23629
1776497400.0,77093.07,77093.08,76971.77,77034.72,85.33816
1776498300.0,77034.71,77034.72,76890.0,76997.8,89.33716
1776499200.0,76997.79,77048.0,76800.0,76803.51,83.83652
1776500100.0,76803.51,76858.54,76630.02,76683.9,332.53038
1776501000.0,76683.89,76761.02,76501.0,76552.52,242.09761
1776501900.0,76552.53,76789.78,76537.92,76738.63,114.77906
1776502800.0,76738.62,76738.63,76453.42,76537.49,212.26597
1776503700.0,76537.49,76583.12,76409.37,76579.94,114.13702
1776504600.0,76579.93,76669.53,76556.53,76624.2,47.85188
1776505500.0,76624.2,76699.96,76525.99,76599.89,88.67778
1776506400.0,76599.89,76599.9,76208.57,76291.59,312.6998
1776507300.0,76291.59,76387.5,76278.4,76324.28,102.07861
1776508200.0,76324.28,76324.28,76220.0,76226.41,73.52931
1776509100.0,76226.42,76286.17,76132.32,76189.56,136.62266
1776510000.0,76189.55,76189.56,75911.04,75957.62,309.4131
1776510900.0,75957.61,76096.85,75932.24,76074.06,130.92067
1776511800.0,76074.06,76169.46,75763.76,75849.35,151.9778
1776512700.0,75849.35,76099.83,75794.13,76039.05,216.76242
1776513600.0,76039.06,76225.88,76039.05,76210.29,134.17135
1776514500.0,76210.28,76300.0,76133.3,76143.85,106.14851
1776515400.0,76143.84,76216.37,76050.0,76172.76,80.1298
1776516300.0,76172.76,76272.25,76172.75,76206.97,172.12982
1776517200.0,76206.98,76207.2,76135.47,76155.34,107.39797
1776518100.0,76155.34,76212.7,76057.82,76088.92,89.36895
1776519000.0,76088.92,76096.53,75797.53,75949.95,166.54984
1776519900.0,75949.96,76171.28,75899.99,76122.87,93.55655
1776520800.0,76122.88,76170.0,76081.67,76169.33,52.93498
1776521700.0,76169.33,76191.49,75959.68,76148.71,92.67203
1776522600.0,76148.72,76288.4,76148.71,76193.42,260.94797
1776523500.0,76193.41,76255.04,76167.45,76249.99,55.41791
1776524400.0,76250.0,76363.75,76129.35,76218.0,87.92073
1776525300.0,76218.0,76270.0,76140.05,76210.47,48.22553
1776526200.0,76210.48,76235.84,76131.0,76131.0,34.87719
1776527100.0,76131.01,76198.87,76003.97,76167.34,90.09989
1776528000.0,76167.33,76211.57,76031.73,76194.23,65.93985
1776528900.0,76194.24,76194.24,75691.03,76082.66,289.19853
1776529800.0,76082.67,76126.0,75987.01,75987.41,64.15864
1776530700.0,75987.41,76018.95,75860.89,75943.35,103.06392
1776531600.0,75943.34,75958.23,75778.69,75830.0,101.4435
1776532500.0,75830.01,75896.91,75800.0,75860.75,54.99265
1776533400.0,75860.75,75896.04,75853.86,75878.7,60.26168
1776534300.0,75878.7,75895.64,75828.5,75828.51,39.3594
1776535200.0,75828.51,75844.66,75691.48,75803.95,88.47117
1776536100.0,75803.96,75803.96,75602.0,75665.73,105.17072
1776537000.0,75665.74,75676.21,75445.16,75574.09,186.22122
1776537900.0,75574.1,75727.58,75538.76,75651.78,211.60835
1776538800.0,75651.78,75792.04,75626.02,75745.35,63.47522
1776539700.0,75745.35,75796.32,75622.0,75693.97,31.02727
1776540600.0,75693.97,75694.63,75574.22,75596.16,37.05315
1776541500.0,75596.16,75679.84,75576.0,75649.85,62.76306
1776542400.0,75649.86,75709.91,75608.44,75697.97,43.99658
1776543300.0,75697.97,75777.97,75623.57,75718.0,274.04631
1776544200.0,75718.01,75789.68,75705.99,75789.67,54.9434
1776545100.0,75789.67,75834.3,75732.0,75754.78,111.98514
1776546000.0,75754.77,75839.1,75710.22,75730.29,77.54317
1776546900.0,75730.3,75749.64,75599.64,75741.2,58.22243
1776547800.0,75741.2,75748.74,75665.11,75723.43,30.30549
1776548700.0,75723.42,75821.35,75723.42,75821.34,31.87239
1776549600.0,75821.35,75821.35,75610.34,75610.35,42.38458
1776550500.0,75610.34,75729.04,75608.89,75722.26,30.19085
1776551400.0,75722.26,75815.7,75722.25,75775.78,33.65032
1776552300.0,75775.78,75873.1,75775.77,75813.53,49.46997
1776553200.0,75813.53,75891.64,75807.31,75818.23,39.73654
1776554100.0,75818.23,75847.2,75802.44,75816.86,29.10753
1776555000.0,75816.86,75816.86,75698.7,75753.35,44.07667
1776555900.0,75753.35,75763.41,75685.69,75691.76,29.03911
1776556800.0,75691.76,75847.42,75685.99,75771.13,46.15915
1776557700.0,75771.14,75771.14,75570.0,75610.54,66.60282
1776558600.0,75610.54,75645.68,75551.73,75576.78,52.84413
1776559500.0,75576.79,75693.11,75576.79,75693.01,131.45823
1776560400.0,75693.0,75798.47,75609.12,75682.12,173.36924
1776561300.0,75681.72,75681.72,75544.78,75544.79,41.76166
1776562200.0,75544.79,75578.7,75457.11,75546.42,66.90677
1776563100.0,75546.43,75642.53,75546.42,75621.95,39.49749
1776564000.0,75621.96,75634.85,75586.0,75634.84,25.3574
1776564900.0,75634.84,75683.2,75407.84,75487.99,88.33286
1776565800.0,75487.98,75722.21,75445.5,75652.92,63.54554
1776566700.0,75652.92,75683.13,75496.0,75496.0,35.25354
1776567600.0,75496.01,75540.16,75357.0,75540.15,66.88535
1776568500.0,75540.16,75555.68,75468.85,75519.82,45.14713
1776569400.0,75519.83,75610.97,75490.0,75598.06,35.55667
1776570300.0,75598.06,75637.44,75509.54,75515.77,27.69889
1776571200.0,75515.76,75739.94,75515.76,75701.92,49.41476
1776572100.0,75701.91,75782.63,75660.1,75676.35,59.45571
1776573000.0,75676.36,75676.36,75424.4,75535.22,138.5636
1776573900.0,75535.22,75707.43,75512.61,75664.62,47.17018
1776574800.0,75664.62,75687.04,75528.26,75555.88,79.03535
1776575700.0,75555.87,75559.99,75516.39,75556.22,24.15893
1776576600.0,75556.22,75664.98,75556.21,75600.0,32.71575
1776577500.0,75600.0,75600.01,75535.22,75545.6,38.72783
1776578400.0,75545.6,75545.6,75389.39,75389.39,169.19903
1776579300.0,75389.4,75434.86,75280.92,75406.0,122.90945
1776580200.0,75406.01,75478.0,75406.0,75422.93,43.32149
1776581100.0,75422.92,75424.43,75361.35,75400.09,49.88597
1776582000.0,75400.09,75400.09,75209.09,75238.0,121.1788
1776582900.0,75238.0,75238.01,74867.72,74979.99,410.92389
1776583800.0,74980.0,75253.04,74979.99,75181.27,154.87474
1776584700.0,75181.27,75287.05,75139.69,75252.34,84.63752
1776585600.0,75252.33,75283.33,75173.51,75265.99,92.45186
1776586500.0,75265.99,75299.99,75140.0,75140.0,69.66789
1776587400.0,75140.01,75254.13,75071.58,75228.09,94.07605
1776588300.0,75228.09,75265.0,75170.01,75257.6,77.38681
1776589200.0,75257.59,75265.0,75166.73,75169.71,51.24752
1776590100.0,75169.71,75184.83,74955.46,75091.54,80.97687
1776591000.0,75091.54,75167.41,75055.01,75063.21,50.35874
1776591900.0,75063.21,75063.22,74921.74,75015.0,130.63302
1776592800.0,75015.0,75091.0,74933.87,75033.81,85.07912
1776593700.0,75033.8,75121.28,74996.0,75077.93,73.30564
1776594600.0,75077.93,75102.19,75055.34,75088.98,43.03016
1776595500.0,75088.97,75243.02,75049.68,75222.45,121.7698
1776596400.0,75222.46,75450.0,75216.96,75424.42,96.86511
1776597300.0,75424.42,75544.0,75343.31,75371.18,137.09306
1776598200.0,75371.17,75535.23,75371.17,75520.0,82.55015
1776599100.0,75520.01,75641.99,75500.0,75604.11,102.20843
1776600000.0,75604.11,75679.82,75507.7,75673.04,219.37439
1776600900.0,75673.03,75700.0,75502.22,75520.0,109.26522
1776601800.0,75520.0,75540.85,75432.07,75501.46,59.85824
1776602700.0,75501.46,75680.86,75468.6,75571.6,50.9847
1776603600.0,75571.61,75770.0,75552.44,75764.6,103.47592
1776604500.0,75764.59,76240.66,75722.7,76045.85,400.39948
1776605400.0,76045.85,76109.62,75934.79,76028.51,142.00846
1776606300.0,76028.5,76028.51,75867.65,75921.75,114.51157
1776607200.0,75921.75,76014.82,75674.55,75794.34,152.62847
1776608100.0,75794.34,76028.57,75764.42,75960.01,92.01903
1776609000.0,75960.01,75992.86,75792.76,75974.87,171.54083
1776609900.0,75974.87,76147.01,75946.0,76024.01,205.05223
1776610800.0,76024.02,76041.13,75871.89,76011.31,148.79509
1776611700.0,76011.32,76155.3,75894.52,75963.13,192.49168
1776612600.0,75963.14,75992.7,75401.44,75724.88,471.87791
1776613500.0,75724.88,75880.26,75693.04,75846.63,284.60163
1776614400.0,75846.63,75853.26,75622.0,75667.98,110.54288
1776615300.0,75667.98,75762.3,75550.53,75569.99,67.7098
1776616200.0,75569.99,75702.04,75503.82,75563.51,82.41839
1776617100.0,75563.51,75634.7,75311.11,75382.86,143.0481
1776618000.0,75382.87,75382.87,75012.49,75264.0,303.41346
1776618900.0,75264.0,75381.76,75161.86,75271.22,98.72818
1776619800.0,75271.22,75363.41,75084.53,75189.15,77.13539
1776620700.0,75189.14,75222.0,74638.31,74791.26,316.40445
1776621600.0,74791.27,74908.62,74675.77,74835.52,185.40029
1776622500.0,74835.52,74872.56,74608.0,74810.67,148.66863
1776623400.0,74810.68,74820.79,74650.51,74699.99,127.70487
1776624300.0,74700.0,74794.01,74612.85,74770.11,69.38902
1776625200.0,74770.11,74982.55,74770.11,74950.82,112.56931
1776626100.0,74950.81,75033.26,74844.22,74950.78,75.30544
1776627000.0,74950.78,75071.61,74936.62,74967.23,65.53473
1776627900.0,74967.22,75023.98,74892.6,74965.47,53.42326
1776628800.0,74965.46,74965.47,74700.0,74799.87,103.65136
1776629700.0,74799.88,74800.0,74640.0,74755.01,54.4528
1776630600.0,74755.01,74867.33,74459.62,74537.0,148.83794
1776631500.0,74537.0,74717.07,74427.53,74630.0,145.76913
1776632400.0,74630.01,74740.0,74572.5,74687.8,80.41802
1776633300.0,74687.81,74766.27,74582.69,74746.1,68.74938
1776634200.0,74746.11,74810.0,74730.0,74743.21,37.07506
1776635100.0,74743.21,74796.42,74368.6,74425.15,197.30635
1776636000.0,74425.16,74425.16,73818.61,74021.14,689.7032
1776636900.0,74021.14,74070.0,73762.9,73943.57,218.54779
1776637800.0,73943.57,74181.81,73920.0,74140.59,138.13902
1776638700.0,74140.59,74196.98,74028.88,74047.34,93.99979
1776639600.0,74047.34,74054.22,73822.13,74026.01,171.29248
1776640500.0,74026.01,74026.01,73790.0,73882.07,105.11779
1776641400.0,73882.07,73955.99,73814.5,73888.92,81.6851
1776642300.0,73888.93,73977.41,73795.0,73801.79,57.54596
1776643200.0,73801.8,74187.79,73724.31,74044.28,305.06868
1776644100.0,74044.29,74280.0,74044.28,74228.92,166.33238
1776645000.0,74228.92,74274.25,74150.0,74184.58,171.59417
1776645900.0,74184.58,74360.43,74171.86,74280.01,144.93845
1776646800.0,74280.01,74363.5,74214.67,74360.0,241.23124
1776647700.0,74360.0,74360.0,74217.26,74298.03,73.81391
1776648600.0,74298.03,74706.0,74298.02,74681.18,287.25596
1776649500.0,74681.19,74746.93,74560.0,74595.13,87.30905
1776650400.0,74595.12,74627.99,74344.72,74393.71,81.39548
1776651300.0,74393.71,74472.0,74304.84,74451.55,147.55257
1776652200.0,74451.55,74517.01,74402.16,74517.01,224.60658
1776653100.0,74517.0,74517.01,74410.0,74410.01,286.13513
1776654000.0,74410.01,74505.07,74359.04,74495.52,54.26413
1776654900.0,74495.52,74593.67,74394.55,74505.21,111.02105
1776655800.0,74505.2,74575.65,74457.52,74575.64,46.56021
1776656700.0,74575.65,74640.65,74543.77,74634.0,69.35771
1776657600.0,74634.01,74637.43,74506.78,74506.78,89.62096
1776658500.0,74506.78,74521.88,74435.19,74500.0,130.69382
1776659400.0,74499.99,74513.12,74437.31,74465.43,36.53332
1776660300.0,74465.43,74610.17,74465.42,74567.64,76.91984
1776661200.0,74567.63,74567.63,74260.03,74355.36,175.21831
1776662100.0,74355.36,74355.36,74128.47,74139.55,105.78455
1776663000.0,74139.55,74221.41,74109.71,74119.85,167.88011
1776663900.0,74119.85,74297.21,74095.18,74264.15,80.8566
1776664800.0,74264.16,74432.16,74263.91,74297.54,62.49009
1776665700.0,74297.53,74401.32,74250.0,74344.14,56.33913
1776666600.0,74344.14,74894.11,74344.14,74781.29,189.91131
1776667500.0,74781.29,74821.62,74654.81,74786.59,132.56017
1776668400.0,74786.59,74863.94,74689.07,74802.0,103.15045
1776669300.0,74801.99,75572.0,74722.85,75211.03,560.60894
1776670200.0,75211.02,75246.77,74848.11,74947.53,273.08444
1776671100.0,74947.53,75018.68,74670.86,74837.17,238.90099
1776672000.0,74837.18,74876.01,74663.36,74833.6,140.28354
1776672900.0,74833.6,74998.83,74713.97,74817.71,129.44353
1776673800.0,74817.72,74931.35,74751.0,74835.51,119.40878
1776674700.0,74835.51,74859.73,74619.41,74728.91,149.39267
1776675600.0,74728.92,75085.71,74706.87,75032.24,179.32959
1776676500.0,75032.23,75143.86,75000.0,75027.84,118.42325
1776677400.0,75027.84,75196.47,74976.34,75159.63,101.78752
1776678300.0,75159.62,75233.0,75020.19,75062.77,103.02368
1776679200.0,75062.77,75345.32,75062.77,75342.96,136.09256
1776680100.0,75342.96,75404.63,75268.32,75303.69,74.61586
1776681000.0,75303.69,75303.69,75146.37,75174.45,55.24003
1776681900.0,75174.45,75186.09,75003.63,75027.26,55.37255
1776682800.0,75027.26,75185.52,74957.51,75171.23,73.75624
1776683700.0,75171.24,75266.46,75059.39,75170.49,75.67269
1776684600.0,75170.49,75287.88,75083.22,75215.78,60.00404
1776685500.0,75215.78,75274.85,75149.98,75192.71,74.68719
1776686400.0,75192.72,75393.55,75075.04,75354.1,114.58486
1776687300.0,75354.09,75650.0,75294.61,75412.1,285.7306
1776688200.0,75412.1,75450.0,75043.86,75215.38,196.21933
1776689100.0,75215.39,75378.92,75215.39,75289.9,102.32005
1776690000.0,75289.91,75350.0,75120.05,75221.38,160.83549
1776690900.0,75221.38,75267.52,75000.0,75192.79,154.46322
1776691800.0,75192.8,75434.41,74859.11,75227.04,281.95982
1776692700.0,75227.03,75321.31,74972.44,75269.38,176.8324
1776693600.0,75269.37,75300.0,75030.0,75070.99,191.65591
1776694500.0,75070.98,75766.74,75030.73,75570.61,308.04668
1776695400.0,75570.61,75669.82,75200.0,75329.8,190.41965
1776696300.0,75329.79,75435.11,74921.42,75034.79,357.08704
1776697200.0,75034.79,75081.9,74702.0,75063.13,354.98685
1776698100.0,75063.13,75772.72,75042.02,75754.4,444.26314
1776699000.0,75754.39,75754.39,75516.65,75580.57,255.58983
1776699900.0,75580.56,75729.5,75541.15,75716.77,142.11278
1776700800.0,75716.78,75723.99,75409.72,75419.01,200.89812
1776701700.0,75419.01,75516.64,75325.84,75359.76,174.21177
1776702600.0,75359.77,75568.81,75311.25,75481.83,168.4888
1776703500.0,75481.83,75558.6,75299.26,75338.74,87.11836
1776704400.0,75338.75,75683.46,75289.92,75644.87,146.38758
1776705300.0,75644.87,75887.99,75607.22,75719.67,153.4664
1776706200.0,75719.67,75844.58,75607.83,75762.03,155.23886
1776707100.0,75762.04,75991.47,75697.1,75898.14,187.51761
1776708000.0,75898.14,76300.0,75898.14,76275.24,482.8632
1776708900.0,76275.24,76319.99,76082.94,76102.0,289.18541
1776709800.0,76102.0,76268.78,76001.0,76173.07,356.45546
1776710700.0,76173.06,76453.19,76097.28,76423.69,416.25896
1776711600.0,76423.69,76486.67,76302.98,76333.75,416.51485
1776712500.0,76333.74,76338.48,76157.76,76211.09,388.98859
1776713400.0,76211.09,76257.79,76154.49,76250.57,66.67309
1776714300.0,76250.57,76347.45,76209.07,76296.96,495.9459
1776715200.0,76296.97,76372.86,76113.07,76333.2,456.65791
1776716100.0,76333.2,76558.62,76297.57,76325.12,283.34142
1776717000.0,76325.12,76325.13,76199.94,76250.81,373.19763
1776717900.0,76250.81,76311.91,76237.57,76276.17,305.66054
1776718800.0,76276.18,76357.2,75918.07,76004.79,222.08014
1776719700.0,76004.8,76037.57,75854.54,75926.87,78.18997
1776720600.0,75926.87,75945.05,75784.05,75888.73,147.87715
1776721500.0,75888.73,75968.25,75857.59,75954.71,75.13506
1776722400.0,75954.72,76143.71,75954.72,76067.97,66.9225
1776723300.0,76067.96,76108.43,75904.39,75919.99,41.88771
1776724200.0,75920.0,76066.87,75904.83,75991.55,45.0822
1776725100.0,75991.55,75995.53,75928.27,75974.24,66.74929
1776726000.0,75974.24,75974.24,75727.0,75753.42,140.13306
1776726900.0,75753.41,75755.95,75617.6,75658.0,80.34183
1776727800.0,75657.99,75806.8,75636.75,75775.52,30.94625
1776728700.0,75775.53,75882.81,75757.51,75840.97,50.36362
1776729600.0,75840.97,75924.42,75700.0,75867.21,91.7639
1776730500.0,75867.21,75928.63,75808.18,75909.51,61.83046
1776731400.0,75909.51,75993.22,75861.58,75881.61,132.02951
1776732300.0,75881.62,76099.19,75881.61,76092.45,143.33444
1776733200.0,76092.46,76263.4,76024.72,76129.94,171.28396
1776734100.0,76129.94,76142.49,75987.94,76133.01,101.58182
1776735000.0,76133.0,76226.4,75990.82,76072.2,62.03411
1776735900.0,76072.2,76072.21,75866.01,75927.59,56.23604
1776736800.0,75927.58,75932.7,75703.61,75731.99,93.53487
1776737700.0,75732.0,75794.34,75691.03,75721.38,301.35013
1776738600.0,75721.39,75797.94,75600.0,75603.87,76.01029
1776739500.0,75603.88,75672.42,75580.0,75581.33,65.19812
1776740400.0,75581.33,75635.78,75474.77,75568.07,108.48875
1776741300.0,75568.07,75663.09,75500.01,75630.58,43.28465
1776742200.0,75630.57,75720.84,75492.67,75556.81,47.02629
1776743100.0,75556.81,75721.12,75548.82,75710.3,57.45181
1776744000.0,75710.31,75763.07,75611.05,75611.05,55.57354
1776744900.0,75611.05,75712.89,75600.0,75633.63,56.2265
1776745800.0,75633.63,75729.46,75623.2,75711.19,83.72791
1776746700.0,75711.19,75823.49,75689.91,75813.81,64.11478
1776747600.0,75813.8,75970.68,75804.0,75900.0,76.53564
1776748500.0,75900.0,75981.1,75850.0,75892.42,137.47972
1776749400.0,75892.41,75892.42,75829.79,75841.62,36.78141
1776750300.0,75841.62,75841.62,75782.75,75802.0,70.74181
1776751200.0,75802.0,75817.54,75734.15,75788.54,61.47036
1776752100.0,75788.53,75800.06,75703.85,75760.41,90.74332
1776753000.0,75760.41,76129.95,75760.41,75992.06,196.79828
1776753900.0,75992.07,76045.71,75964.29,75974.11,59.86143
1776754800.0,75974.12,75982.13,75814.26,75955.87,62.28449
1776755700.0,75955.88,76300.0,75938.0,76179.82,126.24421
1776756600.0,76179.82,76300.0,76028.7,76194.84,644.42642
1776757500.0,76194.84,76293.36,76084.33,76084.34,403.76936
1776758400.0,76084.34,76211.79,76063.98,76132.47,138.29505
1776759300.0,76132.46,76370.0,76115.62,76352.16,160.37389
1776760200.0,76352.15,76496.68,76250.0,76458.78,163.12362
1776761100.0,76458.78,76927.57,76419.87,76507.21,453.44527
1776762000.0,76507.21,76587.82,76349.82,76476.68,171.60279
1776762900.0,76476.69,76531.0,76196.05,76246.75,144.17409
1776763800.0,76246.76,76322.27,76155.0,76301.26,171.16386
1776764700.0,76301.25,76381.61,76250.0,76362.77,95.73163
1776765600.0,76362.78,76502.72,76349.59,76438.0,94.09326
1776766500.0,76437.99,76574.0,76373.03,76511.72,150.95596
1776767400.0,76511.73,76598.56,76471.27,76572.11,65.36969
1776768300.0,76572.1,76866.55,76550.86,76746.41,225.92352
1776769200.0,76746.41,76750.68,76344.34,76405.37,284.49354
1776770100.0,76405.37,76723.87,76342.0,76669.07,110.80477
1776771000.0,76669.07,76691.98,76468.24,76473.9,128.78949
1776771900.0,76473.9,76491.6,76417.16,76452.94,100.85504
1776772800.0,76452.94,76494.11,76258.76,76258.76,166.23576
1776773700.0,76258.76,76386.59,76247.09,76381.19,81.50503
1776774600.0,76381.2,76528.11,75709.03,75829.94,572.65126
1776775500.0,75829.95,76059.79,75745.13,76009.46,219.3931
1776776400.0,76009.46,76088.52,75900.0,75991.69,145.66039
1776777300.0,75991.39,76129.95,75970.0,76029.46,172.76432
1776778200.0,76029.46,76179.75,75736.33,76012.01,208.18676
1776779100.0,76012.0,76053.99,75770.65,75899.98,159.47346
1776780000.0,75899.98,75933.37,75700.0,75838.23,140.20521
1776780900.0,75838.24,76300.73,75838.24,76117.39,205.29244
1776781800.0,76117.38,76595.3,76110.29,76463.52,245.90564
1776782700.0,76463.51,76472.85,75625.28,75675.05,357.81082
1776783600.0,75675.04,75850.0,75430.62,75771.19,364.38283
1776784500.0,75771.18,75979.78,75594.0,75694.9,198.01278
1776785400.0,75694.9,75820.19,75529.98,75701.5,229.62202
1776786300.0,75701.5,75834.66,75620.0,75834.65,131.84388
1776787200.0,75834.66,76001.0,75822.71,75960.96,149.99777
1776788100.0,75960.97,75986.36,75846.0,75863.67,114.50794
1776789000.0,75863.67,76190.72,75845.22,75891.52,136.05428
1776789900.0,75891.52,76046.0,75760.0,75781.18,95.77065
1776790800.0,75781.19,75822.38,75441.2,75540.23,220.26982
1776791700.0,75540.24,75549.42,75052.64,75332.73,356.55047
1776792600.0,75332.73,75912.98,75273.03,75768.03,306.19375
1776793500.0,75768.02,75820.0,75506.95,75545.62,112.07056
1776794400.0,75545.62,75639.52,75495.55,75582.15,83.62864
1776795300.0,75582.15,75668.24,75380.0,75475.53,172.92203
1776796200.0,75475.53,75599.26,75470.0,75524.79,50.7709
1776797100.0,75524.78,75639.46,75310.88,75610.21,149.14898
1776798000.0,75610.21,75795.79,75567.06,75607.58,170.33131
1776798900.0,75607.58,75919.5,75540.0,75773.73,135.3029
1776799800.0,75773.74,75786.45,74823.0,74866.0,422.31363
1776800700.0,74866.01,75093.72,74821.57,75023.43,226.31976
1776801600.0,75023.43,75614.29,74967.58,75576.01,462.70676
1776802500.0,75576.0,75779.99,75451.37,75646.81,167.29283
1776803400.0,75646.8,75859.56,75646.8,75667.13,111.75322
1776804300.0,75667.12,75771.0,75583.3,75698.51,55.50422
1776805200.0,75698.51,75777.38,75535.47,75578.0,64.49096
1776806100.0,75578.01,75673.16,75550.11,75577.84,49.65272
1776807000.0,75577.84,75628.0,75449.95,75452.81,68.25459
1776807900.0,75452.8,75585.88,75431.62,75549.99,66.97828
1776808800.0,75549.99,75594.0,75490.0,75550.74,136.65566
1776809700.0,75550.74,75550.74,75302.31,75368.0,114.69446
1776810600.0,75367.99,75540.85,75302.01,75527.96,89.49874
1776811500.0,75527.43,75650.04,75489.63,75650.04,48.44502
1776812400.0,75650.03,75857.82,75622.0,75775.05,89.62136
1776813300.0,75775.05,75868.91,75754.74,75787.26,49.46115
1776814200.0,75787.25,76111.88,75780.96,76083.62,118.3514
1776815100.0,76083.62,76425.37,76077.55,76336.15,219.69706
1776816000.0,76336.14,76500.0,76311.99,76417.85,244.23734
1776816900.0,76417.85,76439.29,76242.8,76274.01,97.15824
1776817800.0,76274.0,76400.0,76220.4,76338.0,74.98425
1776818700.0,76337.99,76374.33,76249.41,76370.45,80.54718
1776819600.0,76370.46,76416.24,76281.73,76397.37,99.23394
1776820500.0,76397.37,76397.37,76140.09,76160.58,121.81422
1776821400.0,76160.59,76271.13,76132.95,76250.2,51.28058
1776822300.0,76250.2,76350.0,76209.2,76297.99,79.15832
1776823200.0,76297.99,76879.52,76223.9,76739.94,334.70959
1776824100.0,76739.93,77250.0,76739.93,77239.56,541.40224
1776825000.0,77239.57,77347.92,77067.43,77242.46,253.0572
1776825900.0,77242.46,77645.35,77144.24,77604.71,493.68736
1776826800.0,77604.7,77733.11,77466.67,77606.78,432.21784
1776827700.0,77606.78,77606.78,77402.94,77529.09,173.05274
1776828600.0,77529.09,77592.83,77397.88,77583.32,215.22979
1776829500.0,77583.33,77614.78,77500.0,77521.48,136.15243
1776830400.0,77521.47,77624.4,77484.11,77484.26,164.60029
1776831300.0,77484.27,77515.46,77364.25,77507.02,126.11919
1776832200.0,77507.03,77700.0,77473.87,77562.02,105.76375
1776833100.0,77562.02,77589.71,77450.33,77523.0,150.67457
1776834000.0,77523.01,77589.78,77450.0,77548.62,157.71957
1776834900.0,77548.62,78452.18,77525.33,78258.53,1337.58602
1776835800.0,78258.53,78368.91,78002.62,78133.52,475.07894
1776836700.0,78133.52,78211.14,77962.42,77994.93,416.10426
1776837600.0,77994.92,78015.16,77913.23,77950.76,280.43342
1776838500.0,77950.76,78042.84,77921.48,77972.85,115.35075
1776839400.0,77972.86,78012.85,77900.0,77971.26,78.55803
1776840300.0,77971.26,78018.0,77925.06,78010.72,102.54366
1776841200.0,78010.73,78111.0,77967.31,78105.21,136.05627
1776842100.0,78105.22,78105.22,77825.0,77893.9,199.35571
1776843000.0,77893.9,78067.11,77837.86,78062.69,219.92034
1776843900.0,78063.39,78110.0,77972.57,78012.79,325.19408
1776844800.0,78012.78,78182.0,78012.78,78141.2,219.40395
1776845700.0,78141.2,78219.41,77965.76,77965.76,511.38394
1776846600.0,77965.76,78018.82,77944.2,77944.2,120.38809
1776847500.0,77944.2,78070.94,77941.59,78010.92,136.27214
1776848400.0,78010.92,78096.0,77956.76,78039.35,125.24659
1776849300.0,78039.36,78157.13,77960.78,78157.12,88.31861
1776850200.0,78157.13,78184.7,78057.19,78145.72,70.86158
1776851100.0,78145.73,78145.73,77978.29,78001.95,130.96927
1776852000.0,78001.96,78051.56,77951.17,78039.48,74.44812
1776852900.0,78039.48,78076.99,77973.97,78067.9,51.72428
1776853800.0,78067.9,78180.0,78067.89,78119.59,114.07952
1776854700.0,78119.59,78171.59,78056.99,78157.41,112.46939
1776855600.0,78157.41,78280.0,78102.0,78152.34,191.48126
1776856500.0,78152.34,78314.65,78152.33,78314.64,128.56744
1776857400.0,78314.65,78399.0,78174.02,78209.83,178.5094
1776858300.0,78209.83,78316.07,78209.83,78300.0,62.32454
1776859200.0,78300.0,78463.31,78228.0,78429.85,479.98698
1776860100.0,78429.85,78508.18,78138.8,78185.37,213.61399
1776861000.0,78185.36,78281.7,78114.04,78188.79,135.88063
1776861900.0,78188.8,78330.23,78178.33,78236.05,123.45848
1776862800.0,78236.05,78445.7,78162.64,78373.95,175.69473
1776863700.0,78373.96,78500.0,78345.15,78467.85,157.95975
1776864600.0,78467.85,78672.67,78283.06,78616.93,451.72519
1776865500.0,78616.92,78850.0,78527.29,78840.94,467.80757
1776866400.0,78840.94,79079.25,78703.13,79057.81,545.93618
1776867300.0,79057.81,79174.68,78778.2,79008.31,506.95283
1776868200.0,79008.3,79042.72,78577.86,78699.54,499.84141
1776869100.0,78699.53,79095.34,78693.8,79045.75,294.96467
1776870000.0,79045.75,79123.0,78852.02,78947.64,359.53492
1776870900.0,78947.64,79127.01,78837.66,79068.15,334.11583
1776871800.0,79068.16,79317.73,79009.99,79279.92,474.53343
1776872700.0,79279.92,79400.0,79218.5,79272.9,243.81982
1776873600.0,79272.91,79472.82,79114.11,79201.01,295.39319
1776874500.0,79201.0,79208.0,78881.13,78932.0,281.12412
1776875400.0,78932.0,79030.23,78777.0,78813.9,161.81599
1776876300.0,78813.9,78847.18,78632.37,78743.59,272.64032
1776877200.0,78743.6,79034.73,78743.59,78980.25,218.43843
1776878100.0,78980.24,79008.14,78705.71,78832.18,135.33447
1776879000.0,78832.19,78890.15,78763.66,78815.99,56.08772
1776879900.0,78815.98,78994.4,78708.31,78900.0,92.45326
1776880800.0,78900.01,78989.71,78828.76,78958.51,62.51582
1776881700.0,78958.51,78991.81,78885.84,78905.02,77.16488
1776882600.0,78905.02,79031.56,78857.16,78960.97,92.54133
1776883500.0,78960.97,79163.66,78957.72,79022.39,90.71819
1776884400.0,79022.4,79050.51,78706.81,78855.72,201.40753
1776885300.0,78855.72,79067.6,78828.67,79027.6,133.50057
1776886200.0,79027.59,79062.0,78762.9,78860.1,124.67673
1776887100.0,78860.1,78967.34,78782.59,78846.62,97.72185
1776888000.0,78846.62,78915.84,78747.25,78748.46,83.59122
1776888900.0,78748.46,78758.0,78484.42,78595.14,170.36878
1776889800.0,78595.13,78617.87,78487.56,78513.37,81.05383
1776890700.0,78513.37,78521.26,78410.0,78436.68,101.6516
1776891600.0,78436.69,78599.99,78425.0,78583.99,49.16349
1776892500.0,78584.0,78599.92,78550.0,78580.09,107.00168
1776893400.0,78580.08,78753.51,78580.08,78749.99,81.79058
1776894300.0,78750.0,78821.86,78712.73,78762.69,61.3897
1776895200.0,78762.68,78824.0,78701.15,78762.61,85.99291
1776896100.0,78762.62,78766.29,78530.0,78541.59,60.43706
1776897000.0,78541.6,78599.06,78480.0,78499.86,75.02887
1776897900.0,78499.86,78630.0,78456.15,78607.95,73.18256
1776898800.0,78607.95,78607.95,78454.0,78562.58,62.99275
1776899700.0,78562.59,78584.88,78155.83,78331.01,474.69344
1776900600.0,78331.01,78331.01,78189.86,78254.9,91.95407
1776901500.0,78254.9,78305.04,78157.13,78178.23,82.42867
1776902400.0,78178.22,78403.02,77888.0,77888.01,498.73985
1776903300.0,77888.01,78480.0,77582.17,78443.42,1020.97334
1776904200.0,78443.41,78574.44,78311.99,78421.96,167.17549
1776905100.0,78421.96,78458.03,78271.99,78424.29,91.69159
1776906000.0,78424.3,78472.95,78234.59,78265.12,96.04342
1776906900.0,78265.12,78275.75,78057.5,78087.43,214.75395
1776907800.0,78087.43,78393.6,78066.41,78291.84,187.59758
1776908700.0,78291.85,78430.23,78230.0,78359.23,88.47355
1776909600.0,78359.71,78359.72,78164.09,78164.09,91.82206
1776910500.0,78164.09,78217.99,77987.42,78036.0,160.75127
1776911400.0,78035.99,78112.35,77761.2,77872.01,164.86208
1776912300.0,77872.01,78018.0,77765.53,77939.92,90.88786
1776913200.0,77939.91,78025.99,77725.09,77725.09,74.01731
1776914100.0,77725.17,77748.74,77623.34,77687.86,217.7656
1776915000.0,77687.98,77714.54,77453.43,77627.04,193.51309
1776915900.0,77627.05,77761.63,77542.57,77746.46,123.9076
1776916800.0,77746.47,77873.86,77675.8,77854.57,95.51348
1776917700.0,77854.56,77928.48,77746.26,77795.85,108.83669
1776918600.0,77795.86,77914.41,77795.85,77876.25,47.13926
1776919500.0,77876.26,77949.09,77839.35,77920.09,53.56047
1776920400.0,77920.09,78050.26,77901.51,77990.0,202.7534
1776921300.0,77990.0,78014.4,77888.0,77905.52,75.79156
1776922200.0,77905.53,77905.53,77750.0,77862.68,226.53305
1776923100.0,77862.68,78110.01,77862.67,78033.87,175.81497
1776924000.0,78034.0,78286.47,78034.0,78196.63,166.37523
1776924900.0,78196.63,78337.93,78160.0,78282.37,123.06146
1776925800.0,78282.36,78339.35,78137.17,78178.39,83.16201
1776926700.0,78178.39,78243.72,78100.07,78211.43,60.53089
1776927600.0,78211.43,78248.39,78132.0,78142.26,83.86651
1776928500.0,78142.26,78191.78,78112.83,78149.99,54.67993
1776929400.0,78149.99,78172.76,78036.07,78099.54,55.31773
1776930300.0,78099.53,78147.14,77981.88,78048.62,98.49067
1776931200.0,78048.61,78175.52,77920.58,78109.0,82.33323
1776932100.0,78109.01,78121.4,77957.12,77983.91,71.10674
1776933000.0,77983.53,77983.53,77715.9,77734.68,401.67192
1776933900.0,77734.68,77891.32,77714.86,77858.35,580.15686
1776934800.0,77858.34,77860.8,77440.85,77580.17,335.91122
1776935700.0,77580.17,77704.96,77513.48,77620.34,223.14473
1776936600.0,77620.34,77761.94,77620.34,77726.0,101.63282
1776937500.0,77726.0,77741.67,77544.71,77655.34,111.36384
1776938400.0,77655.35,77709.16,77174.01,77217.46,661.67934
1776939300.0,77217.47,77395.92,77204.96,77387.52,274.20423
1776940200.0,77387.52,77444.68,77352.0,77376.04,89.57425
1776941100.0,77376.03,77469.63,77300.0,77403.63,104.03127
1776942000.0,77403.63,77495.3,77365.57,77398.55,108.98438
1776942900.0,77398.55,77501.61,77384.45,77460.6,96.9936
1776943800.0,77460.6,77588.21,77384.44,77588.2,108.43989
1776944700.0,77588.2,77757.31,77583.33,77704.62,211.00884
1776945600.0,77704.61,77865.41,77698.15,77714.64,200.38772
1776946500.0,77714.64,77766.62,77622.2,77766.2,85.04088
1776947400.0,77766.19,77868.6,77720.26,77764.49,111.84451
1776948300.0,77764.48,77870.54,77491.18,77870.53,238.94255
1776949200.0,77870.54,77904.37,77630.0,77661.49,99.15756
1776950100.0,77661.5,77714.11,77576.84,77595.82,97.02915
1776951000.0,77595.81,77692.57,77521.2,77541.29,177.68415
1776951900.0,77541.29,77665.27,77379.92,77532.23,218.83029
1776952800.0,77532.23,77649.8,77414.0,77523.53,176.00996
1776953700.0,77523.53,77954.94,77476.0,77727.98,172.75128
1776954600.0,77727.98,77973.68,77727.98,77902.0,222.10976
1776955500.0,77902.0,78201.53,77850.0,78180.77,355.64982
1776956400.0,78180.78,78199.99,77983.25,78109.99,180.56489
1776957300.0,78109.99,78662.5,78067.49,78386.89,398.37674
1776958200.0,78386.88,78600.01,78310.13,78488.0,211.22697
1776959100.0,78487.99,78488.0,78265.38,78376.76,218.28402
1776960000.0,78376.77,78509.82,78302.65,78302.65,157.65568
1776960900.0,78302.65,78441.24,78236.84,78300.01,126.57172
1776961800.0,78300.0,78458.5,78278.38,78335.01,151.57114
1776962700.0,78335.0,78375.54,78030.0,78103.72,226.13764
1776963600.0,78103.72,78184.85,77672.23,77841.95,278.86651
1776964500.0,77841.95,77850.79,77559.89,77588.24,209.58541
1776965400.0,77588.23,77725.56,76982.25,77191.88,597.35427
1776966300.0,77191.87,77812.64,76960.0,77769.21,638.73247
1776967200.0,77769.2,78146.75,77742.87,77978.01,339.67415
1776968100.0,77978.0,78063.6,77837.5,77907.85,145.02537
1776969000.0,77907.85,78122.72,77907.84,78026.05,119.02503
1776969900.0,78026.05,78054.82,77678.65,77678.65,127.34383
1776970800.0,77678.65,77767.59,77592.92,77697.2,129.69287
1776971700.0,77697.2,77884.61,77697.2,77852.61,116.72868
1776972600.0,77852.62,77886.88,77638.36,77643.45,103.5829
1776973500.0,77643.46,77812.0,77593.83,77727.26,480.2004
1776974400.0,77727.25,77912.59,77637.5,77797.33,146.90737
1776975300.0,77797.34,77830.98,77678.59,77744.17,84.08708
1776976200.0,77744.17,78050.0,77720.38,77992.15,95.64766
1776977100.0,77992.14,78025.56,77852.29,77886.97,65.10282
1776978000.0,77886.97,77913.47,77828.2,77879.97,47.68622
1776978900.0,77879.96,77917.05,77800.0,77917.05,29.9897
1776979800.0,77917.06,78070.0,77917.05,78069.99,83.94455
1776980700.0,78069.99,78069.99,77863.5,77864.83,49.75704
1776981600.0,77864.84,78173.15,77864.83,78062.31,95.15477
1776982500.0,78062.31,78267.99,78043.26,78178.34,77.61823
1776983400.0,78178.33,78306.0,78178.33,78306.0,44.19783
1776984300.0,78306.37,78331.0,78207.47,78235.3,54.35937
1776985200.0,78235.29,78235.29,78088.53,78096.78,57.56594
1776986100.0,78096.78,78152.0,78030.0,78134.01,54.07347
1776987000.0,78134.01,78277.57,78134.01,78257.98,43.81827
1776987900.0,78257.98,78298.01,78220.48,78257.48,72.60626
1776988800.0,78257.48,78344.07,78172.01,78295.92,59.83285
1776989700.0,78295.93,78473.84,78259.06,78407.99,256.53649
1776990600.0,78408.0,78490.83,78377.03,78383.67,45.85401
1776991500.0,78383.67,78473.29,78326.28,78417.22,89.15122
1776992400.0,78417.22,78428.76,78076.09,78156.01,125.71444
1776993300.0,78156.0,78182.29,77984.68,78025.99,160.49907
1776994200.0,78025.99,78141.97,77952.16,78051.46,55.28323
1776995100.0,78051.45,78450.0,78033.66,78429.73,192.35121
1776996000.0,78429.73,78581.93,78302.94,78392.0,163.28448
1776996900.0,78392.0,78401.35,78250.0,78259.96,42.98307
1776997800.0,78259.97,78413.93,78258.68,78413.92,53.6458
1776998700.0,78413.92,78431.72,78067.17,78125.65,165.64962
1776999600.0,78125.65,78178.4,78078.56,78131.89,70.04864
1777000500.0,78131.89,78131.9,77667.99,77750.41,247.77272
1777001400.0,77750.41,77750.41,77555.0,77644.59,259.93536
1777002300.0,77644.6,77742.32,77636.5,77737.85,62.20314
1777003200.0,77737.84,77740.0,77675.71,77726.08,211.29258
1777004100.0,77726.08,77854.57,77608.0,77613.28,212.5993
1777005000.0,77613.07,77665.94,77482.49,77653.17,111.39835
1777005900.0,77653.16,77750.0,77609.54,77670.0,69.85393
1777006800.0,77670.01,77695.68,77557.59,77565.57,72.77396
1777007700.0,77565.57,77653.64,77457.0,77640.0,149.091
1777008600.0,77640.0,77758.83,77640.0,77714.55,48.62706
1777009500.0,77714.55,78057.65,77714.55,77953.48,153.17978
1777010400.0,77953.48,77979.54,77891.35,77939.34,56.58238
1777011300.0,77939.35,77965.77,77816.26,77840.4,72.47013
1777012200.0,77840.4,77897.39,77761.2,77817.5,113.39166
1777013100.0,77817.5,77915.83,77782.96,77789.75,38.30919
1777014000.0,77789.75,77855.67,77750.0,77761.16,68.41266
1777014900.0,77761.15,77780.2,77649.85,77720.32,77.63674
1777015800.0,77720.31,77735.04,77609.45,77644.64,227.63858
1777016700.0,77644.64,77730.03,77543.52,77644.6,323.21868
1777017600.0,77644.59,77699.41,77550.73,77694.88,233.46251
1777018500.0,77694.88,78000.0,77694.87,77855.62,313.2802
1777019400.0,77855.62,77855.63,77731.37,77744.11,86.22026
1777020300.0,77744.12,77875.01,77744.11,77785.71,98.71202
1777021200.0,77785.7,77804.23,77402.01,77508.0,246.31379
1777022100.0,77508.0,77608.42,77442.18,77500.01,131.49366
1777023000.0,77500.01,77581.5,77404.24,77581.49,137.78337
1777023900.0,77581.49,77581.5,77468.28,77527.69,105.50693
1777024800.0,77527.7,77531.84,77444.95,77510.65,86.51713
1777025700.0,77510.66,77759.25,77510.65,77685.16,108.17505
1777026600.0,77685.15,77705.43,77625.15,77653.63,74.23696
1777027500.0,77653.63,77784.0,77613.7,77752.36,111.06288
1777028400.0,77752.37,78296.23,77752.37,78217.83,663.90682
1777029300.0,78217.82,78324.03,78100.0,78324.02,268.54805
1777030200.0,78324.02,78372.58,78223.11,78295.33,142.02897
1777031100.0,78295.34,78295.34,78172.65,78240.26,111.8768
1777032000.0,78240.27,78325.83,78176.11,78318.41,156.85262
1777032900.0,78318.41,78345.15,78187.61,78268.9,91.0685
1777033800.0,78268.91,78284.22,78168.0,78189.1,115.85403
1777034700.0,78189.09,78275.66,78016.51,78275.66,215.6252
1777035600.0,78275.65,78479.37,78275.65,78357.99,185.01907
1777036500.0,78357.99,78399.0,78146.62,78167.89,147.67212
1777037400.0,78167.89,78293.14,78053.3,78184.67,310.59225
1777038300.0,78184.68,78242.3,77913.27,78093.79,209.68504
1777039200.0,78093.8,78093.8,77800.0,77875.01,223.94299
1777040100.0,77875.0,78019.97,77688.0,77702.14,168.57716
1777041000.0,77702.15,78007.88,77681.74,77971.12,237.27717
1777041900.0,77971.11,78056.34,77875.63,78037.64,125.92784
1777042800.0,78037.65,78037.65,77577.22,77727.71,196.46071
1777043700.0,77727.72,77875.01,77683.3,77825.99,114.33043
1777044600.0,77825.99,78013.81,77717.61,77983.7,122.43326
1777045500.0,77983.7,78233.18,77924.7,78038.62,228.79593
1777046400.0,78038.63,78060.29,77792.45,77792.45,116.25716
1777047300.0,77792.46,77792.46,77640.01,77727.69,179.39125
1777048200.0,77727.7,77902.48,77586.86,77708.13,126.8906
1777049100.0,77708.13,77783.54,77630.0,77777.28,102.52418
1777050000.0,77776.76,77776.76,77612.86,77752.53,127.55185
1777050900.0,77752.53,77752.54,77590.01,77678.47,71.91865
1777051800.0,77678.47,77709.79,77489.6,77602.07,176.39516
1777052700.0,77602.07,77829.17,77562.44,77681.71,161.49916
1777053600.0,77681.72,77717.08,77520.45,77529.33,66.33295
1777054500.0,77529.33,77545.49,77363.63,77499.0,105.62913
1777055400.0,77499.01,77636.72,77483.99,77573.48,105.55984
1777056300.0,77573.48,77625.58,77548.23,77618.24,43.79366
1777057200.0,77618.25,77748.66,77570.0,77600.51,66.17923
1777058100.0,77600.52,77674.21,77532.46,77575.13,42.03956
1777059000.0,77575.12,77651.56,77561.43,77614.84,58.76398
1777059900.0,77614.83,77636.62,77544.61,77628.85,83.59618
1777060800.0,77628.84,77636.62,77532.0,77636.61,70.85635
1777061700.0,77636.62,77644.61,77458.0,77537.87,120.02534
1777062600.0,77537.86,77662.68,77537.86,77624.4,51.46921
1777063500.0,77624.41,77757.14,77624.4,77718.31,133.94505
1777064400.0,77718.31,77756.15,77592.5,77592.5,109.66368
1777065300.0,77592.51,77660.33,77580.0,77625.72,95.53098
1777066200.0,77625.71,77629.68,77553.28,77557.35,76.68702
1777067100.0,77557.35,77592.0,77536.48,77536.48,40.81465
1777068000.0,77536.49,77601.14,77515.05,77601.13,46.82583
1777068900.0,77601.12,77616.78,77546.91,77546.91,36.12847
1777069800.0,77546.91,77546.92,77264.08,77282.23,119.61048
1777070700.0,77282.23,77380.67,77282.23,77328.91,75.71418
1777071600.0,77328.92,77405.84,77328.92,77388.39,54.89869
1777072500.0,77388.4,77426.59,77337.6,77409.61,65.75333
1777073400.0,77409.62,77456.87,77396.0,77443.67,49.45581
1777074300.0,77443.67,77445.0,77418.0,77437.13,66.98049
1777075200.0,77437.13,77502.99,77409.42,77427.38,170.46095
1777076100.0,77427.38,77444.18,77309.92,77318.99,169.0484
1777077000.0,77318.99,77430.75,77318.98,77373.7,57.103
1777077900.0,77373.7,77456.88,77373.69,77456.88,33.02446
1777078800.0,77456.88,77519.82,77440.8,77514.19,48.56862
1777079700.0,77514.18,77547.7,77476.12,77486.2,37.85817
1777080600.0,77486.21,77554.26,77486.2,77554.25,55.50689
1777081500.0,77554.26,77620.52,77541.62,77541.63,58.1452
1777082400.0,77541.63,77632.2,77504.43,77547.93,73.20402
1777083300.0,77547.94,77635.71,77534.44,77633.18,26.71369
1777084200.0,77633.18,77644.04,77621.61,77622.97,24.60528
1777085100.0,77622.97,77634.66,77593.5,77607.8,46.54731
1777086000.0,77607.8,77688.0,77561.4,77581.14,36.8848
1777086900.0,77581.14,77596.93,77550.27,77558.48,24.43802
1777087800.0,77558.48,77689.33,77558.47,77678.96,39.08621
1777088700.0,77678.95,77711.87,77636.84,77679.07,41.81302
1777089600.0,77679.08,77691.23,77608.74,77675.18,129.04361
1777090500.0,77675.17,77685.58,77634.83,77644.65,23.07226
1777091400.0,77644.64,77644.65,77596.37,77611.4,39.53975
1777092300.0,77611.4,77630.35,77596.74,77619.05,83.55629
1777093200.0,77619.05,77619.05,77485.51,77502.32,59.73676
1777094100.0,77502.32,77532.0,77494.0,77494.01,19.14108
1777095000.0,77494.0,77552.69,77494.0,77535.28,67.8397
1777095900.0,77535.29,77553.38,77510.27,77510.28,27.84108
1777096800.0,77510.27,77555.97,77510.27,77540.0,117.84665
1777097700.0,77539.99,77551.56,77489.35,77491.14,42.87442
1777098600.0,77491.13,77555.97,77491.13,77531.81,36.14439
1777099500.0,77531.81,77582.28,77503.62,77503.63,72.68268
1777100400.0,77503.63,77503.63,77450.0,77479.25,51.89728
1777101300.0,77479.24,77535.69,77479.24,77532.1,57.06233
1777102200.0,77532.11,77566.26,77506.62,77531.4,33.4038
1777103100.0,77531.39,77556.74,77497.14,77501.19,32.33566
1777104000.0,77501.19,77584.32,77491.36,77560.56,33.76692
1777104900.0,77560.57,77583.43,77541.9,77571.81,24.92356
1777105800.0,77571.8,77654.41,77571.8,77641.05,41.51105
1777106700.0,77641.05,77643.38,77618.0,77643.37,16.29931
1777107600.0,77643.38,77660.05,77611.3,77628.9,16.65888
1777108500.0,77628.9,77632.3,77587.1,77590.1,31.41127
1777109400.0,77590.1,77757.13,77590.1,77733.23,51.04653
1777110300.0,77733.24,77779.65,77714.55,77714.55,45.53958
1777111200.0,77714.56,77800.76,77714.55,77767.97,173.04931
1777112100.0,77767.97,77843.34,77767.97,77826.08,48.87405
1777113000.0,77826.07,77885.35,77776.65,77812.07,53.22053
1777113900.0,77812.06,77824.89,77784.54,77787.77,31.30255
1777114800.0,77787.76,77787.77,77741.07,77741.07,48.34307
1777115700.0,77741.07,77755.77,77644.22,77678.93,54.59203
1777116600.0,77678.94,77682.44,77629.33,77644.63,44.60542
1777117500.0,77644.64,77693.43,77607.03,77682.3,38.05299
1777118400.0,77682.29,77717.95,77626.17,77694.95,40.51938
1777119300.0,77694.95,77711.59,77610.71,77610.71,32.82597
1777120200.0,77610.72,77611.63,77550.61,77562.14,62.69086
1777121100.0,77562.14,77578.67,77550.61,77557.14,25.78446
1777122000.0,77557.14,77645.36,77557.14,77645.35,20.40883
1777122900.0,77645.36,77645.36,77609.45,77615.62,49.62505
1777123800.0,77615.62,77676.82,77604.65,77676.82,36.81542
1777124700.0,77676.81,77710.91,77650.02,77691.69,54.80866
1777125600.0,77691.7,77750.0,77638.0,77692.67,82.31278
1777126500.0,77692.67,77742.34,77664.0,77729.81,25.01131
1777127400.0,77729.81,77745.33,77713.21,77738.22,41.50091
1777128300.0,77738.22,77752.54,77650.0,77656.75,53.93466
1777129200.0,77656.74,77677.72,77643.71,77670.39,30.39569
1777130100.0,77670.39,77718.57,77670.38,77700.09,26.429
1777131000.0,77700.09,77722.7,77670.0,77670.0,40.19022
1777131900.0,77670.0,77670.01,77299.89,77330.26,383.34348
1777132800.0,77330.25,77451.57,77295.01,77451.56,101.16266
1777133700.0,77451.57,77454.31,77327.65,77394.82,95.16974
1777134600.0,77394.82,77430.69,77140.23,77368.27,224.69659
1777135500.0,77368.27,77408.74,77346.0,77397.27,50.57465
1777136400.0,77397.27,77400.0,77352.21,77355.47,39.08699
1777137300.0,77355.47,77407.03,77300.0,77324.87,42.32689
1777138200.0,77324.88,77335.0,77255.14,77306.96,31.37448
1777139100.0,77306.95,77306.96,77210.96,77245.77,38.30855
1777140000.0,77245.78,77330.11,77216.29,77280.35,47.61316
1777140900.0,77280.35,77326.43,77264.1,77326.42,24.65875
1777141800.0,77326.43,77389.01,77311.67,77311.67,31.77263
1777142700.0,77311.67,77358.23,77300.0,77313.0,227.0885
1777143600.0,77313.0,77343.81,77282.88,77330.06,118.35607
1777144500.0,77330.05,77339.0,77255.69,77255.7,111.96344
1777145400.0,77255.7,77255.7,77193.79,77193.8,33.1657
1777146300.0,77193.79,77335.06,77193.79,77330.01,30.35606
1777147200.0,77330.0,77381.9,77311.05,77358.0,29.52949
1777148100.0,77357.99,77428.76,77350.5,77415.99,24.30664
1777149000.0,77415.99,77431.55,77393.81,77400.2,17.88446
1777149900.0,77400.2,77481.7,77400.2,77479.13,13.91388
1777150800.0,77479.14,77530.0,77479.13,77500.57,52.04395
1777151700.0,77500.58,77519.92,77486.98,77518.89,35.13005
1777152600.0,77518.88,77520.0,77415.2,77468.03,37.81071
1777153500.0,77468.02,77528.0,77466.91,77525.84,25.5668
1777154400.0,77525.83,77551.65,77498.81,77509.75,26.41675
1777155300.0,77509.76,77573.75,77503.59,77556.65,27.29202
1777156200.0,77556.65,77634.77,77556.65,77600.0,39.86481
1777157100.0,77599.99,77599.99,77532.09,77557.01,148.55155
1777158000.0,77557.01,77624.0,77530.0,77585.48,218.55691
1777158900.0,77585.49,77605.8,77562.0,77594.46,54.01251
1777159800.0,77594.46,77650.0,77580.9,77606.76,45.66632
1777160700.0,77606.77,77625.0,77600.0,77625.0,44.07298
1777161600.0,77625.0,77642.43,77519.76,77550.27,157.38787
1777162500.0,77550.27,77550.27,77472.29,77472.3,88.26311
1777163400.0,77472.3,77550.87,77445.94,77545.55,26.76428
1777164300.0,77545.55,77592.84,77463.73,77502.4,35.49713
1777165200.0,77502.39,77525.52,77486.2,77506.5,35.04633
1777166100.0,77506.51,77572.81,77500.0,77506.41,27.43101
1777167000.0,77506.41,77555.0,77506.41,77555.0,29.04182
1777167900.0,77554.99,77554.99,77451.16,77461.16,39.04667
1777168800.0,77461.16,77569.44,77452.07,77569.44,20.0911
1777169700.0,77569.44,77590.97,77522.23,77559.97,24.25646
1777170600.0,77559.96,77584.43,77522.23,77522.24,15.56921
1777171500.0,77522.24,77522.24,77478.08,77512.67,26.00782
1777172400.0,77512.67,77526.99,77483.06,77526.98,43.15168
1777173300.0,77526.99,77541.96,77425.39,77432.65,25.49154
1777174200.0,77432.66,77432.66,77326.51,77380.0,48.95904
1777175100.0,77380.0,77420.39,77367.94,77400.21,29.17185
1777176000.0,77400.21,77494.52,77383.46,77476.89,26.2525
1777176900.0,77476.89,77494.86,77473.01,77481.97,27.8846
1777177800.0,77481.97,77522.42,77433.87,77517.94,28.0422
1777178700.0,77517.94,77814.43,77517.93,77774.29,144.89266
1777179600.0,77774.29,78150.0,77719.77,78138.86,302.34689
1777180500.0,78138.86,78200.0,78026.58,78100.37,265.71148
1777181400.0,78100.38,78190.0,78019.22,78044.0,90.62396
1777182300.0,78043.99,78052.0,77983.3,77983.31,138.38404
1777183200.0,77983.31,78038.0,77983.31,78015.24,64.96616
1777184100.0,78015.25,78015.25,77926.8,77948.99,26.83522
1777185000.0,77948.99,78045.0,77930.03,78012.01,44.71003
1777185900.0,78012.01,78013.0,77899.45,77999.04,69.50681
1777186800.0,77999.04,78021.0,77987.15,78009.99,50.69856
1777187700.0,78009.99,78029.77,77988.97,77998.01,45.07873
1777188600.0,77998.01,77998.01,77968.36,77980.54,24.01823
1777189500.0,77980.54,78121.45,77974.13,78102.53,55.81578
1777190400.0,78102.53,78138.43,78040.37,78077.87,69.75192
1777191300.0,78077.88,78087.47,78025.76,78087.46,43.27695
1777192200.0,78087.46,78210.0,78019.65,78044.0,129.03777
1777193100.0,78044.0,78051.66,78023.39,78032.59,23.89809
1777194000.0,78032.59,78032.59,77969.56,78009.73,37.48968
1777194900.0,78009.73,78058.45,77992.57,78009.97,39.39013
1777195800.0,78009.98,78010.0,77926.59,77976.34,60.44373
1777196700.0,77976.35,78000.0,77945.26,77999.99,31.4766
1777197600.0,78000.0,78050.19,77954.0,78040.14,43.5894
1777198500.0,78040.13,78047.29,78001.28,78008.05,20.99858
1777199400.0,78008.05,78018.24,77982.2,77992.34,62.98529
1777200300.0,77992.34,78004.49,77972.28,78002.43,25.77413
1777201200.0,78002.43,78086.0,78002.42,78048.58,40.85006
1777202100.0,78048.58,78149.99,78036.15,78139.55,31.16766
1777203000.0,78139.55,78141.96,78074.29,78077.42,24.23986
1777203900.0,78077.41,78128.7,78050.33,78101.44,37.32868
1777204800.0,78101.43,78101.5,77981.87,77981.87,35.6932
1777205700.0,77981.87,78027.3,77957.34,77976.6,65.73148
1777206600.0,77976.59,77987.41,77950.0,77950.0,28.94947
1777207500.0,77950.0,77950.01,77770.0,77833.08,166.56199
1777208400.0,77833.08,77938.59,77797.13,77905.13,107.28215
1777209300.0,77905.13,77941.22,77818.08,77874.43,54.86565
1777210200.0,77874.43,77991.65,77873.38,77989.74,70.86719
1777211100.0,77989.74,77996.69,77917.75,77977.79,21.45463
1777212000.0,77977.79,77977.8,77871.85,77958.74,64.14665
1777212900.0,77958.75,78173.15,77927.85,78065.97,134.19922
1777213800.0,78065.97,78140.44,78011.45,78047.92,81.24125
1777214700.0,78047.93,78157.67,77977.88,78095.66,122.07527
1777215600.0,78095.65,78120.08,78035.7,78088.18,38.37802
1777216500.0,78088.17,78121.92,77988.89,78099.98,87.39395
1777217400.0,78099.99,78117.3,78028.11,78046.31,28.7616
1777218300.0,78046.31,78057.9,78000.01,78049.0,22.94063
1777219200.0,78049.0,78068.0,78010.16,78020.4,55.28751
1777220100.0,78020.4,78050.08,78020.39,78050.07,27.98452
1777221000.0,78050.07,78086.47,78000.17,78000.18,56.1587
1777221900.0,78000.17,78034.1,77919.42,77919.43,59.53605
1777222800.0,77919.43,78013.99,77850.0,78012.58,267.38276
1777223700.0,78012.59,78049.99,77982.22,78016.85,39.93522
1777224600.0,78016.86,78022.4,77955.4,78020.07,37.21023
1777225500.0,78020.06,78050.0,78000.0,78018.57,28.72711
1777226400.0,78018.57,78159.97,77988.11,78093.29,121.73075
1777227300.0,78093.29,78346.89,78067.87,78177.33,200.10714
1777228200.0,78177.32,78221.83,78139.41,78216.29,30.32348
1777229100.0,78216.28,78293.5,78186.61,78283.96,69.11657
1777230000.0,78283.97,78430.0,78179.18,78389.21,130.99245
1777230900.0,78389.22,78500.0,78013.76,78194.78,249.69665
1777231800.0,78194.78,78220.99,78048.15,78181.24,99.76165
1777232700.0,78181.24,78282.37,78178.47,78221.16,31.10925
1777233600.0,78221.17,78261.29,78190.0,78190.0,22.57625
1777234500.0,78190.0,78233.88,78158.04,78231.16,25.56954
1777235400.0,78231.16,78377.77,78231.15,78292.05,79.52594
1777236300.0,78292.06,78350.0,78191.67,78194.22,44.46536
1777237200.0,78194.21,78282.93,78182.31,78233.75,47.78788
1777238100.0,78233.75,78275.85,78181.24,78192.11,40.88884
1777239000.0,78192.12,78192.12,77953.84,77989.34,131.37268
1777239900.0,77989.34,78961.0,77843.75,78417.41,757.29584
1777240800.0,78417.41,78584.0,78350.0,78569.52,206.54678
1777241700.0,78569.52,78850.3,78506.0,78524.36,151.97191
1777242600.0,78524.36,78524.36,77953.26,78281.52,265.25543
1777243500.0,78281.52,78436.27,78263.35,78313.52,86.85764
1777244400.0,78313.52,78406.08,78258.37,78360.83,87.00442
1777245300.0,78360.83,78461.45,78153.2,78154.16,121.90808
1777246200.0,78154.16,78610.99,78041.05,78608.09,245.36664
1777247100.0,78608.08,78901.63,78600.73,78657.55,214.9227
1777248000.0,78657.55,78876.66,78562.5,78582.59,256.80371
1777248900.0,78582.58,78650.0,78400.03,78485.44,164.70014
1777249800.0,78485.43,78828.42,78407.22,78813.85,188.33143
1777250700.0,78813.86,79392.4,78773.91,79308.6,661.39121
1777251600.0,79309.0,79485.66,79111.59,79127.83,365.58217
1777252500.0,79127.84,79127.84,78730.71,78908.39,255.453
1777253400.0,78908.37,79159.65,78846.35,79051.26,155.02412
1777254300.0,79051.26,79375.0,79051.26,79283.66,217.03288
1777255200.0,79283.65,79304.0,79088.64,79184.0,84.4982
1777256100.0,79184.0,79256.51,79030.91,79123.48,121.65903
1777257000.0,79123.48,79258.87,79039.14,79070.13,107.83046
1777257900.0,79070.12,79198.9,79066.12,79130.01,67.24154
1777258800.0,79130.01,79250.0,79077.81,79209.04,70.21496
1777259700.0,79209.04,79269.87,79175.62,79246.9,126.8147
1777260600.0,79246.91,79316.5,79173.17,79237.1,119.25158
1777261500.0,79237.1,79252.17,79079.48,79105.49,81.16715
1777262400.0,79105.5,79130.63,79009.5,79057.82,107.00215
1777263300.0,79057.82,79118.23,79003.34,79118.22,131.68677
1777264200.0,79118.23,79160.0,79028.6,79072.73,44.9404
1777265100.0,79072.72,79086.42,78872.42,78924.22,134.0499
1777266000.0,78924.21,78938.0,78392.26,78406.39,371.19673
1777266900.0,78406.39,78414.42,77822.86,77835.63,790.40468
1777267800.0,77835.62,77875.14,77562.63,77804.13,470.33006
1777268700.0,77804.14,77867.72,77743.48,77785.54,173.85598
1777269600.0,77785.55,77801.25,77666.66,77737.47,146.89342
1777270500.0,77737.46,77871.9,77691.2,77725.14,167.37237
1777271400.0,77725.14,77725.15,77465.05,77618.1,228.34613
1777272300.0,77618.11,77739.05,77610.44,77700.12,99.1199
1777273200.0,77700.12,77734.79,77563.1,77647.68,129.18401
1777274100.0,77647.69,77734.0,77562.08,77690.95,74.64399
1777275000.0,77690.95,77690.95,77587.5,77679.41,58.90475
1777275900.0,77679.42,77732.55,77606.59,77606.6,480.46491
1777276800.0,77606.59,77727.43,77592.46,77632.09,109.96505
1777277700.0,77632.09,77693.83,77560.99,77572.38,132.93258
1777278600.0,77572.39,77664.58,77553.23,77617.13,84.37228
1777279500.0,77617.14,77816.18,77617.13,77804.34,138.27172
1777280400.0,77804.34,77861.28,77783.4,77857.61,152.32306
1777281300.0,77857.62,77857.62,77700.0,77775.96,140.18058
1777282200.0,77775.96,77961.46,77755.37,77943.44,156.14241
1777283100.0,77943.45,77980.0,77894.65,77900.01,129.86168
1777284000.0,77900.01,77935.66,77801.89,77814.84,84.26801
1777284900.0,77814.85,77833.68,77792.46,77809.43,103.41463
1777285800.0,77809.43,77924.63,77800.5,77874.65,70.26939
1777286700.0,77874.65,77897.68,77849.44,77850.01,53.15561
1777287600.0,77850.01,77880.0,77740.39,77783.21,88.89334
1777288500.0,77783.21,77883.0,77746.73,77860.0,72.09595
1777289400.0,77860.01,77885.46,77780.0,77803.1,51.66826
1777290300.0,77803.1,77855.0,77780.0,77844.26,40.12127
1777291200.0,77844.25,77867.33,77736.49,77825.0,82.75178
1777292100.0,77824.99,77858.41,77720.21,77743.36,57.21728
1777293000.0,77743.36,77775.0,77650.0,77737.99,92.27429
1777293900.0,77738.0,77774.0,77620.0,77667.36,183.22408
1777294800.0,77667.36,77783.25,77637.57,77717.42,383.86424
1777295700.0,77717.42,77797.64,77650.0,77712.69,70.36479
1777296600.0,77712.75,77966.8,77627.15,77854.21,128.14544
1777297500.0,77854.2,77862.0,77571.79,77746.74,180.34223
1777298400.0,77746.74,77916.52,77680.0,77855.23,175.46419
1777299300.0,77855.22,77920.0,77828.15,77881.23,76.52397
1777300200.0,77881.23,78220.0,77849.44,78178.37,286.82011
1777301100.0,78178.38,78265.34,77793.15,77815.25,205.62002
1777302000.0,77815.26,77827.17,77305.71,77375.62,420.40264
1777302900.0,77375.62,77375.62,76564.33,76855.08,895.82738
1777303800.0,76855.08,77095.91,76832.25,77056.82,334.439
1777304700.0,77056.82,77056.82,76734.93,76793.09,231.50165
1777305600.0,76793.1,76847.67,76652.64,76770.98,329.03406
1777306500.0,76770.98,76868.01,76724.91,76745.82,156.79907
1777307400.0,76745.83,76817.7,76597.43,76597.43,148.45284
1777308300.0,76597.44,76687.2,76546.0,76618.59,175.17901
1777309200.0,76618.59,76811.14,76618.59,76699.88,192.15145
1777310100.0,76699.88,76888.73,76627.68,76832.66,287.22315
1777311000.0,76832.66,76990.43,76763.71,76867.32,259.45403
1777311900.0,76867.32,76890.08,76700.0,76743.24,135.97695
1777312800.0,76743.23,76811.93,76676.43,76750.66,142.00644
1777313700.0,76750.66,76841.02,76668.52,76694.97,65.04858
1777314600.0,76694.97,76767.71,76676.0,76767.7,71.14408
1777315500.0,76767.71,76890.99,76729.24,76834.06,83.77421
1777316400.0,76834.05,76889.74,76732.7,76879.77,63.82975
1777317300.0,76879.78,76894.7,76623.66,76623.66,115.70524
1777318200.0,76623.66,76782.19,76459.64,76782.18,311.54188
1777319100.0,76782.18,76878.07,76763.55,76878.07,107.60316
1777320000.0,76878.23,76994.23,76844.16,76895.84,99.13434
1777320900.0,76895.84,76994.26,76895.84,76994.26,41.79906
1777321800.0,76994.26,77067.8,76956.72,76992.95,105.5021
1777322700.0,76992.94,77003.81,76940.52,76960.43,64.37216
1777323600.0,76960.43,76960.43,76829.01,76885.37,50.43772
1777324500.0,76885.37,76941.69,76853.43,76913.92,43.42274
1777325400.0,76913.91,76981.53,76883.49,76897.52,40.65031
1777326300.0,76897.51,76944.35,76786.8,76786.81,89.4339
1777327200.0,76786.81,76900.0,76763.71,76857.32,71.42026
1777328100.0,76857.31,76972.33,76850.0,76971.44,76.342
1777329000.0,76971.44,77040.0,76959.8,77005.82,104.78429
1777329900.0,77005.81,77082.78,77005.81,77066.42,112.31704
1777330800.0,77066.42,77084.0,77018.56,77039.04,42.16186
1777331700.0,77039.05,77208.72,77039.04,77137.15,102.24516
1777332600.0,77137.15,77305.71,77137.14,77305.7,133.8666
1777333500.0,77305.7,77450.0,77287.08,77371.32,159.9994
1777334400.0,77371.32,77437.82,77256.38,77326.88,129.45533
1777335300.0,77326.87,77446.5,77229.89,77233.5,64.10712
1777336200.0,77233.49,77478.0,77210.92,77400.92,73.3638
1777337100.0,77400.92,77473.42,77294.11,77379.62,60.33619
1777338000.0,77379.62,77394.1,77323.15,77344.75,47.58279
1777338900.0,77344.75,77344.75,77194.49,77235.84,169.85803
1777339800.0,77235.83,77235.83,77088.88,77105.0,126.91561
1777340700.0,77105.0,77134.8,77038.1,77084.68,60.41959
1777341600.0,77084.69,77215.49,77045.03,77159.77,116.26763
1777342500.0,77159.76,77227.03,77005.07,77005.07,78.35901
1777343400.0,77005.07,77032.0,76672.56,76707.6,164.34134
1777344300.0,76707.6,76901.96,76681.58,76890.93,78.78682
1777345200.0,76890.92,76890.92,76672.0,76765.49,95.46433
1777346100.0,76765.48,76790.16,76699.99,76763.72,66.64676
1777347000.0,76763.72,76842.44,76753.6,76800.43,69.25675
1777347900.0,76800.42,76842.84,76786.81,76815.18,47.10297
1777348800.0,76815.18,76877.1,76777.73,76877.1,47.29021
1777349700.0,76877.09,76930.33,76701.35,76797.41,101.98591
1777350600.0,76797.4,76878.0,76749.96,76829.76,81.17565
1777351500.0,76829.76,76950.0,76829.75,76888.08,44.41197
1777352400.0,76888.08,77058.61,76888.08,76963.82,154.8791
1777353300.0,76963.81,77154.0,76907.6,77063.45,168.24753
1777354200.0,77063.45,77072.51,76811.01,76865.14,114.9853
1777355100.0,76865.14,76972.33,76865.13,76885.98,72.68936
1777356000.0,76885.97,77027.91,76885.97,76999.62,90.77183
1777356900.0,76999.62,77006.32,76836.85,76905.63,82.391
1777357800.0,76905.64,76941.02,76593.0,76602.16,138.72921
1777358700.0,76602.17,76763.71,76588.0,76720.0,153.16437
1777359600.0,76720.01,76720.01,76557.64,76557.65,152.49502
1777360500.0,76557.65,76663.47,76424.9,76642.43,242.78473
1777361400.0,76642.43,76889.02,76617.7,76858.01,558.54325
1777362300.0,76858.0,76922.22,76757.76,76879.28,678.16751
1777363200.0,76879.28,76895.0,76786.48,76844.97,128.21672
1777364100.0,76844.96,76977.26,76842.81,76976.63,212.85553
1777365000.0,76976.64,77013.63,76802.45,76815.83,594.3593
1777365900.0,76815.83,76868.03,76741.12,76858.59,107.64407
1777366800.0,76858.59,76863.54,76790.01,76831.05,92.97792
1777367700.0,76831.05,76831.05,76717.67,76790.7,89.45184
1777368600.0,76790.7,76790.7,76637.63,76657.42,91.16005
1777369500.0,76657.42,76659.41,76495.91,76598.0,88.10258
1777370400.0,76597.99,76692.19,76514.76,76521.04,88.95992
1777371300.0,76521.04,76569.16,76484.7,76523.47,61.16357
1777372200.0,76523.48,76620.0,76523.47,76614.61,156.65367
1777373100.0,76614.61,76630.02,76564.86,76618.35,111.46847
1777374000.0,76618.35,76649.86,76440.86,76460.97,140.44023
1777374900.0,76460.96,76480.84,76283.82,76342.7,323.72098
1777375800.0,76342.7,76346.49,76145.0,76288.89,341.95819
1777376700.0,76288.9,76296.99,76130.1,76229.0,213.59902
1777377600.0,76228.99,76314.97,76186.45,76273.92,208.49269
1777378500.0,76273.92,76365.99,76168.84,76221.48,142.09376
1777379400.0,76221.48,76316.32,76180.0,76315.2,89.0738
1777380300.0,76315.21,76421.94,76295.47,76372.05,212.35291
1777381200.0,76372.04,76372.05,75924.98,76135.79,563.78327
1777382100.0,76135.78,76244.0,76028.0,76192.9,166.63262
1777383000.0,76192.9,76357.3,76061.97,76264.45,268.4881
1777383900.0,76264.44,76411.72,76033.6,76189.84,289.62101
1777384800.0,76189.85,76199.99,76018.0,76076.73,157.45401
1777385700.0,76076.74,76085.71,75769.4,75829.12,388.20638
1777386600.0,75829.12,75904.0,75666.6,75862.78,477.46197
1777387500.0,75862.78,75950.0,75691.06,75949.99,241.15344
1777388400.0,75950.0,76068.12,75836.88,75990.25,168.56961
1777389300.0,75990.24,76065.22,75945.0,76024.99,147.32559
1777390200.0,76024.99,76057.0,75882.21,75933.7,124.8037
1777391100.0,75933.7,76085.42,75916.35,76066.38,131.25929
1777392000.0,76066.37,76095.46,75958.15,76020.45,107.31323
1777392900.0,76020.46,76033.56,75947.74,75954.58,70.40866
1777393800.0,75954.59,76007.63,75881.28,75912.55,82.18937
1777394700.0,75912.55,76218.06,75889.0,76125.04,187.63408
1777395600.0,76125.04,76220.61,76000.0,76033.56,109.56998
1777396500.0,76033.56,76137.87,75959.05,76096.13,66.35033
1777397400.0,76096.13,76262.63,76096.12,76192.44,99.36939
1777398300.0,76192.44,76220.79,76117.99,76187.3,61.83179
1777399200.0,76187.3,76266.66,76137.86,76141.01,79.98071
1777400100.0,76141.01,76280.91,76141.01,76233.34,55.00286
1777401000.0,76233.34,76238.94,76168.69,76168.69,138.07017
1777401900.0,76168.69,76250.0,76152.41,76242.18,64.42981
1777402800.0,76242.17,76242.18,76086.0,76086.61,43.06826
1777403700.0,76086.61,76170.94,76066.35,76170.93,53.08756
1777404600.0,76170.93,76320.95,76136.27,76319.4,49.57957
1777405500.0,76319.4,76380.83,76273.91,76330.97,113.91877
1777406400.0,76330.97,76446.71,76323.71,76397.69,111.45478
1777407300.0,76397.69,76400.78,76338.4,76367.1,53.10292
1777408200.0,76367.09,76436.73,76360.05,76415.64,45.01573
1777409100.0,76415.65,76480.0,76415.64,76463.95,50.14235
1777410000.0,76463.95,76481.3,76350.84,76365.38,114.99728
1777410900.0,76365.62,76375.35,76288.31,76301.3,72.87704
1777411800.0,76301.31,76410.45,76301.3,76315.82,49.84403
1777412700.0,76315.82,76417.94,76267.61,76357.15,43.45522
1777413600.0,76357.15,76446.26,76332.0,76364.27,53.78282
1777414500.0,76364.27,76371.83,76318.71,76329.44,23.6264
1777415400.0,76329.44,76364.3,76292.19,76292.19,29.12269
1777416300.0,76292.2,76297.77,76218.0,76242.17,51.07795
1777417200.0,76242.17,76346.89,76197.02,76346.89,67.48057
1777418100.0,76346.88,76363.21,76266.94,76285.52,25.9302
1777419000.0,76285.53,76305.16,76249.31,76300.72,31.66604
1777419900.0,76300.72,76370.0,76300.72,76342.77,54.86304
1777420800.0,76342.78,76385.28,76303.13,76332.4,226.43021
1777421700.0,76332.4,76346.33,76276.0,76319.24,55.19246
1777422600.0,76319.25,76419.15,76288.98,76400.46,79.36765
1777423500.0,76400.46,76557.97,76391.15,76512.0,275.89485
1777424400.0,76511.99,76545.14,76316.65,76359.67,120.63012
1777425300.0,76359.67,76399.58,76221.49,76236.14,66.21767
1777426200.0,76236.15,76410.47,76187.75,76410.47,60.57501
1777427100.0,76410.46,76668.02,76395.74,76571.0,124.06538
1777428000.0,76571.0,76666.82,76513.07,76548.32,107.41165
1777428900.0,76548.31,76565.76,76460.96,76460.97,62.43749
1777429800.0,76460.97,76468.62,76402.72,76435.21,76.88152
1777430700.0,76435.21,76531.43,76434.29,76531.29,68.56596
1777431600.0,76531.29,76622.78,76519.94,76622.78,65.14094
1777432500.0,76622.77,76899.83,76622.77,76882.0,195.64014
1777433400.0,76881.99,77127.62,76802.44,77079.11,216.31019
1777434300.0,77079.12,77082.24,76933.66,76994.78,91.168
1777435200.0,76994.77,77008.68,76880.0,76926.06,122.57586
1777436100.0,76926.06,77057.11,76926.06,77041.81,69.95435
1777437000.0,77041.81,77455.71,77020.73,77318.1,330.64427
1777437900.0,77318.09,77368.77,77250.48,77269.76,132.06949
1777438800.0,77269.76,77301.82,77200.0,77224.34,90.30213
1777439700.0,77224.35,77272.45,77198.07,77272.45,84.27372
1777440600.0,77272.45,77301.0,77221.02,77248.12,88.14042
1777441500.0,77248.12,77329.31,77248.11,77288.38,150.24022
1777442400.0,77288.39,77337.57,77192.07,77218.53,132.48861
1777443300.0,77218.52,77227.0,77083.38,77083.39,152.1019
1777444200.0,77083.39,77117.16,77011.2,77011.22,105.17644
1777445100.0,77011.22,77260.22,76907.07,77031.06,584.62238
1777446000.0,77031.07,77107.87,77031.06,77092.66,407.71685
1777446900.0,77092.66,77108.29,77050.29,77064.19,136.88747
1777447800.0,77064.19,77182.91,77064.19,77127.55,90.10959
1777448700.0,77127.54,77127.55,77031.06,77053.64,297.2714
1777449600.0,77053.65,77087.15,76984.88,77030.54,100.04405
1777450500.0,77030.55,77148.79,77020.78,77106.01,105.4096
1777451400.0,77106.01,77106.01,76972.32,77064.9,257.01576
1777452300.0,77064.89,77074.62,77025.93,77046.32,76.6278
1777453200.0,77046.31,77072.96,76972.32,77072.95,83.12565
1777454100.0,77072.95,77142.0,77057.41,77127.74,79.55591
1777455000.0,77127.74,77285.0,77127.73,77258.0,121.26093
1777455900.0,77258.0,77800.0,77242.53,77642.0,551.59822
1777456800.0,77642.0,77817.57,77642.0,77720.85,215.1021
1777457700.0,77720.85,77899.86,77710.0,77885.28,223.44435
1777458600.0,77885.28,77904.93,77563.8,77563.81,241.96828
1777459500.0,77563.81,77666.35,77559.19,77619.61,110.30149
1777460400.0,77619.62,77673.2,77506.88,77579.69,131.32526
1777461300.0,77579.7,77607.4,77485.81,77515.0,109.29226
1777462200.0,77515.0,77670.73,77508.07,77571.53,123.57881
1777463100.0,77571.53,77694.61,77546.0,77590.03,167.55507
1777464000.0,77590.04,77596.39,76850.0,77310.12,664.16642
1777464900.0,77310.12,77415.98,76908.47,77145.78,680.3712
1777465800.0,77145.78,77175.64,76992.5,77162.2,154.12744
1777466700.0,77162.19,77208.72,77125.92,77143.68,277.68643
1777467600.0,77143.68,77205.72,77072.39,77178.95,113.39973
1777468500.0,77178.96,77240.0,76859.09,76924.1,189.59801
1777469400.0,76924.11,76924.11,76563.0,76563.0,415.51029
1777470300.0,76563.01,76877.15,76425.62,76783.43,282.18687
1777471200.0,76783.42,76783.43,76543.51,76588.85,158.5249
1777472100.0,76588.5,76767.71,76503.2,76717.99,211.21241
1777473000.0,76717.99,76927.69,76584.42,76602.26,796.00126
1777473900.0,76602.27,76668.45,76489.99,76570.0,187.98214
1777474800.0,76570.0,76634.61,76150.0,76255.0,342.77333
1777475700.0,76254.99,76364.88,76194.4,76230.53,180.83526
1777476600.0,76230.53,76335.12,75971.07,75975.0,299.47884
1777477500.0,75975.01,76041.8,75705.32,75924.25,309.66991
1777478400.0,75924.24,76125.47,75847.71,76031.77,235.95717
1777479300.0,76031.77,76116.47,75696.13,75837.01,477.42594
1777480200.0,75837.0,75911.04,75720.96,75887.34,160.54413
1777481100.0,75887.33,75908.0,75707.69,75803.54,147.17355
1777482000.0,75803.55,76015.27,75803.55,75936.36,145.6829
1777482900.0,75936.36,76112.98,75811.24,75891.4,185.88013
1777483800.0,75891.4,76018.34,75881.59,76018.33,92.68679
1777484700.0,76018.33,76184.01,75940.12,76184.01,125.68452
1777485600.0,76184.0,76274.8,74937.52,75192.52,1111.63357
1777486500.0,75192.51,75385.24,75084.0,75150.37,331.15934
1777487400.0,75150.37,75361.68,74958.66,75242.43,299.73047
1777488300.0,75242.42,75517.33,75225.0,75513.91,184.35971
1777489200.0,75513.92,75570.18,75374.49,75568.41,155.5327
1777490100.0,75567.04,75591.83,75454.76,75531.29,104.8563
1777491000.0,75531.29,75531.3,75302.31,75438.56,128.09275
1777491900.0,75438.55,75565.69,75432.49,75563.86,76.09365
1777492800.0,75563.87,75716.54,75497.43,75528.81,264.87864
1777493700.0,75528.82,75688.09,75524.41,75679.7,116.65316
1777494600.0,75679.7,75857.32,75586.0,75773.61,131.1932
1777495500.0,75773.61,75856.08,75666.79,75676.79,62.58673
1777496400.0,75676.79,75850.0,75607.7,75794.67,100.47597
1777497300.0,75794.67,75898.67,75794.67,75822.88,56.88715
1777498200.0,75822.88,75973.5,75801.67,75942.49,101.48915
1777499100.0,75942.49,76088.9,75932.76,75933.93,104.2125
1777500000.0,75933.94,75969.42,75850.0,75965.73,80.64301
1777500900.0,75965.73,76004.14,75818.14,75839.75,83.10733
1777501800.0,75839.74,75975.38,75839.74,75962.86,52.38656
1777502700.0,75962.85,75970.65,75891.28,75927.38,56.19707
1777503600.0,75927.38,75990.06,75864.95,75987.62,44.28591
1777504500.0,75987.62,75989.29,75692.33,75771.21,110.87803
1777505400.0,75771.2,75864.91,75771.2,75861.06,72.01913
1777506300.0,75861.07,75880.71,75774.6,75780.0,52.30874
1777507200.0,75780.0,75867.49,75715.44,75719.89,139.7804
1777508100.0,75719.9,75817.99,75656.03,75817.99,72.60295
1777509000.0,75818.0,76172.34,75818.0,76091.35,166.97848
1777509900.0,76091.35,76344.61,76091.35,76248.74,183.35278
1777510800.0,76248.76,76360.56,76180.5,76234.02,80.31567
1777511700.0,76234.01,76408.83,76178.73,76349.59,66.76437
1777512600.0,76349.58,76412.41,76239.76,76346.0,59.55904
1777513500.0,76346.0,76473.26,76218.94,76232.8,124.89745
1777514400.0,76232.81,76351.04,76232.8,76316.7,65.75213
1777515300.0,76316.7,76343.54,76107.82,76122.64,72.41361
1777516200.0,76122.64,76122.64,75494.7,75614.11,298.0122
1777517100.0,75614.11,75760.88,75560.29,75704.74,100.88971
1777518000.0,75704.74,75865.12,75659.85,75828.64,50.19218
1777518900.0,75828.65,75897.39,75770.67,75893.97,47.77204
1777519800.0,75893.97,75987.84,75845.7,75949.04,46.14804
1777520700.0,75949.03,75994.26,75900.83,75928.1,38.01421
1777521600.0,75928.09,75963.92,75707.52,75792.03,116.13835
1777522500.0,75792.04,75801.1,75670.02,75683.43,47.88477
1777523400.0,75683.44,75687.21,75414.57,75426.62,150.80557
1777524300.0,75426.61,75534.65,75426.61,75497.0,112.14057
1777525200.0,75497.01,75627.33,75480.0,75611.77,91.33829
1777526100.0,75611.78,75626.08,75323.65,75429.05,97.95526
1777527000.0,75429.06,75750.0,75422.72,75707.4,232.95455
1777527900.0,75707.4,75743.5,75595.99,75600.09,69.46105
1777528800.0,75600.09,75682.19,75569.99,75594.9,127.6049
1777529700.0,75594.89,75696.32,75594.89,75676.0,45.03527
1777530600.0,75676.0,75867.9,75676.0,75744.04,140.61333
1777531500.0,75744.03,75786.34,75709.99,75753.53,58.89722
1777532400.0,75753.54,75849.69,75718.5,75806.02,82.31333
1777533300.0,75806.01,75893.58,75782.56,75884.53,61.82489
1777534200.0,75884.54,76082.97,75884.53,76075.28,209.12608
1777535100.0,76075.29,76179.91,76068.23,76161.67,163.48753
1777536000.0,76161.67,76208.92,76076.06,76092.07,81.00347
1777536900.0,76092.07,76163.25,76019.57,76075.92,120.42175
1777537800.0,76075.92,76144.16,76050.0,76135.0,61.82443
1777538700.0,76135.0,76146.75,76058.16,76058.17,87.69606
1777539600.0,76058.17,76097.85,76019.57,76077.09,133.75995
1777540500.0,76077.09,76220.2,76012.6,76216.77,113.59306
1777541400.0,76216.77,76339.38,76079.81,76079.81,122.93379
1777542300.0,76079.82,76196.31,76075.69,76097.19,74.72377
1777543200.0,76097.19,76163.52,76036.79,76036.8,63.52607
1777544100.0,76036.8,76069.11,75974.93,75974.94,85.96033
1777545000.0,75974.94,76119.19,75974.94,76043.02,139.7879
1777545900.0,76043.02,76069.11,75999.9,76028.66,75.91289
1777546800.0,76028.66,76244.36,76028.66,76150.47,148.99381
1777547700.0,76150.48,76191.45,76093.11,76109.21,72.67019
1777548600.0,76109.21,76140.33,75910.44,75929.48,166.40838
1777549500.0,75929.48,76085.62,75876.29,76059.43,162.81429
1777550400.0,76059.42,76169.55,76042.75,76146.61,89.19657
1777551300.0,76146.61,76500.0,76141.11,76344.23,804.45278
1777552200.0,76344.23,76511.22,76255.01,76255.01,510.52755
1777553100.0,76255.01,76420.0,76254.0,76308.48,116.40304
1777554000.0,76308.48,76367.65,76270.94,76315.8,126.29483
1777554900.0,76315.8,76347.63,76159.45,76186.63,96.3575
1777555800.0,76186.63,76644.44,76116.2,76638.04,393.46769
1777556700.0,76638.04,76669.14,76412.0,76420.44,311.0462
1777557600.0,76420.45,76597.51,76278.04,76360.52,238.03962
1777558500.0,76360.52,76368.16,76093.81,76354.2,196.31896
1777559400.0,76354.2,76557.97,76216.89,76346.36,132.66563
1777560300.0,76346.0,76470.99,76272.19,76301.24,116.72891
1777561200.0,76301.25,76439.32,76163.16,76424.65,123.94692
1777562100.0,76424.66,76500.0,76370.4,76500.0,55.5906
1777563000.0,76500.0,76653.6,76378.0,76465.74,125.6661
1777563900.0,76465.74,76529.14,76331.34,76473.6,69.49676
1777564800.0,76473.6,76484.6,76362.59,76473.61,54.53985
1777565700.0,76473.6,76473.61,76300.0,76355.18,37.56295
1777566600.0,76355.19,76419.55,76325.14,76342.62,28.25056
1777567500.0,76342.62,76376.85,76228.27,76261.03,45.09705
1777568400.0,76261.04,76328.71,76214.46,76224.25,77.00839
1777569300.0,76224.26,76224.26,76111.0,76143.12,98.04445
1777570200.0,76143.12,76263.45,76143.12,76160.87,57.2247
1777571100.0,76160.86,76300.2,76160.86,76250.01,41.54525
1777572000.0,76250.0,76372.28,76246.0,76269.6,50.19296
1777572900.0,76269.6,76468.84,76268.65,76281.25,51.88228
1777573800.0,76281.26,76404.83,76204.4,76398.64,48.92583
1777574700.0,76398.64,76468.27,76350.0,76350.0,33.1546
1777575600.0,76350.0,76482.61,76308.33,76451.53,65.19024
1777576500.0,76451.53,76511.48,76425.96,76471.71,74.1331
1777577400.0,76471.7,76514.8,76418.46,76443.27,98.2852
1777578300.0,76443.27,76459.56,76377.14,76412.8,69.92922
1777579200.0,76412.8,76472.97,76358.18,76447.85,47.89706
1777580100.0,76447.86,76564.0,76318.31,76476.42,111.77384
1777581000.0,76476.42,76550.96,76452.29,76521.21,60.93151
1777581900.0,76521.21,76568.9,76492.45,76492.46,66.4648
1777582800.0,76492.45,76535.42,76452.42,76494.59,44.30122
1777583700.0,76494.58,76494.59,76323.04,76337.5,31.19845
1777584600.0,76337.5,76458.0,76337.5,76390.41,31.4519
1777585500.0,76390.41,76390.41,76240.78,76241.78,76.13012
1777586400.0,76241.77,76366.79,76240.78,76366.78,53.53078
1777587300.0,76366.79,76449.16,76366.19,76439.54,29.73243
1777588200.0,76439.53,76442.02,76275.1,76334.97,42.69496
1777589100.0,76334.97,76373.16,76206.02,76237.06,32.60718
1777590000.0,76237.07,76323.07,76217.96,76299.08,48.819
1777590900.0,76299.07,76334.72,76290.85,76334.71,31.78269
1777591800.0,76334.72,76375.99,76322.15,76334.37,49.56263
1777592700.0,76334.36,76380.2,76305.07,76346.57,52.71485
1777593600.0,76346.58,76514.0,76320.42,76469.81,186.86833
1777594500.0,76469.8,76578.0,76469.8,76531.81,56.4699
1777595400.0,76531.82,76560.0,76458.0,76528.37,203.33172
1777596300.0,76528.37,76591.0,76402.91,76458.05,56.21849
1777597200.0,76458.06,76589.34,76449.5,76564.0,66.5726
1777598100.0,76564.0,76630.0,76530.01,76536.81,107.55184
1777599000.0,76536.81,76640.64,76536.81,76618.08,202.52297
1777599900.0,76618.07,76776.21,76615.97,76686.13,110.19813
1777600800.0,76686.12,76744.6,76622.21,76674.82,91.84048
1777601700.0,76674.82,76729.7,76610.1,76628.9,40.57887
1777602600.0,76628.9,76639.95,76564.58,76596.02,28.28613
1777603500.0,76596.01,76615.01,76533.74,76592.54,43.7489
1777604400.0,76592.54,76700.84,76555.06,76698.98,40.52704
1777605300.0,76698.97,77453.74,76698.97,77198.27,735.92207
1777606200.0,77198.27,77285.79,77082.32,77158.4,222.15926
1777607100.0,77158.4,77208.0,77072.09,77131.08,57.59076
1777608000.0,77131.08,77176.0,77068.18,77116.28,84.28269
1777608900.0,77116.28,77206.38,76653.6,77012.35,743.47744
1777609800.0,77012.35,77083.98,76997.11,77081.86,60.04591
1777610700.0,77081.86,77104.22,77018.64,77042.44,107.95317
1777611600.0,77042.44,77184.96,77033.91,77140.27,76.65641
1777612500.0,77140.27,77141.26,77054.65,77079.96,40.24707
1777613400.0,77079.97,77137.6,77058.41,77125.0,119.18309
1777614300.0,77125.0,77176.67,77115.85,77165.98,47.66454
1777615200.0,77165.99,77176.67,77087.57,77145.49,43.46608
1777616100.0,77145.49,77179.53,77112.06,77150.04,44.08709
1777617000.0,77150.04,77170.0,76956.2,77066.0,208.37226
1777617900.0,77066.0,77112.54,76882.0,76993.48,143.22662
1777618800.0,76993.49,77094.0,76970.23,77038.9,56.40812
1777619700.0,77038.9,77106.5,76994.11,77004.14,201.89932
1777620600.0,77004.13,77049.82,76957.04,76996.88,209.153
1777621500.0,76996.87,77140.36,76996.74,77130.54,166.27206
1777622400.0,77130.54,77250.0,77048.0,77250.0,208.09032
1777623300.0,77249.99,77500.0,77227.75,77440.73,361.79558
1777624200.0,77440.74,77457.99,77361.82,77370.66,82.60631
1777625100.0,77370.67,77382.46,77358.15,77377.47,45.2434
1777626000.0,77377.48,77391.99,77289.18,77338.73,95.87223
1777626900.0,77338.74,77377.91,77299.34,77346.8,92.6073
1777627800.0,77346.81,77346.81,77275.23,77279.94,92.50511
1777628700.0,77279.94,77279.94,77200.15,77268.55,74.18095
1777629600.0,77268.56,77268.56,77146.48,77159.42,62.23021
1777630500.0,77159.41,77433.72,77159.41,77349.1,148.5105
1777631400.0,77349.11,77361.77,77251.0,77251.01,45.67436
1777632300.0,77251.0,77305.39,77251.0,77304.34,74.57737
1777633200.0,77303.8,77331.0,77263.66,77324.48,161.08413
1777634100.0,77324.48,77600.0,77307.5,77382.63,244.96082
1777635000.0,77382.64,77429.8,77344.78,77412.88,99.94059
1777635900.0,77412.88,77474.01,77344.78,77463.98,78.39406
1777636800.0,77463.98,77677.77,77408.73,77553.65,178.53466
1777637700.0,77553.64,77799.48,77550.72,77763.04,247.31757
1777638600.0,77763.04,78170.2,77760.53,77959.08,733.68866
1777639500.0,77959.08,78042.37,77896.0,77896.01,233.43565
1777640400.0,77896.01,78430.2,77896.0,78344.38,471.78275
1777641300.0,78344.37,78399.72,78260.35,78279.65,269.38706
1777642200.0,78279.65,78539.25,78137.36,78259.08,736.86765
1777643100.0,78259.07,78914.12,78190.0,78737.25,876.30253
1777644000.0,78737.26,78871.8,78599.0,78681.2,818.0992
1777644900.0,78681.2,78718.0,78145.82,78275.86,467.93467
1777645800.0,78275.87,78295.02,78051.86,78196.74,435.51299
1777646700.0,78196.74,78449.96,78146.32,78358.75,249.15466
1777647600.0,78358.74,78474.22,78176.06,78460.94,216.14577
1777648500.0,78460.95,78600.0,78422.55,78536.02,269.38503
1777649400.0,78536.01,78735.92,78528.05,78663.98,187.92403
1777650300.0,78663.97,78683.67,78177.1,78445.89,339.72263
1777651200.0,78445.88,78683.23,78390.33,78390.33,196.58019
1777652100.0,78390.33,78474.48,78173.15,78328.0,199.3046
1777653000.0,78328.01,78390.0,78173.15,78278.22,134.63579
1777653900.0,78278.21,78351.82,78167.53,78214.36,174.16608
1777654800.0,78214.36,78330.0,78131.02,78330.0,142.1507
1777655700.0,78330.0,78350.0,78185.82,78250.82,150.89754
1777656600.0,78250.83,78552.47,78183.72,78438.28,138.34726
1777657500.0,78438.28,78584.61,78420.66,78552.94,57.92388
1777658400.0,78552.93,78609.11,78466.4,78527.36,92.09331
1777659300.0,78527.36,78623.37,78480.0,78586.48,94.58036
1777660200.0,78586.49,78586.49,78413.23,78428.53,230.26507
1777661100.0,78428.54,78507.97,78375.53,78423.9,70.82613
1777662000.0,78423.91,78540.0,78416.96,78489.06,83.26778
1777662900.0,78489.07,78494.07,78350.0,78415.73,87.57114
1777663800.0,78415.14,78417.43,78313.16,78341.41,107.56388
1777664700.0,78341.42,78466.59,78336.0,78360.0,234.25203
1777665600.0,78360.01,78422.81,78291.33,78291.33,112.67654
1777666500.0,78291.33,78300.09,78100.07,78153.28,147.49472
1777667400.0,78153.27,78180.48,77945.28,77985.19,351.35434
1777668300.0,77985.2,78031.07,77752.0,77880.18,216.00199
1777669200.0,77880.18,77979.99,77857.97,77955.16,82.53259
1777670100.0,77955.16,78064.85,77932.75,78021.45,113.51743
1777671000.0,78021.46,78185.7,78021.45,78117.06,191.27547
1777671900.0,78117.06,78200.0,78117.06,78199.99,98.40275
1777672800.0,78200.0,78314.0,78200.0,78282.61,100.30778
1777673700.0,78282.6,78411.13,78280.54,78353.41,130.9405
1777674600.0,78353.41,78369.59,78228.0,78263.61,60.94334
1777675500.0,78263.6,78263.6,78144.7,78153.38,39.78624
1777676400.0,78153.37,78183.15,78100.0,78124.0,28.88149
1777677300.0,78124.01,78139.22,78043.28,78044.17,52.40145
1777678200.0,78044.16,78144.35,78044.16,78112.21,38.61129
1777679100.0,78112.2,78249.6,78112.2,78231.13,53.66025
1777680000.0,78231.13,78299.04,78200.09,78200.1,69.45861
1777680900.0,78200.09,78360.77,78166.48,78280.85,44.2983
1777681800.0,78280.86,78339.99,78250.89,78323.86,32.63112
1777682700.0,78323.86,78393.39,78290.0,78341.75,64.90571
1777683600.0,78341.75,78392.34,78294.19,78380.14,74.54629
1777684500.0,78380.14,78380.14,78304.0,78345.36,39.72282
1777685400.0,78345.36,78441.31,78322.18,78372.51,90.53495
1777686300.0,78372.51,78372.51,78300.0,78355.0,196.18446
1777687200.0,78355.0,78355.0,78281.43,78293.36,76.03164
1777688100.0,78293.37,78340.0,78260.95,78270.2,27.95782
1777689000.0,78270.2,78395.0,78266.5,78359.95,56.93766
1777689900.0,78359.95,78513.7,78353.92,78353.93,122.7631
1777690800.0,78353.93,78384.21,78250.0,78277.31,38.85823
1777691700.0,78277.31,78411.31,78237.25,78382.22,54.74955
1777692600.0,78382.22,78514.82,78368.0,78399.16,53.12598
1777693500.0,78399.16,78471.04,78368.0,78400.0,153.43015
1777694400.0,78399.99,78448.99,78262.39,78292.12,131.81886
1777695300.0,78292.12,78304.39,78260.76,78278.59,155.20815
1777696200.0,78278.6,78287.1,78175.37,78223.12,54.57568
1777697100.0,78223.12,78233.3,78123.53,78175.5,70.24792
1777698000.0,78175.5,78186.0,78061.54,78089.34,265.99723
1777698900.0,78089.34,78126.77,78040.0,78110.64,94.38226
1777699800.0,78110.65,78218.03,78110.64,78198.47,76.47069
1777700700.0,78198.47,78235.25,78173.99,78174.0,89.75276
1777701600.0,78174.0,78288.0,78169.99,78170.0,225.43139
1777702500.0,78170.0,78220.39,78148.24,78150.0,32.52697
1777703400.0,78150.0,78229.82,78150.0,78229.81,39.15808
1777704300.0,78229.81,78363.21,78229.81,78327.8,69.44806
1777705200.0,78327.8,78342.18,78303.11,78320.08,34.61536
1777706100.0,78320.08,78339.6,78308.24,78320.83,54.97792
1777707000.0,78320.84,78324.7,78218.04,78227.11,26.83268
1777707900.0,78227.11,78247.52,78207.2,78220.0,53.5947
1777708800.0,78220.0,78266.01,78165.3,78262.66,39.65362
1777709700.0,78262.66,78294.86,78237.76,78283.4,16.7349
1777710600.0,78283.4,78350.0,78283.4,78329.3,103.72882
1777711500.0,78329.3,78356.51,78290.02,78315.37,44.71303
1777712400.0,78315.36,78328.14,78294.16,78305.7,36.82691
1777713300.0,78305.69,78341.78,78305.69,78308.63,33.30294
1777714200.0,78308.64,78394.0,78220.0,78311.57,133.4621
1777715100.0,78311.58,78316.02,78285.79,78293.57,54.04882
1777716000.0,78293.57,78311.97,78280.31,78288.56,39.29239
1777716900.0,78288.55,78297.0,78228.37,78251.51,32.7517
1777717800.0,78251.52,78267.07,78225.22,78249.59,32.2447
1777718700.0,78249.6,78262.6,78231.31,78249.3,32.12936
1777719600.0,78249.31,78249.31,78169.0,78170.58,65.23223
1777720500.0,78170.58,78227.86,78170.57,78210.98,33.93374
1777721400.0,78210.99,78210.99,78129.4,78169.0,95.95195
1777722300.0,78169.01,78169.01,78094.43,78143.08,74.12509
1777723200.0,78143.09,78161.72,78108.41,78144.43,57.03043
1777724100.0,78144.43,78262.37,78144.42,78242.85,60.47433
1777725000.0,78242.86,78261.56,78191.08,78227.71,32.52616
1777725900.0,78227.71,78227.71,78184.98,78211.24,32.7459
1777726800.0,78211.24,78423.85,78211.24,78392.44,148.7989
1777727700.0,78392.43,78392.44,78306.79,78306.79,25.76227
1777728600.0,78306.8,78361.34,78304.92,78361.34,20.5113
1777729500.0,78361.33,78391.42,78322.33,78367.06,31.9324
1777730400.0,78367.06,78397.11,78309.84,78309.84,24.05956
1777731300.0,78309.84,78484.42,78309.84,78420.43,103.22848
1777732200.0,78420.43,78461.55,78385.0,78398.57,24.54463
1777733100.0,78398.58,78480.0,78398.57,78423.98,38.32664
1777734000.0,78423.98,78480.0,78423.98,78435.26,28.05639
1777734900.0,78435.26,78435.26,78365.96,78374.95,38.48789
1777735800.0,78374.95,78444.0,78374.94,78443.41,27.45386
1777736700.0,78443.41,78487.68,78417.47,78487.67,32.1424
1777737600.0,78487.67,78557.62,78462.1,78545.99,51.20537
1777738500.0,78546.0,78596.61,78505.62,78510.63,78.26442
1777739400.0,78510.62,78510.62,78430.07,78430.08,42.70053
1777740300.0,78430.07,78500.0,78430.07,78455.02,22.25482
1777741200.0,78455.02,78459.5,78418.91,78435.01,88.65941
1777742100.0,78435.01,78450.0,78415.47,78415.7,78.06352
1777743000.0,78415.7,78485.53,78415.7,78426.85,24.71265
1777743900.0,78426.85,78430.94,78368.24,78398.02,21.96285
1777744800.0,78398.03,78398.03,78310.54,78324.71,37.94749
1777745700.0,78324.71,78394.04,78310.84,78391.92,33.41592
1777746600.0,78391.92,78454.64,78391.91,78411.5,22.4386
1777747500.0,78411.5,78493.31,78411.49,78466.62,24.35768
1777748400.0,78466.63,78510.0,78447.97,78470.19,62.18496
1777749300.0,78470.19,78475.53,78440.11,78457.0,66.76079
1777750200.0,78457.0,78521.68,78450.55,78497.46,30.14252
1777751100.0,78497.46,78497.47,78457.0,78486.0,22.96639
1777752000.0,78486.23,78491.26,78434.14,78434.14,12.81892
1777752900.0,78434.14,78434.15,78421.41,78426.31,10.53791
1777753800.0,78426.31,78479.5,78426.31,78433.16,18.21831
1777754700.0,78433.15,78452.19,78418.32,78451.38,20.35372
1777755600.0,78451.37,78513.8,78450.55,78450.55,28.0722
1777756500.0,78450.56,78493.98,78439.51,78493.97,22.21048
1777757400.0,78493.97,79199.48,78493.97,78806.68,589.25816
1777758300.0,78806.67,78911.82,78719.77,78719.78,94.99753
1777759200.0,78719.78,78799.48,78664.66,78771.13,79.56949
1777760100.0,78771.13,78776.37,78610.46,78620.0,71.92304
1777761000.0,78619.99,78750.0,78619.99,78660.16,49.80775
1777761900.0,78660.16,78872.39,78660.15,78832.98,65.18984
1777762800.0,78832.98,78832.98,78689.2,78740.13,28.05863
1777763700.0,78740.14,78802.63,78722.06,78802.28,27.98778
1777764600.0,78802.29,78819.99,78689.2,78689.21,26.36629
1777765500.0,78689.2,78706.84,78631.9,78686.85,32.07951
1777766400.0,78686.84,78754.55,78557.61,78573.12,74.58424
1777767300.0,78573.11,78635.58,78501.0,78629.5,67.30348
1777768200.0,78629.5,78677.0,78620.63,78633.17,23.17733
1777769100.0,78633.17,78647.44,78490.61,78542.32,68.89911
1777770000.0,78542.33,78542.33,78257.61,78361.03,161.33856
1777770900.0,78361.03,78394.1,78214.88,78280.68,104.63954
1777771800.0,78280.68,78280.68,78152.25,78236.45,93.25328
1777772700.0,78236.45,78285.0,78227.2,78240.83,31.78263
1777773600.0,78240.84,78309.09,78120.0,78193.43,101.69448
1777774500.0,78193.44,78199.85,78108.75,78113.07,57.17213
1777775400.0,78113.06,78170.0,78113.06,78122.61,26.484
1777776300.0,78122.61,78199.06,78121.77,78171.85,37.07857
1777777200.0,78171.86,78189.35,78121.95,78134.7,85.81047
1777778100.0,78134.7,78149.08,78109.94,78109.94,43.64033
1777779000.0,78109.95,78208.0,78109.94,78132.52,39.82742
1777779900.0,78132.52,78217.59,78132.51,78203.08,31.07768
1777780800.0,78203.07,78206.84,78120.0,78147.03,17.9043
1777781700.0,78147.02,78236.45,78147.02,78222.95,25.60091
1777782600.0,78222.95,78236.45,78186.53,78186.53,16.29624
1777783500.0,78186.54,78194.0,78144.68,78163.19,29.91218
1777784400.0,78163.19,78260.15,78163.17,78239.87,38.65623
1777785300.0,78239.86,78260.75,78223.22,78226.16,13.49578
1777786200.0,78226.17,78230.0,78206.26,78206.26,34.62884
1777787100.0,78206.26,78254.82,78206.26,78249.42,11.312
1777788000.0,78249.41,78249.42,78144.9,78151.37,147.29565
1777788900.0,78150.85,78150.86,78084.08,78115.33,84.75168
1777789800.0,78115.33,78166.76,78115.33,78140.0,20.00946
1777790700.0,78139.99,78337.26,78139.99,78288.3,54.88554
1777791600.0,78288.3,78444.18,78288.29,78346.65,59.68983
1777792500.0,78346.65,78483.67,78343.51,78412.76,117.38292
1777793400.0,78412.76,78448.4,78378.86,78378.86,87.19153
1777794300.0,78378.87,78400.58,78361.33,78363.25,35.15658
1777795200.0,78363.24,78505.92,78363.24,78450.55,40.1007
1777796100.0,78450.56,78481.76,78411.15,78417.59,33.56897
1777797000.0,78417.58,78441.78,78388.3,78439.45,14.66156
1777797900.0,78439.45,78455.0,78387.86,78387.86,13.6857
1777798800.0,78387.87,78440.49,78354.53,78402.79,54.46033
1777799700.0,78402.79,78526.14,78402.78,78500.01,77.31808
1777800600.0,78500.0,78604.67,78454.0,78514.83,111.12432
1777801500.0,78514.83,78550.0,78486.73,78529.57,50.22937
1777802400.0,78529.57,78534.4,78428.81,78491.26,44.00443
1777803300.0,78491.26,78491.27,78430.59,78430.59,21.97061
1777804200.0,78430.6,78465.05,78430.59,78450.55,42.49663
1777805100.0,78450.55,78450.55,78406.97,78408.01,32.32314
1777806000.0,78408.01,78554.67,78380.0,78526.2,79.36225
1777806900.0,78526.21,78530.41,78501.2,78508.7,29.05393
1777807800.0,78508.71,78747.43,78508.7,78717.09,137.9189
1777808700.0,78717.1,78849.22,78656.0,78656.01,166.49622
1777809600.0,78656.01,78878.77,78656.0,78856.8,118.50669
1777810500.0,78856.79,78856.8,78747.76,78773.22,47.1305
1777811400.0,78773.22,78792.54,78687.5,78792.53,68.22006
1777812300.0,78792.53,78830.6,78721.16,78747.09,60.42462
1777813200.0,78747.09,78769.63,78715.43,78750.7,51.11979
1777814100.0,78750.7,78750.7,78592.13,78643.99,62.93693
1777815000.0,78644.0,78703.74,78586.99,78620.0,43.45404
1777815900.0,78619.99,78699.52,78614.28,78670.01,38.89265
1777816800.0,78670.01,78785.95,78664.29,78730.0,83.9129
1777817700.0,78729.99,78759.98,78608.7,78693.38,141.95705
1777818600.0,78693.38,78713.28,78671.04,78708.85,122.43507
1777819500.0,78708.85,78786.57,78660.0,78741.0,61.66113
1777820400.0,78741.0,78815.19,78716.8,78745.01,83.5661
1777821300.0,78745.01,78772.22,78720.06,78769.0,45.69291
1777822200.0,78768.99,78798.03,78672.49,78701.77,44.79735
1777823100.0,78701.77,78701.78,78633.4,78668.36,63.14851
1777824000.0,78668.36,78700.0,78619.09,78623.9,36.88323
1777824900.0,78623.9,78666.0,78600.0,78662.04,22.67149
1777825800.0,78662.03,78784.56,78662.03,78720.89,35.12601
1777826700.0,78720.9,78733.21,78645.49,78654.0,72.85829
1777827600.0,78654.01,78718.55,78558.65,78689.6,231.26509
1777828500.0,78689.61,78795.05,78689.6,78734.07,51.40433
1777829400.0,78734.06,78822.83,78730.63,78804.99,33.17154
1777830300.0,78804.99,78805.0,78722.28,78725.76,42.08454
1777831200.0,78725.76,78744.84,78672.47,78672.47,34.49941
1777832100.0,78672.47,78755.22,78631.61,78736.97,48.50296
1777833000.0,78736.98,78736.98,78680.39,78686.98,39.2981
1777833900.0,78686.98,78763.57,78686.6,78739.67,15.88927
1777834800.0,78739.68,78764.86,78694.0,78708.26,21.4751
1777835700.0,78708.25,78719.27,78676.67,78681.7,116.23158
1777836600.0,78681.71,78853.32,78679.9,78801.22,74.22733
1777837500.0,78801.22,78815.0,78760.31,78760.32,40.67543
1777838400.0,78760.32,78795.56,78732.04,78732.57,31.16543
1777839300.0,78732.57,78999.0,78732.56,78921.69,120.15465
1777840200.0,78921.68,79268.0,78902.24,79007.79,406.79632
1777841100.0,79007.79,79019.76,78836.71,78915.99,87.6815
1777842000.0,78915.99,79056.59,78855.0,79010.55,118.73935
1777842900.0,79010.55,79010.56,78917.42,78917.42,40.9898
1777843800.0,78917.42,78922.0,78661.75,78700.0,112.88415
1777844700.0,78700.0,78845.33,78650.0,78831.59,84.87287
1777845600.0,78831.6,79365.14,78831.6,79259.35,402.09739
1777846500.0,79259.35,79447.0,78965.16,79085.31,295.11529
1777847400.0,79085.31,79315.51,78991.63,79268.0,92.96799
1777848300.0,79268.0,79383.78,79157.37,79177.29,144.77812
1777849200.0,79177.29,79287.82,79047.89,79075.0,125.30064
1777850100.0,79075.0,79080.67,78623.0,78657.46,260.27701
1777851000.0,78657.46,78736.65,78593.81,78593.81,144.21217
1777851900.0,78593.81,78597.62,78484.42,78568.57,112.93216
1777852800.0,78568.58,78572.57,78423.43,78511.67,139.20474
1777853700.0,78511.67,78527.08,78288.88,78367.27,112.76911
1777854600.0,78367.27,78446.78,78332.42,78397.89,94.67224
1777855500.0,78397.89,78572.19,78397.89,78547.14,88.21398
1777856400.0,78547.15,78585.86,78412.49,78456.26,47.88823
1777857300.0,78456.26,78606.62,78419.17,78605.69,98.02533
1777858200.0,78605.69,79145.2,78597.83,78800.0,194.07807
1777859100.0,78800.0,79848.84,78799.27,79769.43,1026.4299
1777860000.0,79769.43,80100.0,79540.05,79932.69,1074.17282
1777860900.0,79932.69,79945.88,79618.0,79705.2,267.03307
1777861800.0,79705.2,80328.05,79705.19,80163.87,568.85153
1777862700.0,80163.87,80420.9,80023.49,80173.3,368.09212
1777863600.0,80173.3,80458.0,79972.0,80380.07,402.47352
1777864500.0,80380.07,80380.07,80054.14,80118.6,250.88153
1777865400.0,80118.61,80137.78,79926.9,79997.01,173.73964
1777866300.0,79997.02,80323.58,79969.58,80316.31,185.08749
1777867200.0,80316.3,80484.07,80316.3,80450.0,492.40118
1777868100.0,80450.0,80635.51,80246.39,80351.87,441.43422
1777869000.0,80351.87,80440.31,80302.83,80350.88,110.95606
1777869900.0,80350.88,80393.8,80233.04,80332.06,317.23688
1777870800.0,80332.06,80395.96,80117.84,80145.09,395.7536
1777871700.0,80145.09,80152.36,79956.25,80004.17,196.66455
1777872600.0,80004.18,80110.04,79960.69,80079.99,98.48351
1777873500.0,80079.99,80080.0,80000.0,80027.26,55.91152
1777874400.0,80027.26,80048.64,79917.61,79918.0,147.41117
1777875300.0,79918.01,79918.01,79500.0,79704.25,366.95124
1777876200.0,79704.25,79771.64,79641.34,79758.37,126.99495
1777877100.0,79758.37,79981.69,79758.36,79877.9,462.3817
1777878000.0,79877.91,79946.33,79818.13,79897.06,107.0955
1777878900.0,79897.06,79923.0,79819.34,79855.44,68.86867
1777879800.0,79855.43,79873.85,79684.31,79856.96,134.87838
1777880700.0,79856.95,79907.58,79672.0,79696.75,108.98923
1777881600.0,79696.75,79796.37,79602.32,79796.36,114.21068
1777882500.0,79796.37,79800.0,79632.8,79740.01,116.64
1777883400.0,79740.0,79787.47,79700.67,79716.88,135.51957
1777884300.0,79716.88,79767.6,79621.17,79708.3,68.99491
1777885200.0,79708.3,79797.08,79647.87,79733.25,78.05726
1777886100.0,79733.25,79823.25,79717.0,79725.42,144.61461
1777887000.0,79725.43,79887.83,79692.89,79857.55,156.62507
1777887900.0,79857.56,79930.0,79792.14,79838.48,94.10622
1777888800.0,79838.49,79880.0,78600.42,78754.85,1111.04115
1777889700.0,78754.85,78773.43,78202.0,78508.32,1917.02943
1777890600.0,78508.32,79033.09,78452.45,78916.91,1035.73635
1777891500.0,78916.91,79099.98,78841.73,78940.26,316.91735
1777892400.0,78940.27,79084.93,78897.92,79048.0,303.12761
1777893300.0,79048.0,79124.83,78921.45,78949.99,142.40695
1777894200.0,78949.99,78950.0,78708.87,78735.04,170.70348
1777895100.0,78735.04,78862.15,78735.03,78793.67,83.30742
1777896000.0,78793.67,78848.93,78718.55,78805.68,91.71324
1777896900.0,78805.68,79020.0,78750.68,78960.0,158.18547
1777897800.0,78960.0,79000.01,78851.14,78990.97,106.22414
1777898700.0,78990.98,79011.55,78850.63,78857.18,69.89403
1777899600.0,78857.18,78984.75,78581.74,78923.2,237.50304
1777900500.0,78923.21,79059.04,78901.0,78965.91,142.8209
1777901400.0,78965.91,79124.83,78850.0,78869.83,223.86483
1777902300.0,78869.82,78948.32,78734.68,78790.0,120.88127
1777903200.0,78790.01,78982.02,78500.0,78957.72,285.68637
1777904100.0,78957.72,79397.34,78947.01,79246.84,441.59932
1777905000.0,79246.84,79588.73,79232.28,79533.51,376.18114
1777905900.0,79533.51,80545.17,79533.5,80216.16,1204.95329
1777906800.0,80216.15,80367.93,79934.0,80102.62,694.606
1777907700.0,80102.61,80216.94,79320.28,79700.37,945.03066
1777908600.0,79700.37,79926.71,79475.35,79909.99,369.6577
1777909500.0,79909.99,80131.59,79567.49,80028.85,449.33869
1777910400.0,80028.85,80076.28,79660.16,79724.79,397.33338
1777911300.0,79724.79,80395.68,79619.33,80243.97,529.53436
1777912200.0,80243.96,80365.81,80151.3,80275.66,248.30678
1777913100.0,80275.66,80329.64,79959.58,80025.03,317.60965
1777914000.0,80025.03,80463.65,80021.5,80384.58,304.84413
1777914900.0,80384.57,80505.06,80367.99,80448.16,220.69999
1777915800.0,80448.17,80452.15,80261.94,80275.32,139.4395
1777916700.0,80275.32,80776.99,80265.84,80390.81,415.12887
1777917600.0,80390.8,80439.18,80263.6,80388.47,157.91011
1777918500.0,80388.46,80388.47,80154.0,80271.14,284.85932
1777919400.0,80271.15,80311.72,80159.09,80179.0,111.48788
1777920300.0,80178.99,80178.99,80035.32,80114.91,109.74182
1777921200.0,80114.91,80138.0,79950.0,80085.18,154.1844
1777922100.0,80085.19,80092.0,79900.0,79930.0,142.05771
1777923000.0,79930.0,80006.46,79900.0,79998.06,66.71713
1777923900.0,79998.05,80094.13,79970.0,80053.31,142.64
1777924800.0,80053.31,80123.18,79960.68,80123.17,91.89509
1777925700.0,80123.17,80154.12,79920.01,80027.23,134.90946
1777926600.0,80027.23,80039.31,79901.0,79917.14,108.77927
1777927500.0,79917.14,80010.0,79913.97,79936.7,123.93482
1777928400.0,79936.7,80150.76,79936.7,80115.99,92.33415
1777929300.0,80115.99,80287.9,80073.7,80201.24,80.70176
1777930200.0,80201.24,80290.0,80201.23,80244.06,82.00625
1777931100.0,80244.06,80383.15,80243.89,80259.17,88.26426
1777932000.0,80259.18,80388.74,80235.18,80359.64,76.98138
1777932900.0,80359.64,80397.19,80268.73,80268.73,78.31818
1777933800.0,80268.74,80268.74,80116.88,80116.88,62.80791
1777934700.0,80116.89,80200.0,80042.84,80067.23,54.24628
1777935600.0,80067.22,80067.22,79905.0,79930.08,89.04115
1777936500.0,79930.09,79975.83,79882.35,79975.83,146.68734
1777937400.0,79975.83,79975.83,79744.91,79772.8,208.80423
1777938300.0,79772.8,79872.0,79760.76,79861.01,149.55096
1777939200.0,79861.01,80010.0,79808.72,79953.36,254.34809
1777940100.0,79953.36,79963.13,79861.0,79861.01,37.17289
1777941000.0,79861.01,80142.22,79861.0,80076.28,62.90761
1777941900.0,80076.28,80183.33,80040.0,80170.66,71.30428
1777942800.0,80170.66,80259.75,80080.76,80199.62,128.39821
1777943700.0,80199.61,80286.08,80189.46,80273.0,161.83367
1777944600.0,80273.0,80335.68,80166.88,80246.01,185.83594
1777945500.0,80246.0,80385.06,80246.0,80352.0,53.9618
1777946400.0,80351.99,80517.21,80300.0,80456.36,149.57919
1777947300.0,80456.36,80530.71,80375.2,80458.55,89.89818
1777948200.0,80458.56,80812.06,80448.21,80809.05,263.93479
1777949100.0,80809.04,80900.0,80500.89,80554.68,265.03262
1777950000.0,80554.69,80720.35,80457.93,80678.15,95.69814
1777950900.0,80678.14,80858.68,80636.92,80796.22,97.11786
1777951800.0,80796.22,81083.98,80752.91,80910.54,385.24641
1777952700.0,80910.54,80950.0,80822.56,80893.08,99.87131
1777953600.0,80893.08,80982.59,80781.42,80808.24,194.12025
1777954500.0,80808.24,80919.72,80793.68,80793.69,87.18531
1777955400.0,80793.69,80846.22,80725.0,80769.3,117.83033
1777956300.0,80769.31,80951.48,80732.28,80902.44,129.80549
1777957200.0,80902.44,80984.38,80830.06,80868.69,216.23463
1777958100.0,80868.69,81188.0,80868.69,81061.53,290.50281
1777959000.0,81061.53,81323.52,81020.01,81040.42,322.25574
1777959900.0,81040.42,81065.62,80912.51,80970.0,182.39288
1777960800.0,80969.99,81016.42,80900.0,80958.93,120.41881
1777961700.0,80958.94,80972.06,80810.0,80824.93,110.25982
1777962600.0,80824.94,80889.41,80800.0,80811.51,86.33182
1777963500.0,80811.51,80976.0,80811.51,80976.0,72.82322
1777964400.0,80976.0,81026.7,80900.34,80995.36,94.16242
1777965300.0,80995.35,81095.0,80973.5,81050.01,99.02306
1777966200.0,81050.0,81136.59,80994.83,81011.05,477.76993
1777967100.0,81011.05,81029.57,80826.0,80855.59,373.47689
1777968000.0,80855.59,80895.5,80839.71,80859.32,137.15178
1777968900.0,80859.32,80879.24,80812.83,80842.63,68.59065
1777969800.0,80842.64,80869.25,80723.2,80741.27,162.56234
1777970700.0,80741.28,80833.99,80741.27,80815.24,106.15313
1777971600.0,80815.24,80815.24,80667.77,80667.77,180.10982
1777972500.0,80667.78,80688.61,80597.99,80657.73,348.51552
1777973400.0,80657.73,80701.48,80564.13,80589.59,210.31019
1777974300.0,80589.59,80610.0,80527.76,80586.02,126.41208
1777975200.0,80586.02,80707.98,80530.82,80677.56,136.5296
1777976100.0,80677.56,80749.05,80677.55,80732.38,128.19613
1777977000.0,80732.39,80831.87,80732.38,80822.42,127.89304
1777977900.0,80822.42,80829.24,80708.82,80823.61,128.48545
1777978800.0,80823.61,80978.99,80780.0,80942.73,162.86722
1777979700.0,80942.73,80967.52,80818.72,80949.23,166.46274
1777980600.0,80949.23,81095.48,80936.38,81039.01,146.92062
1777981500.0,81039.0,81055.79,80874.0,81014.05,147.41195
1777982400.0,81014.05,81134.06,80932.54,81105.01,114.99913
1777983300.0,81105.02,81245.73,81063.6,81222.9,139.39305
1777984200.0,81222.91,81307.68,81173.2,81307.68,166.2973
1777985100.0,81307.68,81329.61,81192.29,81279.41,187.13109
1777986000.0,81279.4,81666.0,81270.0,81622.0,586.2341
1777986900.0,81621.99,81712.32,81418.81,81460.27,353.78025
1777987800.0,81460.28,81538.44,81215.25,81414.1,412.66492
1777988700.0,81414.11,81671.5,81196.0,81330.0,418.73763
1777989600.0,81330.0,81434.46,81090.0,81104.08,307.17574
1777990500.0,81104.08,81456.0,80939.87,81409.03,507.20284
1777991400.0,81409.03,81500.0,81127.8,81244.87,255.76631
1777992300.0,81244.88,81392.0,81128.0,81336.59,212.76884
1777993200.0,81336.59,81664.97,81235.0,81564.86,270.90605
1777994100.0,81564.85,81670.0,81518.86,81609.99,256.30498
1777995000.0,81610.0,81670.0,81547.88,81625.0,150.16982
1777995900.0,81625.0,81689.2,81519.99,81525.19,221.65964
1777996800.0,81525.19,81615.33,81429.85,81449.23,135.44343
1777997700.0,81449.24,81552.31,81334.98,81419.99,78.47484
1777998600.0,81420.0,81420.0,81052.5,81075.79,350.00344
1777999500.0,81075.8,81293.77,81050.04,81285.75,143.53096
1778000400.0,81285.75,81372.01,81185.02,81331.99,80.54684
1778001300.0,81331.99,81458.26,81310.82,81418.14,84.56838
1778002200.0,81418.14,81418.14,81248.04,81304.22,60.94945
1778003100.0,81304.22,81356.67,81259.35,81270.6,54.74202
1778004000.0,81270.61,81599.0,81270.61,81562.07,168.28919
1778004900.0,81562.07,81575.26,81422.03,81459.38,98.15409
1778005800.0,81459.38,81537.44,81426.08,81517.24,73.0845
1778006700.0,81517.24,81560.0,81414.69,81515.0,88.03445
1778007600.0,81515.0,81515.0,81407.58,81467.29,43.81436
1778008500.0,81467.29,81580.0,81432.04,81538.09,67.21959
1778009400.0,81538.09,81666.66,81517.85,81654.17,146.69468
1778010300.0,81654.16,81680.0,81526.0,81606.35,106.90854
1778011200.0,81606.35,81770.0,81510.13,81700.01,332.81182
1778012100.0,81700.0,81700.0,81545.01,81554.07,113.81674
1778013000.0,81554.07,81738.22,81545.01,81658.01,167.13824
1778013900.0,81658.01,81668.0,81569.51,81646.38,110.90581
1778014800.0,81646.39,81791.48,81591.69,81591.7,282.10641
1778015700.0,81591.69,81651.64,81448.51,81474.85,152.30457
1778016600.0,81474.85,81474.85,81305.27,81362.45,117.26894
1778017500.0,81362.45,81511.33,81345.01,81407.11,66.90881
1778018400.0,81407.11,81600.0,81356.86,81382.14,76.94877
1778019300.0,81382.14,81520.0,81324.05,81438.84,71.27556
1778020200.0,81438.84,81438.84,80817.72,81021.72,491.45778
1778021100.0,81021.72,81357.28,80986.55,81111.27,282.20361
1778022000.0,81111.27,81222.03,81028.63,81213.22,120.69082
1778022900.0,81213.23,81213.23,80878.72,80883.57,130.26388
1778023800.0,80883.57,80968.32,80790.0,80926.79,142.64517
1778024700.0,80926.79,80978.86,80882.02,80905.52,85.47591
1778025600.0,80905.53,81251.84,80880.0,81156.91,325.69213
1778026500.0,81156.91,81262.28,80922.15,80922.16,201.79653
1778027400.0,80922.16,81045.99,80906.3,80906.31,75.33949
1778028300.0,80906.31,81070.0,80731.14,81030.01,273.371
1778029200.0,81030.0,81169.21,80996.0,81161.58,94.42236
1778030100.0,81161.58,81346.78,81161.57,81250.0,230.55407
1778031000.0,81250.01,81360.15,81240.0,81318.3,235.54564
1778031900.0,81318.29,81534.23,81316.66,81439.34,243.30367
1778032800.0,81439.34,81449.04,81252.71,81330.0,205.10297
1778033700.0,81330.0,81330.0,81138.0,81144.57,102.0338
1778034600.0,81144.58,81262.99,81047.01,81213.06,225.6717
1778035500.0,81213.06,81395.87,81205.61,81363.54,88.38644
1778036400.0,81363.54,81466.64,81358.17,81410.01,126.58978
1778037300.0,81410.0,81760.84,81367.71,81616.29,400.27786
1778038200.0,81616.28,81699.99,81526.67,81543.58,105.00579
1778039100.0,81543.58,81641.71,81494.63,81581.69,78.65021
1778040000.0,81581.7,81649.99,81530.98,81602.25,190.04643
1778040900.0,81602.25,81606.45,81428.57,81431.84,102.16698
1778041800.0,81431.84,81440.0,81343.45,81398.28,138.58446
1778042700.0,81398.29,81495.95,81270.0,81331.1,144.84343
1778043600.0,81331.1,81360.3,81247.47,81278.8,152.46933
1778044500.0,81278.8,81320.39,81230.01,81259.77,75.76101
1778045400.0,81259.77,81259.77,81060.0,81166.04,234.22196
1778046300.0,81166.04,81333.15,81166.03,81333.0,129.7342
1778047200.0,81333.0,81396.97,81222.6,81263.04,166.94238
1778048100.0,81263.04,81393.23,81211.34,81372.27,86.92038
1778049000.0,81372.27,81472.74,81342.26,81472.73,127.55723
1778049900.0,81472.74,81516.9,81454.01,81476.71,142.71541
1778050800.0,81476.71,81611.0,81458.34,81458.34,195.00343
1778051700.0,81458.35,81596.15,81453.45,81553.78,82.10299
1778052600.0,81553.78,81553.78,81400.0,81412.5,127.49867
1778053500.0,81412.5,81461.26,81307.81,81359.82,204.13824
1778054400.0,81359.82,81620.92,81328.68,81547.5,245.04536
1778055300.0,81547.51,81579.95,81500.0,81570.0,43.32067
1778056200.0,81570.0,81884.42,81569.0,81700.01,500.35331
1778057100.0,81700.01,81986.0,81621.49,81945.66,564.69482
1778058000.0,81945.66,81966.0,81761.84,81815.2,243.85578
1778058900.0,81815.21,81865.6,81682.7,81765.8,117.22255
1778059800.0,81765.8,82060.0,81760.0,82014.77,474.62934
1778060700.0,82014.78,82014.78,81767.72,81997.0,261.02583
1778061600.0,81997.0,82131.0,81953.25,82042.78,254.23584
1778062500.0,82042.79,82243.2,82004.95,82191.51,427.59229
1778063400.0,82191.51,82298.2,82162.51,82250.01,341.82434
1778064300.0,82250.0,82390.0,82137.77,82290.04,279.19844
1778065200.0,82290.03,82484.21,82261.6,82417.55,223.89542
1778066100.0,82417.55,82850.0,82412.15,82684.01,705.25634
1778067000.0,82684.0,82770.4,82500.0,82501.85,286.93256
1778067900.0,82501.85,82587.26,82482.72,82522.89,219.84897
1778068800.0,82522.88,82539.33,82200.0,82200.47,248.72796
1778069700.0,82200.47,82487.7,82184.21,82388.49,224.69574
1778070600.0,82388.48,82430.8,82296.58,82347.7,131.31111
1778071500.0,82347.71,82424.72,82164.61,82220.47,216.19329
1778072400.0,82220.47,82220.47,81840.0,82109.73,417.54789
1778073300.0,82109.72,82164.05,81880.0,81952.97,202.92623
1778074200.0,81952.98,82059.89,81762.78,81912.3,231.85114
1778075100.0,81912.29,81921.26,81600.0,81670.89,395.57643
1778076000.0,81670.9,81695.25,81136.0,81451.76,713.55876
1778076900.0,81451.77,81760.92,81313.71,81618.81,391.29909
1778077800.0,81618.81,81879.97,81606.14,81879.96,241.27797
1778078700.0,81879.96,81980.72,81493.6,81526.73,268.94126
1778079600.0,81526.74,81615.41,81316.28,81410.0,305.33531
1778080500.0,81409.99,81823.0,81409.99,81659.76,170.13895
1778081400.0,81659.75,81745.59,81480.04,81626.17,177.57121
1778082300.0,81626.17,81773.93,81626.17,81704.25,171.70786
1778083200.0,81704.25,81897.06,81585.23,81760.27,164.37851
1778084100.0,81760.26,81835.89,81510.79,81510.79,196.73094
1778085000.0,81510.79,81699.5,81431.16,81685.52,118.06587
1778085900.0,81685.52,81907.51,81577.89,81630.94,504.37953
1778086800.0,81630.94,81709.32,81539.37,81675.86,104.96543
1778087700.0,81675.86,81675.86,81405.0,81474.4,151.49153
1778088600.0,81474.4,81550.0,81461.18,81544.02,71.26599
1778089500.0,81544.01,81550.0,81394.0,81452.63,89.66942
1778090400.0,81452.63,81498.75,81271.06,81480.01,157.37848
1778091300.0,81480.01,81559.17,81459.85,81469.33,107.54805
1778092200.0,81469.33,81515.99,81296.0,81382.44,122.33076
1778093100.0,81382.45,81431.15,81293.69,81353.14,64.58858
1778094000.0,81353.15,81428.0,81214.88,81249.3,126.96271
1778094900.0,81249.3,81396.68,81200.0,81335.85,173.8367
1778095800.0,81335.85,81480.01,81263.66,81437.49,106.6643
1778096700.0,81437.5,81522.41,81410.78,81464.87,109.66066
1778097600.0,81464.86,81650.01,81464.86,81638.17,156.47899
1778098500.0,81638.18,81700.0,81560.0,81560.01,81.57587
1778099400.0,81560.0,81565.0,81302.35,81367.67,119.32727
1778100300.0,81367.67,81430.34,81314.0,81427.52,79.08663
1778101200.0,81427.52,81500.0,81294.64,81373.58,96.40533
1778102100.0,81373.58,81449.68,81373.57,81442.11,46.35574
1778103000.0,81442.12,81618.77,81433.63,81572.16,95.59445
1778103900.0,81572.17,81616.0,81522.1,81539.16,72.02912
1778104800.0,81539.16,81540.91,81354.03,81381.72,70.22859
1778105700.0,81381.72,81387.14,81240.0,81249.99,77.12788
1778106600.0,81250.0,81333.47,81249.99,81318.92,33.51691
1778107500.0,81318.92,81398.59,81263.66,81342.39,48.71545
1778108400.0,81342.39,81342.39,81000.0,81230.01,305.44098
1778109300.0,81230.0,81395.06,81225.0,81386.21,51.54594
1778110200.0,81386.21,81415.0,81322.53,81357.88,40.05584
1778111100.0,81357.88,81447.3,81333.48,81447.01,45.32948
1778112000.0,81447.01,81490.03,81366.49,81426.58,98.72977
1778112900.0,81426.58,81438.84,81227.27,81227.27,66.32416
1778113800.0,81227.28,81239.74,80987.0,81027.98,137.70432
1778114700.0,81027.98,81138.47,80980.0,81016.96,104.77133
1778115600.0,81016.96,81155.36,80830.23,81151.53,229.22088
1778116500.0,81151.53,81222.76,80976.0,81210.01,141.42089
1778117400.0,81210.0,81284.67,81130.69,81278.6,118.31329
1778118300.0,81278.6,81278.6,81130.92,81167.8,76.44065
1778119200.0,81167.79,81180.74,80915.71,80933.63,132.92012
1778120100.0,80933.64,80999.03,80883.54,80898.0,263.58623
1778121000.0,80898.0,81045.88,80892.04,80967.9,255.98985
1778121900.0,80967.9,81153.9,80964.55,81113.34,97.45595
1778122800.0,81113.35,81113.35,81020.07,81020.17,88.16757
1778123700.0,81020.18,81072.03,80866.13,80971.54,76.84107
1778124600.0,80971.55,81006.0,80910.0,80980.01,48.67155
1778125500.0,80980.01,81013.43,80834.61,80834.91,131.61547
1778126400.0,80834.92,80907.43,80725.09,80869.87,149.76129
1778127300.0,80869.87,80978.0,80852.33,80933.34,99.12051
1778128200.0,80933.34,80978.0,80860.47,80887.12,71.90195
1778129100.0,80887.12,80989.59,80887.11,80979.19,67.04372
1778130000.0,80979.19,81172.27,80974.06,81116.85,151.65351
1778130900.0,81116.85,81155.72,81057.99,81102.02,61.51763
1778131800.0,81102.03,81149.95,81037.61,81080.11,95.73681
1778132700.0,81080.1,81088.0,81003.42,81088.0,46.43839
1778133600.0,81088.0,81088.0,80874.41,80899.21,145.01128
1778134500.0,80899.21,81030.13,80899.2,81030.12,94.75712
1778135400.0,81030.12,81382.28,81030.12,81369.7,266.97836
1778136300.0,81369.7,81443.21,81298.49,81438.61,106.93899
1778137200.0,81438.62,81665.84,81390.3,81656.75,194.32459
1778138100.0,81656.75,81706.86,81558.0,81561.36,142.41599
1778139000.0,81561.36,81708.32,81545.54,81588.06,157.05021
1778139900.0,81588.05,81600.0,81469.33,81518.58,188.18934
1778140800.0,81518.57,81590.0,81448.17,81508.85,172.05871
1778141700.0,81508.85,81508.85,81314.37,81419.05,202.46748
1778142600.0,81419.04,81483.36,81243.33,81256.53,165.62724
1778143500.0,81256.53,81313.23,81194.74,81231.24,107.22863
1778144400.0,81231.25,81231.25,81117.48,81179.07,81.30317
1778145300.0,81179.07,81213.03,80993.37,81037.93,167.95459
1778146200.0,81037.93,81100.0,80852.33,80894.62,283.02639
1778147100.0,80894.63,80966.54,80882.33,80929.0,126.75804
1778148000.0,80929.0,80997.0,80815.26,80882.85,158.40325
1778148900.0,80882.85,80939.4,80572.4,80614.46,273.1642
1778149800.0,80614.46,80881.09,80614.45,80881.09,171.61954
1778150700.0,80881.09,80911.19,80820.44,80850.75,87.37654
1778151600.0,80850.76,81041.15,80837.48,80948.96,143.91523
1778152500.0,80948.96,80991.97,80866.79,80896.87,76.84837
1778153400.0,80896.88,81000.98,80896.87,80984.0,56.66583
1778154300.0,80984.0,80984.01,80786.5,80866.65,89.67972
1778155200.0,80866.65,81095.48,80846.87,81079.99,120.72496
1778156100.0,81080.0,81104.45,80973.49,81062.0,112.30849
1778157000.0,81061.99,81084.56,81004.46,81065.46,81.28117
1778157900.0,81065.46,81180.0,81016.85,81162.01,114.87761
1778158800.0,81162.0,81162.01,80901.0,80931.72,110.38238
1778159700.0,80931.73,81138.48,80867.08,80964.25,145.96146
1778160600.0,80964.26,80965.87,80572.4,80572.4,282.71902
1778161500.0,80572.4,80642.26,80260.98,80503.68,672.50292
1778162400.0,80503.69,80685.7,80366.8,80666.64,237.92516
1778163300.0,80666.63,80682.29,80398.27,80400.5,584.60377
1778164200.0,80400.5,80433.13,80046.0,80142.01,467.8336
1778165100.0,80142.01,80304.96,80124.64,80171.38,247.73222
1778166000.0,80171.37,80271.42,80060.9,80158.36,229.52127
1778166900.0,80158.35,80210.0,79699.52,79850.0,836.17825
1778167800.0,79849.99,80054.18,79794.5,79972.02,320.51901
1778168700.0,79972.02,80069.01,79849.87,79890.63,261.59177
1778169600.0,79890.0,79979.33,79646.79,79837.61,851.8736
1778170500.0,79837.61,80010.1,79710.4,79987.42,282.15714
1778171400.0,79987.41,80020.0,79766.92,79891.01,179.52573
1778172300.0,79891.01,79943.99,79753.25,79801.08,111.36748
1778173200.0,79801.08,79932.0,79773.47,79891.87,116.61811
1778174100.0,79891.87,79934.29,79500.0,79690.83,426.3145
1778175000.0,79690.83,79915.0,79660.0,79880.01,188.63546
1778175900.0,79880.0,80135.17,79828.27,80094.52,188.17238
1778176800.0,80094.52,80215.23,80080.64,80159.72,155.66214
1778177700.0,80159.72,80204.63,80126.04,80126.04,82.37556
1778178600.0,80126.05,80249.06,80078.23,80125.99,154.4926
1778179500.0,80126.0,80269.06,80004.4,80200.59,134.74739
1778180400.0,80200.6,80200.6,80067.09,80172.4,102.7599
1778181300.0,80172.4,80195.9,79934.3,79972.66,105.46386
1778182200.0,79972.67,80181.79,79972.67,80129.11,91.0723
1778183100.0,80129.12,80224.0,80006.29,80146.11,143.9061
1778184000.0,80146.77,80371.23,80144.87,80144.88,166.8233
1778184900.0,80144.88,80187.48,80096.58,80178.25,51.54817
1778185800.0,80178.25,80178.26,79907.01,79970.0,124.45798
1778186700.0,79970.0,80017.87,79859.51,79879.99,57.68504
1778187600.0,79880.0,79899.99,79660.0,79792.71,160.40835
1778188500.0,79792.71,79919.7,79724.8,79919.7,67.63835
1778189400.0,79919.7,79934.92,79776.69,79776.69,99.69246
1778190300.0,79776.7,79855.19,79735.0,79735.01,74.01545
1778191200.0,79735.0,79849.28,79582.95,79816.93,193.44453
1778192100.0,79816.93,79990.0,79816.93,79903.32,105.74075
1778193000.0,79903.32,79949.38,79750.0,79839.14,142.40783
1778193900.0,79839.15,79950.0,79832.34,79919.01,53.55245
1778194800.0,79919.0,80006.27,79890.0,79958.3,75.88252
1778195700.0,79958.29,79995.45,79871.98,79958.3,54.77069
1778196600.0,79958.3,80017.71,79919.3,80011.99,42.08806
1778197500.0,80012.0,80068.03,80005.99,80006.0,71.73042
1778198400.0,80006.0,80115.1,80006.0,80086.43,336.55343
1778199300.0,80086.42,80142.84,79990.28,80020.63,263.78002
1778200200.0,80020.62,80042.62,79910.6,79935.0,139.67814
1778201100.0,79935.0,79935.0,79729.72,79831.99,218.04847
1778202000.0,79831.98,79900.11,79702.51,79702.51,103.28092
1778202900.0,79702.51,79784.92,79612.63,79748.87,129.0421
1778203800.0,79748.88,79824.83,79698.37,79779.89,229.70041
1778204700.0,79779.9,79842.38,79730.22,79740.01,77.31495
1778205600.0,79740.01,79761.61,79523.55,79620.36,180.05811
1778206500.0,79620.36,79628.71,79316.99,79485.62,565.16293
1778207400.0,79485.63,79669.09,79447.14,79520.0,186.19294
1778208300.0,79520.0,79620.9,79441.45,79488.46,135.13243
1778209200.0,79488.47,79495.59,79181.48,79469.99,291.22116
1778210100.0,79469.99,79622.11,79469.99,79579.47,115.78853
1778211000.0,79579.47,79646.14,79579.47,79646.13,60.74444
1778211900.0,79646.13,79666.66,79563.34,79578.85,62.03766
1778212800.0,79578.84,79727.27,79575.35,79723.66,81.23492
1778213700.0,79723.67,79748.0,79671.37,79729.75,91.97472
1778214600.0,79729.76,79736.0,79551.26,79567.34,89.74642
1778215500.0,79567.34,79674.89,79567.33,79655.23,54.78099
1778216400.0,79655.22,79670.93,79600.0,79639.69,81.38333
1778217300.0,79639.68,79666.0,79600.0,79627.64,55.14531
1778218200.0,79627.64,79753.25,79627.64,79751.94,63.63836
1778219100.0,79751.95,79778.95,79600.0,79600.01,107.62664
1778220000.0,79600.01,79622.87,79450.13,79603.77,140.60012
1778220900.0,79603.78,79654.0,79542.37,79546.8,157.80445
1778221800.0,79546.79,79591.92,79411.0,79535.0,212.9846
1778222700.0,79535.0,79561.21,79483.05,79525.76,280.70754
1778223600.0,79525.77,79525.77,79300.0,79318.26,185.32082
1778224500.0,79318.27,79389.5,79248.58,79350.32,320.66135
1778225400.0,79350.33,79599.0,79350.33,79580.84,263.43444
1778226300.0,79580.83,79727.0,79562.79,79682.4,223.52117
1778227200.0,79682.4,79748.58,79666.05,79724.63,147.28358
1778228100.0,79724.63,79805.16,79702.75,79756.74,185.66635
1778229000.0,79756.73,79899.39,79750.06,79893.69,177.92475
1778229900.0,79893.69,79987.27,79880.99,79886.01,117.72168
1778230800.0,79886.0,80000.0,79831.21,79980.31,101.71262
1778231700.0,79980.31,80061.17,79900.03,79908.1,203.50218
1778232600.0,79908.1,79934.19,79847.81,79863.71,88.2014
1778233500.0,79863.72,79894.0,79794.88,79872.72,88.39431
1778234400.0,79872.72,80020.0,79788.01,79818.83,118.00504
1778235300.0,79818.83,79928.0,79818.83,79899.4,69.40709
1778236200.0,79899.4,80169.7,79899.4,80158.88,158.09679
1778237100.0,80158.89,80278.92,80130.67,80212.56,305.29872
1778238000.0,80212.55,80340.94,80182.71,80227.97,253.86045
1778238900.0,80227.98,80319.98,80183.94,80300.0,95.10329
1778239800.0,80300.0,80327.87,80127.54,80141.08,83.7179
1778240700.0,80141.09,80280.15,80141.09,80231.22,154.30088
1778241600.0,80231.22,80309.5,80140.98,80267.99,78.98131
1778242500.0,80268.0,80327.5,80248.95,80318.38,133.18306
1778243400.0,80318.38,80500.0,80185.15,80225.3,340.81332
1778244300.0,80225.3,80225.3,79966.14,80025.82,278.5657
1778245200.0,80025.81,80095.99,79654.84,79692.86,303.60519
1778246100.0,79692.87,79815.94,79607.93,79612.52,178.53361
1778247000.0,79612.52,79826.88,79573.45,79595.75,359.52575
1778247900.0,79595.76,79676.0,79549.54,79647.8,249.91887
1778248800.0,79647.81,79990.0,79647.8,79927.33,209.28066
1778249700.0,79927.33,80441.79,79897.4,80072.76,396.07978
1778250600.0,80072.75,80275.84,79798.37,80222.49,265.67856
1778251500.0,80222.5,80300.0,80084.91,80150.97,134.3355
1778252400.0,80150.97,80200.0,79870.23,79897.49,163.86267
1778253300.0,79897.49,79918.15,79627.26,79713.36,182.08017
1778254200.0,79713.72,80040.78,79625.0,79966.14,182.43066
1778255100.0,79966.15,80197.65,79958.41,80142.14,284.52682
1778256000.0,80142.13,80182.18,79965.75,79965.76,232.38387
1778256900.0,79965.75,80047.0,79919.05,79950.0,124.03802
1778257800.0,79950.0,79950.01,79741.3,79790.0,189.37836
1778258700.0,79790.01,79875.94,79766.58,79802.34,119.96275
1778259600.0,79802.35,79955.79,79738.75,79862.0,117.01306
1778260500.0,79861.99,80045.23,79846.77,80001.23,215.95071
1778261400.0,80001.24,80261.87,80001.24,80125.63,746.48789
1778262300.0,80125.62,80256.28,79971.87,80060.0,423.5326
1778263200.0,80060.0,80253.01,80059.99,80202.42,134.96876
1778264100.0,80202.41,80299.99,80160.8,80239.43,143.75822
1778265000.0,80239.42,80289.21,80110.25,80157.33,110.12324
1778265900.0,80157.33,80252.02,80070.09,80078.4,81.52309
1778266800.0,80078.39,80086.18,79954.54,80055.35,153.77629
1778267700.0,80055.34,80137.73,80000.02,80029.93,78.10414
1778268600.0,80029.94,80128.0,80022.29,80108.0,56.78055
1778269500.0,80108.01,80181.66,80067.44,80179.94,120.11878
1778270400.0,80180.0,80230.0,80142.0,80229.99,95.50011
1778271300.0,80230.0,80299.93,80182.39,80259.42,97.2395
1778272200.0,80259.42,80265.12,80155.7,80249.68,84.2701
1778273100.0,80249.69,80276.87,80089.76,80133.09,53.62695
1778274000.0,80133.08,80192.47,80116.32,80148.38,39.75453
1778274900.0,80148.38,80254.78,80148.38,80200.17,81.368
1778275800.0,80200.18,80258.99,80170.45,80242.01,73.23462
1778276700.0,80242.0,80264.0,80174.06,80263.99,75.26493
1778277600.0,80264.0,80399.98,80238.42,80390.74,118.19479
1778278500.0,80390.74,80409.09,80295.44,80348.96,91.20308
1778279400.0,80348.96,80369.03,80295.08,80311.98,39.88125
1778280300.0,80311.97,80342.86,80262.0,80262.0,68.87612
1778281200.0,80262.0,80299.27,80213.52,80213.52,108.9979
1778282100.0,80213.53,80245.43,80158.32,80198.01,46.52856
1778283000.0,80198.01,80198.01,80111.02,80139.01,183.83995
1778283900.0,80139.01,80198.0,80139.0,80193.17,101.72889
1778284800.0,80193.18,80205.74,80133.08,80161.45,54.88325
1778285700.0,80161.44,80208.66,80129.85,80155.7,40.29371
1778286600.0,80155.71,80218.0,80155.71,80195.09,53.42405
1778287500.0,80195.1,80240.87,80191.02,80238.76,57.93543
1778288400.0,80238.75,80320.56,80217.46,80320.56,66.25961
1778289300.0,80320.56,80349.99,80252.42,80274.87,38.35236
1778290200.0,80274.87,80399.93,80274.86,80381.15,84.13651
1778291100.0,80381.15,80446.58,80327.75,80327.75,78.06489
1778292000.0,80327.75,80465.93,80327.75,80436.01,76.33999
1778292900.0,80436.0,80458.78,80390.0,80428.65,41.80551
1778293800.0,80428.66,80477.47,80385.0,80394.57,59.69161
1778294700.0,80394.58,80437.96,80372.3,80417.87,53.79557
1778295600.0,80417.88,80477.47,80372.3,80427.99,178.17876
1778296500.0,80428.0,80550.67,80400.27,80433.4,112.66817
1778297400.0,80433.39,80433.4,80307.76,80347.61,66.39651
1778298300.0,80347.61,80395.85,80332.02,80383.95,30.88355
1778299200.0,80383.96,80666.66,80383.95,80572.94,151.5136
1778300100.0,80572.93,80572.94,80442.0,80476.66,92.86692
1778301000.0,80476.66,80476.67,80400.0,80409.99,73.0104
1778301900.0,80409.99,80471.17,80373.55,80379.9,87.04542
1778302800.0,80379.9,80408.23,80343.0,80371.87,208.80127
1778303700.0,80371.88,80466.74,80364.29,80450.06,84.71822
1778304600.0,80450.06,80480.49,80423.52,80478.67,36.30774
1778305500.0,80478.67,80478.68,80378.04,80379.49,30.9079
1778306400.0,80379.5,80428.01,80378.11,80411.73,52.60658
1778307300.0,80411.73,80411.73,80304.85,80308.3,56.69963
1778308200.0,80308.3,80365.03,80208.33,80222.14,84.84993
1778309100.0,80222.14,80281.13,80201.6,80263.92,76.2186
1778310000.0,80263.93,80263.93,80135.0,80189.99,89.79803
1778310900.0,80190.0,80309.05,80189.99,80248.69,45.11035
1778311800.0,80248.68,80272.01,80200.0,80241.26,204.78362
1778312700.0,80241.26,80241.26,80175.93,80228.89,106.24964
1778313600.0,80228.88,80400.0,80220.0,80399.99,93.32423
1778314500.0,80400.0,80416.66,80378.0,80404.89,34.33644
1778315400.0,80404.88,80452.44,80393.54,80432.06,127.29549
1778316300.0,80432.06,80432.07,80407.11,80407.12,42.11225
1778317200.0,80407.12,80415.83,80334.55,80342.35,44.37733
1778318100.0,80342.36,80342.36,80230.55,80255.29,57.66367
1778319000.0,80255.28,80278.67,80232.05,80243.28,64.47476
1778319900.0,80243.28,80248.58,80214.0,80242.53,44.89505
1778320800.0,80242.54,80254.43,80166.26,80217.68,69.02028
1778321700.0,80217.69,80250.0,80194.22,80205.7,96.8835
1778322600.0,80205.03,80346.94,80205.03,80329.99,46.50882
1778323500.0,80329.99,80330.0,80264.01,80264.02,22.12815
1778324400.0,80264.01,80332.74,80256.95,80319.87,110.66917
1778325300.0,80319.88,80366.07,80319.87,80340.93,35.89374
1778326200.0,80340.92,80354.96,80339.18,80339.19,48.12045
1778327100.0,80339.19,80365.31,80332.0,80345.46,72.03491
1778328000.0,80345.47,80372.3,80304.06,80315.5,77.04934
1778328900.0,80315.5,80416.21,80274.03,80416.2,150.5731
1778329800.0,80416.21,80416.21,80324.37,80350.95,73.75338
1778330700.0,80350.95,80408.0,80350.95,80397.97,56.08133
1778331600.0,80397.97,80422.0,80379.77,80421.99,79.44706
1778332500.0,80422.0,80422.0,80346.48,80346.48,83.17308
1778333400.0,80346.48,80390.0,80318.7,80341.68,132.93493
1778334300.0,80341.69,80391.18,80340.19,80391.18,46.18402
1778335200.0,80391.18,80426.9,80357.75,80387.76,49.87583
1778336100.0,80387.75,80390.5,80254.71,80324.11,129.09594
1778337000.0,80324.1,80347.66,80254.86,80336.16,79.48096
1778337900.0,80336.17,80372.3,80258.64,80332.22,63.793
1778338800.0,80332.23,80349.4,80234.0,80299.81,110.91865
1778339700.0,80299.82,80411.77,80299.81,80410.99,56.0965
1778340600.0,80410.99,80600.0,80410.99,80476.82,184.97078
1778341500.0,80476.82,80575.15,80476.82,80527.92,66.49283
1778342400.0,80527.92,80621.87,80487.4,80577.96,111.81718
1778343300.0,80577.96,80777.0,80577.96,80655.86,198.94678
1778344200.0,80655.85,80655.85,80593.56,80638.57,88.78516
1778345100.0,80638.57,80650.0,80596.12,80625.01,147.00533
1778346000.0,80625.0,80817.99,80625.0,80741.34,135.60838
1778346900.0,80741.33,80833.33,80689.43,80832.45,102.09072
1778347800.0,80832.44,80928.56,80826.21,80826.22,126.15887
1778348700.0,80826.22,80841.4,80735.44,80812.7,66.2807
1778349600.0,80812.69,80869.93,80787.39,80833.31,61.39012
1778350500.0,80833.31,81045.08,80812.59,81040.54,157.42198
1778351400.0,81040.53,81080.0,80900.0,80902.01,85.15699
1778352300.0,80902.02,80926.07,80865.75,80907.65,35.38477
1778353200.0,80907.66,80927.66,80865.75,80888.94,45.30632
1778354100.0,80888.94,80917.36,80776.99,80825.89,77.70623
1778355000.0,80825.9,80844.91,80795.6,80844.9,34.39247
1778355900.0,80844.9,80958.0,80820.0,80938.53,60.40365
1778356800.0,80938.53,80938.53,80831.5,80831.5,34.59713
1778357700.0,80831.51,80841.92,80773.48,80797.14,41.02434
1778358600.0,80797.15,80813.7,80744.98,80805.51,35.69315
1778359500.0,80805.51,80818.7,80783.45,80805.5,32.82542
1778360400.0,80805.51,80896.0,80805.51,80856.19,34.43864
1778361300.0,80856.2,80871.33,80780.0,80809.53,24.23258
1778362200.0,80809.54,80809.54,80749.81,80749.81,32.55737
1778363100.0,80749.81,80816.48,80744.98,80780.83,58.62556
1778364000.0,80780.83,80797.32,80727.72,80750.37,30.29617
1778364900.0,80750.37,80786.01,80750.36,80758.76,22.53148
1778365800.0,80758.76,80823.24,80670.01,80817.05,77.30235
1778366700.0,80817.06,80817.06,80750.66,80782.38,69.41802
1778367600.0,80782.38,80850.0,80700.0,80732.5,318.91746
1778368500.0,80732.5,80732.51,80660.42,80673.25,18.17021
1778369400.0,80673.26,80689.98,80621.88,80666.94,89.6726
1778370300.0,80666.94,80707.3,80662.58,80678.4,70.00734
1778371200.0,80678.41,80728.53,80610.64,80714.49,170.59365
1778372100.0,80714.5,80770.51,80706.0,80714.0,54.0677
1778373000.0,80714.0,80770.32,80660.43,80738.12,68.66409
1778373900.0,80738.12,80741.77,80632.34,80680.04,52.95168
1778374800.0,80680.03,80680.04,80579.34,80625.03,136.79422
1778375700.0,80625.03,80658.85,80572.77,80603.57,142.68749
1778376600.0,80603.58,80646.13,80574.39,80630.4,55.70357
1778377500.0,80630.4,80690.73,80621.99,80685.56,75.43544
1778378400.0,80685.55,80685.56,80611.0,80628.94,81.14377
1778379300.0,80628.94,80757.52,80628.93,80740.71,59.42947
1778380200.0,80740.71,80779.79,80713.4,80758.12,68.92872
1778381100.0,80758.12,80790.0,80703.03,80777.42,81.09692
1778382000.0,80777.42,80832.72,80761.59,80784.8,85.17346
1778382900.0,80784.79,80784.8,80737.23,80744.02,28.00219
1778383800.0,80744.01,80887.15,80709.59,80805.51,90.71228
1778384700.0,80805.5,80832.32,80774.74,80775.0,80.88328
1778385600.0,80774.99,80796.71,80747.48,80782.15,128.39231
1778386500.0,80782.16,80806.17,80755.19,80792.78,46.32138
1778387400.0,80792.78,80840.0,80769.97,80769.98,43.50764
1778388300.0,80769.98,80781.95,80722.78,80759.93,35.23055
1778389200.0,80759.93,80766.16,80724.29,80766.16,32.94857
1778390100.0,80766.15,80816.52,80749.99,80749.99,130.73348
1778391000.0,80750.0,80810.71,80723.9,80730.0,116.00392
1778391900.0,80729.99,80752.6,80682.0,80700.77,93.05316
1778392800.0,80700.76,80740.6,80687.89,80719.16,37.04237
1778393700.0,80719.16,80724.94,80658.97,80658.97,39.50338
1778394600.0,80658.98,80729.98,80658.97,80710.0,90.47513
1778395500.0,80710.0,80753.04,80709.99,80733.75,44.52932
1778396400.0,80733.75,80792.79,80727.18,80727.19,76.01822
1778397300.0,80727.19,80827.14,80720.1,80784.62,146.215
1778398200.0,80784.61,80795.01,80769.16,80795.0,72.52448
1778399100.0,80795.0,80795.0,80729.56,80736.03,105.91747
1778400000.0,80736.03,80815.77,80715.33,80769.93,52.47167
1778400900.0,80769.92,80900.0,80750.32,80873.64,98.84243
1778401800.0,80873.63,80909.65,80805.5,80836.72,73.49919
1778402700.0,80836.72,80850.0,80820.8,80830.33,27.55479
1778403600.0,80830.34,80913.8,80830.34,80850.59,80.92896
1778404500.0,80850.6,80864.25,80820.02,80820.02,50.08193
1778405400.0,80820.02,80831.33,80756.53,80762.35,43.55067
1778406300.0,80762.35,80807.96,80762.34,80807.96,62.75622
1778407200.0,80807.95,80843.67,80710.14,80729.5,91.38392
1778408100.0,80729.5,80813.58,80691.0,80813.57,79.74819
1778409000.0,80813.58,80833.04,80766.39,80802.15,58.40196
1778409900.0,80802.15,80883.48,80795.78,80873.79,49.95616
1778410800.0,80873.8,80975.4,80872.87,80913.81,120.24515
1778411700.0,80913.81,80934.0,80750.0,80792.94,101.61416
1778412600.0,80792.93,80840.0,80792.93,80833.57,49.38926
1778413500.0,80833.58,80855.3,80808.09,80821.21,68.28439
1778414400.0,80821.21,80865.05,80784.2,80865.03,42.1625
1778415300.0,80865.04,80934.82,80852.91,80927.32,53.47098
1778416200.0,80927.32,80933.62,80872.0,80922.42,78.3541
1778417100.0,80922.43,80950.0,80900.01,80927.72,61.69733
1778418000.0,80927.71,80945.79,80865.44,80925.3,57.98622
1778418900.0,80925.3,81000.01,80900.0,80974.3,74.30053
1778419800.0,80974.29,80995.64,80933.33,80984.7,77.35088
1778420700.0,80984.7,80984.7,80939.7,80971.67,44.6132
1778421600.0,80971.66,80992.55,80913.79,80945.0,139.26167
1778422500.0,80945.0,80945.01,80890.76,80909.94,34.2635
1778423400.0,80909.94,80980.0,80876.01,80893.87,71.68993
1778424300.0,80893.86,80999.36,80816.22,80990.11,127.2435
1778425200.0,80990.11,81110.0,80936.0,81044.73,203.19318
1778426100.0,81044.73,81044.73,80954.78,80954.79,55.33909
1778427000.0,80954.78,81191.7,80952.29,81141.02,170.27897
1778427900.0,81141.01,81442.81,81130.4,81418.01,351.47379
1778428800.0,81418.01,81500.0,81361.43,81477.8,275.47004
1778429700.0,81477.8,81483.36,81258.6,81260.09,163.13214
1778430600.0,81260.1,81319.24,81200.0,81247.62,88.59329
1778431500.0,81247.62,81378.25,81222.38,81378.25,68.0316
1778432400.0,81378.25,81435.27,81220.0,81340.62,117.01791
1778433300.0,81340.62,81438.46,81288.69,81390.4,161.55193
1778434200.0,81390.4,81409.19,81291.0,81381.31,92.39743
1778435100.0,81381.3,81583.11,81348.0,81476.18,228.77741
1778436000.0,81476.18,81493.11,81396.0,81451.97,59.67184
1778436900.0,81451.98,81451.98,81333.33,81355.26,95.3308
1778437800.0,81355.27,81412.87,81250.8,81259.58,69.23954
1778438700.0,81259.58,81293.99,81231.14,81271.96,44.66587
1778439600.0,81271.96,81383.29,81148.0,81360.01,95.3325
1778440500.0,81360.0,81481.37,81353.53,81481.36,127.13293
1778441400.0,81481.36,81481.92,81391.51,81430.25,57.44658
1778442300.0,81430.25,81439.62,81333.05,81437.83,54.43551
1778443200.0,81437.83,81459.66,81167.49,81191.73,79.80873
1778444100.0,81191.73,81221.35,81055.38,81151.86,150.08893
1778445000.0,81151.87,81151.87,80799.96,80800.0,243.60653
1778445900.0,80800.0,80800.0,80279.77,80734.88,548.2355
1778446800.0,80734.88,80944.44,80571.97,80659.28,218.63984
1778447700.0,80659.27,80888.0,80658.05,80839.99,218.53292
1778448600.0,80840.0,80938.8,80775.97,80840.0,166.56502
1778449500.0,80840.0,80917.99,80714.28,80720.47,87.99385
1778450400.0,80720.47,81432.79,80666.66,81317.02,452.18274
1778451300.0,81317.02,81718.0,81213.52,81503.71,427.3732
1778452200.0,81503.71,82109.03,81467.09,81887.88,551.74434
1778453100.0,81887.88,82171.96,81828.42,82044.49,373.56434
1778454000.0,82044.49,82430.0,82044.49,82400.0,606.76419
1778454900.0,82400.0,82479.32,82201.16,82231.49,303.56481
1778455800.0,82231.49,82414.76,82201.81,82387.86,255.833
1778456700.0,82387.86,82409.54,82080.0,82210.07,229.52083
1778457600.0,82210.07,82380.0,81877.72,81877.72,396.72626
1778458500.0,81877.73,81877.73,81414.66,81679.99,458.40862
1778459400.0,81680.0,81840.08,81488.17,81596.31,249.72901
1778460300.0,81596.32,81648.0,81280.0,81471.13,189.13677
1778461200.0,81471.13,81591.99,81291.23,81502.96,168.58146
1778462100.0,81502.95,81744.85,81466.2,81626.88,163.10989
1778463000.0,81626.88,81676.85,81456.92,81493.77,86.03457
1778463900.0,81493.77,81593.86,81400.0,81501.72,78.19787
1778464800.0,81501.73,81572.4,81362.14,81406.17,105.96005
1778465700.0,81406.17,81406.17,81141.81,81241.58,174.37432
1778466600.0,81241.58,81277.09,81117.64,81208.02,149.63433
1778467500.0,81208.03,81263.6,81166.16,81169.08,62.00198
1778468400.0,81169.09,81188.97,80610.0,80615.01,251.27192
1778469300.0,80615.01,80719.52,80567.51,80603.05,314.34613
1778470200.0,80603.05,80732.15,80525.0,80722.19,163.54722
1778471100.0,80722.19,80766.08,80684.02,80736.01,128.79054
1778472000.0,80736.0,80766.15,80639.99,80640.0,195.46753
1778472900.0,80640.0,80789.99,80639.99,80752.81,62.3518
1778473800.0,80752.8,80822.08,80708.71,80822.08,61.66298
1778474700.0,80822.07,80879.12,80729.63,80824.61,58.98845
1778475600.0,80824.61,80890.9,80810.31,80840.73,51.99364
1778476500.0,80840.72,80965.09,80840.72,80963.61,40.90519
1778477400.0,80963.61,80981.8,80794.08,80794.09,76.67827
1778478300.0,80794.08,80860.62,80761.73,80832.33,254.11167
1778479200.0,80832.34,80985.6,80797.01,80913.46,60.39625
1778480100.0,80913.46,81049.51,80830.84,80988.0,58.85513
1778481000.0,80987.99,81016.78,80803.12,80820.37,70.54444
1778481900.0,80820.37,80873.68,80762.0,80822.86,106.20909
1778482800.0,80822.86,80823.0,80700.0,80759.99,140.59039
1778483700.0,80759.99,80840.3,80700.0,80737.9,79.40689
1778484600.0,80737.89,80767.58,80663.11,80728.97,147.39284
1778485500.0,80728.97,80800.0,80716.78,80740.4,129.548
1778486400.0,80740.4,80785.96,80646.56,80750.23,88.82576
1778487300.0,80750.23,80800.01,80646.83,80646.84,114.23619
1778488200.0,80646.83,80846.62,80621.87,80836.34,163.80931
1778489100.0,80836.33,80863.42,80732.83,80767.97,97.05009
1778490000.0,80767.97,80925.36,80758.3,80925.35,55.67481
1778490900.0,80925.36,80950.0,80900.0,80918.98,48.25724
1778491800.0,80918.98,80947.93,80853.39,80924.39,134.94828
1778492700.0,80924.4,80997.63,80899.67,80966.57,91.95724
1778493600.0,80966.58,81095.48,80957.37,81031.3,109.64029
1778494500.0,81031.29,81198.88,81020.0,81180.01,122.5028
1778495400.0,81180.0,81200.0,81000.0,81069.36,160.87324
1778496300.0,81069.36,81095.54,80940.0,80940.0,95.2475
1778497200.0,80940.0,81023.94,80900.0,80961.43,112.97089
1778498100.0,80961.42,81158.66,80961.42,81100.33,65.88762
1778499000.0,81100.33,81175.61,81100.33,81144.52,61.78835
1778499900.0,81144.53,81196.95,81100.0,81196.94,115.72399
1778500800.0,81196.95,81246.08,81069.46,81095.25,177.57714
1778501700.0,81095.25,81336.0,81072.68,81302.23,149.33946
1778502600.0,81302.24,81356.46,81150.66,81163.24,77.03904
1778503500.0,81163.25,81225.51,81029.77,81054.65,81.94066
1778504400.0,81054.65,81295.83,81054.64,81285.13,98.3342
1778505300.0,81285.12,81332.29,81143.62,81151.64,86.496
1778506200.0,81151.65,81250.0,80739.63,81079.06,467.23801
1778507100.0,81079.07,81119.96,80934.88,81072.0,115.32862
1778508000.0,81072.01,81252.72,81072.0,81137.39,111.37846
1778508900.0,81137.39,81173.32,80750.0,80750.01,93.9496
1778509800.0,80750.01,80900.0,80462.97,80804.35,401.55908
1778510700.0,80804.35,80970.28,80721.35,80953.38,160.7539
1778511600.0,80953.39,81090.8,80826.02,81011.28,125.95077
1778512500.0,81011.29,81423.55,80942.18,81343.39,224.88971
1778513400.0,81343.38,81436.08,81217.17,81232.68,176.07521
1778514300.0,81232.67,81458.0,81212.01,81445.9,120.38432
1778515200.0,81445.89,81786.73,81344.72,81786.73,343.63376
1778516100.0,81786.72,81869.55,81680.0,81779.55,365.36522
1778517000.0,81779.55,81910.35,81558.0,81579.64,303.95814
1778517900.0,81579.65,81758.24,81572.02,81575.85,100.51132
1778518800.0,81575.84,81630.18,81369.42,81519.99,111.57312
1778519700.0,81520.0,81670.78,81516.09,81637.93,67.26623
1778520600.0,81637.93,82024.41,81596.31,81978.0,202.85205
1778521500.0,81978.01,82071.77,81903.94,81941.09,183.59779
1778522400.0,81941.09,82100.0,81911.32,81964.85,186.57577
1778523300.0,81964.86,82059.99,81843.58,82042.69,121.36863
1778524200.0,82042.69,82137.26,81944.79,81951.45,122.2005
1778525100.0,81951.45,82094.55,81836.15,81858.96,105.95344
1778526000.0,81858.97,81976.38,81739.09,81917.86,94.29148
1778526900.0,81917.86,82081.37,81826.53,81902.53,153.71948
1778527800.0,81902.53,82091.11,81848.03,82006.48,117.79269
1778528700.0,82006.48,82026.91,81926.11,81961.99,92.80605
1778529600.0,81961.99,82078.91,81858.56,81915.27,189.39488
1778530500.0,81915.27,81969.18,81859.02,81903.95,45.2999
1778531400.0,81903.95,81921.2,81758.5,81821.41,47.58122
1778532300.0,81821.41,81932.18,81803.31,81821.02,40.12499
1778533200.0,81821.03,81880.0,81683.13,81731.13,71.5485
1778534100.0,81731.14,81758.45,81638.27,81639.26,51.17336
1778535000.0,81639.25,81770.0,81600.0,81740.12,71.52805
1778535900.0,81740.13,81906.35,81666.35,81821.18,74.57974
1778536800.0,81821.18,81969.99,81805.01,81847.36,116.41792
1778537700.0,81847.36,81927.3,81729.99,81730.0,79.2433
1778538600.0,81729.99,81805.0,81729.99,81788.21,119.01874
1778539500.0,81788.22,81924.63,81755.66,81833.92,51.75365
1778540400.0,81833.92,81833.92,81687.95,81728.31,105.11366
1778541300.0,81728.3,81734.38,81596.31,81625.16,87.20725
1778542200.0,81625.16,81822.17,81615.69,81785.04,45.90412
1778543100.0,81785.03,81788.01,81742.08,81745.65,39.82433
1778544000.0,81745.66,81788.0,81617.03,81618.0,85.78284
1778544900.0,81617.84,81676.66,81498.59,81566.11,152.07098
1778545800.0,81566.11,81655.9,81478.75,81494.33,103.71758
1778546700.0,81494.33,81585.0,81494.32,81545.2,78.09419
1778547600.0,81545.2,81615.67,81388.0,81397.07,70.93879
1778548500.0,81397.08,81471.6,81258.82,81372.3,105.07999
1778549400.0,81372.3,81372.3,80714.28,81068.31,518.65006
1778550300.0,81068.31,81316.32,81016.94,81199.18,171.33663
1778551200.0,81199.18,81332.29,81159.4,81316.02,64.2212
1778552100.0,81316.03,81316.03,81087.63,81267.13,56.08966
1778553000.0,81267.14,81270.76,81103.23,81129.66,119.42849
1778553900.0,81129.65,81280.0,81129.65,81249.93,147.03756
1778554800.0,81249.93,81294.42,81186.14,81217.48,35.61544
1778555700.0,81217.48,81234.49,81148.54,81171.31,46.99248
1778556600.0,81171.32,81225.92,81161.97,81201.36,41.89886
1778557500.0,81201.36,81201.36,81024.41,81058.8,63.36641
1778558400.0,81058.79,81077.08,81003.1,81003.11,71.56404
1778559300.0,81003.1,81227.01,81000.0,81211.96,147.17784
1778560200.0,81211.95,81285.87,81202.11,81251.78,91.67281
1778561100.0,81251.78,81303.99,81215.37,81240.01,87.86737
1778562000.0,81240.01,81283.8,81203.81,81233.51,84.82025
1778562900.0,81233.51,81293.86,81224.72,81292.62,89.64618
1778563800.0,81292.62,81305.24,81181.56,81252.49,76.06062
1778564700.0,81252.48,81279.4,81220.0,81224.03,79.41152
1778565600.0,81224.04,81267.4,81181.8,81255.85,78.13302
1778566500.0,81255.85,81300.0,81217.28,81217.29,110.55997
1778567400.0,81217.29,81221.55,81066.87,81097.67,123.36085
1778568300.0,81097.68,81133.59,81010.01,81022.44,136.3091
1778569200.0,81022.44,81100.0,80880.0,81076.28,110.92087
1778570100.0,81076.29,81137.27,80900.0,81020.25,119.05785
1778571000.0,81020.25,81094.0,80948.34,80948.35,121.81043
1778571900.0,80948.34,80975.34,80800.77,80865.4,251.52967
1778572800.0,80865.4,80932.14,80798.03,80824.65,166.53306
1778573700.0,80824.65,80938.26,80760.53,80871.65,132.43229
1778574600.0,80871.66,80960.0,80845.75,80952.8,94.67367
1778575500.0,80952.81,80964.13,80839.87,80843.31,84.9747
1778576400.0,80843.3,80897.0,80758.87,80765.16,142.95283
1778577300.0,80765.16,80797.83,80720.0,80737.81,97.01271
1778578200.0,80737.81,80963.35,80737.8,80925.25,191.85696
1778579100.0,80925.18,80952.36,80808.48,80837.15,74.89335
1778580000.0,80837.15,80848.27,80778.0,80804.0,112.11265
1778580900.0,80804.0,80835.86,80680.6,80724.15,109.64688
1778581800.0,80724.15,80751.72,80634.0,80684.99,130.07
1778582700.0,80685.0,80700.0,80601.27,80666.37,135.88424
1778583600.0,80666.38,80695.41,80535.87,80583.88,143.53767
1778584500.0,80583.87,80651.47,80496.57,80635.79,161.3444
1778585400.0,80635.79,80733.13,80635.78,80732.75,88.84146
1778586300.0,80732.75,80785.38,80710.0,80784.87,106.29759
1778587200.0,80784.86,80840.0,80700.0,80832.26,120.29522
1778588100.0,80832.25,80857.56,80744.69,80820.38,105.04633
1778589000.0,80820.38,80999.0,80619.19,80860.0,257.10114
1778589900.0,80860.01,80980.0,80853.27,80881.26,103.43679
1778590800.0,80881.25,80928.26,80800.0,80800.0,123.3017
1778591700.0,80800.0,80810.36,80632.35,80661.67,108.25299
1778592600.0,80661.66,80824.24,80588.23,80771.23,163.55101
1778593500.0,80771.24,80878.07,80397.07,80466.91,400.84135
1778594400.0,80466.91,80725.19,80397.88,80707.23,271.47589
1778595300.0,80707.23,80846.17,80560.0,80648.61,130.58744
1778596200.0,80648.61,80888.01,80413.41,80795.12,282.497
1778597100.0,80795.12,80795.13,80468.69,80540.0,181.03061
1778598000.0,80540.0,80676.78,80426.25,80617.15,199.39272
1778598900.0,80617.15,80617.15,80188.65,80222.0,382.89758
1778599800.0,80222.0,80480.0,80222.0,80376.0,229.79031
1778600700.0,80375.99,80452.67,80284.34,80336.01,146.23944
1778601600.0,80336.01,80435.99,80204.69,80385.98,219.88566
1778602500.0,80385.97,80410.05,80158.32,80290.0,683.59454
1778603400.0,80290.01,80340.0,80216.0,80250.82,87.36079
1778604300.0,80250.83,80280.0,79843.59,80000.01,482.61351
1778605200.0,80000.01,80211.41,79951.05,80208.37,162.57583
1778606100.0,80208.37,80446.17,80208.36,80426.27,148.2129
1778607000.0,80426.27,80515.62,80415.07,80515.61,68.97689
1778607900.0,80515.62,80593.06,80466.0,80527.69,106.87695
1778608800.0,80527.69,80552.0,80430.0,80545.0,75.32748
1778609700.0,80544.99,80572.96,80472.95,80500.0,138.46945
1778610600.0,80500.0,80688.28,80499.99,80667.54,83.10257
1778611500.0,80667.53,80763.81,80620.0,80679.12,70.4586
1778612400.0,80679.11,80836.85,80679.11,80815.27,83.64562
1778613300.0,80815.27,80836.85,80716.14,80716.15,91.24652
1778614200.0,80716.14,80812.74,80716.14,80751.7,87.45448
1778615100.0,80751.7,80874.42,80751.7,80834.64,83.87496
1778616000.0,80835.3,80896.25,80738.0,80766.59,178.00204
1778616900.0,80766.58,80818.96,80748.77,80809.99,29.84677
1778617800.0,80809.99,80810.0,80644.27,80700.0,52.82134
1778618700.0,80699.99,80713.24,80642.85,80696.87,31.82952
1778619600.0,80696.87,80738.0,80674.34,80699.99,39.33592
1778620500.0,80699.99,80728.97,80630.0,80655.81,41.36007
1778621400.0,80655.81,80655.82,80544.33,80583.65,62.52303
1778622300.0,80583.65,80600.0,80497.0,80587.44,59.31947
1778623200.0,80587.45,80791.94,80587.45,80628.0,71.96483
1778624100.0,80628.01,80699.56,80616.96,80657.97,24.32373
1778625000.0,80657.97,80719.54,80625.14,80659.99,36.93327
1778625900.0,80660.0,80719.54,80640.0,80656.43,17.88726
1778626800.0,80656.44,80714.0,80573.7,80608.5,61.09008
1778627700.0,80608.51,80669.94,80601.9,80657.89,29.71471
1778628600.0,80657.9,80664.28,80488.16,80515.24,83.52689
1778629500.0,80515.25,80535.42,80439.91,80504.47,73.07555
1778630400.0,80504.47,80533.6,80412.15,80460.0,65.54543
1778631300.0,80460.0,80749.17,80457.97,80654.44,73.34956
1778632200.0,80654.44,80768.95,80634.0,80740.1,62.03048
1778633100.0,80740.1,80740.1,80612.91,80718.0,29.88896
1778634000.0,80718.0,80994.44,80683.12,80954.89,105.40402
1778634900.0,80954.89,81113.01,80868.64,81064.57,190.79091
1778635800.0,81064.57,81154.62,81035.51,81110.78,226.32264
1778636700.0,81110.78,81195.69,80984.61,81006.0,111.24441
1778637600.0,81005.99,81080.0,80934.69,81063.46,104.83253
1778638500.0,81063.46,81281.66,81031.98,81120.86,121.86266
1778639400.0,81120.86,81136.8,81015.28,81060.0,57.61601
1778640300.0,81060.0,81086.45,81020.17,81050.0,49.62482
1778641200.0,81050.0,81091.06,80990.35,81012.69,44.99263
1778642100.0,81012.69,81097.11,80976.27,81093.61,111.26136
1778643000.0,81093.6,81200.0,81052.55,81199.99,133.54346
1778643900.0,81199.99,81299.99,81180.01,81249.99,87.60849
1778644800.0,81249.99,81262.62,81147.4,81166.91,52.13443
1778645700.0,81166.91,81216.24,81124.87,81209.99,57.69731
1778646600.0,81210.0,81281.07,81180.02,81196.83,80.97876
1778647500.0,81196.82,81250.24,81180.0,81231.96,62.89279
1778648400.0,81231.96,81247.22,81167.74,81167.75,69.60831
1778649300.0,81167.74,81167.74,81100.0,81124.8,56.02805
1778650200.0,81124.8,81137.95,81022.92,81026.54,56.95303
1778651100.0,81026.55,81086.73,80999.99,81019.99,84.28114
1778652000.0,81020.0,81100.0,80999.0,81099.99,64.17479
1778652900.0,81099.99,81160.36,81040.0,81112.07,135.92905
1778653800.0,81112.07,81120.7,81020.67,81057.59,263.59484
1778654700.0,81057.58,81058.92,80972.94,80980.05,35.46662
1778655600.0,80980.06,81021.48,80980.05,81016.0,48.00489
1778656500.0,81016.0,81049.01,80902.37,80920.0,91.00793
1778657400.0,80920.01,80980.0,80889.12,80960.05,162.92796
1778658300.0,80960.04,81033.82,80937.53,81026.92,174.08357
1778659200.0,81026.92,81068.78,80972.57,81014.37,56.66712
1778660100.0,81014.37,81120.0,81014.37,81042.6,102.18644
1778661000.0,81042.6,81180.0,80943.63,81156.19,114.59148
1778661900.0,81156.19,81200.0,81132.56,81196.57,99.4801
1778662800.0,81196.57,81324.64,81171.49,81234.16,162.96636
1778663700.0,81234.17,81243.98,81137.77,81170.0,84.9454
1778664600.0,81170.0,81300.0,81170.0,81240.01,78.51058
1778665500.0,81240.0,81293.43,81227.24,81291.38,109.07988
1778666400.0,81291.37,81298.5,81095.05,81106.95,112.2358
1778667300.0,81106.95,81152.0,80974.0,80974.02,74.44771
1778668200.0,80974.02,81034.75,80825.8,80854.56,88.31738
1778669100.0,80854.55,80880.53,80809.01,80809.01,89.76199
1778670000.0,80809.01,80843.87,80572.68,80573.06,265.75779
1778670900.0,80573.07,80683.19,80544.32,80570.8,118.83298
1778671800.0,80570.8,80678.65,80560.92,80674.03,126.45228
1778672700.0,80674.02,80696.0,80494.98,80501.22,157.04969
1778673600.0,80501.22,80592.65,80454.74,80537.05,161.6216
1778674500.0,80537.05,80557.71,80177.0,80349.31,254.84834
1778675400.0,80349.31,80359.35,79852.0,80163.53,606.28784
1778676300.0,80163.53,80280.0,80140.69,80202.78,171.60973
1778677200.0,80202.78,80345.45,80199.0,80301.0,142.06949
1778678100.0,80301.01,80337.01,80144.34,80149.74,133.41812
1778679000.0,80149.73,80210.0,79780.0,79850.0,414.03325
1778679900.0,79850.0,79850.0,79576.47,79656.01,515.75768
1778680800.0,79656.01,79785.99,79481.56,79714.97,434.43032
1778681700.0,79714.98,79898.0,79673.29,79852.73,204.90484
1778682600.0,79852.73,79862.91,79706.99,79707.0,179.17275
1778683500.0,79707.0,79817.64,79650.4,79756.01,123.87787
1778684400.0,79756.02,79856.08,79414.0,79436.11,291.67862
1778685300.0,79436.11,79478.98,79252.5,79283.08,340.36508
1778686200.0,79283.09,79348.2,79228.35,79251.39,323.73587
1778687100.0,79251.39,79261.1,78807.22,78827.21,775.65101
1778688000.0,78827.21,79020.92,78754.65,78922.12,920.44276
1778688900.0,78922.11,79060.06,78856.86,79058.15,177.27798
1778689800.0,79058.15,79169.7,79043.05,79142.75,242.08469
1778690700.0,79142.75,79222.22,79078.7,79108.39,182.3084
1778691600.0,79108.39,79238.6,79108.39,79233.0,149.40122
1778692500.0,79232.99,79378.54,79100.0,79331.97,207.41069
1778693400.0,79331.96,79433.01,79324.29,79430.61,103.01655
1778694300.0,79430.61,79556.36,79391.7,79514.97,151.57673
1778695200.0,79514.97,79615.01,79514.97,79606.3,107.23144
1778696100.0,79606.3,79800.0,79555.87,79767.98,358.77901
1778697000.0,79767.97,79800.0,79647.29,79647.29,154.95754
1778697900.0,79647.29,79676.68,79558.28,79598.15,126.61795
1778698800.0,79598.15,79615.7,79472.92,79514.68,109.66638
1778699700.0,79514.68,79544.19,79400.0,79495.94,153.41725
1778700600.0,79495.93,79603.95,79456.45,79514.87,84.64486
1778701500.0,79514.87,79646.29,79487.6,79642.41,115.76732
1778702400.0,79642.41,79754.67,79626.96,79645.13,59.65894
1778703300.0,79645.13,79726.87,79622.7,79622.7,49.68946
1778704200.0,79622.7,79744.21,79622.7,79719.97,75.38395
1778705100.0,79719.97,79760.0,79675.7,79698.95,40.49051
1778706000.0,79698.95,79705.73,79340.39,79449.2,196.85734
1778706900.0,79449.19,79449.19,79385.39,79418.65,95.71435
1778707800.0,79418.65,79508.07,79418.64,79479.67,53.31659
1778708700.0,79479.67,79527.42,79381.12,79398.54,72.11228
1778709600.0,79398.54,79451.46,79228.0,79409.43,110.3897
1778710500.0,79409.43,79409.43,79275.46,79317.55,68.65429
1778711400.0,79317.56,79406.0,79241.11,79406.0,81.47295
1778712300.0,79406.0,79470.0,79400.28,79428.46,77.7697
1778713200.0,79428.46,79499.01,79350.79,79377.39,169.56093
1778714100.0,79377.4,79436.72,79290.63,79349.02,128.2828
1778715000.0,79349.01,79376.45,79252.09,79308.69,137.14629
1778715900.0,79308.68,79316.0,79233.83,79313.61,62.52835
1778716800.0,79313.61,79525.75,79308.0,79525.75,178.55436
1778717700.0,79525.75,79589.99,79442.0,79462.0,85.42802
1778718600.0,79462.0,79647.82,79462.0,79647.81,115.34331
1778719500.0,79647.81,79681.73,79552.94,79580.0,64.34203
1778720400.0,79580.0,79681.73,79547.44,79620.69,91.79182
1778721300.0,79620.7,79640.0,79504.54,79540.21,91.96378
1778722200.0,79540.21,79591.42,79409.42,79485.99,74.74725
1778723100.0,79486.0,79667.91,79441.44,79604.6,110.98344
1778724000.0,79604.61,79676.11,79580.99,79580.99,112.00967
1778724900.0,79581.0,79658.0,79562.0,79657.99,105.07208
1778725800.0,79657.99,79670.01,79550.0,79590.11,347.45737
1778726700.0,79590.11,79594.04,79222.22,79370.24,119.50047
1778727600.0,79370.24,79460.0,79144.45,79274.15,161.26237
1778728500.0,79274.14,79359.99,79001.16,79316.0,228.98269
1778729400.0,79316.01,79400.0,79171.16,79205.28,134.57208
1778730300.0,79205.27,79205.28,78922.0,79044.85,187.54398
1778731200.0,79044.86,79262.78,78982.06,79259.71,141.09641
1778732100.0,79259.7,79366.4,79246.33,79317.66,98.53643
1778733000.0,79317.65,79385.08,79305.9,79385.08,67.89055
1778733900.0,79385.08,79474.41,79320.14,79451.63,129.83148
1778734800.0,79451.62,79479.4,79395.8,79403.0,157.94022
1778735700.0,79403.0,79612.09,79359.49,79596.69,214.09854
1778736600.0,79596.68,79767.92,79596.68,79710.03,225.90758
1778737500.0,79710.03,79998.0,79710.03,79809.16,252.21988
1778738400.0,79809.15,79953.35,79809.15,79918.26,109.525
1778739300.0,79918.25,79924.5,79823.48,79823.48,50.79997
1778740200.0,79823.48,79890.0,79769.12,79880.88,90.86637
1778741100.0,79880.89,79885.62,79804.71,79804.71,49.9422
1778742000.0,79804.72,79868.7,79725.25,79745.14,89.70106
1778742900.0,79745.15,79856.09,79702.05,79796.01,98.56877
1778743800.0,79796.0,79937.59,79796.0,79913.15,153.12966
1778744700.0,79913.16,79913.16,79740.01,79745.98,138.92534
1778745600.0,79745.99,79884.55,79644.44,79837.12,145.52831
1778746500.0,79837.12,79864.71,79719.96,79784.25,151.78334
1778747400.0,79784.25,79936.98,79776.26,79898.0,224.00809
1778748300.0,79898.01,79898.78,79788.03,79821.56,131.45059
1778749200.0,79821.55,79905.99,79811.27,79832.11,102.34656
1778750100.0,79832.11,79844.55,79724.42,79735.51,91.60337
1778751000.0,79735.51,79738.46,79587.98,79664.06,144.0269
1778751900.0,79664.05,79664.58,79569.81,79635.52,107.77684
1778752800.0,79635.53,79737.23,79564.0,79618.85,138.99067
1778753700.0,79618.85,79756.98,79618.85,79686.96,64.96925
1778754600.0,79686.96,79686.97,79409.42,79453.86,115.7624
1778755500.0,79453.85,79626.45,79453.85,79570.01,65.23737
1778756400.0,79570.01,79600.0,79500.0,79500.0,59.98489
1778757300.0,79500.0,79555.95,79264.7,79360.58,159.57662
1778758200.0,79360.59,79395.34,79272.51,79285.0,77.50325
1778759100.0,79285.01,79333.13,79234.0,79258.27,65.9137
1778760000.0,79258.27,79404.62,79230.31,79357.67,104.04219
1778760900.0,79357.67,79452.56,79290.6,79423.19,108.30911
1778761800.0,79423.19,79682.76,79403.26,79682.76,189.36139
1778762700.0,79682.76,79775.02,79666.81,79767.11,124.69973
1778763600.0,79767.1,79883.9,79711.7,79883.84,209.66628
1778764500.0,79883.83,80059.71,79766.23,79946.0,320.96391
1778765400.0,79946.01,79978.0,79693.59,79854.01,226.57772
1778766300.0,79854.01,80045.87,79670.88,79701.73,243.33422
1778767200.0,79701.73,79972.97,79561.52,79958.28,207.35764
1778768100.0,79958.28,80247.9,79950.33,80143.4,384.81254
1778769000.0,80143.39,80377.13,80090.52,80337.99,329.83743
1778769900.0,80337.99,81020.0,80337.99,80964.85,960.77281
1778770800.0,80964.84,81155.0,80816.08,80988.41,759.0098
1778771700.0,80988.41,81145.55,80902.2,80999.99,455.19241
1778772600.0,80999.99,81086.29,80816.36,81020.0,394.75421
1778773500.0,81020.0,81332.23,81010.0,81301.23,683.40589
1778774400.0,81301.22,81590.29,81301.22,81551.04,911.13647
1778775300.0,81551.04,81601.29,81400.0,81558.72,561.43053
1778776200.0,81558.73,81640.81,81350.93,81505.92,517.95234
1778777100.0,81505.91,81904.44,81080.25,81888.4,742.29998
1778778000.0,81888.4,82048.13,81710.86,81726.4,824.48368
1778778900.0,81726.4,81726.41,81271.0,81477.68,595.98679
1778779800.0,81477.67,81722.54,81441.79,81646.0,327.79759
1778780700.0,81645.99,81794.7,81645.99,81668.48,219.21105
1778781600.0,81668.49,81852.07,81479.69,81852.06,253.7189
1778782500.0,81852.07,81949.15,81752.75,81870.97,347.27965
1778783400.0,81870.96,81872.48,81500.0,81538.15,246.29348
1778784300.0,81538.15,81644.6,81440.38,81581.99,165.50517
1778785200.0,81582.0,81718.73,81538.14,81546.0,101.56236
1778786100.0,81546.01,81637.93,81330.12,81349.17,226.38577
1778787000.0,81349.18,81480.0,81336.81,81446.27,119.41288
1778787900.0,81446.27,81477.7,81379.15,81419.74,119.47943
1778788800.0,81419.75,81590.19,81350.0,81350.0,128.75203
1778789700.0,81350.01,81416.9,81230.16,81276.26,147.42163
1778790600.0,81276.26,81300.0,81166.22,81244.46,92.24931
1778791500.0,81244.46,81458.92,81244.46,81412.04,103.20539
1778792400.0,81412.05,81473.7,81320.3,81327.55,80.8205
1778793300.0,81327.55,81463.43,81268.38,81422.08,76.92991
1778794200.0,81422.08,81526.08,81415.05,81456.64,79.394
1778795100.0,81456.64,81465.35,81374.4,81396.61,54.92744
1778796000.0,81396.61,81500.71,81335.48,81500.71,83.92203
1778796900.0,81500.71,81500.71,81411.53,81450.0,44.65138
1778797800.0,81449.99,81535.99,81444.56,81510.83,105.55175
1778798700.0,81510.83,81559.71,81427.85,81456.0,88.7222
1778799600.0,81456.0,81456.0,81173.43,81252.46,198.06246
1778800500.0,81252.46,81378.0,81202.0,81370.96,102.50891
1778801400.0,81370.96,81370.97,81218.26,81218.26,62.19227
1778802300.0,81218.27,81218.27,81059.93,81089.99,171.52718
1778803200.0,81090.0,81480.3,81068.52,81480.29,149.19465
1778804100.0,81480.29,81496.09,81360.01,81460.0,129.1393
1778805000.0,81460.0,81664.45,81269.37,81343.03,195.27397
1778805900.0,81343.03,81580.0,81341.91,81518.67,104.94188
1778806800.0,81518.66,81612.73,81500.01,81522.0,193.25093
1778807700.0,81521.99,81589.69,81390.19,81390.19,150.19234
1778808600.0,81390.2,81471.82,81207.87,81385.65,92.69072
1778809500.0,81385.65,81390.0,81106.2,81131.01,102.68885
1778810400.0,81131.0,81197.57,80862.14,80944.78,249.55202
1778811300.0,80944.79,81034.89,80874.44,80910.01,139.92844
1778812200.0,80910.01,81122.51,80750.0,81088.0,239.49589
1778813100.0,81088.0,81350.0,81088.0,81299.14,200.42525
1778814000.0,81299.14,81340.81,81134.01,81230.0,91.06641
1778814900.0,81229.99,81265.21,81160.0,81265.01,137.43664
1778815800.0,81265.01,81265.01,80930.82,80991.84,214.34785
1778816700.0,80991.84,81115.62,80973.58,81059.15,64.10045
1778817600.0,81059.15,81100.0,80960.0,81030.06,51.40777
1778818500.0,81030.06,81068.64,80910.28,80912.59,156.15458
1778819400.0,80912.59,81043.51,80883.54,80932.03,70.37893
1778820300.0,80932.03,80950.0,80709.09,80724.71,89.63118
1778821200.0,80724.71,80850.0,80666.66,80833.97,182.97403
1778822100.0,80833.97,80882.45,80757.18,80792.1,127.92676
1778823000.0,80792.11,80811.55,80324.0,80476.0,578.06563
1778823900.0,80476.01,80558.4,80314.0,80360.01,140.2477
1778824800.0,80360.01,80458.57,80314.01,80396.71,269.07704
1778825700.0,80405.03,80524.85,80314.37,80524.85,169.66375
1778826600.0,80524.85,80633.19,80499.94,80601.59,228.02915
1778827500.0,80601.58,80644.5,80562.01,80580.0,148.76277
1778828400.0,80580.0,80780.0,80559.88,80768.0,198.47149
1778829300.0,80767.99,81003.37,80708.78,80915.0,305.62711
1778830200.0,80915.0,80915.01,80734.92,80820.01,230.45613
1778831100.0,80820.01,80872.5,80780.09,80814.88,144.22738
1778832000.0,80814.88,80822.95,80670.5,80735.07,160.62739
1778832900.0,80735.07,80735.08,80520.0,80529.35,147.90124
1778833800.0,80529.35,80716.87,80415.84,80687.78,154.83446
1778834700.0,80687.78,80687.78,80568.0,80638.0,75.27335
1778835600.0,80638.0,80670.51,80550.0,80570.4,83.53734
1778836500.0,80570.41,80575.24,80453.98,80573.75,151.87955
1778837400.0,80573.75,80637.04,80420.0,80420.0,96.57801
1778838300.0,80420.01,80500.0,80369.0,80489.8,139.66676
1778839200.0,80489.81,80599.76,80407.6,80589.12,135.34898
1778840100.0,80589.12,80589.12,80495.0,80512.28,73.63347
1778841000.0,80512.28,80573.76,80450.0,80539.4,78.07577
1778841900.0,80539.41,80776.33,80531.98,80716.23,157.91112
1778842800.0,80716.22,80750.56,80590.08,80677.08,62.07395
1778843700.0,80677.07,80716.87,80598.75,80628.45,61.79223
1778844600.0,80628.45,80656.26,80598.52,80639.79,70.3496
1778845500.0,80639.8,80709.88,80595.0,80628.53,56.77645
1778846400.0,80628.52,80635.44,80400.02,80414.7,184.96212
1778847300.0,80414.71,80584.92,80370.88,80535.92,131.00626
1778848200.0,80535.91,80555.09,80400.0,80410.01,126.26237
1778849100.0,80410.0,80444.13,80340.83,80385.11,92.77007
1778850000.0,80385.1,80385.11,80068.01,80134.22,439.51744
1778850900.0,80134.23,80203.58,80006.08,80006.1,330.08371
1778851800.0,80006.09,80015.48,79100.0,79149.8,1067.74454
1778852700.0,79149.81,79287.57,78698.69,78758.59,1264.53949
1778853600.0,78758.59,79353.32,78659.0,79256.0,936.98848
1778854500.0,79255.99,79322.09,79009.0,79082.0,383.26405
1778855400.0,79082.0,79292.88,79002.0,79223.77,357.33138
1778856300.0,79223.78,79311.01,78958.38,79150.37,287.6264
1778857200.0,79150.36,79329.41,79086.1,79239.98,171.96542
1778858100.0,79239.97,79369.36,79111.82,79139.71,156.94132
1778859000.0,79139.87,79227.0,79076.28,79089.49,148.09861
1778859900.0,79089.5,79245.85,79013.81,79150.27,129.46775
1778860800.0,79150.26,79245.85,79131.01,79204.0,148.22496
1778861700.0,79204.0,79316.0,79140.0,79312.0,144.51334
1778862600.0,79312.0,79382.3,79255.46,79279.84,105.97895
1778863500.0,79279.84,79336.23,79146.02,79294.31,116.06954
1778864400.0,79294.31,79351.25,79228.26,79260.0,101.04122
1778865300.0,79259.99,79450.0,79224.0,79375.13,141.45816
1778866200.0,79375.12,79488.0,79374.22,79405.08,153.51087
1778867100.0,79405.07,79504.83,79377.0,79460.0,82.79397
1778868000.0,79460.0,79561.94,79425.38,79480.01,138.24497
1778868900.0,79480.0,79488.89,79206.99,79282.49,218.91271
1778869800.0,79282.49,79325.21,79170.47,79287.28,108.00951
1778870700.0,79287.28,79336.82,79202.42,79284.0,78.84374
1778871600.0,79284.01,79290.0,79051.0,79080.0,185.12316
1778872500.0,79080.01,79168.81,79080.01,79123.28,93.71502
1778873400.0,79123.28,79193.53,79090.01,79125.62,66.26371
1778874300.0,79125.62,79188.57,79113.29,79146.5,76.65695
1778875200.0,79146.5,79217.07,79078.88,79147.1,60.47722
1778876100.0,79147.09,79169.7,79069.32,79168.88,43.2418
1778877000.0,79168.89,79193.5,79077.2,79090.0,53.11212
1778877900.0,79089.99,79125.96,79000.0,79123.12,67.61241
1778878800.0,79123.13,79189.43,79102.99,79181.99,249.03113
1778879700.0,79182.0,79200.0,79115.88,79131.91,114.57381
1778880600.0,79131.92,79160.05,79076.18,79135.31,159.63203
1778881500.0,79135.31,79148.6,78911.42,78973.5,159.0843
1778882400.0,78973.5,79093.13,78973.49,79070.75,86.80109
1778883300.0,79070.75,79087.97,79003.67,79075.0,97.02153
1778884200.0,79075.0,79145.44,79058.46,79122.12,97.37717
1778885100.0,79122.11,79145.44,79088.02,79107.38,66.66829
1778886000.0,79107.38,79145.43,79086.8,79105.53,77.72807
1778886900.0,79105.53,79161.86,79077.96,79115.97,237.43658
1778887800.0,79115.97,79134.92,79078.0,79134.91,60.3403
1778888700.0,79134.91,79134.92,79100.08,79113.21,302.11609
1778889600.0,79113.2,79189.0,79079.76,79172.86,93.83089
1778890500.0,79172.87,79199.22,79162.89,79178.31,88.92226
1778891400.0,79178.3,79227.77,79165.01,79165.03,81.5147
1778892300.0,79165.03,79169.77,79075.09,79111.92,49.74455
1778893200.0,79111.92,79148.13,79087.63,79139.49,98.39747
1778894100.0,79139.49,79155.94,79032.27,79037.13,135.23901
1778895000.0,79037.12,79070.93,79010.0,79030.0,58.15743
1778895900.0,79030.01,79186.05,79030.0,79168.0,65.40903
1778896800.0,79168.0,79211.77,79103.18,79192.72,58.60236
1778897700.0,79192.72,79207.41,79141.81,79155.38,56.42172
1778898600.0,79155.38,79155.38,79080.1,79088.68,62.16833
1778899500.0,79088.67,79158.4,79080.94,79155.54,31.11264
1778900400.0,79155.55,79187.71,79135.5,79175.01,121.34285
1778901300.0,79175.01,79186.54,79155.4,79179.57,159.19234
1778902200.0,79179.57,79179.58,79078.13,79078.13,26.29123
1778903100.0,79078.12,79137.88,79059.77,79083.18,61.83599
1778904000.0,79083.19,79129.71,79044.08,79084.15,84.97185
1778904900.0,79084.14,79097.14,79051.6,79051.6,73.27497
1778905800.0,79051.61,79052.77,78860.0,78993.75,138.65475
1778906700.0,78993.75,79035.26,78962.66,79035.26,24.86665
1778907600.0,79035.25,79035.26,78933.63,79031.19,43.09313
1778908500.0,79031.19,79032.05,79024.92,79025.33,28.80417
1778909400.0,79025.33,79039.49,78940.91,79004.0,57.46388
1778910300.0,79004.01,79027.37,78972.0,79027.37,53.69425
1778911200.0,79027.36,79047.94,78920.65,78936.65,78.36628
1778912100.0,78936.65,78936.66,78800.0,78824.77,126.24744
1778913000.0,78824.78,78899.07,78730.26,78745.74,86.98843
1778913900.0,78745.74,78778.68,78459.87,78648.0,340.65941
1778914800.0,78648.0,78651.63,78122.0,78259.33,474.20223
1778915700.0,78259.33,78519.85,78066.0,78463.5,482.60776
1778916600.0,78463.5,78560.6,78353.08,78500.02,175.9055
1778917500.0,78500.03,78513.42,78343.5,78369.77,135.02888
1778918400.0,78369.78,78472.82,78334.21,78420.0,106.88172
1778919300.0,78420.01,78432.72,78374.13,78404.54,70.44343
1778920200.0,78404.55,78530.52,78392.15,78467.0,99.82908
1778921100.0,78467.0,78467.65,78380.0,78426.56,101.88896
1778922000.0,78426.55,78440.81,78246.31,78263.4,106.59637
1778922900.0,78263.41,78274.25,77906.1,78058.02,555.69803
1778923800.0,78058.02,78188.48,78031.0,78122.91,200.87522
1778924700.0,78122.92,78207.92,78015.65,78083.48,241.26148
1778925600.0,78083.47,78101.43,77810.1,77906.82,452.89199
1778926500.0,77906.83,77953.8,77640.0,77773.35,510.07225
1778927400.0,77772.28,77979.26,77753.31,77892.54,527.84715
1778928300.0,77892.54,77984.41,77877.97,77960.0,268.89455
1778929200.0,77959.99,78105.54,77959.99,78084.01,268.89591
1778930100.0,78084.0,78159.39,78070.0,78135.28,113.64818
1778931000.0,78135.29,78193.88,78104.17,78161.23,138.54812
1778931900.0,78161.22,78161.23,78075.14,78081.71,81.82759
1778932800.0,78080.46,78133.38,78040.01,78058.47,288.22711
1778933700.0,78058.47,78058.47,77918.62,77987.16,238.14658
1778934600.0,77988.0,78074.0,77987.99,78060.15,116.95737
1778935500.0,78060.16,78117.01,78007.23,78007.23,148.20071
1778936400.0,78007.24,78007.24,77890.0,77898.46,272.67651
1778937300.0,77898.46,77987.97,77863.89,77964.33,285.01478
1778938200.0,77964.34,77982.65,77833.4,77901.11,154.92186
1778939100.0,77901.11,78014.6,77894.2,78014.6,118.24972
1778940000.0,78014.6,78048.0,77895.2,77957.3,119.12977
1778940900.0,77957.3,78062.97,77902.08,77982.0,238.38301
1778941800.0,77982.0,78227.67,77982.0,78219.02,228.82703
1778942700.0,78219.01,78346.0,78104.65,78130.55,142.70804
1778943600.0,78130.55,78224.44,78078.22,78119.96,91.9532
1778944500.0,78119.97,78192.69,78079.94,78128.42,83.18936
1778945400.0,78128.42,78231.98,78128.42,78215.37,84.3226
1778946300.0,78215.37,78285.0,78212.51,78238.67,73.44961
1778947200.0,78238.68,78364.65,78185.08,78246.45,109.71117
1778948100.0,78246.44,78333.85,78212.03,78290.0,47.05243
1778949000.0,78290.0,78318.47,78119.72,78150.74,81.04412
1778949900.0,78150.74,78222.01,78146.89,78205.96,90.29483
1778950800.0,78205.96,78271.06,78199.0,78270.94,40.44394
1778951700.0,78270.93,78318.0,78232.17,78289.7,76.27311
1778952600.0,78289.7,78320.41,78266.17,78266.17,148.68164
1778953500.0,78266.18,78290.0,78201.49,78201.5,84.808
1778954400.0,78201.5,78241.34,78171.02,78191.85,72.91019
1778955300.0,78191.84,78217.26,78142.99,78196.92,59.1908
1778956200.0,78196.93,78271.36,78184.64,78255.75,104.7331
1778957100.0,78255.74,78327.75,78218.02,78229.81,73.79996
1778958000.0,78229.82,78263.98,78204.22,78241.95,29.53318
1778958900.0,78241.96,78301.95,78224.0,78285.04,66.09426
1778959800.0,78285.04,78314.69,78262.8,78264.02,113.94346
1778960700.0,78264.03,78304.17,78226.02,78259.66,61.53162
1778961600.0,78259.67,78300.0,78259.66,78299.99,26.94869
1778962500.0,78299.99,78318.94,78272.43,78272.43,50.16536
1778963400.0,78272.43,78278.0,78201.42,78223.41,27.17686
1778964300.0,78223.4,78266.01,78215.94,78261.0,90.05199
1778965200.0,78261.0,78308.33,78222.64,78302.55,138.58346
1778966100.0,78302.56,78302.56,78234.51,78273.69,35.27945
1778967000.0,78273.68,78289.72,78206.85,78289.72,36.00321
1778967900.0,78289.71,78300.0,78246.0,78265.73,27.40576
1778968800.0,78265.73,78275.81,78171.02,78241.38,53.75917
1778969700.0,78241.38,78279.28,78241.38,78268.14,20.86692
1778970600.0,78268.13,78270.18,78224.7,78224.71,20.90802
1778971500.0,78224.7,78229.33,78186.24,78186.25,33.25831
1778972400.0,78186.25,78202.42,78156.67,78184.0,31.66083
1778973300.0,78184.01,78267.46,78184.01,78234.99,14.21737
1778974200.0,78234.99,78257.88,78203.42,78219.8,35.88586
1778975100.0,78219.8,78235.19,78125.32,78148.05,47.17518
1778976000.0,78148.05,78243.19,78148.04,78195.31,42.60431
1778976900.0,78195.32,78218.51,78143.0,78195.99,40.95812
1778977800.0,78196.0,78228.39,78125.0,78140.47,27.14492
1778978700.0,78140.47,78154.01,77812.0,77945.85,200.88911
1778979600.0,77945.85,78114.0,77826.9,78057.52,160.23495
1778980500.0,78057.53,78090.0,77909.07,77988.02,67.60262
1778981400.0,77988.02,78000.76,77721.19,77787.4,207.5912
1778982300.0,77787.4,77873.99,77725.71,77725.71,81.1079
1778983200.0,77725.72,77929.9,77725.71,77868.15,80.83895
1778984100.0,77868.15,77929.79,77843.02,77895.53,63.07801
1778985000.0,77895.53,77938.0,77861.24,77915.32,44.49169
1778985900.0,77915.32,77931.26,77852.73,77895.51,68.23428
1778986800.0,77895.5,78013.27,77888.0,77958.57,73.75211
1778987700.0,77958.57,78010.52,77958.56,78000.75,43.53769
1778988600.0,78000.76,78066.25,77978.99,78031.94,53.57892
1778989500.0,78031.94,78079.3,78000.59,78028.88,29.2845
1778990400.0,78028.88,78080.0,78003.35,78049.0,40.38748
1778991300.0,78049.0,78145.76,78048.99,78096.21,82.38271
1778992200.0,78096.21,78198.76,78054.46,78186.11,64.06257
1778993100.0,78186.11,78203.93,78157.76,78158.09,189.15817
1778994000.0,78158.08,78323.96,78135.34,78246.25,119.58182
1778994900.0,78246.25,78246.26,78178.0,78178.01,56.12432
1778995800.0,78178.01,78204.01,78150.0,78154.85,48.51496
1778996700.0,78154.86,78175.09,78102.42,78121.41,34.76729
1778997600.0,78121.41,78204.01,78121.4,78185.13,24.79403
1778998500.0,78185.14,78200.0,78017.0,78082.53,60.67013
1778999400.0,78082.52,78121.09,78040.15,78045.34,19.69795
1779000300.0,78045.33,78105.39,78045.33,78104.8,31.70743
1779001200.0,78104.79,78114.43,78078.0,78097.39,34.24089
1779002100.0,78097.4,78143.96,78053.79,78121.99,37.90106
1779003000.0,78121.98,78208.69,78104.25,78151.96,61.71709
1779003900.0,78151.96,78196.67,78151.96,78180.01,46.38755
1779004800.0,78180.0,78200.91,78143.93,78148.72,29.6812
1779005700.0,78148.72,78149.0,78066.24,78066.25,38.40688
1779006600.0,78066.25,78107.27,78033.01,78101.12,28.00169
1779007500.0,78101.12,78101.12,78077.8,78089.8,21.28441
1779008400.0,78089.8,78137.68,78073.52,78128.27,46.81272
1779009300.0,78128.27,78154.87,78100.67,78150.0,51.08504
1779010200.0,78149.99,78149.99,78092.43,78123.87,44.41558
1779011100.0,78123.88,78293.97,78123.87,78249.33,54.12151
1779012000.0,78249.33,78525.74,78249.03,78446.99,147.75679
1779012900.0,78446.98,78599.99,78399.26,78527.22,249.6498
1779013800.0,78527.22,78535.21,78422.09,78480.99,98.65617
1779014700.0,78480.99,78483.14,78427.22,78465.99,68.86709
1779015600.0,78465.99,78473.82,78357.57,78357.58,88.57685
1779016500.0,78357.58,78380.58,78308.61,78350.04,49.35076
1779017400.0,78350.03,78435.75,78289.0,78411.25,66.48291
1779018300.0,78411.26,78469.83,78384.42,78415.99,53.03398
1779019200.0,78415.99,78457.97,78378.95,78390.34,75.58264
1779020100.0,78390.34,78438.0,78352.0,78434.42,57.15158
1779021000.0,78434.43,78550.0,78421.33,78474.99,75.0967
1779021900.0,78474.99,78500.92,78333.8,78364.83,46.60597
1779022800.0,78364.83,78364.83,78257.31,78261.12,49.63717
1779023700.0,78261.11,78292.63,78173.15,78292.62,56.309
1779024600.0,78292.63,78343.39,78250.0,78261.73,72.55707
1779025500.0,78261.74,78293.83,78184.1,78202.91,81.77301
1779026400.0,78202.91,78217.33,78061.46,78072.81,112.79585
1779027300.0,78072.81,78117.89,77850.0,78040.0,195.36585
1779028200.0,78040.0,78066.25,77957.58,78007.91,44.02313
1779029100.0,78007.91,78091.98,78007.91,78051.51,45.3841
1779030000.0,78051.51,78119.42,78007.91,78089.47,41.63654
1779030900.0,78089.47,78089.47,77920.76,77990.07,64.89582
1779031800.0,77990.06,78059.21,77981.99,78034.0,56.45679
1779032700.0,78034.0,78066.25,78012.41,78051.41,40.64477
1779033600.0,78051.42,78127.22,78051.41,78062.83,24.66195
1779034500.0,78062.83,78142.85,78048.36,78141.36,25.34793
1779035400.0,78141.36,78193.66,78111.72,78171.03,33.5462
1779036300.0,78171.02,78171.03,78025.23,78034.36,59.32379
1779037200.0,78034.37,78055.8,77892.18,77920.16,123.37726
1779038100.0,77920.17,77987.62,77856.69,77987.62,68.24771
1779039000.0,77987.62,78050.0,77902.2,78049.99,82.55014
1779039900.0,78050.0,78092.44,78022.19,78089.98,22.26379
1779040800.0,78089.99,78245.15,78076.2,78125.48,57.62712
1779041700.0,78125.48,78146.29,78014.33,78136.99,45.71911
1779042600.0,78136.98,78171.03,78124.5,78130.33,16.59236
1779043500.0,78130.33,78271.59,78118.0,78268.05,52.49557
1779044400.0,78268.04,78298.0,78225.4,78262.91,67.04629
1779045300.0,78262.9,78300.0,78228.17,78228.18,34.22676
1779046200.0,78228.17,78420.32,78209.96,78383.93,56.1819
1779047100.0,78383.92,78468.46,78354.01,78415.3,67.86788
1779048000.0,78415.29,78435.32,78332.43,78341.07,37.70782
1779048900.0,78341.07,78346.93,78248.8,78291.02,49.08477
1779049800.0,78291.01,78367.49,78249.35,78295.26,92.49427
1779050700.0,78295.26,78305.68,78277.35,78277.36,26.10423
1779051600.0,78277.36,78295.14,78243.5,78295.13,40.07107
1779052500.0,78295.13,78435.34,78269.41,78431.52,87.0262
1779053400.0,78431.52,78485.36,78368.63,78430.64,124.38016
1779054300.0,78430.64,78471.46,78392.38,78405.72,42.42308
1779055200.0,78405.72,78414.16,77950.0,78117.01,200.74467
1779056100.0,78117.01,78146.11,77947.36,77999.84,126.57282
1779057000.0,77999.26,78127.69,77950.0,78048.0,103.95616
1779057900.0,78048.0,78048.0,77830.0,77997.24,154.51308
1779058800.0,77997.24,78008.18,77771.11,77855.01,127.24159
1779059700.0,77855.01,77975.95,77680.28,77836.13,149.14083
1779060600.0,77836.12,77893.15,76735.16,77250.0,1388.41015
1779061500.0,77250.0,77543.38,77118.96,77457.67,366.63144
1779062400.0,77457.67,77477.99,76916.6,77207.12,462.99239
1779063300.0,77207.12,77330.0,77092.71,77152.52,225.61147
1779064200.0,77152.52,77220.02,76964.66,77019.82,210.15368
1779065100.0,77019.82,77226.31,76958.0,77209.95,164.07279
1779066000.0,77209.95,77291.54,77068.49,77068.49,119.45922
1779066900.0,77068.5,77068.75,76846.13,76900.0,224.18168
1779067800.0,76900.01,76931.83,76771.62,76836.8,219.71804
1779068700.0,76836.8,77160.32,76744.95,77109.22,208.11939
1779069600.0,77109.21,77222.03,77055.0,77170.51,144.9061
1779070500.0,77170.52,77176.49,76961.03,77039.18,133.12812
1779071400.0,77039.18,77049.46,76832.96,76874.64,122.59256
1779072300.0,76874.65,76934.75,76707.61,76835.41,144.04631
1779073200.0,76835.41,77014.24,76835.0,76872.96,143.82687
1779074100.0,76872.96,76992.48,76846.24,76963.01,115.86907
1779075000.0,76963.01,77030.42,76817.14,77002.71,162.60663
1779075900.0,77002.7,77005.81,76886.57,76924.65,86.72723
1779076800.0,76924.66,77037.62,76924.65,77028.72,82.10492
1779077700.0,77028.71,77033.86,76772.01,76817.04,103.34173
1779078600.0,76817.04,77000.0,76781.06,76999.99,67.20383
1779079500.0,76999.99,77069.77,76913.69,77038.49,101.83118
1779080400.0,77038.49,77080.93,76998.41,77025.47,149.22246
1779081300.0,77025.46,77048.14,76934.56,77027.03,99.48622
1779082200.0,77027.03,77061.69,76890.65,76897.95,90.45974
1779083100.0,76897.95,76975.4,76884.33,76931.4,247.6701
1779084000.0,76931.4,76957.36,76583.33,76891.82,279.06754
1779084900.0,76891.82,76967.8,76695.04,76732.34,140.07657
1779085800.0,76732.35,76840.0,76664.86,76825.25,107.10829
1779086700.0,76825.25,76954.71,76825.25,76912.52,95.46488
1779087600.0,76912.53,76989.0,76873.31,76947.43,209.3318
1779088500.0,76947.42,77068.0,76771.53,77035.47,277.61898
1779089400.0,77035.47,77080.6,76932.46,76971.04,331.32131
1779090300.0,76971.04,77089.29,76971.03,77073.69,321.35771
1779091200.0,77073.69,77181.88,77020.0,77038.8,162.21855
1779092100.0,77038.79,77074.49,76965.7,76980.54,130.51574
1779093000.0,76980.55,76996.0,76890.34,76957.13,114.05499
1779093900.0,76957.13,77040.43,76898.91,77040.42,155.42723
1779094800.0,77040.43,77048.14,76877.17,76910.09,121.67289
1779095700.0,76910.09,76984.92,76897.88,76969.79,77.4789
1779096600.0,76969.78,77027.21,76908.15,76951.61,104.89146
1779097500.0,76951.62,76990.0,76916.11,76933.16,61.70627
1779098400.0,76933.17,76957.35,76778.17,76785.09,118.24438
1779099300.0,76785.1,76829.11,76716.99,76818.38,87.19673
1779100200.0,76818.38,76855.59,76766.0,76816.0,115.36723
1779101100.0,76816.01,76894.13,76764.74,76764.74,111.39402
1779102000.0,76764.75,76784.89,76668.58,76759.53,132.01211
1779102900.0,76759.52,76868.0,76752.01,76814.7,75.38513
1779103800.0,76814.7,77403.48,76782.24,77356.01,350.30653
1779104700.0,77356.0,77373.27,77209.17,77285.83,134.68171
1779105600.0,77285.83,77483.52,77275.96,77425.79,233.39767
1779106500.0,77425.79,77550.0,77302.65,77340.9,273.93972
1779107400.0,77340.89,77726.23,77300.0,77726.22,268.30143
1779108300.0,77726.22,77800.0,77588.46,77639.98,205.127
1779109200.0,77639.99,77639.99,77465.0,77480.86,163.15968
1779110100.0,77480.85,77492.66,77280.91,77280.91,116.7609
1779111000.0,77280.92,77287.91,76763.16,76819.96,415.07296
1779111900.0,76819.97,77146.19,76695.31,76937.7,421.56976
1779112800.0,76937.7,76954.25,76675.69,76695.04,363.30504
1779113700.0,76695.04,76822.55,76430.0,76641.66,689.84412
1779114600.0,76641.67,76719.18,76230.02,76484.62,646.81029
1779115500.0,76484.61,76502.01,76315.89,76393.65,458.63392
1779116400.0,76393.66,76439.98,76104.25,76282.01,823.32028
1779117300.0,76282.01,76308.0,76065.3,76087.58,509.32469
1779118200.0,76087.59,76360.42,76051.0,76324.33,350.60799
1779119100.0,76324.33,76485.29,76278.36,76409.46,276.92193
1779120000.0,76409.46,76582.0,76241.0,76509.23,383.79445
1779120900.0,76509.22,76665.68,76218.0,76278.34,386.16563
1779121800.0,76278.34,76536.54,76235.74,76461.14,189.11875
1779122700.0,76461.14,76543.34,76400.0,76410.01,293.85947
1779123600.0,76410.0,76646.42,76366.13,76561.48,146.13383
1779124500.0,76561.49,76696.12,76561.48,76666.0,139.83412
1779125400.0,76665.99,76683.06,76553.71,76660.36,66.31906
1779126300.0,76660.36,76757.21,76648.3,76706.39,98.58785
1779127200.0,76706.38,76706.38,76436.11,76438.0,127.69158
1779128100.0,76438.0,76451.34,76144.24,76354.74,252.6027
1779129000.0,76354.74,76410.0,76265.09,76328.27,273.27485
1779129900.0,76328.28,76385.64,76211.55,76252.5,126.00223
1779130800.0,76252.01,76919.68,76235.0,76619.76,470.49197
1779131700.0,76619.77,76720.0,76550.01,76638.35,100.35408
1779132600.0,76638.34,76921.4,76618.0,76900.97,118.21017
1779133500.0,76900.96,76995.0,76839.65,76928.0,123.41607
1779134400.0,76928.0,77074.66,76874.73,77057.01,111.59597
1779135300.0,77057.0,77161.37,77048.13,77139.08,100.73769
1779136200.0,77139.08,77182.14,76960.81,76966.21,101.87336
1779137100.0,76966.22,77048.11,76886.24,76909.92,149.65083
1779138000.0,76909.92,77014.24,76800.0,76917.76,171.67264
1779138900.0,76917.77,77077.8,76917.76,77018.82,111.28862
1779139800.0,77018.83,77174.23,76976.54,77029.99,129.84642
1779140700.0,77030.0,77126.66,76980.0,77103.05,78.92792
1779141600.0,77103.04,77167.75,77050.96,77144.99,92.21429
1779142500.0,77144.99,77222.79,77099.19,77139.1,70.02769
1779143400.0,77139.1,77169.59,77033.39,77046.71,66.39986
1779144300.0,77046.72,77079.88,76937.19,77078.22,131.0399
1779145200.0,77078.22,77160.79,77055.11,77084.0,73.34661
1779146100.0,77084.01,77084.01,77027.0,77033.77,54.27668
1779147000.0,77033.77,77118.54,76994.0,77118.54,74.71306
1779147900.0,77118.54,77118.54,76948.8,77001.87,72.71837
1779148800.0,77001.88,77156.2,76955.99,77116.08,296.40094
1779149700.0,77116.07,77414.62,77097.83,77213.18,132.68859
1779150600.0,77213.18,77265.64,77124.67,77183.41,63.0596
1779151500.0,77183.42,77312.25,77140.86,77140.87,64.28799
1779152400.0,77140.86,77156.2,77046.24,77118.31,65.37463
1779153300.0,77118.3,77131.43,76679.57,76765.54,204.64913
1779154200.0,76765.54,76930.0,76681.29,76856.89,431.02085
1779155100.0,76856.89,76864.68,76667.0,76667.01,68.41687
1779156000.0,76667.01,76725.46,76487.83,76720.6,120.02578
1779156900.0,76720.6,76997.33,76669.66,76826.87,115.36035
1779157800.0,76826.86,76846.03,76732.31,76749.98,150.02337
1779158700.0,76749.98,76789.23,76608.86,76617.47,83.61633
1779159600.0,76617.46,76772.15,76586.11,76772.15,58.62231
1779160500.0,76772.14,76867.23,76693.63,76748.62,63.0467
1779161400.0,76748.63,76850.51,76748.62,76850.5,36.31512
1779162300.0,76850.5,76860.0,76764.64,76787.11,53.85158
1779163200.0,76787.1,76943.75,76732.84,76892.2,92.58655
1779164100.0,76892.2,76892.21,76700.0,76735.79,49.04958
1779165000.0,76735.8,76902.0,76735.8,76881.48,56.82562
1779165900.0,76881.47,76936.0,76870.0,76927.25,41.25858
1779166800.0,76927.25,76941.67,76842.92,76859.85,37.97981
1779167700.0,76859.84,76860.77,76644.98,76817.82,113.57739
1779168600.0,76817.82,77000.0,76752.82,76914.91,167.92348
1779169500.0,76914.91,76986.41,76874.0,76911.24,72.95147
1779170400.0,76911.25,77014.72,76886.13,76991.8,132.49608
1779171300.0,76991.8,77045.61,76940.93,77009.99,86.2559
1779172200.0,77009.99,77108.68,76944.98,77085.65,107.53701
1779173100.0,77085.66,77092.4,77018.22,77029.4,59.82457
1779174000.0,77029.41,77140.26,76974.72,77139.39,101.48311
1779174900.0,77139.39,77263.33,77111.03,77140.39,158.04389
1779175800.0,77140.4,77274.0,77135.15,77260.49,121.13306
1779176700.0,77260.49,77278.57,77221.01,77233.69,109.53344
1779177600.0,77233.68,77245.66,77051.17,77108.43,114.01382
1779178500.0,77108.42,77195.35,76972.96,77077.25,89.81227
1779179400.0,77077.25,77317.02,77017.81,77186.0,213.84556
1779180300.0,77186.01,77212.71,77042.0,77048.71,48.25171
1779181200.0,77048.72,77074.05,77001.96,77034.56,55.14684
1779182100.0,77034.55,77034.55,76740.0,76773.32,142.83775
1779183000.0,76773.33,76850.0,76709.29,76796.96,107.56468
1779183900.0,76796.96,76840.0,76756.37,76818.8,79.538
1779184800.0,76818.8,76872.46,76760.97,76805.21,74.0201
1779185700.0,76805.21,76837.55,76752.41,76837.54,53.15186
1779186600.0,76837.54,76979.49,76750.0,76752.93,210.35147
1779187500.0,76752.92,77103.97,76704.0,77041.87,126.86395
1779188400.0,77041.87,77076.53,76974.55,76999.95,157.72273
1779189300.0,76999.96,77026.78,76850.0,76885.34,96.82793
1779190200.0,76885.34,76896.32,76633.83,76666.96,99.93236
1779191100.0,76666.97,76759.93,76662.43,76714.62,75.80809
1779192000.0,76714.61,76792.88,76650.06,76786.88,46.02612
1779192900.0,76786.88,76850.0,76763.39,76849.98,88.05393
1779193800.0,76849.98,76959.75,76845.69,76909.04,55.97843
1779194700.0,76909.03,76982.89,76890.0,76940.21,67.05156
1779195600.0,76940.2,76980.0,76752.24,76824.33,124.96948
1779196500.0,76824.34,76844.2,76601.0,76601.01,215.60067
1779197400.0,76601.01,77048.72,76596.0,76734.28,311.92672
1779198300.0,76734.27,77029.35,76720.0,76872.75,254.13716
1779199200.0,76872.74,77023.75,76616.8,76616.8,314.77592
1779200100.0,76616.81,76645.43,76300.0,76450.0,485.61634
1779201000.0,76450.01,76589.0,76250.02,76461.66,377.84514
1779201900.0,76461.66,76474.41,76144.71,76392.43,248.00409
1779202800.0,76392.43,76593.28,76337.97,76590.89,139.90514
1779203700.0,76590.9,76670.21,76415.3,76500.0,235.40222
1779204600.0,76499.99,76675.76,76445.12,76485.79,218.92917
1779205500.0,76485.79,76579.36,76422.92,76521.23,179.54738
1779206400.0,76521.24,76580.56,76407.72,76470.67,153.93218
1779207300.0,76470.67,76612.0,76468.72,76612.0,109.08913
1779208200.0,76611.99,76795.56,76611.99,76795.56,173.39463
1779209100.0,76795.55,76911.0,76752.24,76894.59,132.49794
1779210000.0,76894.59,76968.58,76866.69,76956.61,120.52386
1779210900.0,76956.61,77015.41,76877.27,76879.99,138.46743
1779211800.0,76879.99,77012.07,76759.39,76911.13,109.32367
1779212700.0,76911.13,76911.14,76768.13,76856.76,73.8433
1779213600.0,76856.76,76946.47,76794.0,76919.16,69.87825
1779214500.0,76919.16,76947.2,76766.25,76773.9,80.29556
1779215400.0,76773.91,76864.54,76744.8,76851.09,72.43506
1779216300.0,76851.09,76895.63,76769.13,76803.28,59.58591
1779217200.0,76803.28,77056.62,76803.27,77056.56,118.50279
1779218100.0,77056.56,77065.8,76765.14,76813.33,85.79194
1779219000.0,76813.34,76909.68,76789.33,76877.06,65.10048
1779219900.0,76877.05,76886.05,76776.0,76818.74,72.33703
1779220800.0,76818.73,76949.17,76818.73,76949.16,43.10511
1779221700.0,76949.16,76949.17,76900.58,76925.71,32.59494
1779222600.0,76925.72,76986.75,76925.72,76934.51,30.65422
1779223500.0,76934.51,77040.24,76934.51,77022.23,41.32862
1779224400.0,77022.22,77033.72,76973.76,77008.42,42.60666
1779225300.0,77008.42,77040.83,76973.77,76997.91,68.22581
1779226200.0,76997.91,77040.22,76997.91,77025.12,42.96363
1779227100.0,77025.11,77033.31,76982.33,76982.34,31.49448
1779228000.0,76982.34,76982.34,76789.24,76789.24,89.41777
1779228900.0,76789.25,76789.25,76642.95,76670.88,85.14063
1779229800.0,76670.87,76791.14,76649.49,76758.95,35.89469
1779230700.0,76758.96,76760.4,76706.91,76712.21,22.62459
1779231600.0,76712.22,76845.35,76670.52,76810.72,37.60091
1779232500.0,76810.73,76903.89,76806.51,76903.88,31.84716
1779233400.0,76903.88,76980.07,76884.43,76915.08,100.32317
1779234300.0,76915.08,76920.93,76822.52,76834.36,29.35996
1779235200.0,76834.36,76896.5,76551.42,76581.46,93.43334
1779236100.0,76581.46,76695.28,76516.74,76695.27,51.5376
1779237000.0,76695.28,76852.64,76629.64,76720.7,49.84639
1779237900.0,76720.7,76788.83,76687.83,76788.83,41.43328
1779238800.0,76788.83,76917.06,76714.44,76871.32,87.6682
1779239700.0,76871.31,76900.95,76562.0,76578.3,85.96787
1779240600.0,76578.31,76706.08,76536.59,76599.42,81.0385
1779241500.0,76599.43,76922.46,76570.58,76820.98,103.85927
1779242400.0,76820.98,76852.65,76754.98,76808.27,78.39134
1779243300.0,76808.28,76909.62,76770.98,76775.35,100.31007
1779244200.0,76775.35,76775.36,76610.98,76622.22,75.37227
1779245100.0,76622.23,76709.97,76600.0,76690.42,39.1765
1779246000.0,76690.42,76690.42,76604.99,76650.15,318.58602
1779246900.0,76650.15,76829.61,76628.44,76815.64,255.1949
1779247800.0,76815.63,76815.63,76741.87,76750.0,55.57363
1779248700.0,76750.0,76762.85,76723.54,76723.54,44.41182
1779249600.0,76723.55,76836.82,76723.55,76825.73,94.02525
1779250500.0,76825.74,76825.74,76772.82,76772.83,80.28198
1779251400.0,76772.82,76785.27,76692.0,76738.98,125.04187
1779252300.0,76738.98,76813.33,76738.98,76780.37,65.96138
1779253200.0,76780.37,77277.08,76780.37,77230.0,455.22857
1779254100.0,77229.99,77240.0,77130.0,77165.0,179.53088
1779255000.0,77165.0,77320.0,77155.0,77155.0,241.29269
1779255900.0,77155.0,77217.94,77155.0,77196.99,97.18252
1779256800.0,77196.99,77241.92,77179.93,77236.79,147.20228
1779257700.0,77236.79,77362.37,77236.78,77286.01,101.29726
1779258600.0,77286.01,77320.17,77250.0,77320.17,156.51743
1779259500.0,77320.17,77422.0,77276.22,77414.11,123.10766
1779260400.0,77414.1,77422.0,77320.64,77385.44,120.46437
1779261300.0,77385.44,77472.21,77322.32,77399.56,80.47592
1779262200.0,77399.57,77408.0,77335.52,77376.92,65.73689
1779263100.0,77376.91,77376.92,77241.13,77282.64,84.74494
1779264000.0,77282.65,77331.91,77253.33,77281.1,77.94797
1779264900.0,77281.11,77297.82,77210.33,77282.19,83.36923
1779265800.0,77282.2,77635.52,77282.2,77526.68,273.39482
1779266700.0,77526.68,77550.01,77449.99,77458.04,114.18759
1779267600.0,77458.05,77483.3,77395.67,77424.3,97.3868
1779268500.0,77424.3,77507.07,77365.94,77499.75,104.48214
1779269400.0,77499.76,77543.59,77492.92,77509.63,84.34277
1779270300.0,77509.63,77523.68,77451.99,77485.13,74.69104
1779271200.0,77485.14,77605.24,77485.14,77605.23,101.81277
1779272100.0,77605.24,77656.25,77565.54,77631.49,159.42786
1779273000.0,77631.5,77663.0,77522.27,77555.33,90.06588
1779273900.0,77555.33,77592.59,77517.45,77517.45,58.49212
1779274800.0,77517.46,77569.1,77471.62,77475.8,129.54704
1779275700.0,77475.8,77506.21,77460.84,77467.9,96.15004
1779276600.0,77467.9,77488.2,77350.0,77391.69,80.18538
1779277500.0,77391.69,77417.57,77328.2,77382.49,56.92846
1779278400.0,77382.5,77476.3,77365.52,77445.74,67.80051
1779279300.0,77445.75,77533.69,77376.28,77501.54,60.31158
1779280200.0,77501.55,77550.0,77498.86,77529.98,56.26459
1779281100.0,77529.98,77748.05,77529.98,77617.26,193.03379
1779282000.0,77617.26,77650.62,77459.03,77466.07,86.86474
1779282900.0,77466.07,77483.4,77281.25,77303.08,88.37788
1779283800.0,77303.08,77344.41,76968.05,77091.99,340.98125
1779284700.0,77091.48,77361.16,77054.22,77204.61,165.98851
1779285600.0,77204.61,77272.83,76891.61,77113.81,369.53251
1779286500.0,77113.82,77574.29,77113.82,77412.9,460.32772
1779287400.0,77412.9,77509.38,77280.77,77395.75,232.54994
1779288300.0,77395.74,77557.47,77381.52,77446.08,139.98404
1779289200.0,77446.01,77472.74,77300.0,77322.0,88.10873
1779290100.0,77322.01,77853.04,77322.0,77553.46,433.75157
1779291000.0,77553.47,77641.01,77374.42,77450.57,155.55535
1779291900.0,77450.58,77580.0,77382.0,77455.46,100.33536
1779292800.0,77455.45,77557.0,77434.0,77494.08,46.03938
1779293700.0,77494.08,77494.08,77018.38,77088.0,159.23946
1779294600.0,77088.0,77356.34,77030.88,77337.7,114.86752
1779295500.0,77337.7,77361.64,77244.07,77338.6,87.31774
1779296400.0,77338.6,77450.0,77230.86,77396.35,110.71399
1779297300.0,77396.36,77641.7,77350.0,77570.0,99.38769
1779298200.0,77570.01,77710.02,77518.0,77661.29,100.60437
1779299100.0,77661.28,77713.66,77536.06,77568.95,190.64324
1779300000.0,77568.95,77597.52,77480.43,77480.44,112.55292
1779300900.0,77480.43,77634.52,77443.77,77516.16,202.73255
1779301800.0,77516.16,77557.02,77459.18,77489.27,56.468
1779302700.0,77489.28,77493.48,77398.63,77415.09,42.7557
1779303600.0,77415.09,77461.68,77350.71,77404.36,82.96677
1779304500.0,77404.36,77562.72,77372.21,77562.71,138.99395
1779305400.0,77562.71,77647.45,77535.83,77632.06,106.96635
1779306300.0,77632.06,77709.68,77599.23,77667.49,60.03862
1779307200.0,77667.49,77750.59,77582.22,77740.61,107.41748
1779308100.0,77740.61,77743.59,77476.19,77684.04,150.28578
1779309000.0,77684.23,77740.41,77598.51,77691.17,53.98445
1779309900.0,77691.18,77760.0,77679.32,77720.01,46.02259
1779310800.0,77720.01,77766.6,77639.37,77754.24,41.83784
1779311700.0,77754.24,77759.73,77603.36,77615.51,33.72326
1779312600.0,77615.5,77651.52,77590.07,77624.73,42.37587
1779313500.0,77624.73,77660.31,77500.0,77500.01,40.0693
1779314400.0,77500.01,77500.01,77300.0,77373.88,200.7155
1779315300.0,77373.89,77443.45,77226.61,77434.01,84.59167
1779316200.0,77434.01,77496.82,77379.34,77442.31,46.29972
1779317100.0,77442.31,77504.69,77442.3,77504.69,36.34963
1779318000.0,77504.69,77504.69,77399.75,77456.51,72.29166
1779318900.0,77456.52,77462.01,77386.93,77394.19,48.50094
1779319800.0,77394.19,77489.29,77394.18,77485.69,26.33304
1779320700.0,77485.69,77559.34,77459.0,77552.23,51.10322
1779321600.0,77552.24,77686.0,77525.0,77664.96,158.73918
1779322500.0,77664.97,77728.64,77605.06,77728.64,71.05515
1779323400.0,77728.64,77749.99,77698.66,77734.99,69.80173
1779324300.0,77735.0,78071.42,77734.99,77967.09,248.23828
1779325200.0,77967.09,78132.01,77929.02,78129.27,138.78971
1779326100.0,78129.26,78173.15,77818.96,77877.0,156.6924
1779327000.0,77877.0,77974.98,77820.0,77894.86,88.46967
1779327900.0,77894.86,77970.75,77800.0,77863.85,69.76559
1779328800.0,77863.85,77913.77,77820.1,77874.0,57.51298
1779329700.0,77874.0,78100.0,77868.0,78037.41,138.26099
1779330600.0,78037.4,78073.4,77990.0,78031.86,504.53332
1779331500.0,78031.86,78031.86,77948.75,77955.78,120.49131
1779332400.0,77955.78,78019.5,77928.5,77959.68,258.55774
1779333300.0,77959.68,78042.01,77908.0,78034.9,60.32073
1779334200.0,78034.9,78034.9,77996.09,78019.05,48.92225
1779335100.0,78019.05,78098.85,78000.0,78078.72,73.80587
1779336000.0,78078.72,78180.01,77968.6,77977.76,144.69025
1779336900.0,77977.77,78030.01,77965.36,78026.32,96.57068
1779337800.0,78026.33,78035.77,77969.07,77982.13,96.02945
1779338700.0,77982.14,78052.21,77982.13,78035.8,28.50309
1779339600.0,78035.8,78147.07,77891.31,77912.54,119.86892
1779340500.0,77912.55,77947.77,77866.66,77869.36,77.74235
1779341400.0,77869.35,77914.34,77842.42,77860.02,86.24994
1779342300.0,77860.01,77860.02,77714.94,77828.0,106.51241
1779343200.0,77828.0,77873.15,77730.16,77769.96,53.00877
1779344100.0,77769.96,77855.44,77715.0,77777.0,87.38249
1779345000.0,77777.01,77817.0,77648.32,77675.6,54.87535
1779345900.0,77675.6,77675.6,77533.45,77622.14,122.15214
1779346800.0,77622.14,77698.52,77564.64,77607.14,120.54919
1779347700.0,77607.15,77611.97,77521.0,77611.97,95.55714
1779348600.0,77611.97,77720.25,77611.96,77720.25,80.33548
1779349500.0,77720.24,77901.06,77720.24,77889.01,84.06469
1779350400.0,77889.01,78200.0,77889.01,78137.12,196.93567
1779351300.0,78137.11,78174.73,77935.97,78055.35,112.13537
1779352200.0,78055.35,78055.36,77890.69,77926.99,144.61252
1779353100.0,77927.0,77955.25,77885.53,77924.63,39.79014
1779354000.0,77924.63,77977.53,77883.0,77935.68,44.97401
1779354900.0,77935.67,77953.31,77917.14,77928.4,28.55144
1779355800.0,77928.39,77940.27,77675.29,77690.41,116.13572
1779356700.0,77690.41,77710.0,77633.02,77633.02,88.26614
1779357600.0,77633.03,77675.68,77621.02,77632.07,73.06126
1779358500.0,77632.08,77678.01,77190.09,77383.3,355.24593
1779359400.0,77383.3,77445.31,77210.0,77363.33,169.27666
1779360300.0,77363.33,77371.99,77192.37,77198.08,185.85098
1779361200.0,77198.09,77345.7,77147.15,77310.69,118.20728
1779362100.0,77310.69,77370.62,77278.0,77323.1,93.7402
1779363000.0,77323.1,77372.0,77216.85,77256.82,80.88963
1779363900.0,77256.82,77260.01,77182.0,77189.1,87.20107
1779364800.0,77189.1,77278.37,77168.17,77194.0,103.86402
1779365700.0,77194.0,77220.45,77097.16,77115.08,70.71428
1779366600.0,77115.09,77323.13,77080.72,77243.74,128.69339
1779367500.0,77243.73,77363.32,77243.73,77278.53,79.40138
1779368400.0,77278.52,77358.05,77255.22,77263.0,89.90294
1779369300.0,77263.0,77308.58,77202.14,77303.73,93.70103
1779370200.0,77303.73,77315.4,76719.47,76756.6,428.67245
1779371100.0,76756.6,77190.0,76746.48,77122.68,249.89855
1779372000.0,77122.67,77240.82,77046.0,77086.0,159.51655
1779372900.0,77086.01,77090.54,76788.8,77059.58,236.81213
1779373800.0,77059.58,77197.81,76946.77,76986.01,164.89938
1779374700.0,76986.01,77034.01,76888.0,76984.61,136.72381
1779375600.0,76984.61,77230.01,76900.0,77152.94,147.05646
1779376500.0,77152.93,77319.82,77120.13,77272.0,94.7196
1779377400.0,77271.99,77287.09,77069.77,77218.96,101.97391
1779378300.0,77218.97,77402.12,77168.0,77259.46,67.35452
1779379200.0,77259.45,77344.01,77226.09,77275.9,84.53877
1779380100.0,77275.89,77287.93,77112.52,77182.01,70.1962
1779381000.0,77182.0,77287.48,77034.2,77059.57,89.07545
1779381900.0,77059.58,77207.93,77008.75,77207.93,160.52517
1779382800.0,77207.92,77570.83,77181.83,77510.01,468.32977
1779383700.0,77510.01,78000.0,77498.85,77980.54,457.90506
1779384600.0,77980.54,78047.46,77862.51,77898.95,193.00741
1779385500.0,77898.95,78098.16,77790.38,77869.38,172.7207
1779386400.0,77869.38,77922.01,77630.0,77697.17,143.50888
1779387300.0,77697.17,77897.36,77638.01,77741.59,82.70211
1779388200.0,77741.6,77810.8,77724.0,77757.69,62.97719
1779389100.0,77757.69,77757.7,77230.0,77387.74,270.72736
1779390000.0,77387.74,77593.86,77365.97,77540.01,123.73533
1779390900.0,77540.01,77615.73,77519.69,77541.21,154.23313
1779391800.0,77541.21,77645.14,77541.21,77628.01,38.38836
1779392700.0,77628.0,77802.51,77617.25,77690.56,120.74762
1779393600.0,77690.56,77739.18,77664.72,77712.56,27.11869
1779394500.0,77712.56,77727.73,77692.0,77692.01,23.68336
1779395400.0,77692.01,77804.75,77647.75,77694.01,57.9864
1779396300.0,77694.01,77801.98,77658.2,77705.81,35.97354
1779397200.0,77705.8,77810.05,77705.8,77775.15,61.76622
1779398100.0,77775.15,77812.76,77762.55,77812.76,36.86246
1779399000.0,77813.22,77813.35,77701.78,77722.12,43.30127
1779399900.0,77722.12,77722.12,77645.4,77672.29,41.04012
1779400800.0,77672.3,77750.61,77617.17,77658.44,48.12337
1779401700.0,77658.44,77698.95,77600.0,77698.95,23.67819
1779402600.0,77698.95,77716.4,77555.33,77640.67,41.61268
1779403500.0,77640.68,77660.95,77610.07,77628.0,16.96852
1779404400.0,77628.01,77717.24,77565.59,77565.6,37.23687
1779405300.0,77565.6,77660.6,77534.43,77655.11,21.44048
1779406200.0,77655.12,77745.39,77638.01,77708.92,32.39907
1779407100.0,77708.92,77741.59,77599.13,77615.52,68.921
1779408000.0,77615.52,77628.38,77440.85,77442.49,79.26462
1779408900.0,77442.5,77547.56,77416.83,77484.0,42.38356
1779409800.0,77484.0,77562.01,77394.3,77472.95,38.55141
1779410700.0,77472.95,77510.67,77369.49,77373.57,68.4231
1779411600.0,77373.57,77514.01,77327.28,77514.01,55.38596
1779412500.0,77514.0,77541.8,77446.31,77473.44,99.23411
1779413400.0,77473.43,77521.64,77356.66,77521.64,48.34481
1779414300.0,77521.64,77673.5,77521.63,77616.0,49.9012
1779415200.0,77616.0,77700.83,77615.99,77669.97,94.60428
1779416100.0,77669.96,77728.01,77619.32,77663.73,42.10344
1779417000.0,77663.73,77705.27,77608.06,77631.05,33.12255
1779417900.0,77631.04,77704.75,77593.16,77673.36,74.98095
1779418800.0,77673.37,77779.71,77673.36,77713.89,36.80724
1779419700.0,77713.89,77794.92,77686.1,77794.91,30.93292
1779420600.0,77794.91,77806.25,77750.6,77787.14,39.79772
1779421500.0,77787.13,77817.8,77748.65,77779.98,50.46374
1779422400.0,77779.98,77889.52,77779.98,77878.32,101.60256
1779423300.0,77878.31,77900.0,77775.0,77803.92,100.76541
1779424200.0,77803.92,77810.58,77687.17,77692.58,176.9578
1779425100.0,77692.58,77696.7,77637.99,77655.42,96.44104
1779426000.0,77655.43,77726.0,77621.0,77687.42,93.16567
1779426900.0,77687.43,77699.2,77575.51,77602.39,44.37544
1779427800.0,77602.39,77637.3,77532.6,77591.4,132.28513
1779428700.0,77591.39,77669.9,77454.56,77489.0,74.49096
1779429600.0,77489.0,77525.85,77433.16,77490.06,80.71772
1779430500.0,77490.05,77490.06,77417.65,77466.28,137.15362
1779431400.0,77466.29,77481.62,77406.61,77481.42,233.06633
1779432300.0,77481.42,77515.0,77370.4,77423.41,91.89617
1779433200.0,77423.41,77426.73,77288.77,77374.96,122.45321
1779434100.0,77374.96,77524.3,77374.95,77509.05,64.7795
1779435000.0,77509.04,77543.38,77441.27,77479.04,116.93813
1779435900.0,77479.04,77479.04,77400.0,77408.06,89.75484
1779436800.0,77408.07,77464.82,77367.92,77404.82,75.27077
1779437700.0,77404.81,77535.0,77404.81,77490.56,143.5096
1779438600.0,77490.55,77495.48,77216.0,77324.41,202.43938
1779439500.0,77324.41,77357.43,77257.58,77267.38,88.43602
1779440400.0,77267.39,77292.04,77207.48,77212.36,68.72552
1779441300.0,77212.36,77308.85,77200.0,77266.01,63.65507
1779442200.0,77266.0,77321.75,77207.39,77315.9,67.09196
1779443100.0,77315.9,77360.0,77260.18,77307.11,76.85691
1779444000.0,77307.12,77349.76,77289.44,77315.25,98.9458
1779444900.0,77315.25,77350.17,77261.73,77347.24,73.24059
1779445800.0,77347.23,77363.01,77303.96,77336.15,41.4448
1779446700.0,77336.15,77338.17,77282.91,77312.0,61.38701
1779447600.0,77311.99,77360.0,77292.26,77303.79,120.62703
1779448500.0,77303.79,77357.21,77184.45,77315.24,151.94745
1779449400.0,77315.23,77349.44,77304.13,77343.9,34.18382
1779450300.0,77343.9,77430.55,77330.86,77428.84,68.7728
1779451200.0,77428.83,77558.01,77395.45,77535.89,119.35377
1779452100.0,77535.89,77584.94,77413.33,77432.23,98.15135
1779453000.0,77432.23,77463.37,77405.4,77424.94,54.64885
1779453900.0,77424.95,77533.91,77424.94,77533.9,45.26176
1779454800.0,77533.91,77547.56,77464.05,77493.12,70.31393
1779455700.0,77493.11,77528.61,77306.59,77306.59,61.53919
1779456600.0,77306.59,77371.38,77130.99,77199.33,218.65798
1779457500.0,77199.33,77296.14,77155.35,77290.01,68.67879
1779458400.0,77290.0,77290.0,76950.17,77066.4,300.49765
1779459300.0,77066.4,77102.37,76777.0,76857.59,321.93724
1779460200.0,76857.59,76857.6,76781.11,76826.5,166.74945
1779461100.0,76826.5,76861.56,76751.0,76774.23,215.47756
1779462000.0,76774.23,76963.98,76676.0,76770.99,284.62602
1779462900.0,76771.0,76912.97,76570.0,76912.96,315.54019
1779463800.0,76912.96,77030.64,76647.0,76719.99,171.08805
1779464700.0,76719.99,76823.7,76664.88,76790.59,101.31487
1779465600.0,76790.6,76891.88,76767.0,76869.36,98.97311
1779466500.0,76869.37,76947.84,76809.39,76938.67,71.27365
1779467400.0,76938.66,76975.1,76867.41,76896.64,98.27579
1779468300.0,76896.64,77006.69,76896.64,76950.68,212.52792
1779469200.0,76950.67,77012.19,76891.43,76962.78,56.44752
1779470100.0,76962.79,77069.77,76777.0,77060.14,140.70222
1779471000.0,77060.13,77093.72,76920.0,76970.01,67.72678
1779471900.0,76970.01,76973.62,76750.0,76750.0,57.49774
1779472800.0,76750.01,76823.05,76695.44,76821.92,86.41268
1779473700.0,76821.92,76898.0,76801.05,76806.58,50.12212
1779474600.0,76806.57,76812.86,76589.0,76589.0,159.02909
1779475500.0,76589.01,76593.13,76101.0,76537.47,514.1777
1779476400.0,76537.47,76590.68,76210.0,76241.93,131.06457
1779477300.0,76241.94,76405.1,76200.0,76259.51,101.81426
1779478200.0,76259.52,76276.56,75668.76,75814.49,847.31114
1779479100.0,75814.49,75947.43,75689.84,75860.44,121.69915
1779480000.0,75860.44,76018.0,75835.69,75927.69,104.16145
1779480900.0,75927.68,75984.47,75886.0,75972.1,71.00862
1779481800.0,75972.09,75972.09,75826.0,75933.5,133.4593
1779482700.0,75933.5,76080.95,75895.84,75984.47,106.69799
1779483600.0,75984.47,76027.8,75951.6,75995.96,51.38665
1779484500.0,75995.96,76038.35,75974.75,76031.97,72.96878
1779485400.0,76031.97,76087.85,75926.2,75991.93,156.99279
1779486300.0,75991.99,76068.39,75976.29,75978.83,68.5029
1779487200.0,75978.83,75978.84,75844.73,75915.39,91.92965
1779488100.0,75915.39,75915.4,75757.88,75799.42,93.29462
1779489000.0,75799.42,75873.54,75558.28,75654.62,225.23707
1779489900.0,75654.62,75757.61,75632.49,75737.52,63.06752
1779490800.0,75737.53,75881.18,75737.53,75855.76,59.63021
1779491700.0,75855.76,75862.34,75681.93,75681.93,122.66923
1779492600.0,75681.93,75809.89,75662.89,75796.09,100.13352
1779493500.0,75796.09,75796.09,75359.18,75539.5,244.64928
1779494400.0,75539.5,75635.59,75421.01,75462.86,180.88514
1779495300.0,75462.86,75519.57,75408.26,75486.11,125.34227
1779496200.0,75486.12,75494.84,75220.0,75283.02,342.26171
1779497100.0,75283.02,75419.87,75283.01,75352.64,179.8942
1779498000.0,75352.64,75500.0,75352.63,75408.88,162.69381
1779498900.0,75408.88,75491.06,75368.34,75468.0,104.16566
1779499800.0,75468.0,75500.0,75409.48,75463.15,121.93501
1779500700.0,75463.15,75500.0,75350.0,75489.84,77.20926
1779501600.0,75489.83,75542.23,75417.56,75471.48,174.88685
1779502500.0,75471.48,75541.94,75462.89,75473.06,52.91162
1779503400.0,75473.06,75520.0,75464.47,75494.95,56.60506
1779504300.0,75494.95,75581.27,75494.94,75572.07,50.02481
1779505200.0,75572.07,75611.83,75563.33,75611.82,43.90935
1779506100.0,75611.83,75623.93,75584.48,75599.0,162.08622
1779507000.0,75599.01,75664.62,75595.15,75662.12,32.53617
1779507900.0,75662.12,75662.13,75633.14,75635.22,28.76212
1779508800.0,75635.22,75646.79,75629.0,75640.0,18.70208
1779509700.0,75640.0,75640.0,75557.75,75588.0,72.16021
1779510600.0,75587.99,75650.63,75518.0,75518.01,42.14395
1779511500.0,75518.0,75543.33,75507.01,75539.77,65.59686
1779512400.0,75539.77,75562.4,75518.0,75523.81,86.58627
1779513300.0,75523.81,75552.4,75478.43,75488.61,58.84654
1779514200.0,75488.6,75519.78,75470.97,75519.78,51.52111
1779515100.0,75519.78,75526.48,75469.89,75482.68,70.25167
1779516000.0,75482.68,75501.09,75472.06,75472.98,48.13852
1779516900.0,75472.99,75495.1,75450.01,75458.4,49.70153
1779517800.0,75458.41,75491.31,75419.72,75452.45,40.97192
1779518700.0,75452.44,75452.45,75394.54,75398.33,50.66017
1779519600.0,75398.33,75443.44,75266.74,75363.4,150.14284
1779520500.0,75363.4,75363.4,75222.22,75292.79,85.10764
1779521400.0,75292.78,75348.17,75158.44,75292.6,199.13431
1779522300.0,75292.6,75292.61,74289.6,74609.36,1601.32452
1779523200.0,74609.37,74712.78,74501.77,74658.4,228.54691
1779524100.0,74658.39,74746.67,74600.76,74608.87,207.13908
1779525000.0,74608.88,74618.5,74303.56,74451.64,308.9878
1779525900.0,74451.63,74687.25,74417.88,74684.3,219.27341
1779526800.0,74684.29,74688.23,74624.5,74662.02,135.93341
1779527700.0,74662.01,74692.0,74662.01,74687.73,69.0108
1779528600.0,74687.73,74749.99,74661.44,74740.26,148.5531
1779529500.0,74740.26,74752.45,74656.9,74656.91,78.00979
1779530400.0,74656.91,74754.12,74656.91,74744.32,91.96643
1779531300.0,74745.18,74754.0,74718.65,74745.76,42.02408
1779532200.0,74745.77,74797.01,74725.25,74766.83,260.95577
1779533100.0,74766.84,74786.76,74704.79,74705.0,230.77605
1779534000.0,74705.0,74812.85,74704.99,74779.99,136.52443
1779534900.0,74780.0,74873.55,74780.0,74853.96,122.16299
1779535800.0,74853.95,74853.96,74779.99,74780.0,96.7771
1779536700.0,74780.0,74832.49,74779.99,74789.99,132.45508
1779537600.0,74789.99,74798.41,74697.66,74722.56,109.19411
1779538500.0,74722.56,74755.2,74660.05,74736.9,212.48547
1779539400.0,74736.9,74780.01,74732.53,74737.07,127.99534
1779540300.0,74737.08,74753.94,74720.54,74753.93,121.14322
1779541200.0,74753.94,75000.0,74753.93,74929.99,132.93035
1779542100.0,74929.98,75048.78,74929.98,74988.01,129.80593
1779543000.0,74988.01,75039.65,74885.42,74939.45,212.91656
1779543900.0,74939.45,75262.86,74939.45,75213.9,340.24605
1779544800.0,75213.9,75246.25,75108.15,75190.0,209.96969
1779545700.0,75190.0,75350.0,75189.99,75323.05,196.3338
1779546600.0,75323.06,75479.36,75291.46,75467.23,187.16977
1779547500.0,75467.23,75726.3,75400.36,75537.72,328.58686
1779548400.0,75537.73,75654.02,75487.19,75649.55,191.15121
1779549300.0,75649.54,75676.0,75519.89,75544.74,144.05304
1779550200.0,75544.74,75544.74,75405.4,75503.43,183.86175
1779551100.0,75503.42,75545.29,75479.05,75520.0,115.65695
1779552000.0,75519.99,75638.62,75519.99,75535.04,82.2901
1779552900.0,75535.04,75554.43,75415.17,75475.39,83.02351
1779553800.0,75475.4,75565.4,75471.52,75500.0,72.17762
1779554700.0,75500.01,75539.99,75419.7,75444.7,174.46081
1779555600.0,75444.71,75520.0,75427.99,75454.67,201.93052
1779556500.0,75454.67,75502.99,75422.65,75474.8,49.19679
1779557400.0,75474.8,75511.26,75413.73,75427.66,227.40382
1779558300.0,75427.65,75522.0,75371.72,75488.18,87.67016
1779559200.0,75488.17,75827.62,75472.04,75700.09,115.76598
1779560100.0,75700.09,75935.0,75660.0,75835.15,117.24138
1779561000.0,75835.15,75986.24,75818.66,75896.16,113.47186
1779561900.0,75896.17,75905.86,75761.33,75845.82,82.73884
1779562800.0,75845.82,75874.87,75780.9,75795.35,103.76566
1779563700.0,75795.36,76000.0,75795.36,75956.04,101.87708
1779564600.0,75956.04,75977.25,75881.38,75933.73,68.3026
1779565500.0,75933.73,76012.22,75899.71,75983.45,90.95586
1779566400.0,75983.45,76177.46,75953.94,76085.84,160.80257
1779567300.0,76085.84,76192.23,76000.0,76000.01,118.24838
1779568200.0,76000.01,76940.0,75968.75,76830.63,542.25008
1779569100.0,76831.11,77300.0,76700.44,77287.58,421.28182
1779570000.0,77286.08,77404.18,76894.82,76978.82,420.7661
1779570900.0,76978.81,77100.0,76752.12,76752.13,289.92788
1779571800.0,76752.12,76920.0,76538.04,76700.0,306.93355
1779572700.0,76699.99,76820.0,76576.46,76804.99,129.96753
1779573600.0,76805.0,76885.0,76654.91,76654.91,123.62494
1779574500.0,76654.92,76700.0,76538.4,76545.28,72.76743
1779575400.0,76545.28,76599.43,76396.06,76550.0,177.82145
1779576300.0,76550.0,76619.15,76499.05,76584.45,90.08947
1779577200.0,76584.45,76784.0,76538.36,76679.63,175.73228
1779578100.0,76679.63,76754.66,76584.45,76639.33,76.93032
1779579000.0,76639.33,76768.64,76639.32,76708.0,98.76218
1779579900.0,76708.01,76822.0,76685.64,76752.01,69.01384
1779580800.0,76752.0,76794.88,76656.0,76691.47,191.9511
1779581700.0,76691.48,76732.78,76629.02,76689.22,36.09411
1779582600.0,76689.22,76822.0,76689.21,76748.25,40.98024
1779583500.0,76748.24,76930.65,76737.46,76835.16,123.51782
1779584400.0,76835.16,76882.0,76754.53,76790.4,48.86367
1779585300.0,76790.4,76920.0,76786.72,76905.01,60.96955
1779586200.0,76905.0,76921.45,76814.52,76829.46,40.70851
1779587100.0,76829.47,76899.85,76804.0,76890.04,74.69955
1779588000.0,76890.04,76924.41,76850.0,76914.97,42.28123
1779588900.0,76914.97,76968.04,76704.32,76752.82,66.6854
1779589800.0,76752.83,76852.04,76752.82,76825.78,54.08986
1779590700.0,76825.79,76850.0,76821.6,76830.0,22.81757
1779591600.0,76830.01,77011.62,76804.22,76924.99,66.86093
1779592500.0,76925.0,76925.0,76868.82,76909.34,26.007
1779593400.0,76909.34,76909.34,76738.5,76757.39,90.1541
1779594300.0,76757.4,76804.0,76750.0,76750.0,65.0234
1779595200.0,76750.01,76858.26,76750.01,76842.44,78.56539
1779596100.0,76842.45,76844.69,76763.51,76765.39,29.14743
1779597000.0,76765.4,76777.56,76730.0,76777.44,25.4043
1779597900.0,76777.44,76818.19,76740.7,76786.5,30.52615
1779598800.0,76786.5,76786.5,76730.0,76742.5,34.85923
1779599700.0,76742.5,76742.5,76676.88,76705.91,88.7607
1779600600.0,76705.9,76725.99,76651.59,76651.6,42.1853
1779601500.0,76651.6,76861.78,76651.59,76822.23,36.36292
1779602400.0,76822.23,76861.78,76812.79,76851.55,43.90306
1779603300.0,76851.56,76851.56,76716.02,76743.0,28.58854
1779604200.0,76743.01,76816.63,76734.22,76816.63,76.6433
1779605100.0,76816.63,77065.94,76795.52,76987.58,108.7568
1779606000.0,76987.58,77014.24,76900.0,76902.68,56.23683
1779606900.0,76902.68,76908.0,76870.0,76898.79,17.55123
1779607800.0,76898.79,76917.2,76843.1,76889.27,71.0382
1779608700.0,76889.26,76889.27,76786.2,76799.99,49.13888
1779609600.0,76799.99,76824.39,76734.42,76741.31,62.49567
1779610500.0,76741.32,76847.24,76741.31,76818.66,60.0801
1779611400.0,76818.66,76861.77,76788.73,76807.56,43.33442
1779612300.0,76807.56,76830.69,76794.74,76830.69,61.0393
1779613200.0,76830.69,76908.0,76821.86,76899.57,50.63722
1779614100.0,76899.57,76989.08,76892.02,76956.07,174.05335
1779615000.0,76956.07,77046.67,76909.05,76987.2,65.01529
1779615900.0,76987.19,77033.54,76970.93,77020.53,80.22387
1779616800.0,77020.54,77028.28,76927.04,76946.22,47.25332
1779617700.0,76946.21,77543.15,76946.21,77240.0,571.52143
1779618600.0,77239.99,77240.0,77085.66,77194.69,164.22753
1779619500.0,77194.69,77200.29,77129.88,77190.74,80.69725
1779620400.0,77190.73,77356.62,77190.73,77300.0,105.28547
1779621300.0,77300.0,77352.61,77257.82,77286.48,64.10399
1779622200.0,77286.48,77323.05,77220.0,77248.28,46.62689
1779623100.0,77248.28,77321.22,77231.76,77320.06,69.65166
1779624000.0,77320.06,77325.72,77166.2,77215.99,49.808
1779624900.0,77215.99,77216.0,77054.0,77083.84,105.46473
1779625800.0,77083.84,77127.09,77044.73,77127.09,79.38329
1779626700.0,77127.09,77127.55,77089.83,77118.73,37.28506
1779627600.0,77118.72,77127.54,77013.59,77047.68,54.93526
1779628500.0,77047.69,77121.66,76956.61,76959.48,86.31863
1779629400.0,76959.49,77018.24,76849.03,76980.1,162.15909
1779630300.0,76980.11,77000.84,76688.89,76802.23,170.98501
1779631200.0,76802.23,76840.01,76444.01,76515.11,249.44783
1779632100.0,76515.11,76570.0,76195.36,76419.22,384.4948
1779633000.0,76419.22,76539.51,76408.32,76458.71,104.49615
1779633900.0,76458.72,76520.01,76388.0,76465.16,99.43773
1779634800.0,76465.15,76539.38,76427.31,76509.2,81.37333
1779635700.0,76509.2,76538.85,76417.92,76448.15,101.97448
1779636600.0,76448.15,76507.15,76430.0,76451.78,88.28614
1779637500.0,76451.79,76474.0,76362.78,76371.59,126.4071
1779638400.0,76371.59,76693.32,76371.59,76605.77,167.10207
1779639300.0,76605.77,76734.3,76560.0,76595.99,100.0238
1779640200.0,76596.0,76596.0,76439.58,76518.64,53.99894
1779641100.0,76518.64,76700.0,76518.63,76671.7,38.33628
1779642000.0,76671.69,76733.73,76619.86,76639.2,109.40555
1779642900.0,76639.19,76666.13,76566.15,76615.25,49.00607
1779643800.0,76615.25,76723.55,76595.3,76698.07,42.27365
1779644700.0,76698.08,76799.99,76681.5,76693.34,48.62687
1779645600.0,76693.34,76769.34,76630.75,76737.46,38.95998
1779646500.0,76737.46,76788.01,76676.88,76680.47,43.1078
1779647400.0,76680.48,76708.01,76609.99,76639.91,42.23622
1779648300.0,76639.91,76676.89,76596.0,76665.73,23.83796
1779649200.0,76665.72,76742.49,76638.46,76638.46,27.79155
1779650100.0,76638.45,76745.42,76611.17,76660.73,47.47914
1779651000.0,76660.74,76735.44,76644.48,76710.0,21.27049
1779651900.0,76710.0,76783.51,76709.99,76773.34,28.588
1779652800.0,76773.33,76796.18,76659.74,76688.94,50.90822
1779653700.0,76688.95,76714.41,76596.37,76684.25,105.48365
1779654600.0,76684.25,76723.92,76652.99,76695.09,353.89972
1779655500.0,76695.08,76726.01,76625.12,76668.4,50.09047
1779656400.0,76668.41,76748.12,76655.39,76723.46,43.39107
1779657300.0,76723.46,76738.77,76477.24,76534.65,68.09967
1779658200.0,76534.66,76578.42,76126.71,76147.39,225.37893
1779659100.0,76147.4,76278.33,76108.0,76151.14,160.93104
1779660000.0,76151.14,77012.01,76132.0,76984.71,320.94438
1779660900.0,76984.7,76984.7,76811.11,76847.83,65.98858
1779661800.0,76847.84,76968.04,76676.92,76782.63,76.01914
1779662700.0,76782.63,76995.87,76782.62,76803.99,80.16324
1779663600.0,76803.99,76966.22,76803.99,76959.55,66.74511
1779664500.0,76959.55,77017.03,76819.2,76861.13,57.58536
1779665400.0,76861.13,77225.97,76853.26,77200.28,129.65073
1779666300.0,77200.27,77200.28,77056.44,77064.96,62.80219
1779667200.0,77064.96,77204.0,77064.95,77189.88,92.85259
1779668100.0,77189.89,77256.51,77125.76,77214.07,74.32983
1779669000.0,77214.07,77258.59,77124.7,77124.7,51.3702
1779669900.0,77124.71,77288.0,77094.0,77153.01,62.75689
1779670800.0,77153.01,77199.33,77021.08,77179.41,253.75112
1779671700.0,77179.41,77245.67,77142.94,77175.86,164.63707
1779672600.0,77175.85,77219.96,77101.19,77126.66,72.92475
1779673500.0,77126.66,77189.29,76914.25,76945.27,83.11195
1779674400.0,76945.28,77485.0,76945.28,77403.24,177.20832
1779675300.0,77403.23,77403.24,77036.0,77141.28,84.17173
1779676200.0,77141.29,77175.79,77064.51,77164.23,24.90864
1779677100.0,77164.23,77175.79,77083.61,77108.77,27.67609
1779678000.0,77108.77,77169.88,77066.3,77093.75,54.60735
1779678900.0,77093.75,77150.0,77067.24,77083.7,49.29004
1779679800.0,77083.7,77122.45,77024.57,77078.67,49.1286
1779680700.0,77078.67,77078.68,77002.3,77026.67,45.67923
1779681600.0,77026.68,77074.09,77004.0,77034.38,33.75673
1779682500.0,77034.38,77175.44,76990.78,77175.44,49.83097
1779683400.0,77175.43,77244.0,77134.74,77244.0,64.65079
1779684300.0,77243.99,77450.0,77241.64,77391.07,103.53557
1779685200.0,77391.07,77450.0,77324.0,77421.27,95.38383
1779686100.0,77421.26,77473.62,77361.33,77393.63,107.54552
1779687000.0,77393.63,77498.0,77391.36,77462.34,74.46809
1779687900.0,77462.33,77462.34,77388.66,77407.0,29.38054
1779688800.0,77406.99,77650.0,77324.0,77332.0,233.63833
1779689700.0,77332.01,77352.56,77222.22,77277.15,60.27497
1779690600.0,77277.15,77428.0,77277.14,77413.03,49.13674
1779691500.0,77413.04,77520.0,77400.34,77419.87,70.80923
1779692400.0,77419.87,77520.0,77306.08,77327.07,100.38203
1779693300.0,77327.07,77354.97,77184.62,77212.84,67.78042
1779694200.0,77212.84,77335.97,77198.29,77317.71,109.0215
1779695100.0,77317.71,77401.12,77300.0,77401.12,98.93419
1779696000.0,77401.11,77416.45,77280.32,77293.45,98.65254
1779696900.0,77293.44,77366.31,77293.44,77314.01,40.74024
1779697800.0,77314.0,77390.0,77314.0,77347.4,130.08501
1779698700.0,77347.41,77469.64,77326.07,77456.94,83.15201
1779699600.0,77456.94,77498.77,77431.64,77460.0,68.27942
1779700500.0,77459.94,77539.6,77425.17,77520.0,73.8721
1779701400.0,77520.01,77699.97,77516.0,77584.78,152.19079
1779702300.0,77584.79,77671.2,77563.15,77604.56,74.76165
1779703200.0,77604.56,77631.58,77563.15,77631.58,86.45516
1779704100.0,77631.58,77681.37,77520.67,77535.42,85.57302
1779705000.0,77535.41,77585.37,77516.76,77516.76,67.83584
1779705900.0,77516.76,77561.72,77490.37,77545.65,43.6712
1779706800.0,77545.65,77545.65,77416.44,77444.0,87.52262
1779707700.0,77444.01,77444.01,77412.86,77416.44,33.65563
1779708600.0,77416.45,77516.16,77416.44,77467.49,37.44753
1779709500.0,77467.49,77497.74,77333.33,77357.5,50.55227
1779710400.0,77357.5,77371.91,77286.5,77365.33,69.44116
1779711300.0,77365.33,77420.86,77324.21,77394.75,79.60213
1779712200.0,77394.75,77420.86,77354.32,77358.46,47.4016
1779713100.0,77358.46,77440.46,77299.53,77367.98,64.84094
1779714000.0,77367.98,77450.0,77318.73,77323.81,45.22277
1779714900.0,77323.81,77369.15,77286.5,77334.01,46.91131
1779715800.0,77334.01,77364.2,77298.0,77356.31,71.4135
1779716700.0,77356.32,77359.99,77310.07,77341.05,35.98227
1779717600.0,77341.05,77524.01,77304.84,77478.86,114.6834
1779718500.0,77478.87,77620.0,77475.22,77619.97,151.46731
1779719400.0,77619.97,77619.97,77545.1,77577.32,141.74125
1779720300.0,77577.31,77773.69,77577.31,77714.0,195.18619
1779721200.0,77713.99,77905.52,77687.3,77711.99,239.4566
1779722100.0,77712.0,77750.35,77598.26,77603.0,127.71875
1779723000.0,77603.0,77683.11,77577.32,77655.5,80.553
1779723900.0,77655.5,77655.5,77557.0,77628.82,51.77478
1779724800.0,77628.82,77636.0,77512.0,77512.01,61.61779
1779725700.0,77512.01,77622.75,77508.88,77590.0,91.85628
1779726600.0,77590.01,77683.61,77580.15,77683.61,56.12982
1779727500.0,77683.6,77807.29,77670.2,77735.69,133.04008
1779728400.0,77735.69,77804.48,77682.94,77686.58,131.38074
1779729300.0,77686.58,77686.59,77584.65,77649.28,74.19904
1779730200.0,77649.27,77649.28,77570.0,77582.63,37.75577
1779731100.0,77582.64,77587.76,77550.39,77564.01,34.88227
1779732000.0,77564.0,77658.01,77543.38,77640.32,52.50361
1779732900.0,77640.32,77654.01,77598.3,77638.01,27.24227
1779733800.0,77638.01,77640.01,77584.96,77618.57,49.74566
1779734700.0,77618.57,77628.07,77543.38,77543.39,75.27306
1779735600.0,77543.39,77543.39,77426.5,77493.5,87.89881
1779736500.0,77493.5,77514.72,77448.54,77514.72,50.68481
1779737400.0,77514.72,77521.61,77343.61,77405.28,107.51606
1779738300.0,77405.28,77461.08,77396.14,77441.86,49.43969
1779739200.0,77441.85,77472.14,77414.06,77440.0,43.41115
1779740100.0,77440.0,77500.0,77435.0,77440.02,55.82375
1779741000.0,77440.02,77466.0,77220.0,77263.87,117.57997
1779741900.0,77263.87,77346.67,77253.33,77273.06,97.3004
1779742800.0,77273.06,77363.81,77273.05,77362.01,38.23865
1779743700.0,77362.01,77362.01,77282.2,77353.59,33.20738
1779744600.0,77353.59,77371.42,77277.46,77297.99,60.84324
1779745500.0,77297.99,77396.08,77290.22,77367.03,51.63689
1779746400.0,77367.03,77449.94,77280.0,77408.1,57.85027
1779747300.0,77408.1,77431.31,77274.41,77297.07,38.01007
1779748200.0,77297.06,77297.06,77019.82,77186.24,260.0155
1779749100.0,77186.25,77242.73,77116.21,77116.21,39.84643
1779750000.0,77116.21,77286.0,77072.36,77286.0,62.01714
1779750900.0,77286.0,77320.0,77258.71,77280.05,40.58958
1779751800.0,77280.06,77360.0,77264.0,77340.01,25.31768
1779752700.0,77340.0,77367.44,77292.05,77322.01,34.69027
1779753600.0,77322.01,77345.0,77214.0,77231.99,68.06383
1779754500.0,77231.99,77244.41,77088.0,77119.99,132.80325
1779755400.0,77120.0,77195.25,76832.53,76870.0,203.40521
1779756300.0,76870.0,76930.01,76575.49,76792.71,281.90485
1779757200.0,76792.24,76878.43,76615.97,76835.07,109.61406
1779758100.0,76835.06,76888.01,76737.08,76799.49,59.59047
1779759000.0,76799.5,76799.5,76590.9,76666.0,101.19366
1779759900.0,76666.0,76791.5,76662.0,76756.98,71.65312
1779760800.0,76756.98,76810.0,76630.33,76750.0,335.98253
1779761700.0,76749.99,76775.04,76662.99,76666.45,169.35864
1779762600.0,76666.45,76736.53,76596.0,76596.02,77.36592
1779763500.0,76596.01,76676.89,76512.98,76660.0,138.73148
1779764400.0,76660.0,76660.0,76565.72,76565.73,65.90904
1779765300.0,76565.73,76606.01,76475.59,76585.34,213.43782
1779766200.0,76585.34,76705.71,76562.25,76655.57,68.76656
1779767100.0,76655.58,76676.89,76636.83,76664.01,48.03225
1779768000.0,76664.0,76700.0,76627.95,76661.42,172.11972
1779768900.0,76661.42,76756.24,76606.79,76741.99,103.87025
1779769800.0,76741.99,76786.01,76738.65,76768.94,65.28899
1779770700.0,76768.93,76817.28,76749.08,76749.5,51.31197
1779771600.0,76749.51,76836.0,76704.8,76802.36,115.15468
1779772500.0,76802.36,76895.69,76802.35,76864.42,160.78346
1779773400.0,76864.43,76989.23,76860.0,76918.25,71.28604
1779774300.0,76918.25,76930.01,76853.21,76930.01,208.81902
1779775200.0,76930.0,76930.0,76832.11,76877.99,200.50877
1779776100.0,76878.0,76911.18,76775.0,76844.23,123.98793
1779777000.0,76844.24,77059.74,76834.55,76980.01,270.30306
1779777900.0,76980.01,76980.01,76908.0,76908.01,63.50857
1779778800.0,76908.0,76924.55,76667.5,76680.07,73.45198
1779779700.0,76680.07,76712.79,76603.73,76700.01,131.16886
1779780600.0,76700.01,76700.01,76620.78,76654.56,146.32796
1779781500.0,76654.57,76770.01,76654.57,76730.84,85.31304
1779782400.0,76730.84,76816.01,76693.21,76794.11,47.07802
1779783300.0,76794.11,76816.27,76726.38,76807.73,78.27776
1779784200.0,76807.72,76852.01,76757.99,76830.02,57.66076
1779785100.0,76830.02,76832.85,76723.12,76726.37,63.05297
1779786000.0,76726.37,76745.97,76667.1,76690.42,100.70657
1779786900.0,76690.43,76804.0,76649.79,76737.44,95.51224
1779787800.0,76737.44,76792.78,76665.45,76691.56,101.70658
1779788700.0,76691.55,76699.85,76650.19,76672.19,52.59831
1779789600.0,76672.2,76720.0,76586.94,76713.35,93.58627
1779790500.0,76713.35,77268.57,76713.35,77229.75,256.4653
1779791400.0,77229.74,77569.19,77172.0,77505.21,340.84773
1779792300.0,77505.21,77621.75,77412.22,77430.0,206.23586
1779793200.0,77430.0,77516.93,77260.0,77267.73,160.65592
1779794100.0,77267.74,77359.5,77222.34,77238.01,125.69873
1779795000.0,77238.01,77319.53,77174.94,77231.39,63.05485
1779795900.0,77231.39,77279.06,77183.55,77183.55,53.85845
1779796800.0,77183.56,77232.52,76877.94,77053.55,182.7045
1779797700.0,77053.56,77100.76,76960.01,77016.74,91.66624
1779798600.0,77016.73,77107.55,76974.0,77098.59,55.65268
1779799500.0,77098.6,77143.23,77066.46,77132.5,72.65903
1779800400.0,77132.51,77151.75,77054.12,77086.73,51.06751
1779801300.0,77086.74,77091.21,76794.7,76798.04,147.09282
1779802200.0,76798.05,76995.12,76691.88,76906.01,187.11071
1779803100.0,76906.01,77464.01,76906.01,77231.56,274.69576
1779804000.0,77231.56,77411.67,77144.91,77411.67,110.03017
1779804900.0,77411.67,78080.0,77364.25,77958.4,753.86718
1779805800.0,77958.4,77996.09,76770.0,76820.0,788.82317
1779806700.0,76820.01,77193.53,76724.63,76908.01,367.45645
1779807600.0,76908.01,77012.0,76690.0,76969.64,293.35161
1779808500.0,76969.64,76977.85,76559.9,76644.0,192.45951
1779809400.0,76644.01,76693.86,76357.14,76527.0,498.0252
1779810300.0,76527.0,76551.38,76272.63,76518.1,767.42206
1779811200.0,76518.1,76533.69,76209.58,76350.0,1296.04374
1779812100.0,76350.0,76572.01,76312.33,76545.63,324.00106
1779813000.0,76545.63,76710.01,76500.01,76551.47,193.00152
1779813900.0,76551.46,76599.2,76412.02,76558.0,256.97466
1779814800.0,76558.0,76649.91,76472.58,76481.18,113.43823
1779815700.0,76481.18,76481.18,76057.1,76069.82,356.09551
1779816600.0,76069.83,76069.83,75850.0,76029.77,499.09215
1779817500.0,76029.78,76146.52,75929.11,75935.08,222.03213
1779818400.0,75935.09,76029.78,75863.78,76018.0,293.80947
1779819300.0,76018.01,76273.66,76010.65,76100.75,240.45134
1779820200.0,76100.75,76142.5,75894.15,75918.62,128.27639
1779821100.0,75918.63,76005.14,75779.3,75840.55,183.77182
1779822000.0,75840.55,75937.34,75836.0,75860.57,194.11939
1779822900.0,75860.56,75931.68,75805.23,75916.68,117.14027
1779823800.0,75916.68,76058.01,75884.0,76027.01,110.97001
1779824700.0,76027.0,76104.49,75994.17,76052.0,159.48085
1779825600.0,76052.0,76122.23,76038.56,76115.49,86.36406
1779826500.0,76115.49,76168.63,76017.46,76161.5,60.51033
1779827400.0,76161.49,76180.0,75982.64,76075.66,85.69164
1779828300.0,76075.67,76128.34,76074.05,76106.86,91.84972
1779829200.0,76106.86,76117.31,75850.0,75896.01,77.95025
1779830100.0,75896.01,76057.34,75888.85,76048.64,76.28258
1779831000.0,76048.64,76079.08,75985.1,76001.96,46.55931
1779831900.0,76001.97,76044.01,75866.67,75890.0,74.79109
1779832800.0,75890.0,75998.94,75720.45,75792.05,131.26341
1779833700.0,75792.06,75841.23,75752.44,75799.96,83.43314
1779834600.0,75799.96,75868.51,75770.87,75804.22,127.6847
1779835500.0,75804.21,75804.22,75677.97,75749.02,85.74044
1779836400.0,75749.02,75937.34,75749.02,75891.96,121.39955
1779837300.0,75891.96,75945.02,75874.0,75905.99,60.0299
1779838200.0,75906.0,75986.45,75894.26,75952.01,96.43445
1779839100.0,75952.01,75964.0,75905.0,75930.01,38.69527
1779840000.0,75930.01,76018.66,75919.99,75981.36,324.06146
1779840900.0,75981.35,75981.36,75872.71,75935.26,78.52497
1779841800.0,75935.27,76044.51,75903.47,75970.75,83.94266
1779842700.0,75970.75,76089.7,75949.92,76085.01,293.88773
1779843600.0,76085.0,76104.02,76000.0,76076.82,72.74202
1779844500.0,76076.82,76076.82,75824.0,75880.49,108.49396
1779845400.0,75880.5,75932.41,75835.99,75863.0,191.24129
1779846300.0,75863.0,75985.1,75853.59,75877.44,201.25151
1779847200.0,75877.44,75890.59,75764.0,75811.94,107.73892
1779848100.0,75811.94,75830.78,75682.99,75769.82,123.42953
1779849000.0,75769.82,75836.01,75705.14,75744.9,59.11094
1779849900.0,75744.9,75879.31,75737.37,75879.0,146.97864
1779850800.0,75879.01,75966.91,75840.26,75890.27,233.46571
1779851700.0,75890.27,75890.27,75809.88,75844.88,60.17434
1779852600.0,75844.89,75863.96,75737.36,75764.0,82.67586
1779853500.0,75764.0,75773.9,75607.62,75683.0,236.53155
1779854400.0,75683.0,75706.77,75630.0,75630.01,117.36637
1779855300.0,75630.01,75630.01,75506.0,75509.15,247.11661
1779856200.0,75509.15,75518.0,75310.9,75351.96,258.68173
1779857100.0,75351.96,75603.51,75351.96,75579.01,193.88888
1779858000.0,75579.01,75640.65,75579.0,75630.0,65.29673
1779858900.0,75629.99,75713.63,75591.94,75655.0,207.93074
1779859800.0,75655.0,75723.21,75586.0,75635.49,100.71143
1779860700.0,75635.5,75739.36,75630.01,75697.99,116.62224
1779861600.0,75697.99,75811.81,75697.99,75751.28,191.66325
1779862500.0,75751.27,75751.27,75690.01,75744.56,76.30582
1779863400.0,75744.56,75826.67,75709.39,75826.66,119.47583
1779864300.0,75826.67,75900.0,75818.0,75838.65,95.42004
1779865200.0,75838.65,75890.01,75771.3,75795.44,96.84312
1779866100.0,75795.44,75872.12,75764.0,75863.83,79.33738
1779867000.0,75863.84,75973.07,75858.23,75886.01,160.09941
1779867900.0,75886.01,75980.0,75886.0,75977.17,97.64894
1779868800.0,75977.16,76008.9,75900.0,75919.0,86.30894
1779869700.0,75919.0,76071.41,75896.78,76048.53,68.83444
1779870600.0,76048.53,76048.53,75956.89,75966.0,63.25713
1779871500.0,75966.0,75986.01,75843.02,75873.24,90.37187
1779872400.0,75873.25,75876.01,75739.17,75753.77,84.03178
1779873300.0,75753.78,75849.27,75710.76,75814.47,61.96806
1779874200.0,75814.48,75978.01,75811.0,75934.08,83.38763
1779875100.0,75934.09,75940.91,75870.65,75912.6,64.87848
1779876000.0,75912.61,75959.36,75883.36,75959.36,71.88538
1779876900.0,75959.35,76043.94,75948.05,76000.01,68.19356
1779877800.0,76000.0,76018.74,75880.0,75915.87,67.27327
1779878700.0,75915.86,75952.24,75892.13,75909.82,165.2674
1779879600.0,75909.82,76000.0,75885.71,75959.97,72.55005
1779880500.0,75959.97,76029.24,75916.1,75916.11,98.07359
1779881400.0,75916.11,75916.11,75800.0,75834.84,78.94877
1779882300.0,75834.85,75834.85,75754.1,75769.18,66.4384
1779883200.0,75769.18,75777.17,75602.66,75626.3,104.79863
1779884100.0,75626.31,76174.15,75575.75,75942.94,324.36362
1779885000.0,75942.93,75992.12,75826.48,75921.59,95.33143
1779885900.0,75921.6,75921.6,75688.0,75688.0,96.74738
1779886800.0,75688.01,75760.0,75397.0,75440.56,189.50909
1779887700.0,75440.56,75485.02,75200.0,75200.01,261.57171
1779888600.0,75200.01,75320.05,74868.99,74928.5,1023.16474
1779889500.0,74928.51,75102.18,74866.18,75073.4,725.9913
1779890400.0,75073.4,75274.11,74950.64,75002.57,496.66
1779891300.0,75002.58,75172.87,74758.33,74875.96,480.00275
1779892200.0,74875.96,75134.24,74781.64,75064.0,396.95992
1779893100.0,75064.0,75155.32,75000.01,75031.92,193.57941
1779894000.0,75031.92,75159.09,74983.77,75130.0,212.30195
1779894900.0,75130.01,75399.88,75108.42,75352.89,216.34795
1779895800.0,75352.89,75502.29,75166.54,75202.01,151.0976
1779896700.0,75202.01,75429.26,75193.76,75326.01,217.7759
1779897600.0,75326.02,75408.01,75200.56,75290.2,124.3106
1779898500.0,75290.2,75304.01,75050.0,75098.01,173.78157
1779899400.0,75098.0,75169.03,75000.0,75151.26,222.99154
1779900300.0,75151.26,75324.78,75123.01,75304.01,111.40726
1779901200.0,75304.01,75344.01,74960.72,74968.25,264.12325
1779902100.0,74968.26,75083.49,74880.0,74997.29,245.17889
1779903000.0,74997.3,75036.78,74857.19,74908.0,292.46192
1779903900.0,74908.0,74975.81,74685.58,74860.42,302.22813
1779904800.0,74860.42,74938.01,74663.45,74738.01,161.96579
1779905700.0,74738.0,74926.86,74708.48,74903.5,148.76537
1779906600.0,74903.49,74999.0,74886.51,74985.79,105.82907
1779907500.0,74985.78,75032.01,74958.0,75026.67,132.69286
1779908400.0,75026.67,75064.01,74972.4,75048.61,118.338
1779909300.0,75048.6,75085.6,74982.08,75039.88,205.38979
1779910200.0,75039.89,75105.17,74953.41,75012.27,425.06521
1779911100.0,75012.27,75074.61,74952.36,75066.08,131.00897
1779912000.0,75066.09,75312.71,75056.25,75309.33,132.80382
1779912900.0,75309.32,75415.81,75273.96,75282.0,144.2657
1779913800.0,75282.01,75294.63,75214.0,75252.0,73.03606
1779914700.0,75252.01,75290.23,75241.97,75274.58,39.30918
1779915600.0,75274.58,75274.58,75148.67,75167.16,64.48641
1779916500.0,75167.16,75204.6,75100.0,75100.01,56.52966
1779917400.0,75100.01,75100.01,74428.0,74628.0,281.87451
1779918300.0,74628.01,74628.01,74341.76,74473.01,250.32913
1779919200.0,74473.01,74775.5,74319.9,74402.67,224.28115
1779920100.0,74402.67,74644.83,74260.91,74606.0,202.41179
1779921000.0,74606.0,74664.97,74491.55,74633.6,110.00207
1779921900.0,74632.02,74650.01,74418.12,74418.13,87.94606
1779922800.0,74418.12,74473.09,74361.2,74455.14,123.5424
1779923700.0,74455.15,74572.0,74243.99,74297.14,213.08673
1779924600.0,74297.14,74400.01,74262.64,74377.66,344.56028
1779925500.0,74377.66,74491.52,74312.95,74449.3,257.23992
1779926400.0,74449.31,74580.0,74423.95,74431.7,193.84237
1779927300.0,74431.7,74570.99,74366.89,74477.18,120.65981
1779928200.0,74477.18,74573.77,74470.75,74573.76,80.07972
1779929100.0,74573.76,74577.57,74454.0,74570.66,81.71505
1779930000.0,74570.67,74590.77,74451.59,74480.95,120.73801
1779930900.0,74480.95,74536.24,74156.0,74286.46,281.71495
1779931800.0,74286.46,74408.52,74172.0,74271.67,151.87102
1779932700.0,74271.67,74377.66,74255.26,74344.08,99.65986
1779933600.0,74344.07,74400.0,74239.45,74365.28,244.2462
1779934500.0,74365.29,74390.01,74182.0,74214.6,209.43138
1779935400.0,74214.6,74298.78,74127.57,74264.74,163.04938
1779936300.0,74264.74,74365.7,74242.34,74287.42,101.189
1779937200.0,74287.43,74380.39,74140.47,74212.0,184.2298
1779938100.0,74212.01,74242.34,73500.0,73746.57,870.35511
1779939000.0,73746.58,73786.37,73360.36,73430.01,661.53039
1779939900.0,73430.0,73560.0,73060.59,73258.01,2163.63198
1779940800.0,73258.0,73260.01,72728.85,73082.08,909.01839
1779941700.0,73082.07,73126.59,72813.67,73004.4,335.63074
1779942600.0,73004.4,73201.4,72954.66,73180.01,191.4316
1779943500.0,73180.01,73196.81,73096.0,73181.95,152.34491
1779944400.0,73181.95,73181.95,72995.79,73024.46,127.38045
1779945300.0,73024.46,73039.87,72926.74,72958.01,251.08869
1779946200.0,72958.01,73079.73,72926.18,73031.2,341.85717
1779947100.0,73031.2,73077.55,72908.67,72990.87,130.1754
1779948000.0,72990.87,73035.62,72961.22,73010.01,231.72437
1779948900.0,73010.01,73030.71,72879.4,72940.09,305.33495
1779949800.0,72940.09,72946.41,72761.11,72912.81,264.96942
1779950700.0,72912.81,73213.11,72912.8,73202.7,446.74057
1779951600.0,73202.71,73234.61,73158.0,73213.29,372.29302
1779952500.0,73213.3,73329.1,73213.3,73259.03,227.96562
1779953400.0,73259.03,73512.14,73259.03,73502.0,258.64455
1779954300.0,73502.01,73502.01,73385.0,73498.0,253.01035
1779955200.0,73498.0,73500.0,73340.85,73448.97,162.94292
1779956100.0,73448.97,73448.98,73228.89,73263.27,101.88416
1779957000.0,73263.27,73313.15,73193.13,73292.92,209.88268
1779957900.0,73292.92,73376.84,73290.42,73325.88,93.08097
1779958800.0,73325.88,73398.64,73261.6,73311.19,112.12142
1779959700.0,73311.18,73418.76,73306.56,73404.3,89.86867
1779960600.0,73404.3,73495.74,73365.57,73491.3,117.74128
1779961500.0,73491.31,73560.0,73491.31,73541.24,227.45725
1779962400.0,73541.25,73616.0,73500.0,73579.66,78.649
1779963300.0,73579.65,73579.66,73349.91,73429.73,161.00927
1779964200.0,73429.73,73513.95,73404.34,73510.19,103.09865
1779965100.0,73510.2,73599.44,73374.06,73400.01,152.77643
1779966000.0,73400.01,73460.92,73347.05,73440.96,165.8312
1779966900.0,73440.97,73462.67,73339.11,73354.86,79.92218
1779967800.0,73354.85,73478.75,73319.36,73478.74,78.62073
1779968700.0,73478.75,73532.01,73434.92,73505.66,59.49691
1779969600.0,73505.65,73520.26,73407.34,73408.0,88.96578
1779970500.0,73408.0,73416.01,73245.56,73378.41,114.66666
1779971400.0,73378.41,73543.67,73354.03,73487.27,152.95525
1779972300.0,73487.27,73580.75,73485.46,73518.01,97.94522
1779973200.0,73518.01,73574.6,73336.05,73338.35,112.71261
1779974100.0,73338.35,73338.35,73000.0,73160.52,308.6653
1779975000.0,73160.53,73167.16,72771.64,72785.2,371.38615
1779975900.0,72785.2,73083.53,72785.19,73022.02,484.82353
1779976800.0,73022.01,73329.35,72582.82,73314.62,846.65844
1779977700.0,73314.35,73573.21,72885.6,72965.07,599.53551
1779978600.0,72965.08,73061.71,72794.15,72855.8,319.19064
1779979500.0,72855.79,73047.63,72699.22,73033.06,424.23551
1779980400.0,73033.06,73180.01,72861.92,72861.93,200.40833
1779981300.0,72861.93,72973.49,72700.0,72968.35,185.65495
1779982200.0,72968.36,73013.39,72838.72,73013.39,182.03583
1779983100.0,73013.38,73062.32,72890.38,72928.73,142.54522
1779984000.0,72928.73,73160.55,72741.4,73109.55,243.78086
1779984900.0,73109.55,73307.47,73053.42,73150.02,193.08434
1779985800.0,73150.02,73357.73,73150.01,73357.72,166.58961
1779986700.0,73357.72,73440.67,73273.32,73440.67,218.14187
1779987600.0,73440.66,73500.0,73325.0,73485.81,184.81847
1779988500.0,73485.81,73486.5,73316.31,73364.0,116.66926
1779989400.0,73364.01,73535.81,73340.65,73470.91,122.29689
1779990300.0,73470.91,73734.72,73470.9,73554.82,313.67169
1779991200.0,73554.81,73738.8,73514.57,73638.76,190.96683
1779992100.0,73638.75,73749.69,73588.87,73588.87,112.31426
1779993000.0,73588.88,73684.9,73580.77,73602.0,102.95673
1779993900.0,73602.0,73736.11,73582.54,73652.88,111.24541
1779994800.0,73652.87,73652.88,73457.62,73482.25,86.25565
1779995700.0,73482.25,73560.0,73429.49,73559.99,86.45907
1779996600.0,73560.0,73593.26,73423.12,73434.69,94.97389
1779997500.0,73434.68,73525.32,73381.81,73419.32,180.06181
1779998400.0,73419.31,73541.72,73241.48,73443.82,201.06926
1779999300.0,73443.81,73668.61,73440.0,73647.4,85.04093
1780000200.0,73647.39,73721.45,73618.38,73702.0,81.89894
1780001100.0,73702.0,73702.0,73572.0,73579.99,73.84833
1780002000.0,73580.0,73716.95,73560.45,73694.32,86.14821
1780002900.0,73694.31,73749.69,73670.75,73693.61,80.18917
1780003800.0,73693.61,73926.22,73686.05,73908.0,121.38417
1780004700.0,73907.99,73907.99,73801.44,73817.31,98.35662
1780005600.0,73817.31,73949.22,73694.31,73711.99,164.5669
1780006500.0,73711.99,73718.8,73604.33,73614.01,112.51413
1780007400.0,73614.0,73614.0,73492.0,73500.73,90.82519
1780008300.0,73500.73,73592.16,73448.55,73464.8,77.76259
1780009200.0,73464.8,73597.06,73464.79,73597.05,85.06243
1780010100.0,73597.06,73694.61,73566.55,73684.18,88.64739
1780011000.0,73684.18,73714.9,73544.99,73599.18,76.04161
1780011900.0,73599.18,73645.84,73534.99,73617.51,72.05487
1780012800.0,73617.52,73788.22,73617.51,73745.47,230.32169
1780013700.0,73745.48,73854.77,73681.84,73778.0,166.94597
1780014600.0,73778.01,73851.96,73754.3,73849.45,111.60641
1780015500.0,73849.45,73849.45,73679.26,73716.37,83.26537
1780016400.0,73716.37,73868.33,73716.36,73778.98,126.7931
1780017300.0,73778.99,73800.0,73578.11,73591.64,156.99945
1780018200.0,73591.64,73591.64,73486.49,73526.01,166.47798
1780019100.0,73526.01,73626.77,73463.52,73586.83,93.16988
1780020000.0,73586.83,73640.0,73554.62,73623.19,373.51475
1780020900.0,73623.19,73646.68,73370.24,73388.22,122.37073
1780021800.0,73388.22,73482.02,73314.67,73340.09,121.06935
1780022700.0,73340.1,73399.08,73189.11,73225.06,99.17933
1780023600.0,73225.07,73456.63,73225.07,73446.97,87.91176
1780024500.0,73446.97,73446.97,73385.32,73394.25,37.17565
1780025400.0,73394.25,73445.44,73317.81,73365.51,49.97863
1780026300.0,73365.52,73367.02,73261.02,73301.52,96.52402
1780027200.0,73301.53,73376.09,73210.21,73227.75,98.15965
1780028100.0,73227.75,73380.01,73227.75,73373.85,76.08181
1780029000.0,73373.85,73440.67,73354.2,73418.01,47.50758
1780029900.0,73418.01,73508.97,73403.56,73507.69,241.00003
1780030800.0,73507.68,73638.45,73503.32,73597.35,140.16292
1780031700.0,73597.36,73620.01,73532.47,73582.92,327.35383
1780032600.0,73582.93,73582.93,73500.0,73512.0,101.15786
1780033500.0,73511.99,73719.39,73511.99,73706.0,245.63519
1780034400.0,73706.0,73709.15,73641.05,73700.0,48.77609
1780035300.0,73700.01,73939.19,73700.0,73772.03,122.52743
1780036200.0,73772.04,73772.04,73669.8,73702.55,46.97891
1780037100.0,73702.55,73810.0,73702.54,73786.32,64.78929
1780038000.0,73786.32,73816.02,73755.0,73816.0,185.80832
1780038900.0,73816.0,73830.01,73750.11,73770.33,166.76143
1780039800.0,73770.32,73770.33,73392.68,73407.79,357.69679
1780040700.0,73407.78,73535.79,73373.37,73528.56,371.40986
1780041600.0,73528.55,73724.01,73524.0,73718.0,167.95622
1780042500.0,73717.99,73835.58,73700.0,73787.98,265.55989
1780043400.0,73787.98,73829.23,73722.98,73818.37,185.44075
1780044300.0,73818.37,73818.38,73635.6,73653.4,71.08257
1780045200.0,73653.4,73877.17,73649.58,73816.7,175.75162
1780046100.0,73816.7,73902.85,73814.0,73887.03,159.8741
1780047000.0,73887.03,73887.12,73817.04,73831.75,80.86737
1780047900.0,73831.74,73831.75,73719.05,73744.96,90.41308
1780048800.0,73744.96,73744.96,73676.89,73703.86,72.7002
1780049700.0,73703.87,73703.87,73619.99,73624.03,81.02651
1780050600.0,73624.03,73749.53,73588.13,73618.21,250.31683
1780051500.0,73618.21,73697.06,73600.0,73634.64,179.70732
1780052400.0,73634.64,73688.0,73600.0,73652.81,74.3172
1780053300.0,73652.82,73700.41,73565.01,73571.64,51.82599
1780054200.0,73571.64,73592.65,73486.49,73491.64,106.26671
1780055100.0,73491.63,73526.21,73341.85,73487.98,184.68659
1780056000.0,73487.98,73487.98,73344.58,73367.24,88.41984
1780056900.0,73367.24,73413.33,73313.0,73326.8,78.62874
1780057800.0,73326.81,73339.77,73230.51,73277.32,117.69705
1780058700.0,73277.32,73374.0,73202.0,73295.73,134.68194
1780059600.0,73295.73,73295.73,73084.32,73125.27,189.41688
1780060500.0,73125.27,73140.0,72976.21,73069.76,193.30778
1780061400.0,73069.76,73306.71,72900.46,73261.99,284.11803
1780062300.0,73262.0,73346.04,73062.08,73135.7,216.55982
1780063200.0,73135.7,73198.17,72895.36,73013.79,229.35602
1780064100.0,73013.79,73070.0,72512.49,72722.64,506.85072
1780065000.0,72722.64,72886.0,72573.1,72648.68,261.12106
1780065900.0,72648.68,73190.48,72613.0,73096.85,515.43399
1780066800.0,73096.84,73756.19,73008.98,73695.75,595.16198
1780067700.0,73695.74,73753.88,73474.1,73670.0,392.01347
1780068600.0,73670.01,74200.0,73665.97,73825.99,650.67776
1780069500.0,73825.99,73882.0,73711.18,73808.26,171.48699
1780070400.0,73808.25,74020.0,73790.0,73953.9,242.38574
1780071300.0,73953.91,73969.99,73565.73,73649.23,273.98979
1780072200.0,73649.23,74095.0,73642.6,74065.0,359.02012
1780073100.0,74064.99,74124.73,73924.0,74056.5,285.33392
1780074000.0,74056.49,74410.37,73925.33,74257.7,896.77274
1780074900.0,74257.71,74514.1,74168.25,74228.02,1717.40249
1780075800.0,74228.01,74324.0,74213.33,74213.79,169.01256
1780076700.0,74213.79,74213.79,73925.33,73980.94,134.27762
1780077600.0,73980.94,74065.29,73947.03,74038.0,113.41122
1780078500.0,74038.0,74045.85,73742.16,73790.36,282.56925
1780079400.0,73790.36,73856.76,73761.92,73796.4,116.78574
1780080300.0,73796.4,73796.4,73187.25,73374.52,552.73525
1780081200.0,73374.51,73510.95,73300.0,73428.0,104.07335
1780082100.0,73428.0,73448.0,73239.36,73332.99,141.28478
1780083000.0,73332.99,73727.95,73332.98,73682.93,125.35982
1780083900.0,73682.94,73714.0,73517.1,73520.28,82.45154
1780084800.0,73520.29,73681.64,73514.0,73657.98,47.9636
1780085700.0,73657.97,73755.65,73596.46,73708.26,58.3628
1780086600.0,73708.26,73760.0,73691.24,73701.18,24.33926
1780087500.0,73701.18,73750.0,73623.42,73673.61,24.45647
1780088400.0,73673.62,73844.0,73647.03,73804.15,112.09886
1780089300.0,73804.14,73808.39,73538.86,73538.86,143.42174
1780090200.0,73538.86,73600.0,73471.21,73600.0,84.49097
1780091100.0,73600.0,73614.0,73408.8,73409.27,72.82532
1780092000.0,73409.27,73490.0,73379.79,73403.35,327.06912
1780092900.0,73403.36,73571.81,73403.35,73523.84,111.38797
1780093800.0,73523.85,73551.5,73440.0,73466.06,85.84959
1780094700.0,73466.05,73521.47,73406.0,73483.52,138.54102
1780095600.0,73483.51,73510.0,73399.51,73415.19,64.49865
1780096500.0,73415.19,73464.0,73320.0,73384.42,70.86628
1780097400.0,73384.42,73431.75,73320.02,73431.73,87.63274
1780098300.0,73431.72,73500.0,73411.54,73460.78,48.23501
1780099200.0,73460.78,73526.69,73428.1,73491.46,51.43495
1780100100.0,73491.47,73542.84,73467.93,73467.93,203.66409
1780101000.0,73467.93,73518.01,73408.62,73517.54,43.44906
1780101900.0,73517.54,73579.82,73498.8,73498.8,246.65842
1780102800.0,73498.8,73606.0,73472.8,73577.94,155.18059
1780103700.0,73577.94,73650.78,73555.74,73627.81,66.69086
1780104600.0,73627.8,73663.08,73593.62,73598.75,111.22692
1780105500.0,73598.76,73657.9,73590.85,73657.9,53.77935
1780106400.0,73657.9,73708.0,73657.89,73673.42,59.47801
1780107300.0,73673.43,73690.59,73613.85,73623.43,38.86156
1780108200.0,73623.42,73727.0,73623.42,73708.18,81.56958
1780109100.0,73708.18,73786.7,73699.83,73786.69,88.61443
1780110000.0,73786.7,73796.43,73733.0,73765.82,99.06998
1780110900.0,73765.82,73765.82,73649.99,73664.19,95.48712
1780111800.0,73664.18,73664.19,73538.0,73538.01,102.05597
1780112700.0,73538.0,73597.31,73524.01,73524.01,42.42187
1780113600.0,73524.01,73575.0,73352.03,73489.99,80.08806
1780114500.0,73490.0,73490.02,73300.0,73347.29,73.7988
1780115400.0,73347.3,73348.0,73216.0,73310.0,204.37334
1780116300.0,73310.0,73402.85,73291.22,73402.84,108.55845
1780117200.0,73402.85,73628.0,73346.85,73501.33,218.11835
1780118100.0,73501.32,73553.72,73501.32,73520.01,26.64844
1780119000.0,73520.0,73579.26,73520.0,73579.25,39.7521
1780119900.0,73579.26,73635.0,73579.25,73604.99,179.62908
1780120800.0,73604.99,73622.85,73530.0,73536.51,148.4453
1780121700.0,73536.5,73624.0,73536.5,73607.81,45.83388
1780122600.0,73607.82,73709.91,73607.82,73660.07,49.30924
1780123500.0,73660.07,73668.36,73560.49,73584.99,87.75025
1780124400.0,73584.99,73588.2,73533.67,73533.68,70.63549
1780125300.0,73533.68,73574.56,73532.0,73563.19,68.15067
1780126200.0,73563.2,73576.16,73492.48,73495.91,34.67245
1780127100.0,73495.9,73548.6,73486.0,73548.6,52.10617
1780128000.0,73548.6,73567.59,73534.93,73567.59,42.18101
1780128900.0,73567.58,73567.59,73514.0,73548.34,26.33314
1780129800.0,73548.34,73559.82,73519.61,73520.91,42.82584
1780130700.0,73520.92,73535.01,73500.02,73530.07,162.80088
1780131600.0,73530.07,73548.72,73503.07,73546.38,60.50532
1780132500.0,73546.39,73579.08,73536.51,73566.51,53.92998
1780133400.0,73566.5,73578.0,73550.0,73572.0,46.41012
1780134300.0,73572.01,73615.47,73565.49,73615.46,40.41804
1780135200.0,73615.46,73660.56,73592.57,73637.4,55.12491
1780136100.0,73637.4,73680.75,73622.07,73630.08,81.80712
1780137000.0,73630.07,73647.64,73614.83,73641.16,72.10554
1780137900.0,73641.16,73658.19,73616.22,73655.85,74.93303
1780138800.0,73655.85,73655.86,73612.24,73614.56,67.28407
1780139700.0,73614.56,73621.74,73564.62,73583.0,117.47978
1780140600.0,73583.0,73635.19,73583.0,73629.69,47.77009
1780141500.0,73629.68,73629.69,73584.27,73602.02,84.56976
1780142400.0,73602.01,73610.59,73594.4,73605.59,35.01678
1780143300.0,73605.59,73686.94,73605.59,73651.27,141.9992
1780144200.0,73651.26,73717.07,73651.25,73689.31,69.12435
1780145100.0,73689.31,73698.18,73655.05,73698.18,123.09467
1780146000.0,73698.17,73784.0,73698.17,73746.4,62.08773
1780146900.0,73746.4,73832.0,73715.49,73773.44,70.88051
1780147800.0,73773.44,73773.44,73676.1,73748.0,47.06288
1780148700.0,73747.99,73837.06,73740.8,73829.31,69.36315
1780149600.0,73829.31,74011.99,73820.91,73940.01,175.12825
1780150500.0,73940.0,74054.11,73884.55,74048.27,129.34592
1780151400.0,74048.28,74100.0,74000.0,74000.01,201.09128
1780152300.0,74000.0,74021.37,73916.01,73929.11,59.50496
1780153200.0,73929.11,74042.88,73872.19,74030.01,62.51203
1780154100.0,74030.01,74037.97,73844.0,73940.01,81.37748
1780155000.0,73940.0,73948.53,73836.7,73875.0,72.0382
1780155900.0,73875.01,73968.55,73875.0,73930.14,85.47125
1780156800.0,73930.13,73979.23,73880.1,73968.03,49.53163
1780157700.0,73968.03,73980.0,73900.0,73909.99,50.45697
1780158600.0,73909.99,73985.84,73905.52,73957.53,61.04968
1780159500.0,73957.54,73979.23,73910.0,73934.99,32.43169
1780160400.0,73935.0,73948.13,73882.0,73907.51,42.52045
1780161300.0,73907.52,74047.26,73907.51,73934.86,155.46939
1780162200.0,73934.86,73955.95,73811.3,73955.94,81.56452
1780163100.0,73955.94,74023.66,73955.94,74020.07,29.19556
1780164000.0,74020.06,74030.0,74001.44,74018.26,23.95298
1780164900.0,74018.26,74116.0,73945.0,73969.36,77.55171
1780165800.0,73969.37,74095.74,73962.6,74095.74,49.56828
1780166700.0,74095.73,74143.76,74005.92,74043.38,37.49358
1780167600.0,74043.39,74043.81,74006.0,74040.71,25.69546
1780168500.0,74040.71,74072.0,73993.76,73993.76,45.6101
1780169400.0,73993.76,74040.02,73971.3,74017.96,46.88198
1780170300.0,74017.97,74069.97,74016.64,74016.65,27.23377
1780171200.0,74016.64,74016.65,73938.0,73961.24,27.0965
1780172100.0,73961.25,73969.37,73957.25,73966.29,15.80424
1780173000.0,73966.29,73979.98,73931.35,73932.9,22.88332
1780173900.0,73932.89,73980.98,73926.68,73979.84,39.21074
1780174800.0,73979.85,73989.5,73967.0,73988.2,34.44408
1780175700.0,73988.2,74008.0,73983.61,73992.11,36.0313
1780176600.0,73992.11,74054.0,73967.0,73978.2,72.40338
1780177500.0,73978.2,74018.0,73929.07,73981.99,81.59194
1780178400.0,73981.99,73982.0,73829.92,73890.0,106.63464
1780179300.0,73890.0,73932.39,73860.0,73898.0,167.48781
1780180200.0,73898.0,73906.47,73796.01,73805.99,77.84626
1780181100.0,73805.99,73887.5,73805.99,73883.3,39.69885
1780182000.0,73883.3,73995.98,73844.46,73848.74,57.62013
1780182900.0,73848.74,73883.45,73826.34,73838.0,129.49949
1780183800.0,73838.0,73845.66,73781.3,73798.35,113.12397
1780184700.0,73798.35,73884.38,73798.35,73884.38,68.73459
1780185600.0,73884.38,73932.0,73858.56,73880.0,86.45376
1780186500.0,73879.99,74026.79,73879.99,73967.81,72.84619
1780187400.0,73967.81,74028.0,73940.0,73953.46,37.47187
1780188300.0,73953.47,74041.72,73924.0,74038.2,44.58225
1780189200.0,74038.2,74166.0,74028.64,74137.99,92.59437
1780190100.0,74137.99,74275.66,74092.0,74097.16,119.24871
1780191000.0,74097.16,74218.0,74074.05,74074.06,93.44748
1780191900.0,74074.06,74146.01,74058.0,74058.01,58.18746
1780192800.0,74058.01,74166.0,74058.0,74166.0,44.55642
1780193700.0,74166.0,74243.94,73970.0,73970.01,74.83525
1780194600.0,73970.01,74025.0,73890.49,73972.0,66.01329
1780195500.0,73972.0,74110.0,73944.17,74090.84,119.45174
1780196400.0,74090.84,74170.78,74074.05,74153.99,44.09711
1780197300.0,74153.99,74222.0,74119.7,74214.76,51.13693
1780198200.0,74214.76,74226.78,74139.07,74168.0,75.99027
1780199100.0,74168.0,74189.15,74145.0,74150.64,18.64951
1780200000.0,74150.64,74162.58,74118.0,74118.0,58.14531
1780200900.0,74118.01,74216.0,74109.0,74182.48,46.60549
1780201800.0,74182.49,74209.89,74150.0,74197.92,38.848
1780202700.0,74197.92,74221.33,74164.0,74178.4,50.79033
1780203600.0,74178.41,74207.2,74156.97,74176.63,36.27659
1780204500.0,74176.64,74192.0,74134.78,74165.99,58.22635
1780205400.0,74166.0,74184.0,74079.37,74112.22,77.58829
1780206300.0,74112.23,74112.23,74055.16,74055.98,59.61824
1780207200.0,74055.99,74056.0,73999.0,74000.0,28.39202
1780208100.0,74000.0,74045.27,73985.34,74013.52,60.03623
1780209000.0,74013.52,74109.39,74013.52,74068.0,33.0024
1780209900.0,74068.0,74074.2,74054.87,74054.87,19.7876
1780210800.0,74054.86,74054.87,73960.0,73964.33,62.82762
1780211700.0,73964.34,73968.59,73892.37,73892.37,45.49365
1780212600.0,73892.37,73903.82,73836.0,73853.46,131.23954
1780213500.0,73853.46,73902.79,73853.46,73871.24,62.5134
1780214400.0,73871.25,73971.31,73868.61,73906.13,88.13814
1780215300.0,73906.14,73980.0,73906.13,73976.53,86.5415
1780216200.0,73976.53,73976.53,73856.0,73890.0,93.19007
1780217100.0,73890.01,73971.99,73850.05,73937.61,80.45934
1780218000.0,73937.62,73937.62,73868.56,73889.99,57.07506
1780218900.0,73889.99,73979.4,73888.72,73955.97,57.37661
1780219800.0,73955.98,74024.0,73942.39,73982.57,96.54419
1780220700.0,73982.56,74000.24,73813.44,73841.79,112.04572
1780221600.0,73841.79,73865.66,73817.69,73855.14,93.77802
1780222500.0,73855.14,73855.14,73699.2,73801.84,175.57743
1780223400.0,73801.84,73840.93,73801.83,73840.92,101.97361
1780224300.0,73840.92,73900.0,73804.62,73900.0,28.96927
1780225200.0,73900.0,73942.0,73899.99,73907.98,28.98173
1780226100.0,73907.98,73971.31,73901.16,73971.31,19.02886
1780227000.0,73971.31,73971.97,73925.34,73959.29,62.24081
1780227900.0,73959.3,73972.0,73905.62,73937.79,68.6725
1780228800.0,73937.63,73980.43,73874.0,73917.99,45.5065
1780229700.0,73918.0,73995.88,73917.99,73933.21,44.94484
1780230600.0,73933.21,73974.89,73906.0,73974.89,85.90487
1780231500.0,73974.88,73979.23,73880.0,73920.0,45.87031
1780232400.0,73920.0,73957.04,73880.0,73948.21,36.6387
1780233300.0,73948.21,74023.99,73936.0,73961.16,31.66868
1780234200.0,73961.17,73971.68,73887.63,73896.64,30.01315
1780235100.0,73896.64,73900.33,73807.43,73872.8,80.12681
1780236000.0,73872.8,73872.8,73670.08,73719.41,191.23763
1780236900.0,73719.4,73783.17,73483.05,73582.78,297.03268
1780237800.0,73582.79,73740.23,73582.78,73615.95,135.89445
1780238700.0,73615.95,73699.99,73588.81,73602.17,57.56015
1780239600.0,73602.18,73682.0,73588.8,73677.18,48.78077
1780240500.0,73677.18,73775.79,73658.45,73748.67,65.58614
1780241400.0,73748.66,73754.91,73616.0,73638.46,61.3457
1780242300.0,73638.47,73681.99,73625.65,73655.21,91.22038
1780243200.0,73655.2,73730.0,73603.37,73617.58,82.12775
1780244100.0,73617.58,73629.48,73518.67,73610.36,59.81865
1780245000.0,73610.35,73610.36,73400.0,73493.97,141.0653
1780245900.0,73493.97,73544.03,73442.88,73526.14,36.74255
1780246800.0,73526.15,73556.46,73466.67,73518.0,55.19179
1780247700.0,73517.99,73598.71,73517.99,73598.32,25.84532
1780248600.0,73598.32,73724.96,73598.32,73724.96,57.73269
1780249500.0,73724.95,73734.0,73685.71,73709.44,56.69994
1780250400.0,73709.43,73713.34,73616.0,73654.0,50.05428
1780251300.0,73654.0,73680.0,73611.74,73630.21,67.39184
1780252200.0,73630.21,73708.8,73630.21,73642.72,44.89382
1780253100.0,73642.71,73642.72,73585.49,73603.69,52.0308
1780254000.0,73603.68,73649.93,73590.38,73590.39,38.66906
1780254900.0,73590.38,73618.93,73457.09,73526.0,42.49804
1780255800.0,73526.0,73543.82,73456.48,73520.41,61.24794
1780256700.0,73520.41,73581.63,73511.71,73563.42,113.39344
1780257600.0,73563.41,73700.0,73563.41,73692.79,241.55687
1780258500.0,73692.79,73748.0,73666.67,73682.28,48.71732
1780259400.0,73682.28,73718.0,73674.36,73692.84,56.12216
1780260300.0,73692.83,73760.0,73692.83,73739.66,35.16775
1780261200.0,73739.67,73754.0,73688.0,73688.0,81.29148
1780262100.0,73688.0,73732.0,73626.67,73650.51,122.09898
1780263000.0,73650.52,73748.54,73634.01,73746.0,39.31633
1780263900.0,73745.99,73924.0,73745.99,73892.52,148.30368
1780264800.0,73892.52,73965.21,73686.0,73912.0,97.13299
1780265700.0,73911.99,73996.0,73814.0,73892.01,61.27649
1780266600.0,73892.0,73997.56,73876.0,73901.27,60.04479
1780267500.0,73901.27,73997.56,73901.27,73944.62,65.83745
1780268400.0,73944.62,74198.0,73936.0,73936.0,164.19757
1780269300.0,73936.01,73962.0,73794.0,73831.29,55.62191
1780270200.0,73831.29,73831.3,73500.0,73584.64,104.35717
1780271100.0,73584.65,73716.0,73568.52,73674.39,51.13263
1780272000.0,73674.39,73879.67,73654.06,73806.15,136.59151
1780272900.0,73806.15,73971.31,73720.94,73960.0,65.72414
1780273800.0,73960.0,74092.0,73836.0,73946.01,96.46607
1780274700.0,73946.0,74016.16,73876.17,73885.0,67.70798
1780275600.0,73885.01,73916.01,73573.0,73573.0,115.93398
1780276500.0,73573.0,73649.92,73573.0,73604.0,88.77975
1780277400.0,73604.01,73652.0,73461.35,73498.0,140.66263
1780278300.0,73498.0,73572.0,73278.02,73292.92,119.16629
1780279200.0,73292.92,73562.29,73222.0,73548.46,234.87623
1780280100.0,73548.45,73553.52,73454.0,73523.99,53.2242
1780281000.0,73524.0,73892.52,73468.86,73782.01,110.77984
1780281900.0,73782.0,73858.85,73746.0,73790.0,107.61998
1780282800.0,73789.99,74019.58,73788.01,73882.01,165.67813
1780283700.0,73882.0,73974.0,73800.0,73921.77,106.83176
1780284600.0,73921.78,73979.23,73800.0,73849.99,79.63425
1780285500.0,73850.0,73909.05,73735.47,73769.06,108.29829
1780286400.0,73769.06,73841.37,73584.93,73604.91,104.82855
1780287300.0,73604.91,73619.48,73407.86,73408.01,86.50164
1780288200.0,73408.01,73492.5,73408.0,73491.99,73.50607
1780289100.0,73491.99,73589.51,73348.74,73536.01,70.81101
1780290000.0,73536.01,73540.1,73457.57,73540.0,93.00331
1780290900.0,73540.0,73541.48,73350.39,73351.7,81.42057
1780291800.0,73351.7,73426.38,73328.32,73426.37,57.78933
1780292700.0,73426.37,73465.56,73340.0,73350.0,171.9847
1780293600.0,73349.99,73368.0,73242.02,73289.99,91.62201
1780294500.0,73289.98,73326.0,73144.0,73192.82,153.82858
1780295400.0,73192.81,73234.0,73004.99,73009.81,276.026
1780296300.0,73009.81,73211.91,72950.01,73135.74,218.8134
1780297200.0,73135.75,73203.85,73046.59,73117.33,111.67738
1780298100.0,73117.33,73136.32,72954.36,72979.71,206.20623
1780299000.0,72979.72,72996.0,72866.0,72952.4,237.27854
1780299900.0,72952.4,72963.92,72704.0,72818.0,278.47848
1780300800.0,72818.0,72862.17,72784.69,72821.33,111.88578
1780301700.0,72821.33,72862.43,72642.85,72733.03,140.64321
1780302600.0,72733.03,72860.0,72610.03,72756.73,369.67727
1780303500.0,72756.72,72921.38,72756.72,72902.65,129.28982
1780304400.0,72902.64,73018.14,72902.64,72973.34,136.38277
1780305300.0,72973.34,73095.64,72939.24,73011.7,226.17018
1780306200.0,73011.7,73048.07,72919.77,72948.38,124.33472
1780307100.0,72948.38,73006.44,72600.0,72880.0,1574.32853
1780308000.0,72880.0,72900.73,72772.82,72785.46,131.48784
1780308900.0,72785.46,72800.28,72668.73,72705.71,111.27548
1780309800.0,72705.72,72790.25,72592.27,72704.49,131.82096
1780310700.0,72704.48,72796.74,72704.48,72748.88,107.90312
1780311600.0,72748.88,72763.16,72659.33,72683.25,85.98863
1780312500.0,72683.25,72737.69,72654.24,72672.0,79.41715
1780313400.0,72672.01,72741.28,72610.17,72721.07,103.21413
1780314300.0,72721.07,72768.11,72290.0,72479.99,500.99045
1780315200.0,72480.0,72610.0,71902.98,72052.55,1125.9142
1780316100.0,72052.55,72298.44,72028.0,72227.44,335.15279
1780317000.0,72227.44,72321.95,72188.88,72275.22,185.92941
1780317900.0,72275.22,72294.0,72116.34,72221.73,207.74245
1780318800.0,72221.74,72243.52,71736.2,71843.01,543.66661
1780319700.0,71843.02,72025.99,71750.0,71828.58,476.54272
1780320600.0,71828.59,72051.2,71581.03,71599.99,871.26479
1780321500.0,71599.99,72094.7,71389.88,71711.89,1145.06084
1780322400.0,71711.89,71887.6,71526.7,71670.49,624.84757
1780323300.0,71670.49,71735.17,71472.0,71532.0,511.48939
1780324200.0,71532.0,71597.8,71363.43,71491.98,582.33828
1780325100.0,71491.99,71617.09,71414.28,71567.91,342.04044
1780326000.0,71567.91,71677.55,71426.15,71515.92,269.05194
1780326900.0,71515.92,71528.65,71066.33,71084.35,625.7126
1780327800.0,71084.35,71491.77,71076.0,71274.43,441.26655
1780328700.0,71274.42,71298.0,71072.57,71129.62,320.43306
1780329600.0,71129.62,71196.25,70686.68,70884.01,744.49409
1780330500.0,70884.01,71092.0,70813.88,71092.0,479.98832
1780331400.0,71091.99,71356.0,71042.58,71344.0,1127.09682
1780332300.0,71344.0,71599.95,71341.94,71564.01,468.99486
1780333200.0,71564.01,71628.0,71473.16,71586.96,208.69903
1780334100.0,71586.95,71736.87,71469.64,71733.33,207.073
1780335000.0,71733.32,71780.4,71531.51,71722.16,404.95243
1780335900.0,71722.16,71800.73,71622.67,71646.01,178.73293
1780336800.0,71646.0,71687.28,71465.28,71477.46,153.62892
1780337700.0,71477.46,71545.16,71382.0,71545.15,142.45721
1780338600.0,71545.16,71675.99,71506.67,71506.67,109.78247
1780339500.0,71506.67,71553.32,71396.0,71498.64,261.48808
1780340400.0,71498.64,71499.85,71414.21,71433.02,68.4778
1780341300.0,71433.02,71621.62,71386.0,71621.61,129.15244
1780342200.0,71621.61,71666.0,71535.94,71638.93,124.23922
1780343100.0,71638.01,71638.01,71507.6,71595.24,110.97633
1780344000.0,71595.24,71595.24,71520.01,71570.8,34.87334
1780344900.0,71570.8,71690.0,71525.1,71602.0,67.12246
1780345800.0,71602.0,71670.01,71577.41,71591.65,76.4487
1780346700.0,71591.65,71608.0,71419.64,71446.0,94.8278
1780347600.0,71445.99,71449.98,71154.36,71220.0,181.68448
1780348500.0,71220.0,71230.0,71083.33,71148.56,153.86628
1780349400.0,71148.57,71158.0,70941.95,71014.38,114.5529
1780350300.0,71014.37,71120.0,70974.06,71038.01,123.7543
1780351200.0,71038.01,71038.01,70840.9,70976.01,175.12825
1780352100.0,70976.01,71326.0,70976.0,71284.3,338.26142
1780353000.0,71284.29,71357.5,71082.0,71141.29,111.96022
1780353900.0,71141.29,71460.0,71141.28,71408.0,145.28534
1780354800.0,71407.99,71441.42,71320.27,71366.24,101.84523
1780355700.0,71366.24,71470.0,71248.0,71248.0,126.01221
1780356600.0,71248.01,71583.29,71225.29,71510.01,219.73855
1780357500.0,71510.0,71552.0,71372.21,71408.9,150.4819
1780358400.0,71408.9,71408.9,71255.16,71268.01,223.69576
1780359300.0,71268.01,71303.77,71154.01,71230.0,129.05464
1780360200.0,71230.0,71300.0,71100.0,71180.0,141.2263
1780361100.0,71180.01,71303.09,71149.99,71289.23,183.72648
1780362000.0,71289.24,71372.0,71228.01,71369.99,150.75378
1780362900.0,71369.99,71370.0,71200.0,71207.77,210.59465
1780363800.0,71207.77,71223.13,70788.02,70960.01,439.87551
1780364700.0,70960.01,70960.01,70607.57,70652.47,233.62853
1780365600.0,70652.47,70724.01,70111.0,70346.64,728.21875
1780366500.0,70346.64,70822.0,70157.8,70807.51,334.68591
1780367400.0,70807.51,70880.63,70581.18,70599.26,140.32651
1780368300.0,70599.26,70846.65,70583.0,70846.49,116.91323
1780369200.0,70846.48,71041.04,70806.0,70901.43,143.62407
1780370100.0,70901.43,71000.11,70823.74,70958.0,90.0591
1780371000.0,70958.0,71004.72,70914.0,70989.26,132.25847
1780371900.0,70989.27,71014.54,70936.49,70953.69,127.00589
1780372800.0,70953.7,71013.9,70713.54,70770.81,119.47622
1780373700.0,70770.81,71028.25,70770.81,70975.89,152.32225
1780374600.0,70975.9,71048.0,70922.0,71027.34,88.51812
1780375500.0,71027.35,71027.35,70764.0,70810.0,129.05095
1780376400.0,70810.0,70847.66,70590.0,70810.01,146.51174
1780377300.0,70810.0,70814.01,70582.29,70602.61,106.8924
1780378200.0,70602.61,70723.73,70437.95,70534.91,276.95297
1780379100.0,70534.37,70534.37,70267.79,70268.96,301.7607
1780380000.0,70268.97,70442.0,70230.0,70310.01,184.65877
1780380900.0,70310.01,70393.99,70230.45,70370.19,133.1811
1780381800.0,70370.2,70424.4,70258.0,70258.0,306.17578
1780382700.0,70258.0,70335.39,69958.49,70106.31,883.13384
1780383600.0,70106.31,70166.66,69733.0,70050.38,627.02904
1780384500.0,70050.38,70275.86,69835.65,69913.99,207.9398
1780385400.0,69914.0,70257.8,69907.17,70213.38,320.43321
1780386300.0,70213.38,70218.49,70073.71,70118.42,233.39608
1780387200.0,70118.42,70172.0,69966.97,70055.01,228.20189
1780388100.0,70055.01,70088.0,69873.19,70020.0,225.22107
1780389000.0,70019.99,70080.0,69860.03,69861.75,141.86093
1780389900.0,69861.75,69943.33,69705.3,69821.99,349.36601
1780390800.0,69822.0,69849.0,69500.0,69555.96,640.14723
1780391700.0,69555.97,69628.53,69324.65,69399.1,390.01621
1780392600.0,69399.1,69566.96,69349.03,69490.01,285.48244
1780393500.0,69490.01,69524.0,69380.01,69426.01,183.57265
1780394400.0,69426.01,69756.0,69336.98,69657.99,427.21638
1780395300.0,69658.0,69724.16,69518.0,69646.01,140.01371
1780396200.0,69646.0,69673.93,69448.0,69474.0,133.95616
1780397100.0,69474.0,69690.18,69470.73,69652.19,203.68167
1780398000.0,69652.18,69659.47,69497.14,69552.0,94.8379
1780398900.0,69551.99,69566.06,69430.0,69495.99,111.05006
1780399800.0,69495.99,69531.76,69397.83,69474.0,118.95157
1780400700.0,69474.0,69607.03,69461.72,69461.72,92.75449
1780401600.0,69461.73,69548.13,69288.0,69343.99,368.78172
1780402500.0,69344.0,69439.85,69242.02,69286.03,206.6484
1780403400.0,69286.03,69286.04,69074.0,69215.51,411.1353
1780404300.0,69215.52,69250.0,68989.61,69010.42,395.6961
1780405200.0,69010.41,69180.0,68899.0,68918.81,493.40744
1780406100.0,68918.81,69100.0,68872.0,69020.0,422.89634
1780407000.0,69019.99,69106.0,68768.01,68879.76,539.78376
1780407900.0,68879.76,68980.45,68757.03,68811.91,306.74152
1780408800.0,68809.93,68836.0,68307.8,68584.0,890.88473
1780409700.0,68584.01,68584.01,67617.85,67884.28,1793.32686
1780410600.0,67884.29,68280.0,67860.0,68023.58,754.0793
1780411500.0,68023.58,68280.0,67980.66,68019.3,407.50538
1780412400.0,68019.3,68094.6,67822.0,67854.49,481.3213
1780413300.0,67854.49,67854.49,67372.61,67450.0,758.3468
1780414200.0,67450.01,67499.69,67076.0,67277.59,909.063
1780415100.0,67277.59,67495.13,67112.7,67304.28,395.06359
1780416000.0,67304.29,67969.68,67228.45,67928.45,464.09168
1780416900.0,67928.45,68146.3,67787.28,67863.72,526.28813
1780417800.0,67863.72,67868.75,67541.65,67631.67,478.10987
1780418700.0,67631.68,67833.96,67404.31,67413.44,321.43994
1780419600.0,67413.44,67626.0,67378.0,67507.19,223.35048
1780420500.0,67507.18,67806.0,67460.0,67740.01,201.86346
1780421400.0,67740.0,67837.53,67477.39,67496.25,181.04992
1780422300.0,67496.25,67524.0,67390.6,67492.34,299.62764
1780423200.0,67492.34,67661.7,67490.0,67600.01,239.65132
1780424100.0,67600.0,67616.0,67288.78,67301.56,250.76918
1780425000.0,67301.56,67363.38,67200.0,67300.0,207.30912
1780425900.0,67300.0,67358.88,67124.2,67341.99,228.41635
1780426800.0,67341.99,67424.3,67230.48,67344.89,288.03898
1780427700.0,67344.9,67372.93,66932.0,66978.2,582.21362
1780428600.0,66978.21,67018.0,66432.0,66925.61,1072.55342
1780429500.0,66925.61,67498.0,66874.14,67315.14,390.36519
1780430400.0,67315.14,67487.5,67091.79,67381.97,598.37662
1780431300.0,67381.98,67405.18,66911.2,66962.17,456.91305
1780432200.0,66962.18,67362.81,66949.9,67302.0,338.60697
1780433100.0,67301.99,67689.65,67301.99,67587.77,243.71942
1780434000.0,67587.78,67806.92,67412.0,67470.97,282.97718
1780434900.0,67470.96,67918.0,67470.96,67887.99,191.93226
1780435800.0,67887.99,67923.24,67712.0,67732.0,151.34079
1780436700.0,67732.0,67732.0,67511.0,67566.01,139.2891
1780437600.0,67566.01,67566.01,67212.97,67217.79,219.84964
1780438500.0,67217.8,67434.0,66933.33,67294.0,461.75103
1780439400.0,67294.01,67310.0,66804.0,66956.01,346.78277
1780440300.0,66956.0,66956.0,66244.02,66385.2,828.03323
1780441200.0,66385.2,66692.0,66201.77,66692.0,520.7609
1780442100.0,66692.0,66769.24,66193.0,66443.99,429.74757
1780443000.0,66443.99,66736.0,66252.0,66724.34,410.56324
1780443900.0,66724.33,66868.62,66674.01,66760.83,238.32133
1780444800.0,66760.84,66912.0,66654.0,66822.01,414.04185
1780445700.0,66822.01,67122.3,66770.01,66776.34,323.44718
1780446600.0,66776.35,67204.15,66705.35,67075.07,256.66771
1780447500.0,67075.07,67150.0,66938.0,66938.01,244.35131
1780448400.0,66938.01,66952.0,66672.58,66829.16,227.36409
1780449300.0,66829.16,67038.3,66814.0,67024.01,136.94151
1780450200.0,67024.01,67050.0,66472.65,66511.99,230.59448
1780451100.0,66511.98,67039.83,66504.04,66920.0,378.39941
1780452000.0,66920.0,66920.01,66723.06,66820.23,281.01002
1780452900.0,66820.23,66920.0,66638.0,66651.55,226.1049
1780453800.0,66651.56,66848.0,66605.85,66742.0,109.0196
1780454700.0,66742.0,66818.0,66586.17,66620.01,157.25335
1780455600.0,66620.0,66653.67,66400.0,66515.87,274.77962
1780456500.0,66515.87,66622.0,66090.1,66147.81,350.51142
1780457400.0,66147.81,66261.74,65737.61,65755.01,1095.27838
1780458300.0,65755.0,65978.0,65426.34,65849.9,1171.15682
1780459200.0,65849.9,66603.41,65834.0,66340.0,542.86988
1780460100.0,66339.99,66623.44,66324.91,66579.32,349.33068
1780461000.0,66579.32,66579.32,66311.28,66440.91,240.83235
1780461900.0,66440.91,66510.01,66278.23,66465.98,130.82503
1780462800.0,66465.99,67268.63,66465.99,67135.99,842.93104
1780463700.0,67135.99,67284.02,66980.65,67103.06,173.6049
1780464600.0,67103.07,67103.07,66775.0,67026.14,270.08667
1780465500.0,67026.14,67398.28,67024.6,67330.01,487.33568
1780466400.0,67330.0,67374.0,67109.06,67160.0,548.17753
1780467300.0,67160.0,67366.93,67150.0,67253.63,510.11889
1780468200.0,67253.64,67516.0,67179.47,67316.83,344.73386
1780469100.0,67316.83,67337.0,66962.95,66983.27,255.01928
1780470000.0,66983.27,67150.0,66872.01,67072.0,175.15181
1780470900.0,67072.0,67334.4,67028.0,67191.55,223.99719
1780471800.0,67191.54,67287.12,67078.91,67208.49,269.35563
1780472700.0,67208.5,67322.9,67188.01,67220.03,334.95843
1780473600.0,67220.03,67264.34,67066.55,67070.0,504.29252
1780474500.0,67069.99,67146.67,67006.06,67027.6,289.19502
1780475400.0,67027.61,67232.88,66974.0,67088.32,214.54617
1780476300.0,67088.33,67177.82,66978.0,67028.0,265.44014
1780477200.0,67028.01,67105.03,66942.0,66962.05,211.92074
1780478100.0,66962.05,66964.0,66808.27,66832.01,256.46714
1780479000.0,66832.01,66864.36,66728.19,66733.42,288.54047
1780479900.0,66733.42,67322.0,66656.48,67075.17,681.13322
1780480800.0,67075.18,67476.69,67068.51,67305.99,264.56742
1780481700.0,67305.98,67332.0,67192.88,67318.0,138.33325
1780482600.0,67318.0,67414.0,67202.54,67234.15,140.51809
1780483500.0,67234.15,67320.44,67182.72,67294.52,96.04383
1780484400.0,67294.51,67366.82,67203.18,67341.5,126.1962
1780485300.0,67341.5,67363.38,67292.94,67329.99,126.15983
1780486200.0,67330.0,67330.0,67111.0,67150.0,120.00968
1780487100.0,67150.01,67150.01,67056.58,67067.37,117.33262
1780488000.0,67067.37,67129.11,66886.87,66972.76,197.4324
1780488900.0,66972.75,67082.0,66782.65,67032.01,338.47753
1780489800.0,67032.02,67163.82,66840.0,66968.46,225.91624
1780490700.0,66968.46,67138.12,66925.37,67078.72,94.92349
1780491600.0,67078.72,67219.98,66984.0,67122.01,146.61695
1780492500.0,67122.01,67244.62,66834.05,66838.01,200.29218
1780493400.0,66838.01,67192.0,66717.82,66744.27,408.06509
1780494300.0,66744.26,67041.72,66635.0,66906.01,468.19825
1780495200.0,66906.0,66948.0,66739.56,66903.72,236.65348
1780496100.0,66903.72,66934.0,66643.96,66791.99,307.03926
1780497000.0,66792.0,66990.66,66707.21,66752.0,183.76913
1780497900.0,66751.99,66935.88,66744.0,66864.95,208.98192
1780498800.0,66864.95,66898.0,66500.0,66525.55,328.39785
1780499700.0,66525.55,66663.54,66256.52,66597.74,554.69138
1780500600.0,66597.74,66678.0,66226.82,66304.01,321.94341
1780501500.0,66304.01,66378.42,66076.0,66076.01,316.31657
1780502400.0,66076.01,66373.18,65872.5,66172.97,557.42629
1780503300.0,66172.97,66228.97,65555.0,65606.94,605.09551
1780504200.0,65606.94,65984.87,65586.44,65924.0,305.46982
1780505100.0,65924.0,66071.04,65822.4,66061.83,165.15115
1780506000.0,66061.83,66126.0,65704.8,65715.23,230.95126
1780506900.0,65715.23,65984.88,65715.23,65945.93,214.66283
1780507800.0,65945.93,66189.8,65851.81,66109.39,204.35102
1780508700.0,66109.38,66114.0,65806.0,65964.08,160.32854
1780509600.0,65964.08,66092.0,65860.73,65972.81,122.22772
1780510500.0,65972.8,65972.8,65744.01,65899.99,170.43061
1780511400.0,65900.0,66098.0,65784.07,66044.17,120.26948
1780512300.0,66044.16,66161.24,66018.0,66036.57,187.6644
1780513200.0,66036.56,66048.0,65902.0,65970.02,189.83627
1780514100.0,65970.02,66054.0,65600.0,65658.18,304.89018
1780515000.0,65658.01,65825.1,65624.89,65764.01,136.98568
1780515900.0,65764.0,65847.99,65251.0,65462.0,566.99755
1780516800.0,65461.99,65614.74,65252.0,65580.01,265.14635
1780517700.0,65580.0,65594.0,65283.69,65548.01,175.35685
1780518600.0,65548.01,65566.0,65179.99,65190.63,246.34485
1780519500.0,65190.63,65233.83,64766.0,65007.27,1205.20296
1780520400.0,65007.27,65579.58,64960.87,65413.39,289.64969
1780521300.0,65413.38,65592.11,65401.38,65522.01,152.2223
1780522200.0,65522.0,65720.01,65300.0,65518.0,412.91053
1780523100.0,65517.99,65860.0,65480.0,65768.88,399.3213
1780524000.0,65768.89,65841.23,65300.0,65328.0,288.34178
1780524900.0,65328.0,65328.0,65000.0,65168.01,225.8709
1780525800.0,65168.0,65257.33,64938.35,65065.99,207.1338
1780526700.0,65065.99,65094.0,64778.15,64912.98,253.17408
1780527600.0,64912.97,64979.99,64409.0,64604.63,802.38333
1780528500.0,64604.62,64650.46,64362.79,64505.4,256.39813
1780529400.0,64505.4,64633.5,64252.51,64260.0,423.55838
1780530300.0,64260.0,64346.54,64092.49,64142.75,337.89099
1780531200.0,64142.75,64428.0,64127.5,64316.53,365.24403
1780532100.0,64316.53,64387.44,63358.01,63358.01,1344.5459
1780533000.0,63358.01,63815.74,63070.0,63595.33,1179.7085
1780533900.0,63595.34,63601.41,63000.0,63344.97,623.29834
1780534800.0,63344.98,63500.0,63100.01,63124.0,667.28208
1780535700.0,63124.0,63134.0,62569.0,62699.99,1821.29829
1780536600.0,62700.0,63161.43,62697.37,62825.0,584.80889
1780537500.0,62825.0,62873.78,62100.01,62178.1,1685.65204
1780538400.0,62178.1,62491.24,61383.56,62402.13,2993.15998
1780539300.0,62402.14,63100.0,62150.0,62997.98,1255.17532
1780540200.0,62997.97,63499.41,62901.0,63410.0,1040.74183
1780541100.0,63410.0,63622.7,63155.7,63231.99,994.22113
1780542000.0,63232.0,64029.36,63218.48,63960.77,790.23925
1780542900.0,63960.77,64142.85,63884.35,63919.99,523.04127
1780543800.0,63920.0,64540.3,63903.98,64389.18,755.39221
1780544700.0,64389.17,64458.0,64254.98,64363.49,333.42501
1780545600.0,64363.49,64685.91,64338.0,64630.0,483.86756
1780546500.0,64630.0,64764.32,64504.0,64574.0,384.38254
1780547400.0,64574.01,64613.85,64265.73,64415.99,335.09792
1780548300.0,64415.99,64464.66,64309.06,64399.99,218.277
1780549200.0,64399.99,64400.0,63716.78,63958.0,401.05796
1780550100.0,63958.0,64017.51,63648.01,63842.13,375.09953
1780551000.0,63842.12,64337.85,63768.87,64282.0,299.91844
1780551900.0,64281.99,64282.0,63915.0,63955.47,196.77342
1780552800.0,63955.48,64260.0,63892.0,64260.0,160.09929
1780553700.0,64259.99,64481.22,64180.03,64255.99,233.83785
1780554600.0,64256.0,64438.0,64075.18,64336.0,210.92163
1780555500.0,64335.99,64335.99,63976.0,64027.99,197.4756
1780556400.0,64027.99,64062.81,63721.24,63811.2,227.38863
1780557300.0,63811.21,63829.98,63492.89,63696.01,451.05481
1780558200.0,63696.01,64048.0,63692.01,63930.55,467.32577
1780559100.0,63930.54,63952.0,63602.0,63603.15,358.10972
1780560000.0,63603.15,63904.63,63333.0,63360.0,345.21408
1780560900.0,63360.01,63593.0,63245.9,63484.0,573.73055
1780561800.0,63484.0,63682.0,63372.63,63417.62,431.26301
1780562700.0,63417.61,63755.95,63407.57,63629.99,220.02552
1780563600.0,63629.99,63644.0,63200.0,63337.74,290.95818
1780564500.0,63337.75,63337.75,62806.89,62863.99,672.40877
1780565400.0,62864.0,63000.0,62703.33,62899.44,940.47354
1780566300.0,62899.44,63272.01,62895.15,63266.0,425.48771
1780567200.0,63266.01,63276.0,62820.01,62872.58,489.02224
1780568100.0,62872.58,63006.0,62500.0,62501.51,461.65194
1780569000.0,62501.51,62792.0,62415.94,62723.46,590.53061
1780569900.0,62723.47,62800.53,62301.21,62420.0,1505.15198
1780570800.0,62420.01,62670.0,62223.0,62272.6,384.47151
1780571700.0,62272.61,62650.89,62238.0,62617.38,536.73889
1780572600.0,62617.37,62833.82,62205.0,62237.98,429.57244
1780573500.0,62237.99,62555.27,62237.98,62545.99,298.79021
1780574400.0,62546.0,62706.0,62392.0,62530.0,292.31121
1780575300.0,62530.0,63400.0,62525.74,63267.99,521.52263
1780576200.0,63267.99,63720.85,63148.8,63564.0,554.69033
1780577100.0,63564.0,63966.48,63506.0,63766.82,371.78982
1780578000.0,63766.82,63841.1,63546.0,63586.85,244.33909
1780578900.0,63586.85,63624.0,63068.41,63229.99,391.95529
1780579800.0,63230.0,64244.0,63194.22,63798.61,1012.74268
1780580700.0,63798.61,64230.0,63668.01,64230.0,438.66185
1780581600.0,64230.0,64494.92,63980.0,64365.73,559.55193
1780582500.0,64365.74,64411.2,64052.0,64144.0,283.32892
1780583400.0,64144.0,64148.0,63844.68,64000.91,243.89453
1780584300.0,64000.9,64078.0,63785.33,63958.97,227.99632
1780585200.0,63958.97,64370.0,63850.98,64365.52,356.01546
1780586100.0,64365.51,64404.0,63800.0,63982.45,252.87307
1780587000.0,63982.44,64085.56,63802.56,63842.53,247.23253
1780587900.0,63842.53,64000.0,63691.7,63896.17,187.08371
1780588800.0,63896.16,63920.0,63648.0,63660.0,178.28543
1780589700.0,63660.01,63878.0,63632.05,63646.01,155.76745
1780590600.0,63646.01,63790.0,63456.0,63742.01,178.00109
