timestamp,open,high,low,close,volume
1771130700.0,2077.84,2080.88,2074.0,2076.31,2104.0584
1771131600.0,2076.31,2086.11,2075.12,2083.5,3152.1266
1771132500.0,2083.51,2093.75,2083.3,2090.53,4191.7148
1771133400.0,2090.52,2094.72,2087.84,2090.69,3055.5373
1771134300.0,2090.68,2096.11,2088.67,2088.68,3118.2063
1771135200.0,2088.67,2090.99,2085.55,2087.31,1790.6496
1771136100.0,2087.32,2094.41,2086.18,2090.1,2751.0122
1771137000.0,2090.1,2094.71,2088.41,2088.41,2613.11
1771137900.0,2088.4,2089.37,2082.61,2085.85,1927.5472
1771138800.0,2085.85,2088.34,2084.02,2084.85,2115.608
1771139700.0,2084.86,2090.46,2082.47,2085.78,14940.8667
1771140600.0,2085.78,2103.32,2083.67,2090.18,11819.0366
1771141500.0,2090.18,2093.35,2088.75,2091.41,5886.2173
1771142400.0,2091.41,2096.82,2084.26,2085.01,8928.5375
1771143300.0,2085.02,2089.56,2076.16,2076.38,5310.5175
1771144200.0,2076.34,2077.74,2055.92,2063.72,9512.0423
1771145100.0,2063.72,2070.07,2061.31,2069.2,3564.9956
1771146000.0,2069.2,2078.86,2066.02,2074.05,3809.2755
1771146900.0,2074.04,2075.36,2070.84,2075.26,2058.4736
1771147800.0,2075.25,2075.45,2068.03,2071.11,1551.5933
1771148700.0,2071.11,2071.9,2066.89,2068.7,2049.6709
1771149600.0,2068.7,2070.26,2054.36,2058.01,3297.1998
1771150500.0,2058.0,2064.18,2055.09,2062.92,2423.2499
1771151400.0,2062.92,2063.59,2057.12,2063.57,1752.0979
1771152300.0,2063.57,2066.13,2059.58,2061.57,2943.0017
1771153200.0,2061.56,2066.53,2060.89,2063.82,1304.8222
1771154100.0,2063.82,2067.01,2060.0,2062.25,1433.482
1771155000.0,2062.24,2063.43,2058.61,2062.37,1228.6036
1771155900.0,2062.36,2063.26,2058.9,2061.96,925.0113
1771156800.0,2061.96,2063.0,2056.72,2059.85,1367.2191
1771157700.0,2059.84,2066.6,2056.75,2066.36,2310.4757
1771158600.0,2066.35,2068.63,2058.17,2061.41,1814.4537
1771159500.0,2061.4,2061.4,2011.0,2011.0,21959.9332
1771160400.0,2011.0,2025.79,2010.55,2020.14,13598.1771
1771161300.0,2020.13,2028.34,2006.6,2008.8,12126.2494
1771162200.0,2008.8,2014.45,2003.25,2007.16,10246.5745
1771163100.0,2007.16,2011.63,1994.05,2002.46,13021.1883
1771164000.0,2002.45,2006.39,1993.3,1997.78,8422.0637
1771164900.0,1997.79,2004.53,1996.66,2002.92,5150.7416
1771165800.0,2002.93,2012.43,1999.23,2011.4,6559.7046
1771166700.0,2011.41,2012.14,2007.4,2010.32,3339.34
1771167600.0,2010.32,2015.07,2008.37,2013.2,5593.3544
1771168500.0,2013.2,2013.2,2003.43,2003.82,3647.1779
1771169400.0,2003.81,2009.81,2002.5,2009.8,2746.6687
1771170300.0,2009.8,2012.49,2006.0,2011.29,3803.1975
1771171200.0,2011.29,2011.3,1993.35,2004.12,32130.1483
1771172100.0,2004.12,2007.5,1997.31,2007.5,14788.9337
1771173000.0,2007.5,2009.24,2002.18,2009.11,2803.9881
1771173900.0,2009.11,2010.18,2005.37,2006.27,2419.0538
1771174800.0,2006.27,2009.05,2004.22,2005.38,2364.6472
1771175700.0,2005.37,2005.37,1996.04,1998.44,3949.8735
1771176600.0,1998.44,2000.46,1987.0,1987.27,7552.992
1771177500.0,1987.28,1987.28,1957.9,1971.3,25529.6976
1771178400.0,1971.3,1980.07,1962.92,1974.5,8295.4633
1771179300.0,1974.51,1981.36,1968.99,1971.07,9354.7495
1771180200.0,1971.07,1971.82,1955.14,1966.4,53258.7366
1771181100.0,1966.4,1966.82,1952.62,1959.24,15521.7431
1771182000.0,1959.24,1961.96,1932.68,1941.86,87019.7912
1771182900.0,1941.87,1952.28,1935.97,1949.59,8579.8105
1771183800.0,1949.6,1949.92,1928.88,1935.43,9523.1069
1771184700.0,1935.42,1946.38,1935.1,1942.23,6590.976
1771185600.0,1942.22,1949.92,1933.77,1948.06,5428.4446
1771186500.0,1948.05,1950.02,1939.3,1949.56,3701.9986
1771187400.0,1949.56,1958.54,1947.48,1953.15,4674.6266
1771188300.0,1953.14,1955.3,1945.49,1950.11,3184.5672
1771189200.0,1950.11,1958.94,1950.0,1957.19,2442.8389
1771190100.0,1957.19,1960.44,1953.21,1955.55,2276.4323
1771191000.0,1955.54,1965.77,1954.59,1956.03,3549.0994
1771191900.0,1956.02,1960.46,1954.08,1958.55,1726.7824
1771192800.0,1958.55,1964.76,1956.58,1960.1,1948.9616
1771193700.0,1960.11,1968.37,1959.73,1963.48,2387.923
1771194600.0,1963.49,1967.94,1962.84,1966.77,1794.5103
1771195500.0,1966.77,1974.51,1962.8,1970.27,3300.1014
1771196400.0,1970.27,1970.89,1944.36,1951.69,7573.675
1771197300.0,1951.69,1959.19,1947.85,1958.49,4062.4827
1771198200.0,1958.5,1968.02,1958.49,1962.36,4718.3154
1771199100.0,1962.35,1968.01,1962.19,1966.58,2499.4505
1771200000.0,1966.59,1977.02,1964.51,1973.55,4524.0545
1771200900.0,1973.55,1979.3,1965.5,1968.85,8631.6948
1771201800.0,1968.85,1974.36,1964.86,1965.1,2401.1803
1771202700.0,1965.17,1972.51,1963.35,1969.11,2044.5229
1771203600.0,1969.11,1981.2,1967.7,1972.52,4148.8037
1771204500.0,1972.52,1975.67,1965.28,1967.44,2705.3846
1771205400.0,1967.44,1969.17,1957.0,1961.4,3520.6305
1771206300.0,1961.4,1964.67,1961.12,1963.06,1421.1087
1771207200.0,1963.06,1966.79,1958.02,1964.0,2246.2044
1771208100.0,1963.99,1964.18,1955.09,1956.63,2165.3257
1771209000.0,1956.63,1961.66,1955.29,1959.7,1735.7763
1771209900.0,1959.7,1961.85,1952.3,1957.0,2529.3535
1771210800.0,1957.01,1959.81,1956.49,1956.5,934.3113
1771211700.0,1956.5,1957.63,1948.76,1951.47,2966.2122
1771212600.0,1951.48,1955.81,1948.79,1955.19,2499.335
1771213500.0,1955.2,1959.48,1954.07,1958.78,2928.4631
1771214400.0,1958.78,1968.01,1958.34,1966.15,2967.752
1771215300.0,1966.15,1970.28,1965.05,1968.07,2233.2119
1771216200.0,1968.08,1969.3,1964.83,1965.8,1520.9365
1771217100.0,1965.8,1973.19,1965.08,1973.06,2567.8662
1771218000.0,1973.05,1974.17,1960.92,1960.95,3702.4186
1771218900.0,1960.95,1961.75,1954.71,1958.54,2154.283
1771219800.0,1958.53,1959.47,1952.91,1956.18,2580.1096
1771220700.0,1956.18,1959.48,1955.6,1958.0,2433.326
1771221600.0,1957.99,1961.26,1956.84,1959.83,959.0096
1771222500.0,1959.83,1961.2,1955.94,1960.23,1174.9015
1771223400.0,1960.23,1966.35,1959.48,1965.88,2453.3212
1771224300.0,1965.88,1967.58,1963.65,1966.69,1637.2979
1771225200.0,1966.69,1974.49,1964.32,1972.91,3306.4822
1771226100.0,1972.91,1978.64,1971.09,1973.97,3805.5044
1771227000.0,1973.98,1976.47,1965.32,1967.87,3262.8941
1771227900.0,1967.88,1972.48,1967.88,1971.13,1736.1667
1771228800.0,1971.14,1975.35,1970.0,1970.1,2517.3017
1771229700.0,1970.1,1977.85,1970.0,1974.87,2282.9463
1771230600.0,1974.87,1975.61,1970.88,1974.39,1150.1525
1771231500.0,1974.4,1978.51,1973.54,1977.31,1873.8258
1771232400.0,1977.31,1989.57,1976.16,1986.75,6530.7819
1771233300.0,1986.76,1988.6,1983.56,1986.17,5869.9493
1771234200.0,1986.16,1993.35,1982.34,1990.69,5300.179
1771235100.0,1990.69,1991.49,1985.95,1987.67,1798.9802
1771236000.0,1987.66,1988.91,1983.82,1987.64,2392.1424
1771236900.0,1987.65,1987.85,1977.83,1981.14,2672.6306
1771237800.0,1981.13,1983.72,1977.51,1980.99,1216.1234
1771238700.0,1980.99,1982.88,1978.88,1978.88,938.2561
1771239600.0,1978.88,1983.87,1963.67,1966.19,5246.7607
1771240500.0,1966.2,1973.21,1957.12,1972.48,6274.6021
1771241400.0,1972.48,1973.0,1966.14,1967.88,2758.5629
1771242300.0,1967.88,1979.25,1967.85,1976.15,2796.7058
1771243200.0,1976.16,1978.71,1974.37,1976.41,1043.1037
1771244100.0,1976.41,1996.01,1972.46,1992.42,5823.1012
1771245000.0,1992.42,1998.2,1986.83,1997.7,4463.8297
1771245900.0,1997.69,2009.52,1995.18,2006.24,6509.8936
1771246800.0,2006.25,2023.51,2003.59,2009.19,10924.1247
1771247700.0,2009.19,2014.48,1970.74,1976.62,13159.217
1771248600.0,1976.61,1987.45,1966.26,1974.71,9127.9789
1771249500.0,1974.71,1976.27,1961.23,1967.7,5890.3221
1771250400.0,1967.69,1973.55,1962.76,1967.89,3616.0544
1771251300.0,1967.9,1974.33,1954.97,1959.92,5623.5093
1771252200.0,1959.93,1975.11,1958.62,1970.7,4275.7747
1771253100.0,1970.71,1983.45,1966.6,1973.13,4716.9956
1771254000.0,1973.13,1986.12,1972.46,1973.05,6604.9284
1771254900.0,1973.04,1973.15,1963.05,1966.41,4646.0828
1771255800.0,1966.4,1966.51,1937.24,1950.97,19125.8129
1771256700.0,1950.97,1960.93,1948.59,1956.65,5305.9915
1771257600.0,1956.65,1980.04,1956.31,1971.03,10156.3345
1771258500.0,1971.03,1974.31,1963.95,1971.42,3689.5849
1771259400.0,1971.43,1974.18,1961.61,1974.09,4938.0284
1771260300.0,1974.08,1975.63,1970.31,1973.75,3396.5288
1771261200.0,1973.75,1977.29,1966.94,1972.11,3945.6991
1771262100.0,1972.12,1978.12,1964.48,1977.0,4328.914
1771263000.0,1976.99,1988.4,1976.01,1986.08,5177.5993
1771263900.0,1986.07,1986.08,1977.5,1978.99,3121.4957
1771264800.0,1978.99,1984.55,1978.85,1982.57,2124.9108
1771265700.0,1982.56,1985.68,1978.28,1979.49,2428.0308
1771266600.0,1979.48,1981.01,1973.84,1974.85,2963.269
1771267500.0,1974.86,1976.46,1967.1,1968.93,2757.5121
1771268400.0,1968.94,1971.95,1967.27,1971.61,1455.9698
1771269300.0,1971.61,1974.17,1966.22,1971.7,1730.2337
1771270200.0,1971.7,1979.74,1971.44,1977.82,2903.1387
1771271100.0,1977.81,1979.47,1973.07,1974.04,2000.2601
1771272000.0,1974.04,1976.31,1971.1,1974.44,2094.3132
1771272900.0,1974.43,1982.99,1971.86,1982.99,2781.8688
1771273800.0,1983.0,1985.0,1979.09,1983.44,2754.7322
1771274700.0,1983.44,1994.34,1982.19,1993.2,6089.3836
1771275600.0,1993.2,1993.91,1988.02,1993.91,3222.8667
1771276500.0,1993.9,1994.72,1987.02,1988.61,2867.6804
1771277400.0,1988.61,1990.91,1986.47,1988.99,1907.6487
1771278300.0,1988.98,2004.02,1986.2,1999.14,4005.4925
1771279200.0,1999.13,2002.54,1992.08,1992.89,3844.3755
1771280100.0,1992.89,1995.64,1989.59,1993.58,1915.3391
1771281000.0,1993.57,1995.3,1988.4,1991.0,3413.6745
1771281900.0,1991.01,1993.9,1984.39,1990.19,2444.4448
1771282800.0,1990.19,1997.97,1988.72,1996.36,2082.1332
1771283700.0,1996.35,1999.99,1993.75,1995.45,2336.1112
1771284600.0,1995.45,1997.45,1992.91,1994.41,1856.1727
1771285500.0,1994.4,2002.52,1994.4,1998.33,2239.7324
1771286400.0,1998.34,1999.54,1994.46,1999.07,1630.7592
1771287300.0,1999.07,2001.46,1993.41,1998.57,1132.3154
1771288200.0,1998.57,2002.19,1995.56,1998.23,2633.2674
1771289100.0,1998.24,2005.77,1997.58,1998.44,1850.8362
1771290000.0,1998.45,2002.79,1994.58,2001.66,1879.4309
1771290900.0,2001.67,2004.59,1998.56,2000.58,1413.5167
1771291800.0,2000.58,2008.05,1999.23,2002.33,1873.8127
1771292700.0,2002.33,2003.33,1991.0,1991.82,2452.8004
1771293600.0,1991.8,2008.58,1979.7,2003.69,8544.4112
1771294500.0,2003.7,2007.21,2001.74,2004.87,2930.9664
1771295400.0,2004.86,2005.4,1999.76,2002.1,1454.7239
1771296300.0,2002.1,2005.12,1998.59,1998.59,3462.8791
1771297200.0,1998.6,1999.22,1990.11,1992.17,3198.0876
1771298100.0,1992.17,1994.67,1987.79,1990.72,1274.4749
1771299000.0,1990.72,1990.72,1985.34,1988.91,2331.1854
1771299900.0,1988.91,1990.87,1984.73,1985.7,1916.8248
1771300800.0,1985.69,1989.81,1983.09,1986.81,1977.1034
1771301700.0,1986.81,1998.48,1984.0,1993.5,4184.6048
1771302600.0,1993.49,1993.5,1982.23,1988.93,2828.8089
1771303500.0,1988.93,1990.59,1987.51,1989.44,952.6715
1771304400.0,1989.44,1991.05,1983.64,1984.21,1884.6844
1771305300.0,1984.2,1985.14,1970.63,1974.03,6654.8575
1771306200.0,1974.02,1975.47,1964.72,1973.54,6403.8084
1771307100.0,1973.54,1976.85,1972.31,1975.68,2888.5781
1771308000.0,1975.68,1981.49,1975.67,1978.75,2097.5087
1771308900.0,1978.76,1985.07,1976.93,1982.71,2178.0368
1771309800.0,1982.72,1983.55,1980.29,1981.2,1592.0299
1771310700.0,1981.2,1982.84,1980.0,1981.02,905.265
1771311600.0,1981.02,1981.15,1975.29,1976.43,1973.5296
1771312500.0,1976.43,1979.11,1973.32,1974.66,1528.5833
1771313400.0,1974.66,1983.56,1973.78,1982.06,2540.4992
1771314300.0,1982.05,1988.22,1980.88,1985.91,4399.6118
1771315200.0,1985.91,1990.88,1985.76,1988.49,1584.045
1771316100.0,1988.49,1988.68,1983.43,1983.98,2662.0832
1771317000.0,1983.99,1986.0,1973.95,1978.35,6400.6259
1771317900.0,1978.36,1979.26,1974.72,1977.08,2413.8923
1771318800.0,1977.07,1979.99,1969.79,1971.84,3808.8724
1771319700.0,1971.85,1975.26,1970.98,1973.43,3435.9329
1771320600.0,1973.43,1975.22,1970.58,1973.73,3386.2493
1771321500.0,1973.74,1977.65,1973.73,1976.16,3047.8582
1771322400.0,1976.15,1978.77,1972.19,1973.43,4136.3922
1771323300.0,1973.43,1973.43,1964.32,1966.88,4371.708
1771324200.0,1966.88,1968.69,1962.76,1964.11,2404.7986
1771325100.0,1964.11,1966.93,1961.71,1966.93,2271.2431
1771326000.0,1966.92,1971.73,1964.28,1971.22,2350.2206
1771326900.0,1971.22,1972.5,1964.75,1970.49,1564.2375
1771327800.0,1970.49,1971.61,1966.32,1966.58,726.5936
1771328700.0,1966.58,1970.32,1965.33,1968.47,2691.6133
1771329600.0,1968.47,1977.02,1967.79,1973.1,4688.9461
1771330500.0,1973.09,1974.18,1970.05,1972.21,2495.0325
1771331400.0,1972.21,1976.93,1969.78,1974.3,2215.1102
1771332300.0,1974.31,1974.97,1967.21,1969.76,1795.7211
1771333200.0,1969.76,1984.32,1964.74,1980.25,5587.654
1771334100.0,1980.24,1989.96,1977.21,1984.2,4541.6703
1771335000.0,1984.21,1985.89,1981.49,1983.32,1741.2865
1771335900.0,1983.32,1999.72,1981.32,1990.53,7837.582
1771336800.0,1990.53,2002.7,1988.24,1993.94,6088.6305
1771337700.0,1993.94,1995.48,1987.86,1988.11,3829.3824
1771338600.0,1988.12,1997.22,1954.04,1961.76,18922.0596
1771339500.0,1961.77,1962.31,1944.3,1948.49,21868.4986
1771340400.0,1948.5,1963.71,1946.86,1952.94,11979.3371
1771341300.0,1952.94,1966.67,1946.67,1951.08,8754.2413
1771342200.0,1951.09,1955.03,1941.66,1954.21,7308.0051
1771343100.0,1954.22,1969.66,1953.73,1968.58,7952.111
1771344000.0,1968.59,1995.43,1967.65,1987.29,14685.635
1771344900.0,1987.3,1994.17,1981.88,1984.35,6028.7643
1771345800.0,1984.36,2010.47,1981.83,1992.63,16738.4494
1771346700.0,1992.63,1993.36,1979.83,1980.36,6502.9607
1771347600.0,1980.37,1984.05,1959.0,1965.76,9349.2562
1771348500.0,1965.73,1973.83,1963.59,1973.82,4573.5697
1771349400.0,1973.83,1974.57,1959.7,1960.4,4419.9462
1771350300.0,1960.39,1966.85,1954.03,1966.27,6624.8349
1771351200.0,1966.28,1968.85,1961.73,1967.84,2726.4104
1771352100.0,1967.84,1991.5,1963.86,1989.74,8664.1212
1771353000.0,1989.77,2007.02,1987.59,2001.12,8833.2582
1771353900.0,2001.13,2004.52,1995.54,1998.69,5147.1921
1771354800.0,1998.7,2013.99,1996.7,2012.34,7584.0728
1771355700.0,2012.34,2015.33,1998.79,2001.64,7209.2523
1771356600.0,2001.63,2004.74,1995.07,2004.69,5151.2171
1771357500.0,2004.69,2008.79,1997.05,1998.14,3388.2782
1771358400.0,1998.15,2001.37,1991.55,1994.0,3534.9304
1771359300.0,1994.0,1997.31,1989.17,1995.57,3541.5528
1771360200.0,1995.56,2001.5,1987.57,1999.02,3530.6703
1771361100.0,1999.01,2000.08,1993.94,1994.71,3778.3896
1771362000.0,1994.71,2001.52,1992.34,2001.03,2509.8564
1771362900.0,2001.03,2002.79,1993.61,1995.42,1873.0872
1771363800.0,1995.42,1997.52,1993.07,1996.34,986.2096
1771364700.0,1996.34,2000.59,1995.11,1999.74,981.0381
1771365600.0,1999.74,2000.59,1996.57,2000.58,1427.1709
1771366500.0,2000.59,2002.43,1997.61,2001.07,1686.9432
1771367400.0,2001.07,2004.0,1998.23,1999.44,2047.6359
1771368300.0,1999.44,2000.67,1992.39,1993.92,1748.4858
1771369200.0,1993.91,1996.18,1989.67,1992.53,2522.7067
1771370100.0,1992.54,1998.19,1991.68,1992.69,1308.6444
1771371000.0,1992.69,1995.56,1990.62,1995.04,2240.8784
1771371900.0,1995.05,1995.56,1990.33,1991.66,5069.4164
1771372800.0,1991.67,1996.91,1991.43,1996.1,1875.8233
1771373700.0,1996.09,1997.89,1989.38,1991.62,2339.4037
1771374600.0,1991.62,1996.55,1991.3,1992.33,1180.3302
1771375500.0,1992.33,1992.34,1981.18,1981.54,5243.3897
1771376400.0,1981.54,1984.18,1971.18,1973.92,6526.3385
1771377300.0,1973.92,1978.91,1973.25,1974.41,4009.7956
1771378200.0,1974.41,1978.8,1968.68,1978.32,3825.915
1771379100.0,1978.31,1979.49,1975.38,1978.07,2092.5059
1771380000.0,1978.08,1989.91,1977.57,1985.65,2903.47
1771380900.0,1985.66,1987.12,1983.19,1983.86,5563.2223
1771381800.0,1983.85,1992.83,1983.24,1991.05,1980.6432
1771382700.0,1991.04,1991.58,1987.52,1987.61,1932.4155
1771383600.0,1987.61,1991.21,1986.86,1989.38,1171.1723
1771384500.0,1989.39,1995.14,1989.0,1994.22,1354.6656
1771385400.0,1994.21,1999.7,1993.12,1997.78,4670.2367
1771386300.0,1997.79,2000.56,1996.15,1997.07,2025.3356
1771387200.0,1997.08,2002.78,1994.33,1997.6,5060.1306
1771388100.0,1997.63,2000.45,1996.0,1996.84,1145.4178
1771389000.0,1996.84,1998.19,1993.35,1994.29,1651.2726
1771389900.0,1994.29,2000.8,1993.35,1999.15,2589.1303
1771390800.0,1999.18,2001.44,1996.96,1999.24,977.1821
1771391700.0,1999.24,2002.91,1997.88,1998.38,2098.0127
1771392600.0,1998.37,2000.78,1996.0,1998.8,1054.6306
1771393500.0,1998.79,2001.47,1996.21,1996.49,1601.8206
1771394400.0,1996.5,2001.37,1995.56,2000.16,855.48
1771395300.0,2000.16,2006.66,1998.84,2005.31,1929.0359
1771396200.0,2005.3,2006.19,2002.5,2004.87,1584.8977
1771397100.0,2004.88,2008.62,2002.0,2002.06,1500.4819
1771398000.0,2002.06,2004.99,1999.81,1999.81,2173.3859
1771398900.0,1999.81,2000.67,1996.71,1999.9,1080.275
1771399800.0,1999.89,2014.7,1998.98,2012.15,5369.2602
1771400700.0,2012.15,2023.52,2010.68,2018.07,6975.1065
1771401600.0,2018.06,2022.44,2017.17,2018.64,3069.9157
1771402500.0,2018.64,2039.05,2017.82,2030.19,9698.6062
1771403400.0,2030.2,2030.87,2020.75,2022.6,4055.1141
1771404300.0,2022.59,2024.57,2019.52,2020.7,2975.7494
1771405200.0,2020.69,2021.0,2016.52,2019.23,3376.9794
1771406100.0,2019.24,2021.4,2018.03,2019.7,1724.5142
1771407000.0,2019.7,2022.75,2018.12,2022.25,2099.0537
1771407900.0,2022.25,2022.25,2015.82,2016.69,1307.6052
1771408800.0,2016.69,2018.28,2013.74,2016.6,1147.3515
1771409700.0,2016.61,2016.92,2009.74,2012.13,1844.8952
1771410600.0,2012.14,2012.3,1999.23,2000.08,5538.5223
1771411500.0,2000.09,2001.24,1995.55,1997.27,5096.6709
1771412400.0,1997.27,1998.3,1976.57,1984.98,8946.1662
1771413300.0,1984.98,1986.64,1980.37,1983.21,3266.7613
1771414200.0,1983.22,1986.47,1981.63,1985.22,3555.9715
1771415100.0,1985.22,1989.93,1981.35,1981.43,2748.0871
1771416000.0,1981.44,1989.38,1979.79,1985.16,3601.528
1771416900.0,1985.15,1986.95,1978.05,1981.91,5542.9581
1771417800.0,1981.92,1984.42,1971.66,1983.9,6627.2473
1771418700.0,1983.9,1986.59,1981.71,1982.47,1605.8841
1771419600.0,1982.48,1989.02,1980.06,1987.08,2430.0247
1771420500.0,1987.09,1991.91,1984.55,1986.06,2588.0162
1771421400.0,1986.06,1987.75,1973.63,1976.0,4299.8014
1771422300.0,1976.01,1976.57,1961.56,1970.68,9511.1305
1771423200.0,1970.67,1974.1,1969.37,1972.35,4788.7357
1771424100.0,1972.34,1972.84,1965.2,1965.2,4986.1728
1771425000.0,1965.2,1976.85,1963.49,1970.09,15575.794
1771425900.0,1970.08,1975.85,1954.3,1974.66,12998.9104
1771426800.0,1974.65,1993.59,1973.58,1984.33,10478.3493
1771427700.0,1984.33,1990.62,1979.68,1981.98,4026.3312
1771428600.0,1981.99,2010.3,1979.84,2001.73,11842.9585
1771429500.0,2001.74,2002.34,1982.09,1985.48,7539.1643
1771430400.0,1985.48,1985.67,1965.0,1968.55,11854.9657
1771431300.0,1968.55,1978.28,1966.0,1976.32,6257.542
1771432200.0,1976.31,1979.07,1968.48,1973.83,3881.857
1771433100.0,1973.83,1975.65,1968.0,1971.78,2142.8786
1771434000.0,1971.78,1987.89,1970.81,1976.16,3761.897
1771434900.0,1976.16,1978.92,1971.58,1974.77,2283.1493
1771435800.0,1974.79,1979.92,1974.63,1975.01,2030.5562
1771436700.0,1975.02,1976.87,1972.12,1974.57,2560.2997
1771437600.0,1974.58,1977.59,1971.27,1972.67,2443.3126
1771438500.0,1972.68,1973.21,1955.8,1968.63,7982.4835
1771439400.0,1968.62,1972.07,1949.56,1952.27,8259.6135
1771440300.0,1952.27,1960.61,1949.21,1952.62,6426.3028
1771441200.0,1952.62,1961.57,1950.65,1955.36,4177.0907
1771442100.0,1955.36,1957.83,1944.52,1951.99,5724.6693
1771443000.0,1951.98,1953.5,1923.78,1935.48,18959.0649
1771443900.0,1935.47,1942.31,1930.89,1941.03,6775.3143
1771444800.0,1941.04,1944.18,1936.93,1939.01,3927.6512
1771445700.0,1939.02,1944.39,1935.82,1940.95,2726.7654
1771446600.0,1940.94,1952.67,1940.49,1950.02,3795.2683
1771447500.0,1950.03,1952.79,1939.01,1939.67,5983.4489
1771448400.0,1939.68,1943.03,1935.94,1942.44,4164.4328
1771449300.0,1942.44,1947.54,1942.17,1947.12,1446.6508
1771450200.0,1947.11,1948.37,1943.55,1945.58,1324.779
1771451100.0,1945.55,1946.6,1939.36,1942.0,2845.8506
1771452000.0,1941.96,1946.1,1939.92,1941.11,1944.7858
1771452900.0,1941.12,1944.62,1939.96,1940.32,1264.3855
1771453800.0,1940.32,1948.43,1940.32,1946.3,1553.2225
1771454700.0,1946.3,1950.14,1946.25,1948.24,1161.3798
1771455600.0,1948.24,1950.77,1944.62,1947.65,2583.1892
1771456500.0,1947.66,1950.04,1944.84,1948.74,2157.4543
1771457400.0,1948.74,1955.5,1948.68,1953.95,3753.0068
1771458300.0,1953.96,1956.79,1953.15,1955.91,2250.5867
1771459200.0,1955.9,1958.76,1952.97,1954.32,1315.7188
1771460100.0,1954.32,1961.22,1950.5,1953.68,2549.1642
1771461000.0,1953.68,1959.48,1952.43,1958.79,781.2842
1771461900.0,1958.79,1961.22,1953.43,1956.54,1278.7774
1771462800.0,1956.54,1974.73,1956.42,1970.25,4154.6588
1771463700.0,1970.25,1970.93,1959.29,1963.04,1991.096
1771464600.0,1963.04,1968.16,1959.71,1965.85,1958.0514
1771465500.0,1965.85,1967.91,1964.99,1967.01,905.578
1771466400.0,1967.01,1971.27,1964.6,1969.49,1510.8788
1771467300.0,1969.5,1973.0,1967.97,1972.49,1528.1147
1771468200.0,1972.48,1972.95,1963.41,1963.96,1873.7967
1771469100.0,1963.96,1970.0,1962.77,1968.06,1368.5318
1771470000.0,1968.06,1970.5,1963.14,1965.34,1037.9992
1771470900.0,1965.35,1973.18,1965.13,1973.18,982.7112
1771471800.0,1973.17,1973.18,1967.27,1968.95,1362.9151
1771472700.0,1968.96,1973.44,1967.68,1972.33,1477.0968
1771473600.0,1972.32,1979.84,1971.16,1976.29,3074.9309
1771474500.0,1976.3,1976.91,1972.51,1974.64,1824.6706
1771475400.0,1974.65,1979.04,1971.61,1971.62,3877.6618
1771476300.0,1971.61,1974.55,1969.21,1969.5,2080.2603
1771477200.0,1969.51,1971.86,1964.98,1970.08,5303.5292
1771478100.0,1970.08,1972.72,1964.49,1965.81,975.687
1771479000.0,1965.8,1969.12,1964.2,1967.21,959.9155
1771479900.0,1967.21,1971.19,1966.0,1970.33,711.0797
1771480800.0,1970.32,1974.97,1970.04,1973.29,1304.7932
1771481700.0,1973.28,1983.38,1972.24,1981.31,2895.3225
1771482600.0,1981.32,1985.0,1978.88,1979.61,1895.1784
1771483500.0,1979.61,1985.0,1979.61,1982.92,1195.0749
1771484400.0,1982.93,1987.55,1979.64,1983.74,2353.3123
1771485300.0,1983.74,1986.14,1982.43,1982.91,1337.8587
1771486200.0,1982.91,1985.62,1979.5,1982.46,2045.7412
1771487100.0,1982.46,1982.91,1979.05,1981.76,2286.8784
1771488000.0,1981.76,1982.54,1974.91,1977.36,3257.9684
1771488900.0,1977.35,1980.0,1970.9,1972.63,2381.6971
1771489800.0,1972.63,1973.37,1967.34,1968.99,2184.3192
1771490700.0,1968.99,1971.36,1966.35,1970.5,1718.8701
1771491600.0,1970.5,1975.0,1968.44,1973.81,2079.3264
1771492500.0,1973.81,1980.51,1971.38,1977.18,3006.408
1771493400.0,1977.19,1978.07,1972.71,1973.92,1244.1432
1771494300.0,1973.93,1973.96,1961.64,1963.79,2814.6916
1771495200.0,1963.8,1967.78,1957.45,1966.0,5148.5282
1771496100.0,1966.0,1968.65,1965.0,1966.01,1728.9805
1771497000.0,1966.0,1967.57,1962.55,1966.06,1708.0544
1771497900.0,1966.06,1966.06,1958.22,1959.64,2123.36
1771498800.0,1959.65,1963.77,1958.44,1963.58,1682.9815
1771499700.0,1963.58,1964.56,1960.06,1960.46,2454.4463
1771500600.0,1960.46,1960.96,1955.22,1956.83,2304.695
1771501500.0,1956.84,1956.86,1948.16,1949.58,7370.1561
1771502400.0,1949.59,1952.97,1945.09,1950.45,5196.3023
1771503300.0,1950.43,1953.78,1947.58,1953.12,1767.4076
1771504200.0,1953.13,1956.18,1950.28,1953.52,1742.6127
1771505100.0,1953.53,1953.9,1947.1,1947.3,1992.2176
1771506000.0,1947.3,1948.22,1933.34,1939.38,6635.3254
1771506900.0,1939.39,1940.07,1931.33,1932.47,3475.8793
1771507800.0,1932.47,1936.51,1915.01,1917.77,14849.668
1771508700.0,1917.77,1924.15,1911.49,1921.4,6733.6104
1771509600.0,1921.4,1933.53,1920.01,1930.23,5571.2805
1771510500.0,1930.23,1930.42,1923.43,1927.07,2592.0767
1771511400.0,1927.06,1938.21,1912.07,1934.66,12478.5932
1771512300.0,1934.66,1948.52,1928.0,1936.87,8468.4478
1771513200.0,1936.87,1947.78,1913.24,1914.49,10502.2278
1771514100.0,1914.49,1926.55,1913.93,1917.57,8284.4363
1771515000.0,1917.58,1931.51,1914.0,1931.29,6098.1986
1771515900.0,1931.28,1934.69,1914.7,1926.3,6507.2019
1771516800.0,1926.29,1926.3,1907.0,1918.17,8549.3044
1771517700.0,1918.17,1928.97,1915.16,1918.41,4614.6067
1771518600.0,1918.41,1929.93,1918.41,1926.76,2958.2862
1771519500.0,1926.76,1927.96,1918.62,1922.07,2561.9956
1771520400.0,1922.08,1931.41,1919.21,1929.84,4028.7387
1771521300.0,1929.85,1944.57,1925.95,1929.41,7854.559
1771522200.0,1929.41,1931.31,1923.75,1927.68,3221.6307
1771523100.0,1927.68,1929.63,1910.77,1920.72,4231.2808
1771524000.0,1920.71,1934.5,1916.59,1934.01,4879.4841
1771524900.0,1934.01,1940.67,1927.03,1937.99,3637.7522
1771525800.0,1938.0,1941.85,1931.26,1940.39,3141.6509
1771526700.0,1940.39,1944.67,1936.0,1939.99,3161.4501
1771527600.0,1940.0,1947.52,1935.36,1940.95,3820.7756
1771528500.0,1940.95,1943.55,1934.82,1936.87,1760.7852
1771529400.0,1936.87,1937.94,1927.84,1932.71,2465.9749
1771530300.0,1932.72,1943.03,1929.97,1941.34,2555.926
1771531200.0,1941.33,1946.28,1938.37,1940.3,1856.5688
1771532100.0,1940.3,1940.58,1934.79,1938.68,1627.9421
1771533000.0,1938.67,1943.18,1938.0,1942.33,2174.8405
1771533900.0,1942.33,1952.0,1942.33,1950.29,6164.0236
1771534800.0,1950.29,1952.57,1947.89,1947.9,2360.2494
1771535700.0,1947.89,1949.74,1946.18,1947.66,1464.1875
1771536600.0,1947.65,1951.74,1945.77,1948.73,1777.1414
1771537500.0,1948.73,1949.69,1945.77,1948.5,1270.0358
1771538400.0,1948.5,1948.82,1942.42,1945.85,1989.9881
1771539300.0,1945.84,1945.84,1939.48,1939.69,1911.521
1771540200.0,1939.7,1941.84,1937.09,1940.87,2216.5905
1771541100.0,1940.87,1945.45,1939.29,1943.96,780.6351
1771542000.0,1943.96,1947.33,1942.29,1945.13,1358.9609
1771542900.0,1945.13,1950.43,1945.13,1950.15,1505.0279
1771543800.0,1950.15,1951.33,1948.41,1950.01,1303.9321
1771544700.0,1950.02,1951.26,1946.22,1949.08,748.8477
1771545600.0,1949.08,1955.19,1947.41,1954.93,2085.8165
1771546500.0,1954.94,1964.54,1952.02,1963.21,4424.5205
1771547400.0,1963.2,1964.27,1958.02,1959.7,1687.5256
1771548300.0,1959.71,1962.42,1957.02,1957.56,1339.8539
1771549200.0,1957.57,1961.56,1957.06,1961.2,1192.1727
1771550100.0,1961.19,1961.19,1954.1,1955.29,1570.8245
1771551000.0,1955.28,1958.74,1954.72,1957.68,1312.052
1771551900.0,1957.69,1957.69,1950.03,1953.76,1375.4956
1771552800.0,1953.77,1956.7,1951.27,1952.6,1440.397
1771553700.0,1952.6,1953.29,1948.17,1948.98,2015.0791
1771554600.0,1948.97,1955.0,1948.91,1955.0,1607.0837
1771555500.0,1954.99,1954.99,1949.68,1949.69,1088.7463
1771556400.0,1949.69,1953.42,1949.69,1951.92,976.8054
1771557300.0,1951.91,1960.64,1950.03,1958.26,2281.6581
1771558200.0,1958.26,1960.3,1954.61,1955.02,2782.2318
1771559100.0,1955.02,1956.37,1954.44,1954.85,1506.1101
1771560000.0,1954.85,1956.15,1944.67,1947.73,3565.0931
1771560900.0,1947.74,1949.98,1931.01,1937.93,8294.5096
1771561800.0,1937.93,1945.66,1937.0,1944.96,2190.4716
1771562700.0,1944.95,1944.95,1934.78,1939.17,3009.8681
1771563600.0,1939.17,1940.82,1936.21,1939.35,1655.0163
1771564500.0,1939.34,1945.23,1938.06,1944.05,1894.5101
1771565400.0,1944.05,1965.5,1944.05,1960.05,7011.0417
1771566300.0,1960.04,1962.15,1953.58,1955.23,3044.8621
1771567200.0,1955.23,1959.83,1955.13,1958.77,2324.1502
1771568100.0,1958.77,1959.54,1953.98,1953.98,2160.7534
1771569000.0,1953.99,1957.34,1949.82,1955.25,3449.1925
1771569900.0,1955.25,1960.36,1953.92,1958.47,3112.2045
1771570800.0,1958.47,1959.31,1956.98,1958.38,3750.6118
1771571700.0,1958.39,1963.96,1958.36,1962.26,2440.536
1771572600.0,1962.25,1966.41,1960.86,1963.77,4347.6417
1771573500.0,1963.77,1968.55,1959.45,1960.97,3715.6598
1771574400.0,1960.93,1963.42,1959.01,1962.06,2380.7358
1771575300.0,1962.05,1966.32,1961.76,1963.88,1917.804
1771576200.0,1963.88,1965.44,1957.12,1958.38,2701.5299
1771577100.0,1958.37,1963.05,1958.04,1960.0,1987.2125
1771578000.0,1960.0,1972.27,1959.91,1969.66,7591.4323
1771578900.0,1969.65,1971.81,1966.06,1967.61,3632.4961
1771579800.0,1967.61,1968.91,1965.03,1967.76,3449.2282
1771580700.0,1967.77,1969.91,1967.25,1968.15,2594.6022
1771581600.0,1968.15,1973.86,1965.6,1968.37,4434.4236
1771582500.0,1968.37,1972.51,1966.8,1969.8,2976.7752
1771583400.0,1969.79,1970.23,1960.7,1962.22,3222.9696
1771584300.0,1962.22,1963.11,1956.55,1957.54,2592.0349
1771585200.0,1957.53,1957.58,1952.01,1954.44,4177.8185
1771586100.0,1954.45,1956.16,1951.37,1953.87,4784.7462
1771587000.0,1953.87,1954.81,1943.6,1943.83,3837.0706
1771587900.0,1943.9,1947.93,1940.58,1943.98,6465.5218
1771588800.0,1943.99,1948.56,1942.39,1947.87,4244.0935
1771589700.0,1947.86,1949.86,1944.32,1945.51,2785.9963
1771590600.0,1945.51,1948.25,1944.75,1946.08,4218.3523
1771591500.0,1946.08,1951.65,1945.21,1949.82,3127.1781
1771592400.0,1949.82,1949.83,1940.57,1945.34,5033.3144
1771593300.0,1945.34,1948.97,1938.54,1946.71,4670.6088
1771594200.0,1946.71,1947.0,1922.97,1928.41,11629.6183
1771595100.0,1928.42,1935.0,1927.45,1934.11,4636.2826
1771596000.0,1934.11,1940.81,1933.07,1935.91,2545.8483
1771596900.0,1935.92,1943.27,1934.01,1940.04,3670.8901
1771597800.0,1940.05,1954.28,1937.39,1947.78,7798.4996
1771598700.0,1947.79,1949.55,1940.45,1943.7,4755.9185
1771599600.0,1943.7,1980.49,1942.83,1945.94,35755.4545
1771600500.0,1945.94,1963.26,1935.4,1956.56,13053.4498
1771601400.0,1956.57,1958.43,1943.21,1950.52,7674.0155
1771602300.0,1950.51,1967.1,1948.31,1963.95,6343.7545
1771603200.0,1963.96,1969.87,1960.5,1963.52,9100.7325
1771604100.0,1963.52,1973.5,1956.65,1956.77,7967.6137
1771605000.0,1956.78,1959.76,1953.86,1957.67,5116.8231
1771605900.0,1957.66,1972.0,1957.39,1968.62,9022.0716
1771606800.0,1968.62,1968.62,1947.55,1947.56,6047.2271
1771607700.0,1947.55,1949.58,1939.21,1944.38,6136.1593
1771608600.0,1944.39,1961.04,1943.36,1958.23,5007.3392
1771609500.0,1958.23,1970.94,1955.22,1966.57,10901.9478
1771610400.0,1966.56,1970.45,1962.92,1964.77,5768.478
1771611300.0,1964.77,1969.24,1960.02,1968.74,3359.8298
1771612200.0,1968.73,1981.18,1959.89,1972.11,11880.1363
1771613100.0,1972.11,1978.9,1968.77,1975.56,5065.7077
1771614000.0,1975.55,1978.15,1965.11,1966.56,4026.022
1771614900.0,1966.55,1969.09,1962.42,1964.37,1917.9287
1771615800.0,1964.37,1971.7,1962.36,1963.36,1822.5675
1771616700.0,1963.37,1965.64,1961.67,1963.69,1814.6283
1771617600.0,1963.69,1970.23,1963.08,1970.0,1355.6092
1771618500.0,1970.0,1970.0,1962.62,1963.57,930.3239
1771619400.0,1963.57,1969.0,1961.6,1968.7,942.8283
1771620300.0,1968.7,1971.36,1966.24,1971.05,2297.1438
1771621200.0,1971.04,1974.38,1967.19,1972.65,2508.5919
1771622100.0,1972.65,1972.65,1968.88,1970.94,1108.3956
1771623000.0,1970.93,1974.68,1969.7,1973.26,935.221
1771623900.0,1973.25,1975.27,1971.99,1974.38,717.8258
1771624800.0,1974.37,1974.37,1964.4,1965.41,2320.218
1771625700.0,1965.42,1971.88,1964.69,1970.39,1731.3479
1771626600.0,1970.38,1972.7,1967.67,1968.48,2602.0716
1771627500.0,1968.49,1973.11,1967.35,1971.4,932.4029
1771628400.0,1971.39,1973.27,1968.09,1968.32,1759.7922
1771629300.0,1968.31,1970.0,1967.29,1967.41,662.6196
1771630200.0,1967.41,1969.0,1963.54,1966.02,3770.8325
1771631100.0,1966.01,1970.21,1966.01,1968.88,1380.9471
1771632000.0,1968.88,1969.47,1965.43,1967.83,896.7401
1771632900.0,1967.83,1968.27,1965.12,1966.01,1178.6448
1771633800.0,1966.0,1966.66,1962.19,1963.51,933.1837
1771634700.0,1963.51,1964.81,1961.47,1963.22,681.3487
1771635600.0,1963.23,1966.4,1963.0,1965.95,1197.4859
1771636500.0,1965.94,1966.71,1963.41,1964.13,1902.9839
1771637400.0,1964.13,1969.09,1963.85,1967.76,831.8083
1771638300.0,1967.75,1968.38,1965.63,1966.24,761.4245
1771639200.0,1966.25,1969.09,1964.83,1967.86,539.9788
1771640100.0,1967.85,1970.12,1966.7,1969.41,725.5829
1771641000.0,1969.42,1970.7,1967.06,1968.38,791.4658
1771641900.0,1968.38,1968.38,1965.33,1965.69,572.8282
1771642800.0,1965.69,1966.0,1959.63,1960.84,2276.8065
1771643700.0,1960.83,1963.05,1960.08,1962.36,597.0713
1771644600.0,1962.37,1963.21,1955.62,1957.85,1805.7893
1771645500.0,1957.85,1959.23,1957.08,1959.03,888.0546
1771646400.0,1959.03,1960.51,1957.54,1958.54,1315.7885
1771647300.0,1958.54,1960.61,1956.21,1959.79,973.3043
1771648200.0,1959.79,1962.49,1958.87,1960.2,731.7825
1771649100.0,1960.19,1963.29,1959.25,1962.4,1099.8253
1771650000.0,1962.4,1963.32,1961.2,1961.21,601.3451
1771650900.0,1961.2,1963.64,1961.2,1963.64,1888.3881
1771651800.0,1963.64,1964.43,1962.4,1963.69,500.3946
1771652700.0,1963.7,1963.93,1961.55,1962.86,525.2328
1771653600.0,1962.86,1966.09,1961.61,1965.61,2311.6702
1771654500.0,1965.61,1966.0,1963.3,1963.38,578.7168
1771655400.0,1963.39,1963.39,1960.81,1962.14,692.7009
1771656300.0,1962.14,1962.51,1960.52,1961.5,455.6553
1771657200.0,1961.5,1964.84,1960.0,1963.5,809.0422
1771658100.0,1963.51,1964.41,1962.78,1963.34,502.8875
1771659000.0,1963.35,1964.04,1961.26,1961.77,589.9617
1771659900.0,1961.75,1963.05,1961.33,1962.71,744.8874
1771660800.0,1962.7,1965.34,1962.0,1964.59,2268.2917
1771661700.0,1964.59,1965.65,1964.07,1964.54,1314.9555
1771662600.0,1964.55,1966.53,1963.69,1966.03,1374.2554
1771663500.0,1966.04,1971.18,1965.36,1969.0,2122.9793
1771664400.0,1969.01,1970.37,1967.2,1967.67,969.8637
1771665300.0,1967.66,1977.66,1967.66,1975.84,5473.8063
1771666200.0,1975.84,1977.32,1970.02,1972.99,4526.3694
1771667100.0,1972.99,1973.68,1970.28,1970.28,1085.0924
1771668000.0,1970.28,1973.37,1969.09,1971.97,2207.997
1771668900.0,1971.97,1973.85,1970.78,1973.34,1539.7274
1771669800.0,1973.33,1974.88,1972.98,1974.88,1607.2797
1771670700.0,1974.88,1974.88,1972.65,1974.17,653.2353
1771671600.0,1974.17,1981.42,1973.85,1978.99,6942.9531
1771672500.0,1978.99,1988.6,1978.31,1983.44,5686.7955
1771673400.0,1983.44,1984.77,1977.57,1977.75,2154.311
1771674300.0,1977.76,1980.48,1976.34,1977.02,883.8329
1771675200.0,1977.02,1978.17,1974.18,1974.57,1569.1982
1771676100.0,1974.57,1975.74,1969.49,1970.93,2417.173
1771677000.0,1970.93,1973.39,1969.76,1972.51,1113.1525
1771677900.0,1972.52,1976.08,1970.44,1975.99,1900.0396
1771678800.0,1975.99,1976.07,1973.28,1974.26,1062.8882
1771679700.0,1974.26,1978.37,1972.63,1977.51,1089.0224
1771680600.0,1977.5,1978.11,1975.49,1977.66,826.2882
1771681500.0,1977.65,1981.4,1977.65,1981.18,3339.2247
1771682400.0,1981.18,1984.98,1978.09,1981.28,4661.1189
1771683300.0,1981.29,1995.56,1979.67,1988.26,9917.7589
1771684200.0,1988.27,1992.34,1987.38,1989.42,4414.968
1771685100.0,1989.42,1993.32,1986.43,1987.52,5410.5751
1771686000.0,1987.51,1991.81,1986.15,1988.89,3996.6059
1771686900.0,1988.88,1991.7,1985.84,1985.98,2114.7605
1771687800.0,1985.98,1993.0,1984.25,1990.42,2790.6237
1771688700.0,1990.43,1991.38,1988.13,1988.13,2199.6352
1771689600.0,1988.13,1988.98,1978.08,1981.69,7016.4984
1771690500.0,1981.69,1984.0,1976.41,1983.99,2788.4269
1771691400.0,1984.0,1989.58,1980.86,1988.93,2398.2026
1771692300.0,1988.93,1989.64,1985.5,1986.33,1257.0056
1771693200.0,1986.34,1988.34,1984.49,1987.45,1186.0963
1771694100.0,1987.45,1987.86,1984.26,1986.11,1610.3032
1771695000.0,1986.11,1992.1,1985.23,1989.53,2330.413
1771695900.0,1989.52,1991.22,1988.22,1988.95,1713.2437
1771696800.0,1988.95,1990.49,1987.77,1987.78,1200.7433
1771697700.0,1987.78,1991.16,1987.78,1990.14,1410.1566
1771698600.0,1990.14,1994.7,1990.14,1992.38,2554.4006
1771699500.0,1992.38,1995.31,1991.21,1991.97,2820.8028
1771700400.0,1991.97,1994.77,1990.01,1992.54,1973.1737
1771701300.0,1992.53,1992.95,1990.99,1991.5,1427.0107
1771702200.0,1991.5,1991.69,1990.15,1990.7,895.5929
1771703100.0,1990.69,1990.69,1987.86,1988.35,757.6887
1771704000.0,1988.34,1989.07,1987.0,1987.21,675.1307
1771704900.0,1987.2,1990.41,1987.13,1989.49,1122.8944
1771705800.0,1989.47,1990.16,1983.04,1983.83,1933.9272
1771706700.0,1983.83,1984.35,1973.53,1974.14,5773.8029
1771707600.0,1974.14,1978.12,1970.0,1977.19,2924.1735
1771708500.0,1977.19,1980.0,1976.91,1978.8,1269.0631
1771709400.0,1978.79,1981.47,1977.24,1978.86,1055.2555
1771710300.0,1978.86,1982.79,1978.76,1982.04,984.9699
1771711200.0,1982.04,1982.47,1977.1,1978.14,1083.8101
1771712100.0,1978.14,1980.41,1975.12,1976.4,693.4008
1771713000.0,1976.4,1977.17,1972.02,1974.61,2639.7209
1771713900.0,1974.61,1978.57,1972.72,1974.4,1692.7049
1771714800.0,1974.39,1975.68,1971.08,1972.25,1366.7046
1771715700.0,1972.26,1977.78,1972.26,1976.81,713.5735
1771716600.0,1976.82,1976.89,1975.65,1975.65,435.8535
1771717500.0,1975.64,1975.64,1973.32,1973.35,931.542
1771718400.0,1973.35,1975.6,1972.18,1973.74,1214.2374
1771719300.0,1973.73,1975.07,1967.75,1970.31,2856.0342
1771720200.0,1970.32,1971.11,1968.86,1968.87,1057.285
1771721100.0,1968.88,1972.91,1968.88,1972.87,880.7449
1771722000.0,1972.87,1976.47,1972.64,1973.85,1175.0082
1771722900.0,1973.86,1978.18,1972.61,1977.85,1523.7852
1771723800.0,1977.86,1979.51,1976.68,1978.41,1547.9459
1771724700.0,1978.4,1979.87,1976.23,1977.37,836.398
1771725600.0,1977.38,1982.99,1975.74,1980.99,1886.1465
1771726500.0,1980.99,1980.99,1975.2,1975.2,810.7072
1771727400.0,1975.2,1976.26,1973.23,1973.85,1167.2048
1771728300.0,1973.86,1975.35,1972.21,1972.23,996.7373
1771729200.0,1972.23,1976.26,1972.11,1974.95,924.6746
1771730100.0,1974.96,1975.44,1967.4,1970.85,1770.4991
1771731000.0,1970.85,1973.71,1970.2,1972.51,1045.0259
1771731900.0,1972.51,1975.27,1971.42,1974.71,1215.6989
1771732800.0,1974.71,1976.16,1974.29,1974.6,875.6665
1771733700.0,1974.59,1975.57,1971.25,1972.34,1570.9151
1771734600.0,1972.34,1974.99,1970.2,1971.8,1154.4544
1771735500.0,1971.8,1974.49,1971.79,1973.62,590.8732
1771736400.0,1973.63,1974.68,1971.06,1972.13,827.0449
1771737300.0,1972.13,1974.8,1971.91,1973.82,516.9751
1771738200.0,1973.82,1974.12,1972.56,1973.28,395.48
1771739100.0,1973.28,1975.11,1971.57,1974.97,1936.3565
1771740000.0,1974.97,1976.74,1974.29,1975.93,965.6372
1771740900.0,1975.93,1978.18,1974.87,1977.22,1328.2831
1771741800.0,1977.21,1979.54,1975.97,1976.09,1564.1312
1771742700.0,1976.1,1977.06,1975.04,1976.05,464.9257
1771743600.0,1976.06,1977.32,1975.06,1977.32,887.2575
1771744500.0,1977.32,1977.68,1974.58,1976.42,1603.4805
1771745400.0,1976.41,1978.78,1975.88,1977.65,968.7783
1771746300.0,1977.66,1977.94,1975.86,1975.88,561.1421
1771747200.0,1975.87,1977.0,1974.66,1976.68,537.9441
1771748100.0,1976.69,1977.05,1971.82,1973.29,1193.5841
1771749000.0,1973.28,1973.88,1970.58,1972.51,1175.729
1771749900.0,1972.51,1974.2,1971.5,1973.39,557.2127
1771750800.0,1973.4,1974.08,1971.97,1972.64,540.8149
1771751700.0,1972.64,1974.36,1972.64,1973.32,572.0934
1771752600.0,1973.33,1974.98,1971.72,1974.82,1259.9535
1771753500.0,1974.82,1976.26,1974.81,1975.83,882.8898
1771754400.0,1975.83,1976.98,1975.31,1975.31,1077.2253
1771755300.0,1975.31,1979.38,1975.02,1978.12,1359.3472
1771756200.0,1978.11,1980.01,1977.54,1978.82,1586.3154
1771757100.0,1978.82,1978.82,1977.5,1977.5,770.6177
1771758000.0,1977.51,1982.62,1977.51,1981.89,2010.687
1771758900.0,1981.9,1983.05,1980.32,1980.39,2174.754
1771759800.0,1980.39,1983.13,1979.36,1979.56,1175.0111
1771760700.0,1979.55,1980.8,1979.17,1980.78,904.6321
1771761600.0,1980.79,1981.6,1972.4,1973.86,2035.9177
1771762500.0,1973.86,1975.81,1971.31,1974.56,2036.4688
1771763400.0,1974.56,1974.77,1962.68,1964.15,6247.9289
1771764300.0,1964.15,1967.9,1961.84,1966.37,2367.1605
1771765200.0,1966.37,1968.69,1964.28,1966.95,1441.8254
1771766100.0,1966.95,1968.65,1964.5,1964.96,1480.9939
1771767000.0,1964.95,1965.71,1946.27,1947.8,9005.4839
1771767900.0,1947.8,1951.85,1945.0,1950.95,5944.7211
1771768800.0,1950.95,1952.13,1943.53,1951.46,3801.1652
1771769700.0,1951.46,1953.1,1948.21,1950.43,2518.9184
1771770600.0,1950.43,1954.6,1947.06,1947.76,2156.4352
1771771500.0,1947.77,1951.8,1945.43,1950.64,2439.074
1771772400.0,1950.65,1951.2,1946.88,1949.23,2162.5341
1771773300.0,1949.22,1954.28,1945.86,1954.02,2742.9228
1771774200.0,1954.01,1958.72,1952.68,1956.8,2841.8195
1771775100.0,1956.8,1957.25,1952.62,1953.98,1201.5284
1771776000.0,1953.99,1955.56,1950.02,1950.79,5092.3565
1771776900.0,1950.78,1952.13,1947.87,1947.93,2490.2735
1771777800.0,1947.92,1950.5,1947.53,1950.0,1076.5088
1771778700.0,1949.99,1953.06,1949.9,1952.53,1380.3111
1771779600.0,1952.52,1953.6,1948.42,1948.43,1290.8571
1771780500.0,1948.43,1949.36,1946.01,1948.14,2185.7146
1771781400.0,1948.14,1948.99,1935.0,1939.0,6888.856
1771782300.0,1939.0,1941.51,1936.35,1940.27,1835.1018
1771783200.0,1940.27,1943.37,1938.39,1942.64,1327.9174
1771784100.0,1942.63,1944.11,1940.37,1940.95,1073.8157
1771785000.0,1940.95,1942.02,1938.57,1941.48,1037.8528
1771785900.0,1941.49,1943.65,1941.39,1942.95,884.4213
1771786800.0,1942.95,1944.95,1940.05,1941.71,1018.5382
1771787700.0,1941.72,1943.59,1941.51,1941.69,471.86
1771788600.0,1941.68,1945.5,1941.24,1944.87,425.7403
1771789500.0,1944.88,1945.92,1943.19,1943.74,534.3658
1771790400.0,1943.73,1945.5,1941.01,1941.63,606.2609
1771791300.0,1941.64,1945.33,1941.64,1944.65,429.8871
1771792200.0,1944.66,1944.92,1943.49,1944.15,512.3999
1771793100.0,1944.15,1945.98,1939.81,1940.99,873.6585
1771794000.0,1941.0,1942.77,1941.0,1942.51,785.8366
1771794900.0,1942.52,1943.81,1941.01,1941.32,369.8898
1771795800.0,1941.33,1950.43,1941.32,1949.83,3649.3381
1771796700.0,1949.83,1952.27,1949.5,1950.39,1143.9345
1771797600.0,1950.4,1951.68,1946.61,1947.17,1070.6806
1771798500.0,1947.17,1956.31,1947.16,1954.73,2200.4815
1771799400.0,1954.74,1960.89,1953.7,1957.76,1832.6049
1771800300.0,1957.75,1960.8,1956.18,1958.54,908.715
1771801200.0,1958.53,1960.95,1954.66,1954.75,1727.5778
1771802100.0,1954.75,1957.11,1950.37,1953.61,1779.3443
1771803000.0,1953.61,1953.8,1948.62,1949.23,1006.6946
1771803900.0,1949.24,1960.33,1948.68,1957.82,2090.6097
1771804800.0,1957.82,1958.33,1952.01,1954.49,1748.9809
1771805700.0,1954.49,1955.54,1946.6,1948.4,1868.4459
1771806600.0,1948.4,1948.46,1940.82,1941.35,4777.0059
1771807500.0,1941.35,1943.6,1928.71,1929.42,10040.8071
1771808400.0,1929.42,1929.42,1867.35,1886.19,55168.8152
1771809300.0,1886.19,1886.19,1867.59,1873.62,14129.1916
1771810200.0,1873.61,1881.36,1870.12,1872.82,8601.3111
1771811100.0,1872.82,1875.05,1847.46,1856.88,29779.8261
1771812000.0,1856.88,1865.16,1851.39,1862.74,8263.039
1771812900.0,1862.75,1864.8,1855.28,1864.48,6365.1957
1771813800.0,1864.47,1868.67,1860.69,1864.33,6392.8927
1771814700.0,1864.33,1866.0,1860.4,1863.24,3136.6102
1771815600.0,1863.25,1871.98,1862.39,1866.83,6470.2504
1771816500.0,1866.83,1866.84,1856.17,1859.26,5300.9591
1771817400.0,1859.27,1866.14,1857.04,1865.31,3772.2563
1771818300.0,1865.31,1866.68,1862.87,1862.87,1655.3041
1771819200.0,1862.88,1864.94,1860.51,1864.93,2871.9835
1771820100.0,1864.93,1864.93,1859.5,1860.73,3538.9784
1771821000.0,1860.73,1862.01,1853.34,1857.21,4539.0865
1771821900.0,1857.22,1860.17,1856.64,1860.17,922.3903
1771822800.0,1860.17,1867.3,1860.0,1865.0,2659.9023
1771823700.0,1865.01,1870.67,1862.8,1867.35,6972.6413
1771824600.0,1867.36,1870.55,1866.17,1866.71,3284.1705
1771825500.0,1866.71,1868.73,1863.29,1866.08,2430.2112
1771826400.0,1866.08,1875.67,1864.29,1874.65,3529.7148
1771827300.0,1874.64,1878.2,1873.0,1873.28,4091.2253
1771828200.0,1873.29,1883.2,1872.79,1878.68,5483.1749
1771829100.0,1878.67,1882.51,1878.31,1879.52,4777.5973
1771830000.0,1879.52,1885.2,1879.23,1881.86,5711.8427
1771830900.0,1881.85,1882.0,1877.1,1879.22,5209.897
1771831800.0,1879.21,1888.71,1876.93,1885.57,6740.7229
1771832700.0,1885.57,1887.5,1883.21,1885.5,3442.537
1771833600.0,1885.5,1888.4,1882.9,1888.4,3279.4702
1771834500.0,1888.4,1889.77,1882.18,1882.97,4255.2014
1771835400.0,1882.98,1884.5,1877.23,1878.62,3037.5325
1771836300.0,1878.62,1881.2,1877.5,1880.62,1935.5428
1771837200.0,1880.63,1888.08,1880.63,1885.89,1648.3771
1771838100.0,1885.89,1889.49,1882.52,1888.22,1562.6658
1771839000.0,1888.22,1911.06,1887.08,1911.0,10335.5005
1771839900.0,1911.0,1918.82,1911.0,1918.0,4813.9273
1771840800.0,1917.99,1928.19,1916.28,1920.39,6024.4924
1771841700.0,1920.38,1925.74,1919.0,1919.96,5433.7172
1771842600.0,1919.97,1920.51,1913.4,1915.66,9033.8371
1771843500.0,1915.66,1917.56,1912.29,1913.94,2804.4978
1771844400.0,1913.95,1919.21,1912.17,1918.79,2191.2735
1771845300.0,1918.79,1920.59,1913.61,1914.84,2277.4661
1771846200.0,1914.84,1916.29,1911.1,1912.49,5187.9709
1771847100.0,1912.49,1915.51,1911.2,1915.3,5642.0886
1771848000.0,1915.29,1916.61,1912.84,1915.74,5572.7965
1771848900.0,1915.75,1916.4,1912.79,1913.31,6957.9521
1771849800.0,1913.31,1926.53,1905.71,1922.09,14418.4723
1771850700.0,1922.1,1926.46,1919.39,1919.99,2415.3176
1771851600.0,1920.0,1925.76,1919.21,1919.62,3263.3926
1771852500.0,1919.62,1922.7,1918.78,1921.39,2104.4076
1771853400.0,1921.39,1935.52,1920.27,1932.34,6721.6159
1771854300.0,1932.33,1934.31,1920.0,1921.9,3992.6379
1771855200.0,1921.9,1925.48,1919.97,1925.47,2413.763
1771856100.0,1925.47,1925.48,1914.37,1916.86,3142.2657
1771857000.0,1916.86,1920.48,1895.0,1904.58,13357.0384
1771857900.0,1904.58,1914.42,1895.9,1906.92,6432.2201
1771858800.0,1906.92,1911.7,1898.85,1904.19,5954.7786
1771859700.0,1904.19,1913.23,1902.64,1904.37,3653.5406
1771860600.0,1904.38,1909.46,1901.61,1904.97,2850.9997
1771861500.0,1904.96,1907.08,1892.68,1895.65,5048.9022
1771862400.0,1895.65,1896.39,1881.2,1884.57,9162.6549
1771863300.0,1884.56,1897.54,1884.35,1897.43,6910.0801
1771864200.0,1897.43,1900.18,1888.76,1891.5,4493.0876
1771865100.0,1891.5,1892.23,1883.21,1884.72,6578.5308
1771866000.0,1884.73,1888.17,1867.0,1869.41,11056.3014
1771866900.0,1869.41,1875.02,1857.19,1857.21,13971.7708
1771867800.0,1857.2,1858.9,1842.37,1848.5,13303.2123
1771868700.0,1848.49,1864.99,1837.13,1863.92,11188.6045
1771869600.0,1863.92,1871.1,1858.96,1863.22,6003.926
1771870500.0,1863.22,1863.82,1856.25,1860.87,4135.8409
1771871400.0,1860.88,1874.12,1857.48,1868.53,9515.6671
1771872300.0,1868.53,1868.53,1854.6,1857.75,3623.6567
1771873200.0,1857.75,1864.75,1856.63,1861.64,4287.8867
1771874100.0,1861.64,1862.22,1850.7,1853.57,5164.7696
1771875000.0,1853.56,1857.3,1847.2,1854.75,6080.0934
1771875900.0,1854.75,1858.28,1851.42,1857.19,3103.8226
1771876800.0,1857.19,1859.8,1847.29,1848.28,3372.7434
1771877700.0,1848.28,1854.76,1846.8,1850.62,3718.0791
1771878600.0,1850.61,1858.69,1850.23,1856.63,3448.8844
1771879500.0,1856.64,1862.49,1855.0,1860.56,4096.6396
1771880400.0,1860.55,1868.67,1860.07,1867.35,3229.5829
1771881300.0,1867.35,1869.31,1863.12,1865.0,1183.9497
1771882200.0,1865.01,1867.01,1858.56,1862.57,2766.7236
1771883100.0,1862.58,1866.11,1861.42,1863.59,1390.1369
1771884000.0,1863.59,1870.0,1862.06,1867.27,2651.3207
1771884900.0,1867.27,1869.14,1865.43,1867.07,1310.5481
1771885800.0,1867.08,1868.41,1862.71,1865.45,1429.774
1771886700.0,1865.45,1867.37,1859.72,1859.93,1480.2407
1771887600.0,1859.94,1866.95,1859.54,1865.64,1528.4783
1771888500.0,1865.64,1866.23,1859.32,1861.44,1518.5617
1771889400.0,1861.44,1861.92,1850.95,1851.38,2639.3812
1771890300.0,1851.39,1856.86,1851.39,1856.3,1573.908
1771891200.0,1856.3,1863.62,1855.34,1863.42,2319.3105
1771892100.0,1863.41,1867.57,1861.62,1863.3,1959.4504
1771893000.0,1863.3,1867.17,1862.44,1865.0,2661.9866
1771893900.0,1865.01,1869.58,1865.0,1867.96,2216.5587
1771894800.0,1867.95,1867.99,1842.85,1845.7,5184.055
1771895700.0,1845.7,1853.7,1811.81,1849.71,24679.3829
1771896600.0,1849.7,1857.58,1839.9,1847.23,6934.0946
1771897500.0,1847.24,1849.55,1839.05,1840.95,3598.5261
1771898400.0,1840.95,1848.02,1837.15,1844.96,4208.0602
1771899300.0,1844.96,1848.45,1839.16,1847.58,2776.9735
1771900200.0,1847.59,1854.46,1842.25,1842.82,3204.1204
1771901100.0,1842.82,1847.35,1841.38,1843.54,1972.7559
1771902000.0,1843.54,1843.54,1827.4,1831.74,7843.9573
1771902900.0,1831.74,1836.44,1825.0,1831.1,3709.2689
1771903800.0,1831.09,1834.42,1828.6,1829.96,2351.1489
1771904700.0,1829.96,1834.55,1823.24,1832.03,4268.4195
1771905600.0,1832.03,1833.82,1816.66,1816.67,6038.1467
1771906500.0,1816.67,1833.64,1813.77,1829.24,6903.1223
1771907400.0,1829.23,1832.27,1821.4,1829.84,3729.8394
1771908300.0,1829.84,1831.49,1827.57,1830.81,2475.0114
1771909200.0,1830.8,1840.79,1828.0,1838.49,5296.2874
1771910100.0,1838.49,1838.6,1814.01,1818.5,9155.8407
1771911000.0,1818.5,1825.88,1816.46,1823.19,6571.5238
1771911900.0,1823.19,1827.72,1822.08,1826.26,1866.8231
1771912800.0,1826.25,1828.89,1819.66,1824.91,2634.4797
1771913700.0,1824.91,1830.47,1824.11,1828.82,3026.4529
1771914600.0,1828.81,1831.35,1824.66,1827.51,2912.389
1771915500.0,1827.52,1827.96,1817.99,1820.86,4089.0814
1771916400.0,1820.87,1829.54,1815.23,1827.74,4209.7514
1771917300.0,1827.75,1830.6,1820.22,1830.07,6588.264
1771918200.0,1830.07,1831.89,1822.09,1823.95,4835.4651
1771919100.0,1823.96,1826.09,1821.86,1825.7,3203.7887
1771920000.0,1825.7,1826.78,1818.52,1825.02,4361.9988
1771920900.0,1825.02,1831.36,1821.38,1830.31,2509.1118
1771921800.0,1830.31,1836.18,1829.15,1833.06,6687.3844
1771922700.0,1833.06,1833.85,1829.76,1831.57,1948.1209
1771923600.0,1831.56,1834.69,1824.54,1827.55,3911.1144
1771924500.0,1827.55,1828.03,1822.0,1824.17,3170.0012
1771925400.0,1824.21,1826.08,1815.22,1822.65,5771.7729
1771926300.0,1822.65,1827.15,1819.0,1827.14,2965.9798
1771927200.0,1827.15,1828.0,1822.84,1825.75,2491.8682
1771928100.0,1825.75,1828.53,1823.66,1826.34,3127.2693
1771929000.0,1826.35,1827.85,1820.57,1822.84,4375.7321
1771929900.0,1822.85,1829.68,1822.63,1825.88,3132.1322
1771930800.0,1825.88,1827.36,1819.5,1820.89,9330.8039
1771931700.0,1820.89,1823.1,1819.5,1821.58,1327.771
1771932600.0,1821.59,1823.99,1818.08,1822.26,3908.2618
1771933500.0,1822.25,1827.02,1820.38,1826.75,4511.5017
1771934400.0,1826.75,1830.29,1822.27,1827.38,4062.9002
1771935300.0,1827.38,1829.28,1824.76,1828.27,2667.149
1771936200.0,1828.26,1828.82,1821.07,1823.74,2727.4303
1771937100.0,1823.74,1827.64,1821.22,1823.92,1698.7085
1771938000.0,1823.92,1827.5,1822.35,1825.06,1755.2144
1771938900.0,1825.05,1825.94,1818.47,1820.71,3145.5608
1771939800.0,1820.7,1822.72,1800.0,1817.78,19096.0996
1771940700.0,1817.79,1820.64,1813.06,1815.73,3671.3583
1771941600.0,1815.72,1818.86,1812.43,1815.09,3886.8205
1771942500.0,1815.09,1817.04,1805.82,1814.57,5912.7289
1771943400.0,1814.58,1831.02,1803.48,1827.84,16304.7332
1771944300.0,1827.9,1847.99,1826.79,1834.73,14787.2573
1771945200.0,1834.73,1840.19,1828.46,1839.69,10242.0242
1771946100.0,1839.7,1850.0,1837.72,1849.13,10019.6454
1771947000.0,1849.12,1850.29,1840.6,1842.92,7055.4769
1771947900.0,1842.92,1848.7,1840.63,1847.59,4179.6422
1771948800.0,1847.59,1863.33,1846.82,1856.91,10095.4691
1771949700.0,1856.9,1859.71,1846.43,1849.72,5058.9754
1771950600.0,1849.72,1853.59,1838.36,1851.69,6033.0952
1771951500.0,1851.69,1859.86,1843.99,1858.56,5977.6646
1771952400.0,1858.57,1865.38,1856.85,1860.54,12823.1498
1771953300.0,1860.53,1864.23,1855.57,1856.11,5615.9977
1771954200.0,1856.12,1858.08,1853.29,1853.46,3047.1948
1771955100.0,1853.47,1858.45,1849.55,1855.43,3727.9493
1771956000.0,1855.43,1860.67,1845.46,1846.99,3954.0308
1771956900.0,1846.99,1854.49,1845.56,1851.05,2867.4426
1771957800.0,1851.05,1860.28,1850.3,1856.57,3034.0114
1771958700.0,1856.57,1860.24,1854.48,1855.08,2344.1738
1771959600.0,1855.08,1862.63,1848.53,1849.61,4076.9639
1771960500.0,1849.6,1853.53,1847.05,1849.83,2801.3026
1771961400.0,1849.83,1854.77,1849.1,1854.0,1359.2087
1771962300.0,1854.01,1856.93,1851.81,1852.46,1562.7145
1771963200.0,1852.47,1854.56,1849.5,1852.45,1542.5689
1771964100.0,1852.44,1858.77,1852.43,1857.07,1846.2436
1771965000.0,1857.08,1860.42,1854.37,1860.22,1725.6163
1771965900.0,1860.21,1862.36,1856.65,1858.58,1727.9756
1771966800.0,1858.57,1858.57,1849.8,1853.2,2674.5923
1771967700.0,1853.21,1853.48,1845.41,1847.81,2666.9807
1771968600.0,1847.81,1853.41,1846.61,1853.17,1814.9013
1771969500.0,1853.18,1854.82,1850.47,1854.17,1690.205
1771970400.0,1854.17,1864.11,1852.92,1861.85,3713.8783
1771971300.0,1861.84,1861.97,1857.09,1859.13,1262.2621
1771972200.0,1859.14,1859.82,1857.1,1857.48,1575.6401
1771973100.0,1857.47,1861.01,1855.15,1860.56,1371.3663
1771974000.0,1860.56,1860.61,1852.08,1856.76,6789.8315
1771974900.0,1856.76,1858.31,1855.03,1857.72,2386.5128
1771975800.0,1857.73,1860.38,1856.79,1857.49,1170.3331
1771976700.0,1857.5,1857.72,1851.63,1851.94,1557.8658
1771977600.0,1851.95,1852.72,1847.54,1847.78,1812.3377
1771978500.0,1847.77,1852.17,1846.74,1847.01,1220.9122
1771979400.0,1847.02,1856.68,1847.02,1856.28,1901.2103
1771980300.0,1856.27,1856.27,1851.24,1851.98,887.091
1771981200.0,1851.98,1917.75,1850.49,1904.02,25841.8624
1771982100.0,1904.02,1924.84,1898.76,1910.09,15432.6157
1771983000.0,1910.1,1922.56,1908.58,1913.26,6233.9661
1771983900.0,1913.26,1920.44,1912.96,1918.34,4565.548
1771984800.0,1918.34,1944.86,1918.12,1934.9,17208.9062
1771985700.0,1934.9,1936.78,1928.2,1931.57,4401.5784
1771986600.0,1931.56,1933.62,1921.18,1922.7,3830.2572
1771987500.0,1922.7,1929.6,1919.2,1920.97,5469.5402
1771988400.0,1920.97,1922.81,1916.31,1917.44,3406.0984
1771989300.0,1917.44,1918.23,1905.96,1910.19,5227.0194
1771990200.0,1910.2,1911.97,1903.35,1907.56,4898.3722
1771991100.0,1907.56,1909.72,1905.02,1906.14,2921.9718
1771992000.0,1906.14,1907.49,1894.37,1905.77,5363.3054
1771992900.0,1905.78,1913.31,1903.55,1912.08,5946.9873
1771993800.0,1912.09,1914.35,1911.15,1913.51,2483.3557
1771994700.0,1913.52,1914.08,1905.98,1906.3,2296.7689
1771995600.0,1906.31,1908.3,1901.73,1902.69,3177.1823
1771996500.0,1902.69,1903.96,1888.13,1893.28,5106.4175
1771997400.0,1893.28,1894.94,1878.02,1884.9,6514.9889
1771998300.0,1884.9,1892.62,1883.85,1887.98,3872.7767
1771999200.0,1887.98,1890.92,1887.59,1890.51,2474.9249
1772000100.0,1890.5,1896.71,1887.43,1892.49,2030.4425
1772001000.0,1892.48,1894.42,1891.17,1891.54,2251.1958
1772001900.0,1891.53,1891.74,1884.83,1885.05,3213.1119
1772002800.0,1885.06,1890.06,1882.44,1888.5,2769.8549
1772003700.0,1888.5,1893.73,1887.33,1891.86,2577.8655
1772004600.0,1891.85,1895.58,1888.26,1889.99,2390.4662
1772005500.0,1889.98,1894.39,1889.05,1893.31,2293.3148
1772006400.0,1893.32,1894.05,1890.27,1891.29,1742.1687
1772007300.0,1891.28,1898.86,1890.62,1896.2,2176.3102
1772008200.0,1896.19,1907.4,1896.19,1905.86,4305.953
1772009100.0,1905.85,1913.9,1903.61,1910.29,5100.8607
1772010000.0,1910.29,1917.83,1907.49,1914.12,3070.0856
1772010900.0,1914.12,1916.42,1911.02,1913.0,3344.2084
1772011800.0,1913.0,1913.19,1908.07,1910.86,3079.3587
1772012700.0,1910.86,1916.09,1910.39,1915.19,2631.1584
1772013600.0,1915.18,1918.25,1912.75,1917.59,2566.8717
1772014500.0,1917.58,1923.43,1911.97,1912.66,4212.8479
1772015400.0,1912.66,1915.76,1911.52,1914.8,1496.9271
1772016300.0,1914.8,1916.62,1910.22,1912.61,2116.8849
1772017200.0,1912.62,1918.8,1907.76,1915.06,3578.5097
1772018100.0,1915.06,1922.34,1914.08,1919.75,3271.6948
1772019000.0,1919.75,1925.42,1919.32,1923.06,3470.4331
1772019900.0,1923.06,1928.45,1921.68,1926.48,3362.0757
1772020800.0,1926.48,1929.44,1922.28,1928.51,3614.4127
1772021700.0,1928.51,1942.0,1926.77,1938.35,7822.0877
1772022600.0,1938.35,1943.76,1937.1,1939.05,4766.6311
1772023500.0,1939.05,1956.79,1938.36,1953.43,12263.1118
1772024400.0,1953.44,1961.66,1952.47,1956.17,8306.0728
1772025300.0,1956.16,1966.6,1953.34,1962.39,7353.5095
1772026200.0,1962.38,1969.72,1960.8,1964.88,5478.492
1772027100.0,1964.87,1976.89,1963.19,1964.57,8706.1656
1772028000.0,1964.57,1970.47,1964.57,1969.37,4620.3951
1772028900.0,1969.36,1975.85,1967.82,1972.13,4165.6288
1772029800.0,1972.12,1983.5,1962.14,1968.68,15172.366
1772030700.0,1968.68,2001.65,1968.43,1997.38,22670.6113
1772031600.0,1997.38,2007.46,1986.72,1989.63,14381.7805
1772032500.0,1989.64,2002.58,1987.82,2000.53,7550.6011
1772033400.0,2000.54,2026.34,1997.15,2023.2,19800.3962
1772034300.0,2023.2,2028.7,2007.88,2013.73,12373.2226
1772035200.0,2013.69,2022.92,2013.36,2019.27,9612.0105
1772036100.0,2019.26,2042.7,2019.17,2030.86,14942.0363
1772037000.0,2030.87,2035.81,2026.51,2034.6,7266.0895
1772037900.0,2034.61,2049.18,2034.61,2046.33,9995.7256
1772038800.0,2046.34,2073.0,2044.28,2065.38,21179.086
1772039700.0,2065.38,2069.37,2055.32,2065.99,11827.0991
1772040600.0,2066.0,2078.0,2059.82,2076.77,9951.8855
1772041500.0,2076.77,2086.17,2069.44,2073.9,9437.5517
1772042400.0,2073.9,2074.66,2056.93,2068.91,9330.9326
1772043300.0,2068.91,2081.2,2061.47,2077.24,9187.0457
1772044200.0,2077.25,2077.98,2069.97,2070.98,6161.7436
1772045100.0,2070.97,2075.66,2065.37,2074.12,5986.9098
1772046000.0,2074.11,2074.9,2060.05,2066.26,7801.1887
1772046900.0,2066.27,2070.0,2064.0,2067.64,4901.7645
1772047800.0,2067.65,2068.27,2060.06,2066.42,4038.5016
1772048700.0,2066.41,2073.18,2065.24,2071.1,3407.1897
1772049600.0,2071.1,2074.2,2062.01,2063.12,5346.174
1772050500.0,2063.13,2068.39,2059.59,2059.68,4206.1484
1772051400.0,2059.67,2071.44,2058.37,2069.88,7490.1766
1772052300.0,2069.89,2083.99,2069.43,2075.0,11383.0502
1772053200.0,2074.99,2078.03,2070.47,2071.98,3333.5939
1772054100.0,2071.97,2077.03,2067.41,2067.76,4260.4267
1772055000.0,2067.76,2148.39,2065.84,2111.4,52122.2168
1772055900.0,2111.39,2112.74,2093.12,2100.33,13214.813
1772056800.0,2100.33,2115.41,2100.33,2109.82,7927.0801
1772057700.0,2109.81,2112.55,2098.31,2099.85,10136.1971
1772058600.0,2099.85,2105.52,2084.1,2090.06,9259.9419
1772059500.0,2090.06,2094.69,2073.79,2083.15,7663.3695
1772060400.0,2083.14,2087.0,2073.96,2081.7,4545.1392
1772061300.0,2081.7,2081.7,2067.0,2069.58,6127.0975
1772062200.0,2069.58,2071.7,2034.39,2042.14,14705.5913
1772063100.0,2042.14,2057.77,2038.07,2057.48,7637.5814
1772064000.0,2057.48,2066.43,2047.83,2062.75,6500.8459
1772064900.0,2062.75,2076.6,2062.62,2067.64,7351.9316
1772065800.0,2067.64,2074.74,2051.37,2058.42,5905.2463
1772066700.0,2058.43,2063.78,2056.08,2062.36,2526.1746
1772067600.0,2062.36,2066.95,2054.2,2062.48,5389.4672
1772068500.0,2062.47,2063.16,2054.68,2055.87,2688.564
1772069400.0,2055.87,2064.84,2049.74,2057.88,3243.4664
1772070300.0,2057.88,2061.23,2052.57,2058.34,3685.4569
1772071200.0,2058.35,2059.06,2039.37,2041.95,4498.2953
1772072100.0,2041.96,2053.8,2041.53,2045.66,2823.5482
1772073000.0,2045.66,2055.62,2045.66,2054.44,3018.4714
1772073900.0,2054.44,2056.41,2049.36,2053.28,2028.471
1772074800.0,2053.28,2056.49,2047.35,2050.46,3259.7215
1772075700.0,2050.46,2052.35,2048.25,2051.32,1375.6402
1772076600.0,2051.31,2059.35,2049.85,2056.69,2842.1942
1772077500.0,2056.68,2058.26,2054.47,2054.55,1899.8182
1772078400.0,2054.55,2067.99,2051.92,2062.51,6073.6082
1772079300.0,2062.51,2065.87,2057.6,2064.83,3891.5249
1772080200.0,2064.83,2082.81,2064.35,2076.04,10670.9949
1772081100.0,2076.04,2079.66,2073.69,2075.01,2937.3974
1772082000.0,2075.0,2075.55,2059.87,2062.69,3252.4386
1772082900.0,2062.68,2066.92,2056.7,2064.26,3652.2898
1772083800.0,2064.26,2067.19,2059.07,2065.16,2524.2772
1772084700.0,2065.16,2069.16,2062.89,2066.13,2443.4649
1772085600.0,2066.13,2076.5,2060.54,2073.51,3901.7931
1772086500.0,2073.51,2073.99,2064.48,2064.48,2664.7388
1772087400.0,2064.48,2065.68,2061.21,2061.73,3570.0506
1772088300.0,2061.72,2066.76,2059.54,2062.54,2779.3975
1772089200.0,2062.54,2068.29,2061.96,2065.42,2708.704
1772090100.0,2065.43,2066.26,2060.94,2063.45,2288.8437
1772091000.0,2063.44,2064.0,2055.91,2058.25,3852.9744
1772091900.0,2058.24,2059.71,2051.55,2053.37,4076.113
1772092800.0,2053.36,2056.36,2046.7,2052.32,5406.3679
1772093700.0,2052.31,2059.0,2045.2,2048.51,4387.4361
1772094600.0,2048.49,2052.83,2044.36,2049.55,5820.5344
1772095500.0,2049.56,2058.09,2048.03,2054.43,3014.4727
1772096400.0,2054.43,2073.33,2052.79,2069.5,6269.1324
1772097300.0,2069.5,2070.87,2064.44,2065.67,2744.8453
1772098200.0,2065.66,2078.24,2064.18,2073.27,4824.1728
1772099100.0,2073.27,2075.71,2071.76,2074.94,2558.9576
1772100000.0,2074.93,2083.33,2073.79,2074.05,3601.8811
1772100900.0,2074.04,2074.05,2066.24,2066.57,2569.2427
1772101800.0,2066.58,2072.3,2064.54,2072.3,3546.8695
1772102700.0,2072.29,2073.02,2062.19,2065.31,2059.5113
1772103600.0,2065.31,2067.45,2061.0,2064.46,1854.0378
1772104500.0,2064.45,2064.73,2057.32,2059.24,2517.427
1772105400.0,2059.24,2062.41,2058.0,2059.24,4103.3274
1772106300.0,2059.24,2059.61,2053.46,2057.66,2226.0432
1772107200.0,2057.65,2064.84,2055.53,2062.86,2021.0852
1772108100.0,2062.86,2068.62,2061.93,2065.23,2565.4005
1772109000.0,2065.23,2069.99,2062.87,2065.9,2274.8511
1772109900.0,2065.89,2071.76,2062.59,2070.0,1956.8983
1772110800.0,2069.99,2070.48,2063.32,2065.17,1425.8791
1772111700.0,2065.18,2072.41,2061.09,2071.96,3626.0865
1772112600.0,2071.95,2071.95,2066.69,2068.23,3024.9493
1772113500.0,2068.23,2073.95,2063.08,2065.23,2382.5519
1772114400.0,2065.22,2068.74,2058.14,2066.12,4693.9351
1772115300.0,2066.12,2071.35,2062.64,2069.37,5484.7488
1772116200.0,2069.36,2077.81,2054.59,2059.67,11903.4618
1772117100.0,2059.67,2060.92,2034.63,2051.19,16444.2908
1772118000.0,2051.19,2053.43,2038.47,2042.44,7527.074
1772118900.0,2042.45,2042.53,2016.46,2022.79,23919.6475
1772119800.0,2022.78,2033.71,2011.56,2028.82,13230.232
1772120700.0,2028.84,2037.55,2022.92,2033.34,8927.7348
1772121600.0,2033.34,2037.74,2020.5,2026.62,6214.7396
1772122500.0,2026.63,2037.78,2025.66,2033.53,4849.2761
1772123400.0,2033.52,2034.96,2007.94,2011.75,9639.686
1772124300.0,2011.76,2012.44,1978.77,1983.8,25880.0549
1772125200.0,1983.8,1997.02,1982.3,1989.56,8134.3369
1772126100.0,1989.57,1998.98,1986.24,1992.35,6846.993
1772127000.0,1992.35,1997.37,1984.6,1988.03,3904.1464
1772127900.0,1988.02,1990.91,1982.67,1988.43,3424.5628
1772128800.0,1988.42,1992.22,1975.35,1983.33,7817.7101
1772129700.0,1983.32,1994.8,1982.16,1986.86,5858.4958
1772130600.0,1986.86,2009.45,1986.01,2008.33,7999.4065
1772131500.0,2008.33,2008.56,2000.86,2004.23,2095.5559
1772132400.0,2004.23,2033.0,2003.58,2020.15,14838.4476
1772133300.0,2020.15,2032.55,2020.15,2025.83,5354.4671
1772134200.0,2025.82,2029.83,2020.77,2022.32,3173.1096
1772135100.0,2022.33,2034.4,2022.33,2030.14,3591.7686
1772136000.0,2030.13,2042.75,2029.8,2033.12,6920.972
1772136900.0,2033.12,2037.99,2027.45,2028.07,4880.8456
1772137800.0,2028.08,2031.38,2024.56,2029.06,2086.4801
1772138700.0,2029.06,2029.69,2021.64,2023.67,2161.8353
1772139600.0,2023.67,2029.45,2018.33,2023.99,1872.0139
1772140500.0,2024.0,2031.8,2023.19,2031.74,1165.9875
1772141400.0,2031.74,2031.75,2025.41,2029.26,884.4498
1772142300.0,2029.26,2034.99,2027.63,2030.36,1563.8969
1772143200.0,2030.36,2034.57,2027.26,2032.47,1462.2814
1772144100.0,2032.47,2033.14,2027.44,2029.68,523.1195
1772145000.0,2029.68,2036.55,2029.11,2036.55,1383.8726
1772145900.0,2036.55,2037.51,2031.32,2033.29,1027.1292
1772146800.0,2033.29,2033.29,2024.38,2029.73,1829.8759
1772147700.0,2029.74,2033.64,2027.22,2031.33,773.3051
1772148600.0,2031.33,2032.27,2026.25,2027.31,1167.4638
1772149500.0,2027.31,2029.55,2024.67,2027.68,1218.0613
1772150400.0,2027.68,2030.86,2023.5,2025.96,1881.2095
1772151300.0,2025.95,2027.06,2018.09,2022.57,1863.6675
1772152200.0,2022.57,2024.16,2013.85,2014.0,1698.8086
1772153100.0,2014.0,2018.2,2008.34,2014.79,2126.9089
1772154000.0,2014.79,2015.6,2000.02,2008.5,3222.7218
1772154900.0,2008.51,2012.39,2004.13,2008.56,2223.4211
1772155800.0,2008.55,2019.52,2007.08,2012.54,15437.615
1772156700.0,2012.57,2022.6,2010.81,2021.9,7797.7517
1772157600.0,2021.89,2026.61,2019.94,2021.2,1697.895
1772158500.0,2021.19,2034.0,2019.37,2026.29,3931.0481
1772159400.0,2026.28,2034.52,2026.23,2029.64,2094.1716
1772160300.0,2029.64,2031.33,2025.4,2026.0,1262.593
1772161200.0,2026.01,2027.29,2020.35,2021.69,1726.0979
1772162100.0,2021.69,2024.7,2019.5,2020.79,970.7235
1772163000.0,2020.8,2031.0,2020.8,2030.6,1922.9649
1772163900.0,2030.6,2049.48,2028.06,2045.39,4602.0098
1772164800.0,2045.39,2059.17,2043.14,2052.88,7248.8031
1772165700.0,2052.88,2063.52,2052.44,2056.65,7273.6678
1772166600.0,2056.65,2057.55,2045.52,2047.16,3048.3501
1772167500.0,2047.16,2050.15,2039.84,2042.64,4114.2425
1772168400.0,2042.64,2048.84,2042.03,2046.5,2230.616
1772169300.0,2046.5,2049.43,2038.71,2044.4,2653.2358
1772170200.0,2044.39,2047.34,2043.54,2046.1,1266.7325
1772171100.0,2046.09,2046.65,2040.33,2041.61,1744.8487
1772172000.0,2041.6,2042.95,2036.09,2037.41,2508.4063
1772172900.0,2037.41,2039.19,2027.53,2032.5,6197.5167
1772173800.0,2032.5,2039.62,2031.66,2037.17,1998.588
1772174700.0,2037.17,2039.62,2034.41,2035.91,2437.9943
1772175600.0,2035.92,2041.43,2033.62,2037.19,2206.7278
1772176500.0,2037.2,2037.2,2030.0,2030.84,2203.8438
1772177400.0,2030.85,2032.92,2022.16,2024.89,8691.0166
1772178300.0,2024.89,2033.92,2023.2,2032.69,7263.2923
1772179200.0,2032.69,2045.93,2031.39,2039.02,4884.9312
1772180100.0,2039.03,2040.89,2034.53,2037.36,2194.2976
1772181000.0,2037.36,2042.09,2028.08,2033.83,3642.6604
1772181900.0,2033.84,2036.4,2030.45,2033.38,2244.1123
1772182800.0,2033.39,2036.95,2032.02,2036.35,2745.885
1772183700.0,2036.35,2042.43,2031.75,2037.83,2336.0712
1772184600.0,2037.84,2038.75,2018.29,2019.92,4553.9944
1772185500.0,2019.92,2019.92,2008.41,2010.01,5644.5338
1772186400.0,2010.0,2013.69,1984.35,1986.58,15546.0407
1772187300.0,1986.58,1997.51,1985.84,1991.63,6869.4146
1772188200.0,1991.62,1999.58,1991.01,1993.14,3642.2512
1772189100.0,1993.14,1993.38,1978.39,1980.8,6111.8377
1772190000.0,1980.8,1984.12,1979.98,1982.26,3910.7674
1772190900.0,1982.26,1982.26,1966.72,1974.78,11674.3421
1772191800.0,1974.78,1975.21,1954.75,1957.02,10558.1887
1772192700.0,1957.01,1965.57,1953.37,1962.08,5981.957
1772193600.0,1962.08,1965.35,1956.42,1960.95,5813.4119
1772194500.0,1960.95,1969.0,1955.52,1962.61,4378.5773
1772195400.0,1962.61,1965.36,1955.67,1956.6,3470.2543
1772196300.0,1956.61,1960.97,1949.32,1959.92,7392.0196
1772197200.0,1959.91,1967.71,1957.27,1960.36,4676.7234
1772198100.0,1960.36,1963.06,1954.74,1959.99,3478.394
1772199000.0,1959.95,1959.95,1938.82,1954.27,14717.5266
1772199900.0,1954.27,1966.22,1953.23,1963.35,6915.3114
1772200800.0,1963.35,1964.3,1955.9,1961.64,3939.9903
1772201700.0,1961.63,1961.63,1946.88,1951.59,4439.2455
1772202600.0,1951.58,1959.0,1944.86,1946.49,10456.0921
1772203500.0,1946.48,1951.02,1940.03,1942.95,8335.6844
1772204400.0,1942.94,1959.11,1940.62,1951.3,12044.8077
1772205300.0,1951.3,1959.24,1944.73,1951.07,6306.873
1772206200.0,1951.07,1951.46,1942.0,1948.02,4676.9467
1772207100.0,1948.03,1953.54,1945.11,1948.59,4081.6915
1772208000.0,1948.59,1948.86,1927.0,1936.76,11511.2519
1772208900.0,1936.76,1945.45,1935.86,1942.29,2980.0476
1772209800.0,1942.29,1944.37,1930.53,1934.24,3752.3645
1772210700.0,1934.24,1935.85,1924.61,1927.15,6002.2466
1772211600.0,1927.14,1933.75,1921.57,1924.54,3675.0362
1772212500.0,1924.54,1927.12,1911.0,1912.7,7273.8057
1772213400.0,1912.7,1925.37,1907.48,1922.36,7677.2464
1772214300.0,1922.35,1934.98,1917.76,1932.35,4316.9101
1772215200.0,1932.35,1933.06,1923.4,1924.74,2393.9547
1772216100.0,1924.73,1927.53,1917.89,1925.01,2581.7534
1772217000.0,1925.01,1929.14,1922.92,1925.42,2135.6887
1772217900.0,1925.41,1925.68,1915.81,1918.02,2650.3693
1772218800.0,1918.02,1922.44,1912.32,1918.01,2613.1578
1772219700.0,1918.02,1922.94,1915.48,1919.84,1439.6402
1772220600.0,1919.84,1921.54,1914.92,1916.25,1779.6709
1772221500.0,1916.26,1923.46,1916.26,1921.1,1239.8142
1772222400.0,1921.11,1926.78,1920.43,1925.94,1756.7838
1772223300.0,1925.93,1926.64,1923.82,1924.12,1358.6508
1772224200.0,1924.12,1924.92,1921.02,1922.78,1305.449
1772225100.0,1922.78,1925.63,1920.6,1923.14,2489.2975
1772226000.0,1923.16,1933.64,1920.11,1927.56,3877.9213
1772226900.0,1927.56,1933.17,1927.5,1930.89,1819.3078
1772227800.0,1930.88,1930.88,1924.88,1926.58,1541.7423
1772228700.0,1926.59,1926.89,1917.11,1921.26,1994.4088
1772229600.0,1921.26,1922.72,1917.18,1919.22,1876.4005
1772230500.0,1919.22,1922.53,1911.29,1913.56,2924.5749
1772231400.0,1913.56,1922.78,1887.0,1921.77,18568.0912
1772232300.0,1921.77,1927.72,1917.46,1921.4,2536.3172
1772233200.0,1921.39,1929.0,1919.96,1923.12,2125.9294
1772234100.0,1923.12,1933.55,1922.72,1930.37,2415.3398
1772235000.0,1930.38,1931.64,1928.26,1928.32,1556.4298
1772235900.0,1928.33,1932.65,1928.22,1929.84,1305.3065
1772236800.0,1929.84,1937.17,1928.79,1936.54,2332.1022
1772237700.0,1936.55,1937.05,1924.45,1926.48,2698.3169
1772238600.0,1926.47,1933.71,1925.01,1933.08,959.6462
1772239500.0,1933.07,1934.6,1930.91,1932.4,1143.9702
1772240400.0,1932.41,1936.18,1930.22,1931.09,1703.1046
1772241300.0,1931.09,1933.82,1924.38,1925.31,1929.4351
1772242200.0,1925.3,1927.7,1919.8,1926.02,1958.0024
1772243100.0,1926.02,1928.96,1924.51,1924.61,680.6905
1772244000.0,1924.61,1928.69,1922.64,1926.68,850.4321
1772244900.0,1926.68,1930.5,1926.68,1929.58,490.0805
1772245800.0,1929.59,1930.49,1927.63,1929.3,627.4109
1772246700.0,1929.31,1932.54,1929.3,1930.36,1184.5951
1772247600.0,1930.36,1930.59,1927.07,1928.41,942.5402
1772248500.0,1928.4,1931.27,1928.03,1929.08,619.9686
1772249400.0,1929.08,1929.08,1920.61,1923.27,2282.387
1772250300.0,1923.26,1925.73,1923.06,1924.49,696.8728
1772251200.0,1924.49,1926.11,1923.07,1925.4,731.3564
1772252100.0,1925.41,1931.62,1918.7,1920.92,2608.7885
1772253000.0,1920.92,1927.49,1914.73,1926.99,2452.6693
1772253900.0,1926.99,1927.67,1923.77,1925.12,784.8453
1772254800.0,1925.12,1928.2,1924.3,1927.82,770.4296
1772255700.0,1927.83,1928.11,1922.92,1922.92,1846.0798
1772256600.0,1922.92,1922.92,1914.56,1919.52,1955.7384
1772257500.0,1919.53,1920.63,1918.04,1919.94,1220.0165
1772258400.0,1919.95,1920.25,1908.26,1911.13,4663.4917
1772259300.0,1911.13,1912.46,1876.37,1880.56,25289.0616
1772260200.0,1880.57,1880.95,1854.31,1870.81,26419.6442
1772261100.0,1870.82,1871.16,1835.36,1842.45,22003.7661
1772262000.0,1842.46,1864.08,1835.55,1862.91,12851.1001
1772262900.0,1862.92,1868.44,1847.87,1853.61,7895.9848
1772263800.0,1853.6,1885.0,1851.37,1879.08,17710.9523
1772264700.0,1879.09,1879.45,1864.63,1866.73,6056.683
1772265600.0,1866.73,1868.76,1856.2,1857.17,4790.6466
1772266500.0,1857.18,1865.36,1850.76,1857.14,6529.2795
1772267400.0,1857.13,1864.92,1854.56,1858.23,3523.1781
1772268300.0,1858.24,1859.11,1848.48,1852.48,5431.659
1772269200.0,1852.47,1858.35,1845.05,1855.77,5010.2514
1772270100.0,1855.78,1863.51,1852.42,1858.98,3937.1766
1772271000.0,1858.97,1858.97,1849.35,1853.3,3572.66
1772271900.0,1853.29,1857.12,1849.63,1854.98,3320.9073
1772272800.0,1854.99,1855.01,1849.15,1852.53,4090.9325
1772273700.0,1852.53,1860.11,1851.57,1856.57,3627.3325
1772274600.0,1856.6,1868.45,1856.44,1862.51,4786.4756
1772275500.0,1862.5,1866.88,1860.53,1865.09,1982.0107
1772276400.0,1865.09,1875.63,1864.76,1873.43,5303.3508
1772277300.0,1873.42,1880.74,1869.75,1878.63,3760.6535
1772278200.0,1878.62,1881.0,1866.51,1868.66,4136.7451
1772279100.0,1868.67,1871.72,1861.68,1863.31,2544.5248
1772280000.0,1863.32,1868.87,1863.32,1866.47,2928.9288
1772280900.0,1866.47,1874.2,1866.15,1870.0,2527.5174
1772281800.0,1870.01,1871.87,1867.51,1869.33,1497.5026
1772282700.0,1869.33,1870.13,1862.47,1868.53,1529.8087
1772283600.0,1868.53,1872.56,1866.03,1872.54,1571.8664
1772284500.0,1872.54,1877.3,1868.24,1868.91,2808.1156
1772285400.0,1868.91,1872.35,1865.25,1871.99,2145.5033
1772286300.0,1872.12,1910.2,1871.52,1905.58,24414.2247
1772287200.0,1905.58,1915.95,1889.57,1898.6,12335.4378
1772288100.0,1898.59,1904.53,1894.6,1901.1,4778.6807
1772289000.0,1901.11,1913.84,1896.29,1905.77,6422.8769
1772289900.0,1905.77,1909.12,1883.2,1887.75,9388.6305
1772290800.0,1887.76,1895.03,1873.83,1875.72,5136.2854
1772291700.0,1875.73,1903.91,1875.57,1899.79,7095.453
1772292600.0,1899.8,1903.32,1893.06,1897.62,4197.9038
1772293500.0,1897.61,1900.12,1893.33,1898.88,3033.2479
1772294400.0,1898.87,1901.08,1891.72,1900.06,2496.7998
1772295300.0,1900.05,1902.99,1894.46,1899.79,2100.1402
1772296200.0,1899.79,1909.77,1895.9,1908.88,3075.3625
1772297100.0,1908.88,1910.2,1899.85,1903.98,2316.7323
1772298000.0,1903.97,1904.46,1896.81,1898.78,2072.7608
1772298900.0,1898.78,1904.32,1896.26,1902.77,1449.8895
1772299800.0,1902.78,1903.79,1886.92,1890.77,6310.8918
1772300700.0,1890.77,1911.62,1886.02,1906.91,5560.8035
1772301600.0,1906.9,1908.48,1902.67,1903.4,2068.0866
1772302500.0,1903.39,1905.47,1901.27,1903.52,1044.8634
1772303400.0,1903.52,1933.66,1903.52,1926.66,10467.5596
1772304300.0,1926.65,1947.0,1925.59,1936.08,10350.1839
1772305200.0,1936.08,1937.65,1920.38,1925.65,3687.316
1772306100.0,1925.64,1930.51,1924.54,1927.53,3127.847
1772307000.0,1927.53,1955.04,1926.66,1944.99,12920.9941
1772307900.0,1945.0,1952.55,1941.57,1947.02,4121.346
1772308800.0,1947.03,1959.0,1938.76,1955.99,4965.4129
1772309700.0,1955.98,1968.0,1951.3,1960.3,8611.592
1772310600.0,1960.3,1963.61,1950.29,1956.25,4287.2214
1772311500.0,1956.25,1972.44,1955.3,1965.96,5379.1077
1772312400.0,1965.96,1967.76,1949.37,1955.87,4822.2384
1772313300.0,1955.87,1957.09,1946.21,1949.45,4484.9835
1772314200.0,1949.46,1964.84,1945.39,1959.42,5569.1206
1772315100.0,1959.42,1963.8,1952.91,1957.69,2857.0643
1772316000.0,1957.7,1965.36,1955.75,1963.26,4797.6672
1772316900.0,1963.25,1969.65,1961.94,1964.76,3816.0697
1772317800.0,1964.77,1984.99,1963.73,1972.29,12727.5223
1772318700.0,1972.29,1979.22,1964.75,1965.48,4355.2349
1772319600.0,1965.48,1969.97,1961.48,1962.81,2063.7874
1772320500.0,1962.81,1965.75,1960.01,1960.78,1789.8838
1772321400.0,1960.78,1963.5,1956.84,1961.2,2025.5614
1772322300.0,1961.2,1966.55,1961.2,1964.51,1437.0086
1772323200.0,1964.51,1969.28,1959.2,1962.32,3231.3493
1772324100.0,1962.32,1964.99,1957.84,1958.54,1361.0315
1772325000.0,1958.55,1961.45,1954.64,1956.39,1520.7367
1772325900.0,1956.38,1965.0,1955.79,1962.66,1894.0544
1772326800.0,1962.67,1962.7,1946.2,1949.04,3725.4493
1772327700.0,1949.04,1959.19,1943.58,1953.91,5110.4472
1772328600.0,1953.92,1974.39,1952.12,1966.92,4643.2015
1772329500.0,1966.92,2023.4,1966.92,2012.36,26834.8275
1772330400.0,2012.37,2052.81,2008.61,2046.85,32661.9932
1772331300.0,2046.85,2054.8,2026.89,2032.36,15126.967
1772332200.0,2032.36,2045.19,2027.25,2043.14,7213.6379
1772333100.0,2043.14,2048.26,2031.34,2033.05,7447.1867
1772334000.0,2033.04,2039.25,2032.86,2034.86,5008.8243
1772334900.0,2034.85,2036.38,2025.64,2034.16,4295.6986
1772335800.0,2034.16,2034.84,2029.3,2032.85,2439.4126
1772336700.0,2032.85,2034.83,2017.0,2023.29,6265.749
1772337600.0,2023.29,2030.3,2010.96,2013.33,6349.12
1772338500.0,2013.34,2015.91,1998.68,2012.08,10144.9233
1772339400.0,2012.07,2020.21,2010.11,2015.5,3661.4607
1772340300.0,2015.5,2018.39,2014.06,2015.7,1687.4872
1772341200.0,2015.71,2019.21,2009.7,2013.16,2323.4936
1772342100.0,2013.15,2022.9,2013.15,2020.01,2290.4599
1772343000.0,2020.0,2021.14,2014.71,2014.95,1788.9875
1772343900.0,2014.96,2015.57,2009.82,2011.24,2225.3576
1772344800.0,2011.24,2012.67,1993.56,2003.58,6862.7512
1772345700.0,2003.58,2006.52,1999.21,2000.67,3956.4354
1772346600.0,2000.68,2002.3,1989.0,1994.68,10552.5867
1772347500.0,1994.68,2000.63,1989.05,1998.41,3217.3274
1772348400.0,1998.41,2005.37,1993.0,2003.24,3675.1966
1772349300.0,2003.25,2005.23,1997.53,1999.82,2067.5537
1772350200.0,1999.83,2009.63,1996.73,2005.17,4754.7809
1772351100.0,2005.18,2007.64,2003.64,2007.24,4368.2804
1772352000.0,2007.23,2010.18,1998.64,2009.29,3088.7173
1772352900.0,2009.3,2009.3,2003.96,2007.25,1555.0857
1772353800.0,2007.25,2007.5,2001.55,2001.76,2516.9885
1772354700.0,2001.77,2002.44,1981.03,1986.0,7973.501
1772355600.0,1986.01,1990.21,1974.83,1988.53,4918.7278
1772356500.0,1988.53,1996.12,1987.35,1991.0,2887.7317
1772357400.0,1991.0,1991.92,1977.63,1979.88,5014.0179
1772358300.0,1979.89,1982.81,1976.92,1980.69,3612.0255
1772359200.0,1980.69,1984.93,1972.24,1983.55,5391.071
1772360100.0,1983.55,1985.91,1978.49,1984.78,2347.98
1772361000.0,1984.79,1993.03,1980.75,1981.43,4198.3586
1772361900.0,1981.44,1985.48,1979.08,1984.81,1853.9689
1772362800.0,1984.81,1988.83,1984.76,1985.65,1162.0568
1772363700.0,1985.66,1989.48,1985.66,1987.54,1988.6116
1772364600.0,1987.55,1988.71,1982.13,1983.31,1433.7245
1772365500.0,1983.31,1985.86,1981.96,1983.32,1266.0069
1772366400.0,1983.32,1988.0,1981.61,1984.89,1342.3388
1772367300.0,1984.9,1987.26,1979.49,1980.83,1691.2266
1772368200.0,1980.83,1985.93,1976.39,1984.12,2366.2934
1772369100.0,1984.12,1984.12,1976.66,1978.2,1588.8552
1772370000.0,1978.21,1981.54,1974.3,1979.12,1756.3491
1772370900.0,1979.13,1981.55,1968.6,1976.38,5712.5329
1772371800.0,1976.38,1980.32,1973.31,1978.2,1859.3012
1772372700.0,1978.19,2024.4,1976.34,2006.58,21326.7628
1772373600.0,2006.58,2028.0,2002.73,2015.96,10243.1089
1772374500.0,2015.96,2019.06,2003.56,2007.5,5727.0016
1772375400.0,2007.5,2013.08,1993.37,1998.64,7085.6973
1772376300.0,1998.64,2004.89,1996.63,2000.1,3629.4399
1772377200.0,2000.11,2008.66,1998.86,2008.65,2802.1347
1772378100.0,2008.65,2014.4,2005.47,2010.0,6543.3504
1772379000.0,2009.99,2016.23,2009.99,2013.68,2468.2977
1772379900.0,2013.68,2013.73,1992.35,1993.38,4271.883
1772380800.0,1993.38,2004.39,1983.47,1998.77,7123.8691
1772381700.0,1998.77,2009.38,1995.26,2005.77,3593.2012
1772382600.0,2005.77,2007.09,2000.03,2000.04,1465.3087
1772383500.0,2000.05,2000.55,1960.23,1974.03,20469.0632
1772384400.0,1974.02,1975.92,1966.35,1970.85,4308.855
1772385300.0,1970.85,1971.44,1953.3,1965.65,6810.135
1772386200.0,1965.66,1971.49,1960.71,1968.86,2494.2184
1772387100.0,1968.85,1975.35,1958.8,1961.17,4811.4025
1772388000.0,1961.17,1997.53,1961.03,1984.32,15993.6419
1772388900.0,1984.33,1993.25,1979.2,1980.5,5543.3086
1772389800.0,1980.49,1983.65,1973.2,1980.53,3408.7956
1772390700.0,1980.53,1983.13,1973.68,1975.82,2550.4349
1772391600.0,1975.82,1976.37,1963.7,1964.09,5314.607
1772392500.0,1964.09,1966.58,1957.35,1959.89,3286.2893
1772393400.0,1959.9,1967.72,1946.55,1950.48,9013.854
1772394300.0,1950.48,1955.45,1949.11,1953.9,3800.161
1772395200.0,1953.89,1955.01,1928.97,1933.87,7533.8141
1772396100.0,1933.87,1938.05,1924.0,1924.49,6249.1519
1772397000.0,1924.5,1927.12,1907.41,1912.13,14731.2445
1772397900.0,1912.14,1917.66,1908.24,1914.26,5943.0268
1772398800.0,1914.27,1924.96,1912.61,1922.57,5532.6499
1772399700.0,1922.57,1929.42,1920.19,1924.85,4908.7628
1772400600.0,1924.86,1930.35,1921.48,1925.48,2947.6295
1772401500.0,1925.48,1932.34,1924.68,1928.98,2356.2518
1772402400.0,1928.98,1971.01,1926.87,1946.08,12309.5379
1772403300.0,1946.08,1952.12,1931.89,1936.23,8167.2203
1772404200.0,1936.23,1938.45,1914.69,1929.96,7273.5104
1772405100.0,1929.97,1930.01,1920.01,1924.86,3018.1675
1772406000.0,1924.86,1948.15,1918.7,1936.87,9314.3707
1772406900.0,1936.86,1939.35,1931.76,1932.51,2376.3139
1772407800.0,1932.51,1946.14,1931.48,1940.67,3924.5715
1772408700.0,1940.67,1943.76,1936.66,1939.71,2293.5615
1772409600.0,1939.71,1954.13,1937.42,1943.97,5101.9469
1772410500.0,1943.97,1950.68,1939.77,1946.53,2427.1913
1772411400.0,1946.53,1964.0,1946.1,1964.0,3751.6899
1772412300.0,1963.96,1967.49,1955.77,1960.86,4452.9075
1772413200.0,1960.87,1989.23,1959.79,1981.07,10529.8532
1772414100.0,1981.07,1983.94,1965.48,1967.75,5412.5658
1772415000.0,1967.76,1973.32,1967.21,1968.18,2930.5066
1772415900.0,1968.18,1969.48,1959.64,1963.71,2001.1061
1772416800.0,1963.71,1966.16,1939.79,1945.18,7677.9357
1772417700.0,1945.19,1949.96,1942.1,1948.51,4042.4159
1772418600.0,1948.51,1963.2,1947.65,1955.97,3471.0316
1772419500.0,1955.97,1960.71,1951.27,1955.63,1996.1485
1772420400.0,1955.63,1970.48,1948.35,1966.4,4744.0537
1772421300.0,1966.39,1977.0,1965.27,1973.8,3812.358
1772422200.0,1973.81,1979.82,1969.66,1974.54,3913.4902
1772423100.0,1974.54,1979.67,1970.57,1972.3,2791.432
1772424000.0,1972.3,1975.75,1969.42,1971.0,1882.0921
1772424900.0,1971.0,1978.56,1968.31,1978.41,3543.7386
1772425800.0,1978.4,1980.32,1971.46,1974.66,2319.9188
1772426700.0,1974.66,1974.66,1969.66,1972.94,1785.283
1772427600.0,1972.94,1973.33,1961.61,1967.33,3023.6647
1772428500.0,1967.33,1971.57,1964.03,1968.0,2513.0605
1772429400.0,1968.01,1983.6,1968.01,1980.84,3359.621
1772430300.0,1980.84,1981.0,1970.0,1970.84,2479.7879
1772431200.0,1970.9,1971.2,1963.47,1969.19,3334.1653
1772432100.0,1969.2,1970.0,1941.85,1950.22,7794.4033
1772433000.0,1950.23,1951.7,1945.53,1948.35,3229.7811
1772433900.0,1948.36,1949.09,1937.55,1943.31,4745.3567
1772434800.0,1943.31,1944.99,1925.53,1929.94,6657.465
1772435700.0,1929.95,1939.22,1927.38,1936.31,4367.8597
1772436600.0,1936.31,1942.26,1934.33,1942.09,4363.3558
1772437500.0,1942.09,1942.48,1938.29,1941.66,3267.8252
1772438400.0,1941.65,1941.79,1920.0,1936.63,7947.8759
1772439300.0,1936.62,1938.23,1924.59,1927.02,3783.4513
1772440200.0,1927.01,1942.29,1926.69,1938.96,3670.7261
1772441100.0,1938.96,1951.14,1938.03,1949.34,4842.4663
1772442000.0,1949.33,1958.95,1946.85,1956.08,6483.8848
1772442900.0,1956.07,1967.13,1955.63,1958.12,5804.2455
1772443800.0,1958.13,1963.38,1955.0,1956.74,4433.673
1772444700.0,1956.74,1956.97,1947.43,1947.79,4721.7466
1772445600.0,1947.78,1956.18,1944.0,1947.43,2785.6724
1772446500.0,1947.43,1952.57,1947.21,1952.41,1695.1077
1772447400.0,1952.41,1955.7,1947.54,1951.04,1629.2287
1772448300.0,1951.05,1952.53,1946.99,1952.25,1004.2335
1772449200.0,1952.24,1952.24,1935.54,1936.53,4822.9342
1772450100.0,1936.54,1944.28,1935.87,1938.48,2153.9531
1772451000.0,1938.49,1949.7,1936.18,1946.35,2103.2412
1772451900.0,1946.36,1954.81,1946.24,1947.81,4022.8413
1772452800.0,1947.8,1948.98,1944.5,1946.34,1552.2862
1772453700.0,1946.35,1946.58,1935.88,1938.47,2586.4181
1772454600.0,1938.47,1940.21,1930.4,1938.95,2797.4995
1772455500.0,1938.94,1942.03,1936.71,1938.12,1853.6731
1772456400.0,1938.11,1938.94,1929.0,1933.87,3943.0889
1772457300.0,1933.87,1944.5,1930.56,1934.19,3950.5977
1772458200.0,1934.2,1939.77,1926.8,1930.28,3774.1059
1772459100.0,1930.28,1932.97,1922.55,1927.71,4148.4858
1772460000.0,1927.71,1935.09,1921.7,1932.04,5682.6027
1772460900.0,1932.03,1934.94,1921.78,1927.72,5247.3893
1772461800.0,1927.71,1967.25,1925.95,1966.24,28969.0685
1772462700.0,1966.23,1985.48,1959.49,1979.75,18284.5318
1772463600.0,1979.75,2033.42,1974.36,2028.5,32870.5511
1772464500.0,2028.49,2047.82,2026.65,2031.19,25881.4317
1772465400.0,2031.19,2062.42,2021.53,2062.17,21014.4624
1772466300.0,2062.17,2065.48,2035.74,2047.33,19250.9288
1772467200.0,2047.33,2076.86,2043.36,2070.36,18693.9712
1772468100.0,2070.36,2071.65,2056.84,2058.43,9945.9354
1772469000.0,2058.43,2081.7,2044.25,2079.36,17520.9535
1772469900.0,2079.36,2090.0,2060.0,2064.33,14013.3888
1772470800.0,2064.33,2066.0,2050.65,2057.78,6949.135
1772471700.0,2057.78,2061.7,2049.81,2054.4,4277.8563
1772472600.0,2054.36,2058.34,2025.97,2029.17,10114.0085
1772473500.0,2029.17,2043.36,2025.58,2041.01,5917.7172
1772474400.0,2041.01,2041.12,2024.24,2038.85,4629.7122
1772475300.0,2038.85,2038.85,2030.1,2033.52,3512.7108
1772476200.0,2033.53,2038.35,2026.59,2034.19,4258.1562
1772477100.0,2034.19,2038.35,2024.98,2029.4,3783.7963
1772478000.0,2029.4,2032.72,2017.15,2027.5,5986.7892
1772478900.0,2027.51,2038.0,2027.51,2033.36,3999.3949
1772479800.0,2033.36,2041.8,2030.3,2031.9,3250.2422
1772480700.0,2031.9,2049.39,2031.9,2043.57,5563.1449
1772481600.0,2043.56,2057.7,2024.98,2032.13,9532.4201
1772482500.0,2032.12,2043.23,2029.24,2037.3,4281.5793
1772483400.0,2037.31,2044.0,2035.17,2043.11,2046.9564
1772484300.0,2043.1,2050.25,2034.26,2035.5,4959.448
1772485200.0,2035.5,2038.33,2029.35,2038.04,4756.9815
1772486100.0,2038.0,2042.49,2035.84,2040.12,4323.3231
1772487000.0,2040.13,2046.03,2038.81,2045.72,2095.2115
1772487900.0,2045.72,2047.87,2042.64,2043.01,2561.6659
1772488800.0,2043.01,2050.52,2042.82,2044.63,3267.8052
1772489700.0,2044.63,2052.89,2041.41,2050.0,2814.3639
1772490600.0,2050.0,2058.59,2049.32,2055.66,3364.9622
1772491500.0,2055.65,2056.09,2049.89,2053.82,2335.0003
1772492400.0,2053.82,2055.75,2044.43,2045.35,3840.3367
1772493300.0,2045.34,2048.0,2037.18,2037.58,3555.7746
1772494200.0,2037.59,2038.16,2024.32,2027.06,26002.1647
1772495100.0,2027.05,2031.84,2024.81,2027.35,3815.0542
1772496000.0,2027.34,2035.33,2024.27,2027.04,9993.337
1772496900.0,2027.03,2031.61,2021.85,2027.54,3649.9081
1772497800.0,2027.55,2038.94,2018.76,2036.0,11620.9392
1772498700.0,2036.0,2037.6,2026.91,2035.46,3367.8231
1772499600.0,2035.46,2041.48,2028.77,2037.32,3477.0159
1772500500.0,2037.33,2038.4,2028.98,2029.22,3800.9655
1772501400.0,2029.21,2034.3,2022.23,2030.92,2907.7358
1772502300.0,2030.91,2031.85,2019.53,2020.01,2776.8661
1772503200.0,2020.01,2020.52,2005.17,2009.26,6990.2139
1772504100.0,2009.26,2014.58,1998.0,2013.91,8709.3939
1772505000.0,2013.9,2018.6,2011.68,2014.27,2933.3027
1772505900.0,2014.27,2022.89,2013.4,2013.67,3198.8552
1772506800.0,2013.68,2015.88,2006.9,2013.42,1921.0804
1772507700.0,2013.42,2014.29,2005.33,2010.72,3412.6965
1772508600.0,2010.72,2015.0,2008.54,2012.27,2151.4347
1772509500.0,2012.27,2012.43,2006.49,2008.88,1476.3996
1772510400.0,2008.88,2012.52,2006.8,2009.57,1549.9812
1772511300.0,2009.57,2013.66,2007.34,2008.63,1329.9644
1772512200.0,2008.62,2010.97,2000.9,2004.27,3984.4682
1772513100.0,2004.27,2005.15,1998.49,1999.82,3181.5991
1772514000.0,1999.81,2010.56,1993.94,2010.55,5372.566
1772514900.0,2010.55,2019.4,2004.78,2007.11,4608.1385
1772515800.0,2007.1,2007.1,1997.45,1999.21,3522.4851
1772516700.0,1999.2,2001.09,1987.5,1993.36,9872.9319
1772517600.0,1993.35,1996.0,1990.01,1994.13,2279.1507
1772518500.0,1994.12,1996.0,1990.61,1994.01,1975.9022
1772519400.0,1994.01,1996.34,1991.01,1995.45,2434.1293
1772520300.0,1995.44,2001.86,1987.82,1999.27,3118.0286
1772521200.0,1999.28,2001.01,1994.35,2000.34,3682.0361
1772522100.0,2000.34,2003.49,1997.54,2000.69,3799.8801
1772523000.0,2000.68,2001.2,1993.43,1998.0,2462.7014
1772523900.0,1997.99,1999.4,1993.62,1996.33,1573.8506
1772524800.0,1996.32,2000.53,1984.5,1985.23,6164.046
1772525700.0,1985.24,1991.81,1981.56,1983.82,4756.5946
1772526600.0,1983.82,1984.52,1958.52,1961.66,13474.8012
1772527500.0,1961.65,1961.65,1947.93,1953.1,12028.4285
1772528400.0,1953.1,1968.8,1950.95,1965.7,8566.6145
1772529300.0,1965.7,1968.89,1945.55,1949.09,7367.2185
1772530200.0,1949.08,1955.61,1939.1,1950.44,9851.0003
1772531100.0,1950.43,1952.49,1945.23,1951.58,4158.1256
1772532000.0,1951.57,1953.68,1946.06,1947.62,3121.0587
1772532900.0,1947.61,1956.24,1945.24,1950.1,3210.3224
1772533800.0,1950.09,1956.74,1948.8,1956.37,3365.2349
1772534700.0,1956.36,1964.08,1954.21,1958.05,5171.8706
1772535600.0,1958.05,1961.96,1956.13,1959.09,3392.1831
1772536500.0,1959.1,1961.5,1952.11,1957.61,3997.737
1772537400.0,1957.61,1964.71,1956.65,1964.44,3279.0862
1772538300.0,1964.43,1966.97,1960.93,1961.28,2751.816
1772539200.0,1961.28,1990.07,1960.85,1981.58,9277.7537
1772540100.0,1981.57,1982.33,1970.6,1975.01,4890.8285
1772541000.0,1975.0,1975.54,1963.76,1967.58,4746.8494
1772541900.0,1967.59,1970.57,1963.51,1967.57,5080.2187
1772542800.0,1967.58,1968.77,1949.77,1950.35,7884.3011
1772543700.0,1950.36,1960.06,1950.21,1957.22,3280.309
1772544600.0,1957.23,1957.23,1948.35,1951.78,3454.1885
1772545500.0,1951.77,1952.94,1943.73,1952.14,5682.0941
1772546400.0,1952.13,1963.99,1949.18,1961.19,5378.1473
1772547300.0,1961.19,1971.85,1958.3,1961.96,6002.7785
1772548200.0,1961.96,1977.31,1934.84,1937.43,29074.7837
1772549100.0,1937.44,1954.26,1929.56,1942.78,15726.7509
1772550000.0,1942.78,1953.54,1938.41,1945.8,8934.4713
1772550900.0,1945.81,1950.75,1932.04,1942.65,9503.0436
1772551800.0,1942.64,1972.71,1942.4,1959.67,13192.2832
1772552700.0,1959.66,1970.99,1959.66,1969.22,6788.1898
1772553600.0,1969.21,2001.9,1964.94,1995.17,16129.5195
1772554500.0,1995.17,2014.12,1988.24,2006.39,13199.4895
1772555400.0,2006.37,2006.37,1958.76,1970.57,16705.864
1772556300.0,1970.57,1992.31,1969.32,1983.98,8872.3278
1772557200.0,1983.98,1985.55,1960.0,1970.56,6936.4661
1772558100.0,1970.54,1979.83,1965.01,1976.27,4206.7629
1772559000.0,1976.26,1976.52,1959.38,1975.65,5108.4857
1772559900.0,1975.63,1985.6,1972.48,1980.6,3842.6791
1772560800.0,1980.59,1987.16,1969.7,1973.66,4109.1342
1772561700.0,1973.67,1990.57,1973.66,1986.04,3847.3241
1772562600.0,1986.03,2000.32,1985.45,1993.0,6329.1517
1772563500.0,1993.0,1993.0,1984.24,1988.2,2733.4489
1772564400.0,1988.21,1990.66,1977.28,1985.23,5372.2741
1772565300.0,1985.23,1994.37,1981.58,1986.0,8022.134
1772566200.0,1986.01,1993.87,1976.97,1987.66,5031.3952
1772567100.0,1987.67,1993.0,1983.46,1986.02,2021.4365
1772568000.0,1986.03,1989.8,1978.71,1978.71,2404.8617
1772568900.0,1978.7,1987.05,1977.91,1982.28,1606.2268
1772569800.0,1982.28,1989.35,1981.17,1984.64,1477.863
1772570700.0,1984.65,1985.43,1969.83,1978.34,3851.0278
1772571600.0,1978.34,1978.4,1962.31,1967.99,3199.6454
1772572500.0,1967.98,1969.59,1959.35,1963.28,2506.8919
1772573400.0,1963.28,1967.87,1961.71,1965.64,1205.9982
1772574300.0,1965.64,1971.19,1963.02,1968.46,1181.2546
1772575200.0,1968.46,1985.61,1968.25,1980.79,3960.1668
1772576100.0,1980.8,1983.83,1976.93,1980.27,1056.7124
1772577000.0,1980.26,1988.2,1977.49,1986.21,1437.1423
1772577900.0,1986.2,1986.61,1980.33,1983.31,877.0311
1772578800.0,1983.3,2001.63,1981.5,1994.76,4543.9225
1772579700.0,1994.76,1996.23,1987.12,1988.43,2028.7664
1772580600.0,1988.44,1991.98,1983.98,1988.0,2228.682
1772581500.0,1987.99,1989.6,1981.25,1982.8,2606.8568
1772582400.0,1982.81,1983.24,1977.64,1980.92,1820.0477
1772583300.0,1980.92,1986.79,1979.65,1980.86,2463.2001
1772584200.0,1980.85,1981.3,1961.88,1964.65,4523.5024
1772585100.0,1964.65,1979.87,1964.65,1976.68,4845.5959
1772586000.0,1976.69,1984.0,1973.96,1977.93,2598.5849
1772586900.0,1977.94,1982.42,1970.18,1979.31,3418.5627
1772587800.0,1979.3,1998.66,1977.98,1989.97,5487.8203
1772588700.0,1989.97,1990.35,1980.3,1981.73,3703.2561
1772589600.0,1981.72,1982.79,1973.43,1977.05,2487.136
1772590500.0,1977.04,1981.47,1972.43,1973.18,1316.8574
1772591400.0,1973.18,1976.09,1969.1,1973.38,2907.1001
1772592300.0,1973.38,1982.74,1971.78,1979.24,2389.9633
1772593200.0,1979.23,1979.24,1970.17,1975.98,1861.553
1772594100.0,1975.98,1980.18,1962.91,1964.69,5217.6508
1772595000.0,1964.69,1966.04,1945.08,1951.04,13413.6871
1772595900.0,1951.05,1961.51,1947.81,1960.9,3885.2107
1772596800.0,1960.89,1964.65,1953.01,1960.66,3187.4791
1772597700.0,1960.66,1962.07,1952.18,1954.12,2549.9632
1772598600.0,1954.13,1958.74,1950.65,1957.89,2486.1766
1772599500.0,1957.89,1963.0,1956.25,1960.25,2475.1599
1772600400.0,1960.26,1963.18,1957.0,1962.33,1810.462
1772601300.0,1962.33,1965.49,1955.79,1960.12,1922.4714
1772602200.0,1960.13,1977.84,1957.79,1972.63,3907.2869
1772603100.0,1972.62,1975.89,1969.61,1971.14,2635.3107
1772604000.0,1971.14,1971.83,1964.91,1966.41,2218.2643
1772604900.0,1966.41,1967.93,1963.33,1967.23,2732.63
1772605800.0,1967.24,1986.0,1967.24,1985.8,5153.0733
1772606700.0,1985.8,1986.49,1978.28,1980.33,2880.3146
1772607600.0,1980.34,1982.09,1975.0,1975.36,2334.3589
1772608500.0,1975.36,1985.6,1974.64,1985.59,1777.9487
1772609400.0,1985.59,1994.0,1983.8,1993.06,4270.9934
1772610300.0,1993.05,2010.0,1990.04,2006.55,10145.6929
1772611200.0,2006.55,2019.9,2003.88,2009.95,13637.7058
1772612100.0,2009.95,2010.02,2000.47,2005.68,4842.7416
1772613000.0,2005.68,2030.8,2005.3,2030.35,11647.707
1772613900.0,2030.35,2066.66,2030.35,2063.71,30338.7489
1772614800.0,2063.71,2075.0,2055.18,2068.84,16726.1605
1772615700.0,2068.83,2080.0,2066.58,2076.17,13725.4823
1772616600.0,2076.18,2088.0,2071.42,2084.02,19269.9785
1772617500.0,2084.02,2089.55,2071.3,2075.23,9808.551
1772618400.0,2075.24,2092.9,2073.71,2084.83,13563.5734
1772619300.0,2084.82,2085.93,2075.63,2079.99,7072.4123
1772620200.0,2079.99,2081.3,2072.62,2074.03,4416.1122
1772621100.0,2074.03,2075.99,2067.36,2072.34,10466.4872
1772622000.0,2072.33,2076.04,2066.18,2074.86,9342.2216
1772622900.0,2074.86,2078.22,2066.19,2067.86,4887.5296
1772623800.0,2067.86,2069.84,2046.77,2054.01,12882.4811
1772624700.0,2054.01,2058.74,2050.57,2054.97,4703.1793
1772625600.0,2054.97,2059.29,2047.61,2050.59,7428.4799
1772626500.0,2050.59,2051.08,2039.66,2040.99,6446.9577
1772627400.0,2040.99,2053.36,2036.37,2050.29,15301.6143
1772628300.0,2050.3,2054.69,2047.4,2054.33,5460.5817
1772629200.0,2054.34,2068.53,2052.79,2059.76,6161.386
1772630100.0,2059.76,2063.27,2055.53,2059.95,2770.2066
1772631000.0,2059.94,2065.39,2056.28,2063.53,2989.1545
1772631900.0,2063.54,2067.42,2061.29,2064.49,2660.2487
1772632800.0,2064.48,2077.66,2062.82,2074.91,10025.9241
1772633700.0,2074.91,2082.64,2069.95,2078.69,9574.5996
1772634600.0,2078.69,2110.0,2066.66,2066.75,33404.5856
1772635500.0,2066.75,2084.85,2064.9,2080.0,11556.5335
1772636400.0,2079.99,2098.71,2079.09,2089.44,15530.7674
1772637300.0,2089.43,2143.98,2088.76,2139.02,26683.2293
1772638200.0,2139.02,2142.48,2122.59,2127.07,22292.8029
1772639100.0,2127.08,2157.67,2126.36,2150.23,24707.509
1772640000.0,2150.23,2165.75,2133.49,2135.44,24567.0449
1772640900.0,2135.43,2147.54,2129.13,2143.76,12359.0635
1772641800.0,2143.75,2152.12,2141.51,2146.01,13502.1816
1772642700.0,2146.0,2149.44,2140.03,2142.39,8445.7025
1772643600.0,2142.39,2155.35,2138.72,2148.78,10561.9095
1772644500.0,2148.78,2153.74,2130.17,2135.74,14026.5635
1772645400.0,2135.74,2148.8,2135.69,2145.0,10565.1035
1772646300.0,2145.0,2156.83,2144.7,2146.07,8269.1665
1772647200.0,2146.07,2154.32,2138.13,2141.9,5134.8765
1772648100.0,2141.9,2156.0,2141.12,2154.72,6008.0366
1772649000.0,2154.72,2159.09,2145.3,2153.71,4533.5648
1772649900.0,2153.7,2164.38,2152.03,2163.18,4330.1181
1772650800.0,2163.18,2187.05,2161.01,2181.75,20169.0317
1772651700.0,2181.76,2199.0,2174.76,2175.41,19098.1407
1772652600.0,2175.41,2187.87,2170.72,2181.34,6801.3008
1772653500.0,2181.34,2184.99,2175.89,2177.51,3438.9067
1772654400.0,2177.51,2179.66,2162.66,2168.3,5267.5674
1772655300.0,2168.31,2177.02,2165.4,2171.69,3352.7501
1772656200.0,2171.68,2175.49,2165.28,2172.93,3021.3291
1772657100.0,2172.93,2174.05,2149.31,2150.13,6580.9382
1772658000.0,2150.13,2155.18,2142.27,2145.49,5044.0046
1772658900.0,2145.48,2150.0,2142.25,2148.96,2350.8487
1772659800.0,2148.95,2155.77,2146.15,2149.27,2371.6967
1772660700.0,2149.27,2152.1,2145.86,2149.86,1920.461
1772661600.0,2149.85,2164.16,2149.85,2157.45,4033.9194
1772662500.0,2157.45,2159.79,2152.97,2152.97,1887.5261
1772663400.0,2152.97,2154.9,2135.27,2136.66,4766.3134
1772664300.0,2136.67,2136.88,2127.42,2132.11,4473.5029
1772665200.0,2132.11,2136.84,2128.79,2132.3,2147.7152
1772666100.0,2132.3,2135.77,2123.63,2125.37,4775.7681
1772667000.0,2125.38,2131.99,2116.67,2131.34,4861.9433
1772667900.0,2131.33,2133.44,2123.3,2127.28,3824.8521
1772668800.0,2127.28,2130.35,2121.5,2126.48,2342.4656
1772669700.0,2126.48,2134.89,2122.2,2127.05,4275.5343
1772670600.0,2127.04,2134.09,2124.24,2131.03,4640.3894
1772671500.0,2131.03,2135.36,2126.66,2128.13,3151.4579
1772672400.0,2128.14,2141.93,2124.5,2136.78,5853.5346
1772673300.0,2136.79,2138.65,2120.25,2127.71,4229.6023
1772674200.0,2127.71,2128.08,2110.42,2113.87,4861.5616
1772675100.0,2113.88,2116.93,2107.57,2113.73,3776.4819
1772676000.0,2113.72,2133.2,2112.82,2131.4,6412.1552
1772676900.0,2131.41,2134.09,2124.2,2126.75,1611.5038
1772677800.0,2126.75,2126.76,2115.59,2116.52,2162.7485
1772678700.0,2116.53,2124.9,2116.26,2121.85,2178.6246
1772679600.0,2121.85,2126.07,2118.01,2120.04,1592.4907
1772680500.0,2120.04,2122.65,2112.5,2113.95,2126.6623
1772681400.0,2113.96,2115.66,2108.56,2108.86,2317.2503
1772682300.0,2108.87,2122.55,2107.5,2120.15,2523.9402
1772683200.0,2120.15,2129.18,2118.59,2126.05,2619.4096
1772684100.0,2126.05,2135.2,2121.64,2134.41,3511.9616
1772685000.0,2134.42,2140.0,2127.3,2138.99,4538.2909
1772685900.0,2138.98,2144.2,2128.35,2137.36,5139.9256
1772686800.0,2137.35,2139.32,2133.35,2136.79,1227.723
1772687700.0,2136.8,2137.0,2116.68,2119.45,6006.7753
1772688600.0,2119.44,2123.69,2114.03,2117.07,2286.5917
1772689500.0,2117.07,2120.42,2115.21,2119.65,1625.1693
1772690400.0,2119.66,2122.97,2110.15,2114.46,3101.3708
1772691300.0,2114.45,2127.58,2112.38,2120.94,2313.1298
1772692200.0,2120.94,2124.41,2116.59,2122.46,1168.4481
1772693100.0,2122.47,2130.92,2120.31,2128.23,2151.2705
1772694000.0,2128.22,2132.53,2124.51,2129.34,2534.217
1772694900.0,2129.34,2130.48,2125.6,2126.43,1294.5486
1772695800.0,2126.43,2126.43,2116.09,2118.02,2780.3902
1772696700.0,2118.02,2118.56,2095.71,2104.96,11739.9906
1772697600.0,2104.96,2105.48,2093.63,2097.43,4366.4361
1772698500.0,2097.42,2103.04,2093.75,2096.89,5991.5722
1772699400.0,2096.89,2115.53,2095.86,2114.1,4571.5872
1772700300.0,2114.09,2118.82,2109.37,2117.64,2843.1348
1772701200.0,2117.64,2132.97,2116.54,2127.36,6669.6375
1772702100.0,2127.36,2134.05,2124.09,2129.1,5063.5016
1772703000.0,2129.09,2137.71,2124.79,2125.95,4409.7749
1772703900.0,2125.95,2127.96,2122.45,2125.45,1840.1098
1772704800.0,2125.45,2128.23,2119.99,2128.08,3058.1287
1772705700.0,2128.09,2148.0,2126.08,2143.44,5438.8458
1772706600.0,2143.44,2160.47,2143.44,2152.32,7293.2488
1772707500.0,2152.32,2163.66,2150.0,2156.15,5601.3043
1772708400.0,2156.14,2159.31,2145.29,2151.0,5327.165
1772709300.0,2151.0,2151.69,2142.18,2148.36,2796.7476
1772710200.0,2148.37,2148.37,2133.72,2134.12,3611.4211
1772711100.0,2134.13,2139.23,2133.5,2137.92,1640.1199
1772712000.0,2137.92,2138.85,2127.0,2134.08,4673.9489
1772712900.0,2134.08,2135.69,2123.58,2132.0,5271.0215
1772713800.0,2132.0,2137.76,2127.62,2134.74,2739.6756
1772714700.0,2134.73,2142.95,2133.9,2138.25,3050.9817
1772715600.0,2138.25,2139.72,2122.81,2127.23,4126.439
1772716500.0,2127.23,2130.22,2113.78,2123.03,4357.8668
1772717400.0,2123.04,2123.62,2109.18,2119.1,5370.6752
1772718300.0,2119.1,2127.13,2114.32,2117.6,5718.7747
1772719200.0,2117.6,2122.91,2114.41,2122.34,3136.4319
1772720100.0,2122.35,2122.82,2113.86,2117.92,2504.6622
1772721000.0,2117.92,2131.65,2096.76,2099.13,13547.801
1772721900.0,2099.14,2125.35,2096.73,2119.17,11573.8878
1772722800.0,2119.18,2121.93,2083.38,2089.2,17572.9871
1772723700.0,2089.2,2093.91,2072.72,2073.87,19814.0449
1772724600.0,2073.88,2088.21,2067.54,2081.08,13624.9523
1772725500.0,2081.09,2089.93,2079.16,2086.96,7434.6069
1772726400.0,2086.95,2087.42,2056.7,2063.79,12931.1767
1772727300.0,2063.8,2077.32,2060.12,2072.53,7547.2967
1772728200.0,2072.53,2085.0,2070.99,2079.62,5451.7416
1772729100.0,2079.62,2082.33,2075.59,2080.17,2837.9244
1772730000.0,2080.17,2093.7,2071.27,2077.18,7873.9805
1772730900.0,2077.19,2077.9,2069.23,2069.24,4582.2414
1772731800.0,2069.24,2071.0,2059.38,2066.83,6110.2654
1772732700.0,2066.83,2067.93,2054.75,2059.88,6813.7316
1772733600.0,2059.88,2070.26,2056.99,2069.73,4715.439
1772734500.0,2069.72,2073.06,2063.61,2066.69,3472.7202
1772735400.0,2066.67,2078.38,2066.19,2075.38,2697.4838
1772736300.0,2075.38,2077.55,2070.05,2076.59,2017.2218
1772737200.0,2076.6,2089.27,2076.3,2087.83,8087.9213
1772738100.0,2087.83,2093.69,2074.77,2078.37,9408.9269
1772739000.0,2078.37,2081.29,2072.39,2078.44,2543.6384
1772739900.0,2078.44,2083.86,2072.38,2074.36,2285.371
1772740800.0,2074.37,2081.53,2070.09,2080.57,3710.6079
1772741700.0,2080.58,2094.18,2080.0,2087.37,5189.7861
1772742600.0,2087.37,2097.07,2086.48,2088.51,2678.9956
1772743500.0,2088.51,2098.67,2085.71,2092.43,4029.4723
1772744400.0,2092.42,2097.0,2091.77,2093.23,1967.2332
1772745300.0,2093.23,2099.36,2089.92,2093.08,2299.6891
1772746200.0,2093.08,2094.4,2076.84,2081.67,5509.3065
1772747100.0,2081.66,2084.16,2075.77,2080.6,1620.2113
1772748000.0,2080.61,2083.51,2077.6,2080.41,1357.8836
1772748900.0,2080.41,2083.77,2078.59,2079.12,1301.536
1772749800.0,2079.12,2084.18,2078.87,2082.25,1055.8439
1772750700.0,2082.26,2085.0,2080.1,2080.11,1100.875
1772751600.0,2080.11,2082.05,2078.25,2078.98,1343.5351
1772752500.0,2078.98,2084.45,2078.42,2082.82,979.4276
1772753400.0,2082.83,2082.9,2073.31,2075.75,2458.5436
1772754300.0,2075.75,2076.54,2069.72,2072.86,3040.6765
1772755200.0,2072.86,2080.39,2072.2,2080.38,2517.3349
1772756100.0,2080.38,2080.39,2072.09,2072.85,2444.9058
1772757000.0,2072.84,2074.37,2069.76,2071.05,2860.4676
1772757900.0,2071.05,2076.5,2067.7,2075.02,1357.5018
1772758800.0,2075.03,2078.44,2072.01,2073.69,4199.26
1772759700.0,2073.68,2078.23,2061.79,2065.36,3351.7821
1772760600.0,2065.37,2088.33,2065.37,2085.77,3464.8045
1772761500.0,2085.78,2091.38,2081.49,2087.65,2614.7948
1772762400.0,2087.66,2093.33,2084.71,2091.89,1838.2211
1772763300.0,2091.89,2092.99,2080.66,2087.05,2594.1073
1772764200.0,2087.05,2088.74,2082.0,2088.73,1533.4898
1772765100.0,2088.72,2089.41,2081.5,2083.89,1654.584
1772766000.0,2083.89,2086.69,2076.59,2078.49,1564.3948
1772766900.0,2078.5,2088.56,2075.28,2085.9,2032.1812
1772767800.0,2085.9,2088.75,2082.72,2083.68,1590.4241
1772768700.0,2083.67,2084.87,2080.43,2083.8,3458.1629
1772769600.0,2083.81,2085.88,2077.69,2077.9,3631.8357
1772770500.0,2077.9,2080.1,2075.08,2075.38,2839.8394
1772771400.0,2075.38,2079.17,2058.84,2068.79,6747.9802
1772772300.0,2068.8,2071.82,2067.24,2070.86,1368.7368
1772773200.0,2070.87,2072.3,2065.72,2070.35,1894.1754
1772774100.0,2070.35,2074.19,2064.04,2066.28,1830.9621
1772775000.0,2066.28,2068.97,2059.36,2061.47,3098.0799
1772775900.0,2061.48,2071.19,2059.51,2068.94,3788.7213
1772776800.0,2068.93,2070.61,2063.58,2065.26,1690.5389
1772777700.0,2065.27,2071.42,2063.63,2068.57,1759.989
1772778600.0,2068.57,2076.17,2067.12,2075.55,2207.4904
1772779500.0,2075.54,2080.53,2073.36,2074.03,1994.8561
1772780400.0,2074.04,2079.5,2068.79,2071.89,2784.1144
1772781300.0,2071.9,2084.44,2070.92,2084.15,2530.2753
1772782200.0,2084.16,2086.76,2080.83,2084.39,3634.3578
1772783100.0,2084.39,2087.66,2081.75,2082.83,3568.5997
1772784000.0,2082.83,2082.83,2078.79,2080.0,2539.7515
1772784900.0,2080.0,2082.44,2076.79,2077.73,1702.7929
1772785800.0,2077.72,2082.3,2074.33,2080.38,1832.3347
1772786700.0,2080.38,2082.45,2074.98,2075.96,1173.069
1772787600.0,2075.96,2077.5,2063.5,2064.96,3440.9053
1772788500.0,2064.96,2065.26,2054.75,2057.1,6318.3692
1772789400.0,2057.09,2059.45,2045.79,2055.21,8120.3985
1772790300.0,2055.2,2061.77,2051.9,2060.0,3692.5837
1772791200.0,2060.0,2064.98,2058.72,2064.06,3003.6329
1772792100.0,2064.06,2069.43,2062.01,2068.68,2271.3747
1772793000.0,2068.68,2068.68,2061.57,2064.02,1655.4685
1772793900.0,2064.01,2067.8,2062.93,2063.4,2057.7075
1772794800.0,2063.41,2065.98,2057.69,2064.42,4439.8626
1772795700.0,2064.43,2067.34,2062.58,2065.29,1661.1299
1772796600.0,2065.29,2065.75,2054.64,2056.79,2937.6707
1772797500.0,2056.79,2057.63,2049.85,2051.03,3814.0507
1772798400.0,2051.03,2052.68,2037.22,2043.9,8193.2834
1772799300.0,2043.9,2055.0,2043.9,2051.79,3230.449
1772800200.0,2051.79,2052.81,2038.35,2043.73,5349.6253
1772801100.0,2043.74,2052.62,2039.39,2048.52,3109.9803
1772802000.0,2048.52,2052.0,2046.54,2049.26,3593.2695
1772802900.0,2049.25,2052.75,2039.67,2049.43,3481.7192
1772803800.0,2049.42,2062.12,2036.2,2051.4,13693.0111
1772804700.0,2051.4,2051.4,2019.35,2019.88,16595.7988
1772805600.0,2019.89,2024.35,1998.34,2006.72,22967.9915
1772806500.0,2006.71,2014.65,2003.91,2010.12,9266.3356
1772807400.0,2010.15,2014.54,1984.21,1991.31,24903.5111
1772808300.0,1991.31,1996.59,1972.0,1981.55,20837.9681
1772809200.0,1981.55,1988.3,1973.8,1984.97,12663.0217
1772810100.0,1984.97,1997.58,1983.77,1990.42,9601.817
1772811000.0,1990.41,1998.0,1982.51,1984.58,6301.0588
1772811900.0,1984.58,1985.14,1966.24,1978.01,8239.9022
1772812800.0,1978.0,1984.97,1967.0,1969.98,7911.3353
1772813700.0,1969.97,1975.84,1967.4,1974.82,5590.1094
1772814600.0,1974.84,1980.57,1968.0,1975.08,5748.9336
1772815500.0,1975.07,1979.3,1966.27,1971.29,7149.2523
1772816400.0,1971.28,1976.93,1969.01,1973.39,3330.2104
1772817300.0,1973.38,1982.13,1968.73,1974.2,4668.2133
1772818200.0,1974.19,1975.65,1955.95,1959.71,11398.4037
1772819100.0,1959.7,1969.87,1959.39,1966.76,4463.6093
1772820000.0,1966.76,1980.42,1966.61,1978.69,5010.1361
1772820900.0,1978.7,1980.63,1974.22,1976.83,3402.9204
1772821800.0,1976.82,1983.46,1976.33,1981.04,3476.1925
1772822700.0,1981.04,1982.19,1972.75,1974.62,3283.3578
1772823600.0,1974.62,1987.33,1974.62,1986.76,2466.4618
1772824500.0,1986.75,1993.3,1983.13,1986.24,3207.2372
1772825400.0,1986.23,1990.26,1983.62,1983.63,1703.1451
1772826300.0,1983.63,1985.23,1980.99,1983.75,2235.0991
1772827200.0,1983.75,1988.69,1977.53,1978.76,3224.5339
1772828100.0,1978.75,1981.67,1972.34,1973.51,3705.855
1772829000.0,1973.5,1983.17,1969.26,1978.85,4370.7827
1772829900.0,1978.85,1981.67,1977.66,1978.63,3295.2953
1772830800.0,1978.64,1981.5,1976.86,1980.35,1272.4415
1772831700.0,1980.35,1980.66,1971.51,1975.0,1411.0578
1772832600.0,1974.99,1978.62,1974.09,1978.34,953.9917
1772833500.0,1978.34,1984.64,1978.0,1983.77,1333.0332
1772834400.0,1983.76,1985.83,1982.24,1983.43,1197.3329
1772835300.0,1983.43,1987.38,1982.47,1983.23,823.3945
1772836200.0,1983.23,1986.82,1981.58,1984.95,1143.5066
1772837100.0,1984.94,1989.91,1984.94,1987.22,1148.2444
1772838000.0,1987.23,1987.75,1984.11,1985.96,2094.8625
1772838900.0,1985.97,1987.27,1984.7,1986.66,798.9847
1772839800.0,1986.65,1986.65,1980.6,1982.23,1025.2245
1772840700.0,1982.23,1983.15,1977.03,1978.68,1617.7844
1772841600.0,1978.68,1982.28,1976.97,1980.15,1287.5527
1772842500.0,1980.15,1981.71,1978.21,1978.81,677.8123
1772843400.0,1978.81,1983.27,1978.54,1980.32,1142.6982
1772844300.0,1980.32,1983.18,1980.03,1981.45,560.7903
1772845200.0,1981.45,1983.7,1978.96,1980.12,1090.6707
1772846100.0,1980.12,1982.17,1976.52,1979.2,1303.824
1772847000.0,1979.2,1980.5,1976.25,1979.82,3683.9167
1772847900.0,1979.84,1982.92,1978.73,1980.68,1013.1505
1772848800.0,1980.67,1980.95,1979.0,1979.38,828.0787
1772849700.0,1979.38,1980.36,1975.66,1975.72,934.6023
1772850600.0,1975.73,1977.31,1971.79,1974.69,3963.1678
1772851500.0,1974.69,1984.63,1974.69,1983.52,1964.6126
1772852400.0,1983.53,1996.04,1981.39,1995.07,4454.5045
1772853300.0,1995.07,1995.07,1983.64,1983.8,3014.6487
1772854200.0,1983.81,1985.52,1982.28,1982.81,1224.6073
1772855100.0,1982.81,1983.94,1979.83,1980.21,839.6919
1772856000.0,1980.22,1980.22,1964.34,1970.77,6106.4251
1772856900.0,1970.77,1974.61,1970.64,1974.06,1199.5008
1772857800.0,1974.06,1979.03,1972.05,1977.4,1151.4637
1772858700.0,1977.41,1977.41,1975.32,1975.35,634.9824
1772859600.0,1975.35,1978.81,1975.13,1976.35,958.4349
1772860500.0,1976.36,1977.01,1972.46,1975.81,1338.9813
1772861400.0,1975.8,1978.96,1973.42,1978.61,1854.7298
1772862300.0,1978.61,1979.87,1977.29,1979.01,1979.8378
1772863200.0,1979.01,1979.01,1975.14,1976.24,2727.6448
1772864100.0,1976.24,1977.51,1974.38,1974.66,915.5442
1772865000.0,1974.66,1976.45,1971.54,1976.45,1399.5193
1772865900.0,1976.45,1976.83,1968.81,1971.76,4040.4443
1772866800.0,1971.77,1973.32,1967.07,1973.1,4789.2394
1772867700.0,1973.1,1977.31,1971.15,1975.64,3311.18
1772868600.0,1975.65,1978.46,1974.8,1977.81,3810.7523
1772869500.0,1977.82,1984.19,1977.81,1982.94,4544.4962
1772870400.0,1982.94,1984.86,1980.94,1983.19,3438.0745
1772871300.0,1983.19,1987.62,1983.18,1985.68,2280.6246
1772872200.0,1985.68,1987.39,1981.9,1982.0,2637.4603
1772873100.0,1982.01,1982.41,1975.5,1978.03,1369.1751
1772874000.0,1978.02,1984.28,1975.38,1983.95,2210.8352
1772874900.0,1983.96,1989.42,1983.08,1983.75,1994.6979
1772875800.0,1983.75,1985.58,1983.17,1985.33,2944.402
1772876700.0,1985.33,1988.36,1984.54,1986.35,2292.5411
1772877600.0,1986.35,1988.68,1985.25,1988.32,1115.6768
1772878500.0,1988.33,1988.65,1984.23,1984.86,994.117
1772879400.0,1984.86,1986.45,1983.32,1984.42,1379.5127
1772880300.0,1984.41,1986.0,1983.58,1984.36,622.0345
1772881200.0,1984.36,1994.98,1982.19,1994.17,2486.6517
1772882100.0,1994.17,1994.44,1987.83,1989.07,1970.1663
1772883000.0,1989.07,1989.07,1987.03,1988.75,676.7383
1772883900.0,1988.75,1991.11,1988.02,1988.91,1106.5841
1772884800.0,1988.92,1990.95,1986.77,1987.63,913.1299
1772885700.0,1987.62,1989.91,1986.56,1988.01,738.2323
1772886600.0,1988.0,1988.45,1983.5,1984.02,904.449
1772887500.0,1984.03,1984.79,1979.84,1982.51,1514.0101
1772888400.0,1982.51,1984.19,1979.81,1982.14,2303.2845
1772889300.0,1982.14,1983.53,1980.07,1981.8,3135.8289
1772890200.0,1981.79,1983.12,1977.64,1980.64,2899.5246
1772891100.0,1980.64,1982.96,1980.13,1981.83,737.7415
1772892000.0,1981.83,1981.83,1970.47,1974.48,3603.6682
1772892900.0,1974.47,1976.71,1973.73,1975.29,934.401
1772893800.0,1975.3,1987.97,1975.29,1985.22,2439.3718
1772894700.0,1985.23,1990.25,1983.75,1987.0,2851.226
1772895600.0,1987.01,1987.41,1984.05,1985.37,1727.9697
1772896500.0,1985.38,1986.81,1981.93,1982.99,1370.6157
1772897400.0,1982.98,1986.01,1976.22,1978.41,2144.2362
1772898300.0,1978.41,1981.74,1976.94,1981.04,1233.5082
1772899200.0,1981.03,1981.03,1976.99,1979.13,1644.1017
1772900100.0,1979.13,1979.3,1975.1,1976.9,1415.508
1772901000.0,1976.9,1978.76,1974.48,1977.28,1466.3591
1772901900.0,1977.28,1978.5,1976.02,1977.26,1137.8912
1772902800.0,1977.26,1980.26,1977.08,1980.04,1027.52
1772903700.0,1980.03,1983.47,1979.41,1981.07,1048.7296
1772904600.0,1981.08,1981.23,1980.54,1981.18,656.2012
1772905500.0,1981.18,1981.31,1976.19,1977.59,1150.8726
1772906400.0,1977.59,1977.59,1965.78,1971.47,4271.5145
1772907300.0,1971.47,1975.18,1969.57,1974.62,1518.568
1772908200.0,1974.61,1974.61,1968.67,1972.73,1169.4536
1772909100.0,1972.73,1972.9,1970.75,1971.23,676.4236
1772910000.0,1971.22,1971.23,1969.05,1969.43,835.8525
1772910900.0,1969.42,1970.8,1956.33,1959.06,5271.2437
1772911800.0,1959.06,1964.06,1957.71,1961.83,2941.7733
1772912700.0,1961.83,1962.82,1948.09,1955.2,8731.6413
1772913600.0,1955.2,1965.74,1954.89,1962.97,2193.4608
1772914500.0,1962.97,1965.46,1961.21,1963.69,1157.5076
1772915400.0,1963.7,1968.78,1963.16,1966.35,1268.4037
1772916300.0,1966.34,1967.91,1964.41,1966.42,1048.7682
1772917200.0,1966.42,1969.14,1964.68,1967.91,786.1961
1772918100.0,1967.91,1970.66,1967.89,1969.75,735.624
1772919000.0,1969.75,1969.76,1963.97,1966.86,1242.1603
1772919900.0,1966.86,1971.73,1964.79,1970.63,902.4802
1772920800.0,1970.62,1971.03,1966.94,1967.34,840.1199
1772921700.0,1967.33,1969.3,1966.3,1966.77,501.9481
1772922600.0,1966.78,1968.51,1958.36,1965.52,1510.4421
1772923500.0,1965.52,1969.51,1964.41,1966.46,1579.4921
1772924400.0,1966.47,1969.87,1965.49,1968.07,1638.0837
1772925300.0,1968.08,1973.41,1967.3,1971.63,2943.2067
1772926200.0,1971.64,1974.27,1970.0,1971.09,1919.4149
1772927100.0,1971.09,1971.58,1969.06,1969.59,1510.8625
1772928000.0,1969.6,1975.35,1969.59,1973.91,1867.3312
1772928900.0,1973.92,1977.35,1969.62,1970.5,2373.2721
1772929800.0,1970.49,1971.07,1966.84,1969.88,1635.2529
1772930700.0,1969.89,1970.36,1966.66,1968.91,1040.2048
1772931600.0,1968.92,1971.56,1966.35,1970.36,1265.3181
1772932500.0,1970.35,1971.9,1968.49,1968.5,881.2815
1772933400.0,1968.49,1970.0,1963.51,1969.5,1253.4455
1772934300.0,1969.5,1971.5,1968.51,1968.95,1502.9781
1772935200.0,1968.94,1969.88,1965.5,1968.72,804.2247
1772936100.0,1968.71,1969.98,1963.64,1964.15,765.4694
1772937000.0,1964.15,1969.85,1961.37,1969.11,1427.7969
1772937900.0,1969.1,1969.1,1935.73,1942.34,27385.7778
1772938800.0,1942.34,1949.6,1941.54,1947.54,4763.3313
1772939700.0,1947.57,1951.74,1947.57,1949.5,2088.317
1772940600.0,1949.51,1950.83,1946.0,1948.96,2278.1477
1772941500.0,1948.97,1950.14,1947.3,1947.67,944.7253
1772942400.0,1947.67,1953.37,1946.5,1950.59,2599.6697
1772943300.0,1950.59,1953.09,1949.66,1951.3,1662.1852
1772944200.0,1951.3,1951.54,1946.0,1947.52,2971.106
1772945100.0,1947.52,1947.73,1930.0,1938.4,27490.5292
1772946000.0,1938.4,1945.0,1938.0,1944.81,2076.5524
1772946900.0,1944.82,1950.77,1943.65,1948.54,1720.3099
1772947800.0,1948.54,1952.54,1948.19,1950.57,1189.5127
1772948700.0,1950.57,1952.11,1947.69,1949.0,860.5799
1772949600.0,1949.0,1952.33,1946.18,1946.79,1102.2474
1772950500.0,1946.78,1948.25,1943.89,1944.01,1643.6498
1772951400.0,1944.0,1948.58,1943.05,1947.91,1649.4712
1772952300.0,1947.9,1949.46,1945.44,1948.05,1111.7419
1772953200.0,1948.05,1958.58,1947.19,1957.24,2342.35
1772954100.0,1957.24,1960.41,1954.38,1955.74,1881.6705
1772955000.0,1955.74,1956.34,1953.23,1954.3,1503.1899
1772955900.0,1954.3,1956.2,1952.7,1955.23,1539.4058
1772956800.0,1955.22,1956.21,1950.52,1951.24,2110.0546
1772957700.0,1951.25,1952.4,1949.1,1951.96,713.9219
1772958600.0,1951.97,1959.68,1950.34,1958.24,1371.5634
1772959500.0,1958.23,1960.59,1957.32,1959.73,1730.8236
1772960400.0,1959.73,1967.41,1956.77,1964.73,2062.0926
1772961300.0,1964.73,1970.1,1963.32,1968.99,2396.4628
1772962200.0,1969.0,1969.3,1965.65,1966.75,1563.0208
1772963100.0,1966.76,1966.76,1963.06,1963.54,4285.2839
1772964000.0,1963.54,1966.07,1963.36,1966.07,8331.664
1772964900.0,1966.06,1979.8,1965.86,1975.8,18666.0341
1772965800.0,1975.8,1977.21,1971.36,1972.77,11872.2972
1772966700.0,1972.78,1975.01,1970.89,1974.18,2867.9742
1772967600.0,1974.17,1974.32,1952.27,1956.22,4340.193
1772968500.0,1956.21,1961.02,1956.18,1958.99,1130.5935
1772969400.0,1958.98,1962.72,1944.85,1948.7,5710.3801
1772970300.0,1948.69,1952.96,1946.65,1951.38,1799.2896
1772971200.0,1951.39,1954.67,1932.25,1935.48,19225.9183
1772972100.0,1935.48,1950.18,1926.13,1949.18,20377.8223
1772973000.0,1949.17,1951.94,1945.42,1948.05,1970.7419
1772973900.0,1948.05,1948.09,1943.79,1946.29,2328.8744
1772974800.0,1946.28,1948.18,1931.71,1932.78,4244.8873
1772975700.0,1932.78,1941.19,1925.06,1936.81,10020.8225
1772976600.0,1936.81,1936.82,1928.31,1936.32,3940.7672
1772977500.0,1936.33,1947.48,1936.0,1944.29,5862.069
1772978400.0,1944.29,1949.43,1941.9,1946.78,2759.1202
1772979300.0,1946.78,1950.58,1942.52,1943.37,2729.2988
1772980200.0,1943.37,1947.89,1937.66,1940.32,1872.9008
1772981100.0,1940.32,1945.74,1937.68,1945.52,1325.9486
1772982000.0,1945.52,1947.83,1940.27,1946.82,2466.8163
1772982900.0,1946.81,1946.81,1939.18,1939.18,1737.96
1772983800.0,1939.18,1942.48,1937.5,1941.43,1345.4725
1772984700.0,1941.43,1943.97,1937.67,1943.32,1452.8205
1772985600.0,1943.32,1944.97,1940.82,1941.31,799.8419
1772986500.0,1941.31,1943.78,1938.0,1942.15,1052.0201
1772987400.0,1942.14,1943.0,1935.0,1939.39,1864.5284
1772988300.0,1939.39,1939.39,1934.34,1936.87,1572.7916
1772989200.0,1936.87,1946.65,1935.33,1940.87,2519.8798
1772990100.0,1940.87,1941.81,1937.81,1938.75,541.4382
1772991000.0,1938.74,1940.8,1934.41,1936.65,1193.4618
1772991900.0,1936.65,1938.65,1933.1,1935.77,1352.1376
1772992800.0,1935.78,1936.67,1932.0,1932.52,734.4706
1772993700.0,1932.53,1936.43,1929.0,1935.07,7248.5937
1772994600.0,1935.06,1937.04,1928.09,1930.27,3869.1937
1772995500.0,1930.27,1932.66,1928.08,1930.27,908.7538
1772996400.0,1930.28,1950.67,1928.24,1946.68,5876.3065
1772997300.0,1946.67,1963.33,1945.0,1959.54,9058.594
1772998200.0,1959.54,1970.0,1958.22,1966.91,6250.5344
1772999100.0,1966.91,1970.58,1962.5,1964.91,3309.1471
1773000000.0,1964.91,1966.25,1954.74,1954.75,2620.241
1773000900.0,1954.74,1961.0,1953.81,1956.3,1656.0925
1773001800.0,1956.3,1971.95,1955.94,1965.47,2187.7692
1773002700.0,1965.47,1966.42,1957.14,1958.86,1366.6859
1773003600.0,1958.87,1962.24,1946.2,1948.74,3123.0491
1773004500.0,1948.75,1953.23,1944.53,1951.25,1859.4852
1773005400.0,1951.25,1955.0,1951.09,1954.45,754.7763
1773006300.0,1954.44,1956.83,1951.74,1953.95,894.8731
1773007200.0,1953.94,1953.94,1916.14,1931.33,40736.7185
1773008100.0,1931.32,1935.83,1919.83,1929.84,9412.5554
1773009000.0,1929.83,1947.0,1924.1,1937.95,5457.8122
1773009900.0,1937.96,1948.96,1937.96,1943.2,2604.0847
1773010800.0,1943.2,1953.03,1941.46,1948.35,3138.5943
1773011700.0,1948.36,1955.2,1943.82,1951.44,2204.6508
1773012600.0,1951.44,1952.37,1938.52,1939.04,2426.0207
1773013500.0,1939.04,1943.84,1935.58,1937.1,2359.6939
1773014400.0,1937.11,1951.99,1935.62,1946.68,3480.489
1773015300.0,1946.68,1948.52,1929.65,1942.24,4189.969
1773016200.0,1942.24,1966.14,1942.24,1956.07,7568.7601
1773017100.0,1956.07,1959.15,1946.7,1950.99,2657.1241
1773018000.0,1950.99,1954.36,1942.72,1949.95,3346.4646
1773018900.0,1949.96,1956.97,1946.37,1951.76,4489.6682
1773019800.0,1951.75,1963.2,1947.93,1958.54,4617.9303
1773020700.0,1958.53,1959.39,1944.9,1946.0,2525.4612
1773021600.0,1946.0,1953.47,1941.08,1945.89,2984.7403
1773022500.0,1945.88,1945.88,1938.33,1944.23,2326.9996
1773023400.0,1944.23,1961.27,1941.11,1959.2,4521.9564
1773024300.0,1959.2,1963.2,1957.01,1959.66,3094.1356
1773025200.0,1959.66,1997.79,1959.08,1997.72,25427.784
1773026100.0,1997.73,2006.01,1979.82,1984.68,25990.8545
1773027000.0,1984.67,1987.33,1976.51,1977.17,3919.5097
1773027900.0,1977.18,1980.38,1972.8,1977.48,3442.4028
1773028800.0,1977.48,1982.71,1975.0,1975.07,3041.5643
1773029700.0,1975.07,1989.56,1973.52,1987.1,2571.66
1773030600.0,1987.09,1987.15,1982.98,1985.77,2380.3643
1773031500.0,1985.76,1986.55,1976.75,1977.31,2245.2912
1773032400.0,1977.31,1982.38,1976.39,1980.69,2463.2934
1773033300.0,1980.69,1989.63,1978.52,1987.95,9474.0089
1773034200.0,1987.96,2008.19,1986.69,2004.06,11602.4247
1773035100.0,2004.06,2014.26,1996.75,2010.6,20290.9064
1773036000.0,2010.6,2012.7,2003.99,2007.3,5836.8925
1773036900.0,2007.29,2010.86,1998.26,1998.95,3936.5284
1773037800.0,1998.95,2001.49,1987.83,1990.26,3514.6373
1773038700.0,1990.26,1990.26,1983.36,1985.0,2445.8174
1773039600.0,1985.01,1985.74,1973.66,1975.21,3508.459
1773040500.0,1975.21,1978.76,1963.45,1976.69,4922.6082
1773041400.0,1976.69,1985.29,1975.54,1982.16,3586.7903
1773042300.0,1982.16,1985.91,1979.41,1983.9,1827.5564
1773043200.0,1983.91,1987.74,1978.92,1986.71,5196.7977
1773044100.0,1986.7,1998.11,1981.53,1995.92,4368.9905
1773045000.0,1995.92,2000.0,1990.92,1993.41,3593.2911
1773045900.0,1993.41,1999.5,1991.04,1996.81,2496.7408
1773046800.0,1996.81,1997.59,1986.77,1996.04,3013.9502
1773047700.0,1996.03,2004.68,1993.31,2004.04,4978.8566
1773048600.0,2004.03,2022.0,1999.39,2016.06,11038.7531
1773049500.0,2016.06,2017.91,2002.76,2004.48,3728.0561
1773050400.0,2004.49,2007.05,1999.94,2002.51,3481.7714
1773051300.0,2002.55,2005.98,1999.42,2001.53,6694.6723
1773052200.0,2001.52,2004.3,1995.32,1996.74,3617.2972
1773053100.0,1996.75,1998.57,1992.56,1995.41,3354.1463
1773054000.0,1995.41,1999.99,1993.77,1996.87,1420.6373
1773054900.0,1996.88,1997.22,1980.93,1984.12,6682.9807
1773055800.0,1984.12,1992.99,1983.57,1992.1,2458.4544
1773056700.0,1992.1,1996.75,1988.17,1992.2,2005.4145
1773057600.0,1992.2,1998.54,1992.2,1997.29,2409.4784
1773058500.0,1997.29,2008.59,1997.29,2007.86,4081.4462
1773059400.0,2007.86,2013.74,2002.32,2002.66,3885.248
1773060300.0,2002.66,2005.11,1998.87,2002.19,2292.0762
1773061200.0,2002.19,2013.43,2001.43,2009.63,5988.4166
1773062100.0,2009.63,2018.36,2001.13,2018.22,7959.2279
1773063000.0,2018.23,2029.3,2007.65,2028.17,15940.8667
1773063900.0,2028.17,2030.0,2013.06,2018.16,11866.4326
1773064800.0,2018.15,2026.33,2007.82,2013.99,12979.4463
1773065700.0,2014.0,2030.52,2013.99,2021.09,13342.9993
1773066600.0,2021.08,2032.84,2017.87,2030.74,8505.3077
1773067500.0,2030.74,2031.06,2020.62,2022.29,4846.3501
1773068400.0,2022.27,2026.63,2015.0,2025.74,6624.9865
1773069300.0,2025.73,2029.25,2021.85,2025.51,4712.6836
1773070200.0,2025.5,2028.17,2013.97,2019.9,5636.5122
1773071100.0,2019.9,2028.56,2019.51,2022.63,4423.0678
1773072000.0,2022.64,2032.19,2020.88,2023.62,4322.6755
1773072900.0,2023.63,2031.63,2019.18,2028.85,4067.0822
1773073800.0,2028.86,2031.01,2018.93,2028.58,3807.7312
1773074700.0,2028.58,2039.29,2025.4,2027.53,6007.9402
1773075600.0,2027.54,2031.91,2024.92,2029.4,3134.4598
1773076500.0,2029.39,2032.5,2018.85,2020.45,5431.9679
1773077400.0,2020.44,2023.37,2005.76,2010.59,7119.6629
1773078300.0,2010.58,2020.82,2010.02,2016.94,4771.093
1773079200.0,2016.94,2017.44,2006.15,2012.46,3965.7419
1773080100.0,2012.46,2022.78,2011.84,2017.77,3011.5989
1773081000.0,2017.77,2022.9,2015.32,2016.63,2799.7873
1773081900.0,2016.62,2018.75,2010.19,2012.1,2542.6539
1773082800.0,2012.11,2014.96,2010.0,2010.28,2017.2497
1773083700.0,2010.29,2050.39,2010.22,2050.03,13584.6744
1773084600.0,2050.02,2053.52,2025.5,2031.64,9998.1082
1773085500.0,2031.64,2036.79,2027.89,2033.91,4536.5241
1773086400.0,2033.91,2037.3,2031.16,2032.12,2903.3072
1773087300.0,2032.13,2032.76,2028.73,2031.47,1766.3672
1773088200.0,2031.47,2031.47,2021.28,2023.12,2852.5628
1773089100.0,2023.11,2028.78,2018.77,2025.89,2003.88
1773090000.0,2025.89,2035.39,2025.16,2031.39,3075.429
1773090900.0,2031.39,2031.51,2027.66,2028.37,1280.8475
1773091800.0,2028.37,2028.98,2022.19,2027.37,1203.0841
1773092700.0,2027.37,2030.71,2025.12,2028.35,805.6265
1773093600.0,2028.33,2031.32,2018.37,2023.5,2575.1085
1773094500.0,2023.5,2023.5,2019.28,2022.35,789.7656
1773095400.0,2022.34,2022.75,2007.23,2011.1,14429.7752
1773096300.0,2011.09,2012.33,1997.87,2002.53,38267.5388
1773097200.0,2002.52,2007.67,1997.11,2003.85,6362.1583
1773098100.0,2003.85,2004.0,1997.64,1999.01,4594.0759
1773099000.0,1999.0,2002.67,1996.65,1998.36,3325.172
1773099900.0,1998.35,1998.35,1989.12,1992.98,11613.4302
1773100800.0,1992.97,1995.52,1991.0,1994.49,2837.7378
1773101700.0,1994.49,2015.0,1994.44,2013.61,14746.1817
1773102600.0,2013.61,2019.22,2008.75,2018.23,4163.0444
1773103500.0,2018.23,2022.5,2013.01,2015.37,8884.8162
1773104400.0,2015.37,2021.54,2013.24,2018.21,2996.3684
1773105300.0,2018.21,2019.83,2008.75,2012.65,3667.9321
1773106200.0,2012.65,2016.3,2006.23,2010.48,2142.9518
1773107100.0,2010.49,2024.99,2009.1,2019.21,3117.9427
1773108000.0,2019.2,2021.31,2014.01,2019.22,1740.9901
1773108900.0,2019.22,2022.0,2015.69,2020.84,1516.3112
1773109800.0,2020.85,2054.19,2020.85,2047.44,17716.2825
1773110700.0,2047.44,2053.17,2040.46,2042.4,6273.7773
1773111600.0,2042.4,2046.32,2038.82,2042.8,3669.5404
1773112500.0,2042.81,2047.88,2041.26,2042.87,2140.9721
1773113400.0,2042.87,2043.28,2033.49,2034.27,3249.7033
1773114300.0,2034.27,2034.27,2022.63,2026.8,4169.2506
1773115200.0,2026.8,2035.49,2026.36,2034.61,3536.365
1773116100.0,2034.6,2039.37,2031.96,2036.09,2693.2684
1773117000.0,2036.1,2042.59,2036.1,2041.11,2182.5306
1773117900.0,2041.12,2047.31,2038.64,2045.7,2232.6246
1773118800.0,2045.69,2054.2,2043.61,2048.07,4293.3712
1773119700.0,2048.07,2053.3,2042.51,2043.84,3136.0419
1773120600.0,2043.83,2048.41,2040.9,2041.26,12344.8381
1773121500.0,2041.26,2044.99,2039.75,2043.99,3788.5295
1773122400.0,2044.0,2044.3,2039.61,2041.64,2855.7851
1773123300.0,2041.63,2048.58,2036.25,2047.71,3941.2503
1773124200.0,2047.7,2049.34,2043.91,2044.96,2893.9569
1773125100.0,2044.95,2046.43,2041.11,2043.76,2257.6902
1773126000.0,2043.77,2052.88,2040.09,2047.31,4060.9155
1773126900.0,2047.31,2059.69,2046.69,2052.68,4960.3942
1773127800.0,2052.69,2053.21,2048.31,2049.92,2171.8519
1773128700.0,2049.91,2054.58,2048.5,2051.0,3028.8717
1773129600.0,2051.0,2065.19,2051.0,2059.99,8336.2598
1773130500.0,2060.0,2066.93,2057.82,2061.44,6902.1951
1773131400.0,2061.43,2070.5,2061.43,2066.53,5062.1782
1773132300.0,2066.54,2066.54,2056.36,2057.27,3287.9973
1773133200.0,2057.27,2062.28,2055.72,2060.47,2392.656
1773134100.0,2060.47,2074.0,2058.2,2069.45,5477.3485
1773135000.0,2069.45,2070.75,2066.45,2068.42,2659.6597
1773135900.0,2068.42,2070.0,2064.66,2068.18,3222.7812
1773136800.0,2068.17,2069.22,2061.15,2062.88,2511.6129
1773137700.0,2062.89,2063.97,2059.5,2061.32,1603.2719
1773138600.0,2061.32,2065.86,2055.56,2057.73,2502.6826
1773139500.0,2057.73,2064.6,2056.47,2062.86,2305.2853
1773140400.0,2062.86,2067.78,2057.46,2058.06,3901.7792
1773141300.0,2058.06,2065.81,2051.16,2064.64,6345.2654
1773142200.0,2064.64,2065.78,2060.3,2061.53,1207.7752
1773143100.0,2061.53,2065.45,2059.15,2061.69,2731.3163
1773144000.0,2061.7,2062.09,2054.2,2057.79,2770.0252
1773144900.0,2057.8,2059.56,2051.97,2052.61,2469.2324
1773145800.0,2052.6,2056.14,2048.67,2050.42,4577.3655
1773146700.0,2050.41,2052.6,2047.36,2049.82,3083.81
1773147600.0,2049.82,2057.19,2049.82,2054.91,3936.3914
1773148500.0,2054.92,2060.27,2052.6,2054.37,2635.9057
1773149400.0,2054.38,2057.7,2024.04,2030.99,16019.0657
1773150300.0,2030.99,2044.36,2027.5,2033.63,6685.409
1773151200.0,2033.63,2037.01,2011.7,2014.63,15955.8775
1773152100.0,2014.62,2027.78,2008.65,2024.39,9130.7124
1773153000.0,2024.38,2047.18,2024.27,2045.06,11720.0824
1773153900.0,2045.05,2080.27,2041.6,2075.19,18487.9745
1773154800.0,2075.19,2085.73,2063.82,2068.48,19861.5134
1773155700.0,2068.48,2073.72,2059.23,2069.12,8702.0724
1773156600.0,2069.11,2078.98,2062.85,2070.43,8164.8381
1773157500.0,2070.43,2081.0,2067.04,2079.35,5768.9248
1773158400.0,2079.34,2081.2,2069.45,2073.03,3965.0565
1773159300.0,2073.03,2088.19,2072.37,2080.62,6685.9194
1773160200.0,2080.63,2086.0,2077.24,2085.04,4078.7652
1773161100.0,2085.05,2085.54,2078.46,2080.72,3950.5626
1773162000.0,2080.71,2085.19,2075.78,2076.69,3559.2727
1773162900.0,2076.69,2081.5,2070.22,2072.45,3872.5902
1773163800.0,2072.43,2079.48,2058.33,2065.47,7622.2959
1773164700.0,2065.48,2077.25,2061.77,2071.67,5707.214
1773165600.0,2071.67,2073.13,2048.95,2049.55,5841.6267
1773166500.0,2049.55,2056.35,2039.04,2046.74,12708.3284
1773167400.0,2046.75,2055.33,2040.61,2041.51,7615.0357
1773168300.0,2041.51,2047.19,2035.74,2039.68,4279.7243
1773169200.0,2039.68,2043.92,2030.1,2035.9,4374.0422
1773170100.0,2035.91,2044.31,2029.79,2032.55,4164.8942
1773171000.0,2032.54,2040.95,2027.16,2037.72,4775.3677
1773171900.0,2037.72,2039.36,2034.53,2037.02,2430.9113
1773172800.0,2037.02,2042.99,2035.45,2040.58,2724.2254
1773173700.0,2040.57,2045.65,2038.15,2045.23,2471.8454
1773174600.0,2045.23,2047.45,2041.88,2043.59,1776.2558
1773175500.0,2043.58,2044.39,2041.14,2042.56,742.0895
1773176400.0,2042.56,2048.31,2037.6,2038.52,1291.1075
1773177300.0,2038.53,2040.66,2037.82,2039.7,632.6337
1773178200.0,2039.7,2041.1,2027.92,2030.43,3294.069
1773179100.0,2030.43,2031.19,2018.0,2029.2,5664.9614
1773180000.0,2029.2,2032.18,2021.47,2025.44,3142.1994
1773180900.0,2025.44,2032.82,2021.14,2028.61,2160.0658
1773181800.0,2028.61,2029.4,2022.79,2027.7,1801.9783
1773182700.0,2027.7,2031.34,2026.0,2027.64,1393.5235
1773183600.0,2027.63,2035.55,2027.55,2033.86,2192.4679
1773184500.0,2033.86,2035.53,2030.0,2033.38,1350.8233
1773185400.0,2033.38,2035.97,2032.64,2033.75,1643.2095
1773186300.0,2033.75,2037.3,2032.08,2036.51,1667.4588
1773187200.0,2036.5,2039.79,2030.37,2038.15,2884.8307
1773188100.0,2038.15,2040.35,2033.73,2037.79,2340.7245
1773189000.0,2037.79,2037.86,2028.81,2029.84,2489.5079
1773189900.0,2029.83,2041.71,2029.83,2037.68,2415.7781
1773190800.0,2037.68,2041.0,2035.36,2038.85,2260.0466
1773191700.0,2038.84,2040.29,2032.47,2036.23,2317.0964
1773192600.0,2036.24,2036.93,2028.62,2031.98,1551.8694
1773193500.0,2031.97,2038.34,2031.18,2036.1,988.2088
1773194400.0,2036.1,2039.05,2033.51,2033.84,1084.4335
1773195300.0,2033.85,2036.05,2031.47,2033.32,1662.405
1773196200.0,2033.33,2033.33,2018.7,2022.58,5446.1432
1773197100.0,2022.58,2027.0,2019.45,2026.71,3324.0126
1773198000.0,2026.7,2029.35,2022.6,2023.76,1964.0116
1773198900.0,2023.76,2025.04,2018.53,2019.87,2542.5219
1773199800.0,2019.86,2021.81,2019.06,2020.52,1947.439
1773200700.0,2020.52,2022.42,2018.13,2021.17,1544.3209
1773201600.0,2021.17,2024.43,2018.25,2023.75,1802.1639
1773202500.0,2023.75,2037.06,2023.52,2034.66,3337.1713
1773203400.0,2034.65,2037.08,2032.74,2033.85,1745.8383
1773204300.0,2033.84,2041.39,2033.5,2039.08,1794.0911
1773205200.0,2039.08,2041.49,2035.97,2036.94,1309.9941
1773206100.0,2036.93,2036.94,2031.54,2032.55,815.4813
1773207000.0,2032.55,2032.55,2011.37,2017.4,6264.4315
1773207900.0,2017.4,2018.84,2013.65,2014.63,1684.2172
1773208800.0,2014.63,2019.0,2014.0,2017.78,2457.4804
1773209700.0,2017.77,2020.0,2016.0,2019.97,2147.2676
1773210600.0,2019.98,2024.76,2019.79,2021.27,2048.4905
1773211500.0,2021.27,2026.0,2018.13,2024.3,1838.2256
1773212400.0,2024.31,2025.7,2022.04,2023.39,812.0634
1773213300.0,2023.39,2023.53,2019.46,2019.46,1145.8246
1773214200.0,2019.46,2020.0,2007.17,2011.13,4346.6536
1773215100.0,2011.14,2015.67,2010.62,2012.54,2278.5285
1773216000.0,2012.54,2015.67,2010.57,2012.86,2910.869
1773216900.0,2012.87,2013.66,2009.48,2010.84,2297.4187
1773217800.0,2010.84,2025.46,2010.84,2022.11,6841.7713
1773218700.0,2022.11,2025.72,2017.57,2023.76,2202.2843
1773219600.0,2023.75,2023.75,2018.04,2018.95,1230.9876
1773220500.0,2018.94,2023.0,2018.21,2018.23,937.6547
1773221400.0,2018.23,2022.34,2014.51,2020.8,2226.1298
1773222300.0,2020.79,2027.4,2015.15,2017.87,2274.9983
1773223200.0,2017.87,2022.12,2017.24,2022.09,1092.6928
1773224100.0,2022.09,2024.74,2019.38,2021.05,1188.9919
1773225000.0,2021.06,2031.3,2020.94,2029.27,3100.5492
1773225900.0,2029.27,2030.19,2026.77,2028.68,1144.999
1773226800.0,2028.68,2033.52,2026.14,2032.64,2493.4951
1773227700.0,2032.63,2033.96,2021.89,2023.69,1629.6334
1773228600.0,2023.69,2025.84,2019.29,2021.14,1231.2231
1773229500.0,2021.15,2024.1,2015.83,2017.8,3443.4002
1773230400.0,2017.8,2021.98,2012.81,2020.0,2566.8705
1773231300.0,2020.01,2026.81,2018.5,2026.26,2105.5301
1773232200.0,2026.27,2035.5,2019.42,2022.35,9785.421
1773233100.0,2022.35,2025.88,2019.42,2023.09,2074.183
1773234000.0,2023.09,2038.16,2021.67,2034.47,3681.4669
1773234900.0,2034.47,2049.61,2033.74,2046.07,7881.2668
1773235800.0,2046.08,2082.66,2046.08,2063.12,24232.8625
1773236700.0,2063.12,2068.37,2038.0,2050.72,13201.5465
1773237600.0,2050.72,2065.91,2042.93,2050.28,22677.0754
1773238500.0,2050.28,2064.67,2048.66,2063.29,7277.9262
1773239400.0,2063.29,2074.48,2056.52,2072.49,7021.7654
1773240300.0,2072.5,2077.59,2059.92,2062.68,5257.3114
1773241200.0,2062.68,2065.45,2042.26,2045.88,8064.3769
1773242100.0,2045.87,2059.01,2043.95,2049.2,4427.4409
1773243000.0,2049.2,2049.24,2030.03,2039.79,7192.6241
1773243900.0,2039.8,2051.5,2036.72,2049.73,4705.1949
1773244800.0,2049.75,2055.89,2046.46,2054.27,3227.3996
1773245700.0,2054.27,2062.77,2050.0,2055.99,3917.2282
1773246600.0,2055.99,2069.43,2055.32,2068.4,5841.5409
1773247500.0,2068.41,2072.43,2063.84,2067.01,5178.5525
1773248400.0,2067.02,2076.99,2065.91,2071.33,4943.2731
1773249300.0,2071.32,2085.58,2071.02,2082.43,9127.751
1773250200.0,2082.42,2084.99,2057.69,2070.0,8961.8353
1773251100.0,2070.0,2071.9,2062.42,2068.15,3291.6546
1773252000.0,2068.15,2071.92,2064.18,2068.17,5827.8509
1773252900.0,2068.16,2075.34,2065.43,2072.93,2945.9678
1773253800.0,2072.92,2076.26,2066.18,2069.34,4430.7875
1773254700.0,2069.34,2079.66,2068.2,2076.51,3253.9886
1773255600.0,2076.5,2076.97,2069.74,2071.58,8569.2405
1773256500.0,2071.58,2075.83,2068.58,2071.97,2071.3018
1773257400.0,2071.98,2077.9,2068.92,2075.01,2113.4726
1773258300.0,2075.0,2077.64,2073.34,2076.06,2511.8995
1773259200.0,2076.05,2076.19,2068.19,2068.81,2475.0774
1773260100.0,2068.8,2071.84,2067.99,2069.7,884.3258
1773261000.0,2069.69,2071.89,2066.87,2070.59,964.1714
1773261900.0,2070.59,2071.29,2065.09,2068.4,2743.309
1773262800.0,2068.41,2071.55,2063.46,2065.88,2068.6515
1773263700.0,2065.87,2067.01,2064.65,2066.03,1001.0209
1773264600.0,2066.03,2070.76,2066.03,2067.25,1180.8565
1773265500.0,2067.24,2074.94,2067.07,2073.07,1604.8374
1773266400.0,2073.08,2084.53,2069.53,2079.79,3475.3547
1773267300.0,2079.8,2080.04,2068.01,2068.58,2152.1402
1773268200.0,2068.58,2070.66,2061.79,2064.22,2960.2502
1773269100.0,2064.21,2067.2,2058.98,2061.76,2226.5594
1773270000.0,2061.76,2064.99,2060.29,2061.9,1443.1802
1773270900.0,2061.9,2061.9,2057.69,2059.36,1777.6529
1773271800.0,2059.36,2060.53,2054.04,2054.87,2124.0616
1773272700.0,2054.86,2057.08,2045.2,2051.97,3774.8286
1773273600.0,2051.97,2054.52,2047.97,2052.39,1870.627
1773274500.0,2052.36,2057.64,2049.0,2054.4,1570.1432
1773275400.0,2054.4,2058.16,2050.47,2056.25,898.0387
1773276300.0,2056.24,2057.09,2054.26,2055.78,959.3357
1773277200.0,2055.78,2056.14,2042.95,2047.73,4155.0298
1773278100.0,2047.74,2050.42,2046.73,2049.2,1769.0315
1773279000.0,2049.2,2053.17,2044.83,2051.63,1494.0702
1773279900.0,2051.64,2052.83,2044.82,2046.24,1614.3109
1773280800.0,2046.23,2047.93,2043.06,2044.27,1808.6136
1773281700.0,2044.26,2045.34,2035.01,2039.86,4632.142
1773282600.0,2039.86,2040.3,2026.15,2032.84,6105.6258
1773283500.0,2032.85,2033.4,2021.87,2024.67,4416.2695
1773284400.0,2024.66,2028.37,2024.0,2025.73,2380.7719
1773285300.0,2025.73,2032.22,2025.19,2028.79,2736.9412
1773286200.0,2028.78,2035.08,2028.16,2031.11,2285.9682
1773287100.0,2031.1,2031.33,2017.59,2023.38,5666.6152
1773288000.0,2023.39,2029.73,2022.5,2028.54,2397.5941
1773288900.0,2028.54,2029.59,2025.56,2026.7,1129.7763
1773289800.0,2026.7,2027.07,2021.48,2025.0,1406.6216
1773290700.0,2025.0,2025.3,2021.27,2023.09,1350.3403
1773291600.0,2023.08,2027.33,2022.0,2023.05,2048.4652
1773292500.0,2023.05,2024.4,2019.33,2020.97,2827.0277
1773293400.0,2020.96,2028.3,2020.85,2026.97,2851.3211
1773294300.0,2026.98,2027.33,2023.52,2026.85,1897.834
1773295200.0,2026.86,2029.28,2024.64,2029.06,1296.8321
1773296100.0,2029.07,2030.76,2026.48,2030.75,2307.2598
1773297000.0,2030.75,2031.8,2026.11,2029.68,1455.662
1773297900.0,2029.67,2030.79,2027.89,2030.38,1024.1271
1773298800.0,2030.38,2031.03,2025.66,2028.45,1481.6463
1773299700.0,2028.46,2034.68,2028.1,2033.67,1766.1673
1773300600.0,2033.67,2040.81,2033.24,2036.91,3765.3677
1773301500.0,2036.91,2042.26,2036.32,2040.7,7218.6144
1773302400.0,2040.69,2045.36,2038.42,2039.56,3390.1867
1773303300.0,2039.55,2052.59,2038.81,2044.62,4250.4353
1773304200.0,2044.62,2048.49,2041.66,2045.96,1726.7254
1773305100.0,2045.95,2048.55,2044.21,2047.8,3895.1439
1773306000.0,2047.79,2048.93,2041.78,2043.1,1358.8364
1773306900.0,2043.1,2043.83,2038.49,2041.21,2157.2262
1773307800.0,2041.2,2062.43,2039.0,2061.33,5527.6097
1773308700.0,2061.32,2065.61,2049.27,2055.65,4461.1556
1773309600.0,2055.66,2060.0,2052.5,2055.33,2471.4474
1773310500.0,2055.33,2064.01,2054.3,2062.6,4522.1626
1773311400.0,2062.6,2074.66,2062.05,2070.97,5829.6081
1773312300.0,2070.97,2075.49,2068.66,2069.86,3696.9086
1773313200.0,2069.87,2072.48,2066.55,2067.76,2691.4001
1773314100.0,2067.76,2073.0,2066.4,2070.34,2120.0493
1773315000.0,2070.34,2075.66,2069.14,2073.99,2946.9126
1773315900.0,2073.98,2076.65,2058.21,2062.83,5428.9127
1773316800.0,2062.83,2066.0,2057.81,2059.67,2885.1029
1773317700.0,2059.66,2066.27,2058.77,2064.71,2054.0378
1773318600.0,2064.71,2067.94,2059.3,2066.95,2156.6451
1773319500.0,2066.96,2071.08,2063.0,2065.37,2136.8848
1773320400.0,2065.37,2069.6,2063.96,2065.21,2287.7852
1773321300.0,2065.22,2065.69,2051.44,2056.8,4078.7618
1773322200.0,2056.81,2080.0,2051.44,2068.41,12507.1816
1773323100.0,2068.41,2072.93,2055.6,2065.35,9461.4036
1773324000.0,2065.35,2082.5,2065.34,2080.21,11199.1972
1773324900.0,2080.21,2095.0,2057.5,2058.55,18913.2796
1773325800.0,2058.55,2060.79,2038.08,2045.63,11040.0295
1773326700.0,2045.63,2053.0,2037.79,2045.35,7264.589
1773327600.0,2045.34,2052.0,2039.05,2049.16,4345.7652
1773328500.0,2049.15,2070.73,2047.2,2068.61,6281.7873
1773329400.0,2068.61,2082.0,2064.61,2074.12,9556.1566
1773330300.0,2074.11,2078.42,2068.4,2072.33,5847.1978
1773331200.0,2072.33,2078.01,2056.33,2064.66,8972.9653
1773332100.0,2064.67,2078.09,2063.31,2063.59,5240.5811
1773333000.0,2063.58,2075.86,2062.43,2071.02,5888.8356
1773333900.0,2071.01,2073.7,2064.3,2069.63,2755.6433
1773334800.0,2069.62,2075.24,2068.0,2069.76,2357.7103
1773335700.0,2069.76,2070.42,2057.78,2061.53,4718.4722
1773336600.0,2061.53,2067.74,2060.38,2065.76,1635.1086
1773337500.0,2065.77,2066.41,2055.32,2058.4,2962.1867
1773338400.0,2058.41,2062.1,2053.43,2057.14,2348.2478
1773339300.0,2057.15,2060.2,2046.78,2053.18,8857.6446
1773340200.0,2053.19,2059.39,2051.93,2053.93,2716.8605
1773341100.0,2053.94,2054.46,2048.18,2048.78,2724.287
1773342000.0,2048.77,2053.44,2045.42,2049.78,3161.7825
1773342900.0,2049.79,2062.5,2049.78,2061.83,2811.7119
1773343800.0,2061.88,2069.0,2061.61,2068.41,3252.3721
1773344700.0,2068.41,2073.5,2066.41,2069.59,3163.4258
1773345600.0,2069.6,2073.81,2066.02,2067.18,2206.7498
1773346500.0,2067.18,2069.77,2065.27,2066.74,1058.3275
1773347400.0,2066.74,2066.74,2060.35,2061.72,1497.44
1773348300.0,2061.72,2065.43,2060.5,2062.57,888.9501
1773349200.0,2062.58,2069.19,2062.58,2066.14,3529.5835
1773350100.0,2066.13,2066.7,2060.09,2060.91,4741.1015
1773351000.0,2060.9,2061.2,2057.28,2060.47,5915.6255
1773351900.0,2060.46,2065.18,2058.85,2062.61,5183.486
1773352800.0,2062.62,2066.55,2061.24,2065.03,3784.7576
1773353700.0,2065.04,2067.54,2062.11,2064.24,2513.2019
1773354600.0,2064.23,2066.08,2059.98,2060.54,5289.2775
1773355500.0,2060.55,2066.19,2054.99,2065.3,13823.347
1773356400.0,2065.3,2084.69,2064.64,2080.27,12996.1569
1773357300.0,2080.27,2093.45,2079.98,2083.31,15263.3199
1773358200.0,2083.31,2083.31,2078.58,2081.71,5759.0488
1773359100.0,2081.72,2082.74,2072.2,2073.52,3410.8874
1773360000.0,2073.51,2090.0,2070.12,2090.0,4913.3668
1773360900.0,2089.99,2141.04,2089.81,2133.0,49228.6659
1773361800.0,2133.0,2148.8,2123.73,2126.71,23490.8379
1773362700.0,2126.72,2128.52,2109.62,2119.19,7545.7127
1773363600.0,2119.19,2130.4,2119.18,2125.89,4417.8261
1773364500.0,2125.93,2130.16,2117.79,2123.21,3885.2119
1773365400.0,2123.2,2129.35,2111.72,2126.52,5346.3533
1773366300.0,2126.53,2128.3,2123.0,2124.76,2092.2627
1773367200.0,2124.75,2127.12,2121.0,2122.15,2551.9495
1773368100.0,2122.15,2124.18,2115.0,2116.19,3500.2571
1773369000.0,2116.19,2117.55,2108.0,2108.23,3799.7487
1773369900.0,2108.24,2113.28,2102.42,2105.81,4041.9367
1773370800.0,2105.81,2109.82,2104.09,2106.95,5066.7437
1773371700.0,2106.95,2113.61,2106.0,2107.58,2004.5472
1773372600.0,2107.58,2111.48,2102.2,2109.19,1564.3666
1773373500.0,2109.19,2123.58,2108.97,2118.85,3329.552
1773374400.0,2118.86,2120.06,2114.7,2115.13,1600.3752
1773375300.0,2115.12,2116.1,2111.36,2112.1,1566.8364
1773376200.0,2112.1,2114.79,2109.63,2113.83,1282.0837
1773377100.0,2113.84,2114.65,2109.82,2111.68,1012.3946
1773378000.0,2111.67,2112.01,2103.54,2104.99,2314.4851
1773378900.0,2104.99,2110.91,2104.66,2109.62,1328.6022
1773379800.0,2109.61,2115.24,2109.61,2112.84,1758.1884
1773380700.0,2112.83,2114.56,2108.65,2110.47,1821.3807
1773381600.0,2110.47,2113.0,2106.23,2109.38,1579.251
1773382500.0,2109.37,2110.81,2091.86,2096.35,5686.5417
1773383400.0,2096.34,2097.87,2090.0,2092.94,7165.7867
1773384300.0,2092.93,2097.81,2090.33,2095.94,5774.053
1773385200.0,2095.95,2102.61,2092.75,2099.86,4170.801
1773386100.0,2099.86,2104.87,2097.85,2101.73,1581.7118
1773387000.0,2101.73,2103.48,2096.17,2098.25,2808.4351
1773387900.0,2098.26,2102.5,2094.45,2099.38,3745.3351
1773388800.0,2099.38,2100.33,2091.45,2094.42,3025.7511
1773389700.0,2094.42,2099.0,2093.18,2098.6,2069.8657
1773390600.0,2098.59,2117.0,2098.44,2109.22,8289.3214
1773391500.0,2109.23,2110.03,2097.69,2100.05,4431.2259
1773392400.0,2100.05,2106.38,2099.74,2104.15,5645.2321
1773393300.0,2104.15,2104.16,2096.04,2103.21,1826.5114
1773394200.0,2103.2,2109.86,2102.38,2108.53,2491.645
1773395100.0,2108.52,2116.93,2107.24,2113.55,7389.383
1773396000.0,2113.55,2126.43,2112.83,2125.04,6218.3933
1773396900.0,2125.05,2132.91,2122.31,2125.2,6307.1771
1773397800.0,2125.2,2131.35,2124.18,2127.3,4762.7513
1773398700.0,2127.3,2133.3,2124.65,2126.87,3037.6329
1773399600.0,2126.88,2129.3,2122.16,2123.6,3914.1128
1773400500.0,2123.6,2130.0,2123.16,2125.52,1906.2244
1773401400.0,2125.53,2127.51,2119.47,2121.27,3026.7661
1773402300.0,2121.26,2122.86,2118.18,2121.02,2475.4802
1773403200.0,2121.02,2133.0,2120.52,2133.0,3417.7064
1773404100.0,2133.0,2138.13,2126.94,2130.16,4025.0181
1773405000.0,2130.16,2135.69,2128.14,2129.36,4586.1797
1773405900.0,2129.36,2153.17,2129.36,2146.63,20283.0706
1773406800.0,2146.64,2157.32,2141.61,2152.94,6830.1872
1773407700.0,2152.95,2200.0,2150.01,2183.0,49091.3643
1773408600.0,2183.0,2191.09,2174.52,2188.58,14413.7987
1773409500.0,2188.59,2194.5,2184.0,2185.52,8962.3929
1773410400.0,2185.53,2196.84,2183.07,2193.3,11750.2224
1773411300.0,2193.29,2209.03,2187.32,2196.37,18535.0652
1773412200.0,2196.38,2201.54,2172.11,2173.82,12044.591
1773413100.0,2173.83,2176.28,2145.59,2151.14,27379.5279
1773414000.0,2151.15,2160.5,2140.76,2159.77,11934.8693
1773414900.0,2159.77,2165.93,2151.99,2152.97,7608.4194
1773415800.0,2152.97,2157.54,2131.0,2140.71,25129.9565
1773416700.0,2140.71,2145.45,2125.14,2128.01,8545.2989
1773417600.0,2128.01,2134.02,2121.65,2127.78,8764.6586
1773418500.0,2127.78,2129.73,2111.36,2119.73,9063.8517
1773419400.0,2119.73,2135.2,2119.31,2133.35,5713.4312
1773420300.0,2133.31,2143.33,2131.21,2133.91,6132.2997
1773421200.0,2133.91,2138.54,2133.39,2137.58,2505.9604
1773422100.0,2137.58,2141.29,2120.01,2121.1,5062.3839
1773423000.0,2121.09,2122.43,2102.35,2107.4,6178.2641
1773423900.0,2107.4,2108.88,2090.28,2102.75,13028.4642
1773424800.0,2102.75,2108.87,2099.0,2104.82,5707.842
1773425700.0,2104.81,2107.36,2091.04,2103.85,6562.1366
1773426600.0,2103.88,2108.75,2103.06,2105.25,2187.3368
1773427500.0,2105.24,2105.59,2098.57,2100.93,3272.5522
1773428400.0,2100.92,2105.75,2096.5,2104.02,3304.3149
1773429300.0,2104.03,2106.3,2097.4,2098.93,2073.7116
1773430200.0,2098.94,2103.24,2098.94,2103.19,2265.7172
1773431100.0,2103.2,2105.51,2101.37,2102.48,2632.5691
1773432000.0,2102.48,2110.25,2101.15,2109.51,1750.861
1773432900.0,2109.5,2113.65,2108.79,2110.29,1998.5604
1773433800.0,2110.3,2111.69,2108.76,2111.04,935.6063
1773434700.0,2111.04,2114.0,2110.08,2111.37,1295.6529
1773435600.0,2111.37,2116.66,2110.17,2113.01,1450.1312
1773436500.0,2113.01,2113.68,2104.51,2105.8,1659.2943
1773437400.0,2105.8,2109.23,2101.47,2103.58,1793.396
1773438300.0,2103.6,2108.74,2103.07,2103.07,1864.1032
1773439200.0,2103.08,2104.72,2083.35,2091.75,8983.3757
1773440100.0,2091.74,2091.74,2081.87,2082.64,6208.2769
1773441000.0,2082.64,2086.52,2078.5,2083.6,7303.7692
1773441900.0,2083.59,2090.14,2082.33,2088.97,1516.7423
1773442800.0,2088.96,2090.19,2085.54,2089.76,1514.5983
1773443700.0,2089.76,2093.9,2089.42,2091.66,1612.9748
1773444600.0,2091.65,2093.67,2090.45,2092.04,927.4793
1773445500.0,2092.04,2093.4,2090.45,2092.22,1055.9812
1773446400.0,2092.21,2093.65,2087.93,2093.65,1243.3987
1773447300.0,2093.66,2095.21,2088.46,2092.05,1347.3219
1773448200.0,2092.04,2094.31,2082.99,2083.44,5461.3698
1773449100.0,2083.43,2087.13,2082.82,2085.32,2810.8258
1773450000.0,2085.32,2089.85,2085.25,2087.75,2262.6364
1773450900.0,2087.75,2093.91,2087.75,2092.52,1724.8714
1773451800.0,2092.52,2093.69,2081.39,2090.24,2944.1443
1773452700.0,2090.23,2095.46,2090.23,2092.55,1634.9399
1773453600.0,2092.55,2095.71,2090.75,2093.8,1278.6536
1773454500.0,2093.81,2094.92,2089.74,2090.98,780.5855
1773455400.0,2090.97,2093.32,2089.19,2091.71,682.0348
1773456300.0,2091.71,2095.91,2091.3,2092.39,1210.6919
1773457200.0,2092.39,2098.22,2092.38,2097.96,1545.8474
1773458100.0,2097.97,2100.56,2096.18,2098.64,3064.0923
1773459000.0,2098.65,2103.42,2098.38,2101.49,2219.9237
1773459900.0,2101.49,2102.04,2100.08,2101.16,1110.4463
1773460800.0,2101.15,2104.84,2100.0,2103.89,2551.0516
1773461700.0,2103.9,2104.62,2100.9,2103.31,812.8231
1773462600.0,2103.32,2106.09,2101.46,2103.99,1544.977
1773463500.0,2104.0,2105.22,2087.87,2090.42,4410.9242
1773464400.0,2090.43,2094.09,2089.48,2092.82,1403.194
1773465300.0,2092.81,2094.39,2090.52,2092.33,1585.1822
1773466200.0,2092.34,2092.62,2085.71,2090.04,3195.8121
1773467100.0,2090.04,2092.9,2089.34,2092.46,890.792
1773468000.0,2092.46,2092.46,2088.01,2088.9,612.5007
1773468900.0,2088.89,2088.9,2081.69,2085.06,5697.3024
1773469800.0,2085.06,2085.45,2068.28,2075.29,7247.0578
1773470700.0,2075.3,2079.34,2074.3,2078.02,2106.0279
1773471600.0,2078.02,2079.72,2075.65,2079.1,1361.4998
1773472500.0,2079.1,2079.95,2075.95,2079.66,1009.5984
1773473400.0,2079.66,2080.4,2075.97,2079.2,1803.8847
1773474300.0,2079.2,2079.24,2076.7,2077.46,1959.2142
1773475200.0,2077.46,2081.13,2076.53,2080.62,1723.6736
1773476100.0,2080.62,2081.64,2077.24,2079.36,1678.3223
1773477000.0,2079.36,2079.61,2073.21,2074.0,1420.1564
1773477900.0,2074.0,2075.35,2072.71,2074.34,1413.8943
1773478800.0,2074.35,2077.64,2073.43,2077.08,886.156
1773479700.0,2077.1,2077.1,2074.47,2076.43,949.353
1773480600.0,2076.43,2076.96,2072.54,2074.91,1012.6067
1773481500.0,2074.91,2074.97,2063.73,2067.33,6536.3221
1773482400.0,2067.33,2068.88,2065.67,2067.96,1054.7693
1773483300.0,2067.95,2067.96,2064.24,2065.47,1178.2714
1773484200.0,2065.47,2066.24,2061.6,2065.15,2199.1139
1773485100.0,2065.18,2067.06,2063.59,2066.24,1443.6051
1773486000.0,2066.24,2070.4,2065.85,2070.4,1291.5118
1773486900.0,2070.4,2074.73,2069.2,2073.57,1767.4357
1773487800.0,2073.57,2076.65,2072.44,2075.3,1166.5319
1773488700.0,2075.3,2076.57,2071.8,2073.67,1139.8228
1773489600.0,2073.67,2077.87,2072.81,2075.94,1676.9242
1773490500.0,2075.95,2077.36,2074.47,2074.7,956.4125
1773491400.0,2074.69,2075.29,2069.99,2071.56,1377.3534
1773492300.0,2071.55,2076.63,2071.46,2075.44,1466.6178
1773493200.0,2075.44,2075.44,2073.0,2074.64,1610.9432
1773494100.0,2074.65,2080.65,2074.65,2078.88,1885.2293
1773495000.0,2078.88,2079.52,2077.54,2079.19,859.2589
1773495900.0,2079.19,2079.49,2076.56,2078.51,734.6942
1773496800.0,2078.5,2080.52,2073.06,2074.05,1860.4545
1773497700.0,2074.06,2078.27,2073.16,2078.26,2151.8962
1773498600.0,2078.26,2079.49,2069.8,2070.85,2191.6406
1773499500.0,2070.86,2073.86,2070.52,2071.22,1359.1253
1773500400.0,2071.23,2075.68,2070.0,2074.65,1375.9317
1773501300.0,2074.64,2077.73,2074.64,2076.25,1222.6925
1773502200.0,2076.25,2076.25,2071.6,2073.5,1155.3072
1773503100.0,2073.49,2076.23,2072.96,2074.72,543.23
1773504000.0,2074.72,2074.74,2069.19,2073.48,2022.5642
1773504900.0,2073.48,2075.86,2073.0,2075.56,459.1684
1773505800.0,2075.55,2077.51,2075.19,2075.6,939.6562
1773506700.0,2075.59,2078.79,2074.69,2077.54,836.4458
1773507600.0,2077.54,2078.07,2076.46,2077.36,663.4598
1773508500.0,2077.35,2078.14,2075.96,2078.13,567.8409
1773509400.0,2078.13,2078.14,2075.62,2076.11,450.3651
1773510300.0,2076.11,2076.23,2073.5,2075.14,620.9268
1773511200.0,2075.13,2075.13,2073.5,2073.58,367.0587
1773512100.0,2073.59,2074.77,2072.71,2074.04,682.1808
1773513000.0,2074.05,2076.95,2074.05,2075.91,369.7635
1773513900.0,2075.91,2078.14,2075.61,2076.91,507.7725
1773514800.0,2076.91,2077.37,2074.77,2077.36,662.4679
1773515700.0,2077.37,2078.27,2076.48,2077.62,782.8532
1773516600.0,2077.62,2078.69,2076.45,2078.59,398.1549
1773517500.0,2078.58,2079.47,2076.98,2077.49,441.399
1773518400.0,2077.5,2077.99,2076.2,2077.99,642.5535
1773519300.0,2077.99,2080.43,2077.92,2079.41,985.9154
1773520200.0,2079.41,2084.78,2078.82,2083.8,1425.9133
1773521100.0,2083.8,2087.27,2082.34,2086.01,1944.3624
1773522000.0,2086.01,2086.92,2082.86,2082.99,821.4177
1773522900.0,2082.99,2085.02,2081.65,2083.46,632.5073
1773523800.0,2083.47,2086.17,2082.93,2085.3,663.803
1773524700.0,2085.31,2088.92,2084.62,2086.68,1412.9273
1773525600.0,2086.68,2088.3,2085.06,2085.06,977.453
1773526500.0,2085.07,2087.91,2084.75,2086.27,796.6001
1773527400.0,2086.27,2087.71,2085.87,2086.11,471.5243
1773528300.0,2086.11,2086.26,2082.3,2084.45,1076.2355
1773529200.0,2084.45,2099.69,2084.19,2093.97,5545.2169
1773530100.0,2093.97,2095.87,2088.05,2095.31,2308.068
1773531000.0,2095.31,2098.88,2094.13,2096.83,1725.0548
1773531900.0,2096.83,2098.31,2094.9,2096.16,1496.0684
1773532800.0,2096.16,2096.77,2091.65,2093.8,1693.5827
1773533700.0,2093.79,2095.0,2088.83,2089.55,1819.7499
1773534600.0,2089.54,2091.55,2087.42,2091.0,1291.2071
1773535500.0,2091.0,2091.01,2085.49,2088.0,876.4499
1773536400.0,2088.0,2089.72,2084.02,2086.25,1447.3743
1773537300.0,2086.24,2088.19,2084.66,2085.92,891.0515
1773538200.0,2085.92,2086.77,2083.35,2086.58,1134.5615
1773539100.0,2086.59,2091.18,2085.71,2088.32,514.6606
1773540000.0,2088.32,2099.26,2088.32,2096.19,2808.2047
1773540900.0,2096.19,2096.92,2092.0,2093.19,840.5695
1773541800.0,2093.18,2103.98,2090.2,2103.88,2419.1151
1773542700.0,2103.88,2107.91,2099.7,2101.99,7534.9762
1773543600.0,2101.99,2105.05,2101.23,2102.79,1363.9187
1773544500.0,2102.8,2103.19,2094.63,2095.8,1920.0144
1773545400.0,2095.8,2099.0,2093.79,2095.45,1134.7088
1773546300.0,2095.45,2096.34,2093.53,2096.15,929.1715
1773547200.0,2096.15,2103.22,2096.13,2101.7,1021.6357
1773548100.0,2101.71,2104.12,2099.4,2100.41,905.3587
1773549000.0,2100.41,2102.23,2098.34,2101.8,678.6941
1773549900.0,2101.8,2104.34,2099.35,2104.34,750.2367
1773550800.0,2104.34,2104.34,2102.01,2103.81,660.3679
1773551700.0,2103.8,2115.95,2102.69,2109.35,4516.5115
1773552600.0,2109.35,2115.8,2108.27,2112.66,1806.5348
1773553500.0,2112.66,2113.22,2106.64,2107.91,2188.2847
1773554400.0,2107.91,2110.89,2107.7,2109.09,610.9978
1773555300.0,2109.1,2111.28,2105.72,2106.66,1034.5176
1773556200.0,2106.66,2106.66,2103.0,2104.22,909.2381
1773557100.0,2104.22,2108.22,2104.22,2107.76,798.1117
1773558000.0,2107.76,2113.49,2107.5,2111.0,1749.1487
1773558900.0,2111.0,2112.1,2108.06,2108.39,1123.7714
1773559800.0,2108.39,2108.39,2104.93,2104.93,1492.0682
1773560700.0,2104.93,2106.29,2103.46,2105.64,1901.8095
1773561600.0,2105.64,2111.71,2105.64,2109.01,1488.0121
1773562500.0,2109.01,2111.99,2107.53,2108.97,888.8711
1773563400.0,2108.97,2109.47,2107.77,2109.47,565.515
1773564300.0,2109.47,2113.0,2109.47,2112.93,1189.2482
1773565200.0,2112.93,2122.99,2112.83,2119.51,5730.3138
1773566100.0,2119.51,2123.44,2116.8,2117.73,2879.8365
1773567000.0,2117.74,2119.0,2115.37,2115.95,734.3936
1773567900.0,2115.96,2119.39,2114.74,2117.2,673.8485
1773568800.0,2117.2,2118.11,2114.32,2116.23,787.2449
1773569700.0,2116.22,2121.23,2115.37,2119.99,1670.5147
1773570600.0,2120.0,2121.49,2118.38,2120.25,605.2246
1773571500.0,2120.25,2121.02,2119.13,2119.14,763.0487
1773572400.0,2119.14,2120.16,2117.19,2118.31,1082.3265
1773573300.0,2118.31,2120.19,2116.01,2116.28,596.5072
1773574200.0,2116.27,2117.31,2115.04,2117.12,553.6238
1773575100.0,2117.11,2121.27,2116.75,2119.63,811.1776
1773576000.0,2119.63,2119.83,2115.64,2115.9,727.6702
1773576900.0,2115.9,2117.71,2114.95,2117.06,598.7229
1773577800.0,2117.06,2117.61,2109.35,2109.5,1545.2379
1773578700.0,2109.5,2112.05,2108.2,2109.59,2107.3096
1773579600.0,2109.6,2112.76,2091.94,2098.16,7034.7598
1773580500.0,2098.15,2098.15,2088.74,2096.78,3403.9606
1773581400.0,2096.78,2097.81,2086.34,2090.54,10658.601
1773582300.0,2090.53,2098.35,2089.46,2097.4,6612.0216
1773583200.0,2097.39,2099.2,2094.91,2095.38,1754.5137
1773584100.0,2095.37,2095.37,2090.35,2093.06,1454.3054
1773585000.0,2093.06,2093.06,2086.6,2092.23,3093.2808
1773585900.0,2092.23,2097.0,2091.31,2096.99,1352.5761
1773586800.0,2096.99,2097.15,2092.24,2093.8,2789.2567
1773587700.0,2093.8,2096.55,2091.94,2092.49,1282.0807
1773588600.0,2092.5,2095.29,2090.02,2093.8,1009.0154
1773589500.0,2093.81,2095.34,2093.04,2093.79,452.1059
1773590400.0,2093.79,2098.86,2092.99,2098.02,927.9884
1773591300.0,2098.03,2098.03,2089.63,2092.9,1149.3548
1773592200.0,2092.9,2096.01,2089.43,2093.41,1333.3245
1773593100.0,2093.41,2094.02,2088.84,2091.56,819.9479
1773594000.0,2091.57,2095.99,2091.2,2094.8,2585.9822
1773594900.0,2094.8,2096.34,2093.94,2094.98,650.944
1773595800.0,2094.98,2097.3,2094.42,2096.8,392.4613
1773596700.0,2096.79,2117.86,2096.51,2110.77,9059.197
1773597600.0,2110.77,2113.2,2107.46,2108.8,1908.418
1773598500.0,2108.79,2110.84,2106.57,2108.31,1073.7447
1773599400.0,2108.31,2113.53,2108.31,2109.54,1485.2512
1773600300.0,2109.55,2110.01,2094.32,2099.14,3376.6415
1773601200.0,2099.15,2111.73,2096.47,2111.55,2946.094
1773602100.0,2111.55,2112.78,2107.43,2111.82,1108.7758
1773603000.0,2111.82,2114.27,2109.39,2110.43,819.2706
1773603900.0,2110.44,2114.35,2109.12,2113.49,1830.1982
1773604800.0,2113.49,2114.25,2111.45,2112.29,868.7065
1773605700.0,2112.28,2114.42,2110.0,2114.21,2249.0548
1773606600.0,2114.22,2139.0,2114.22,2130.91,9136.9409
1773607500.0,2130.91,2133.19,2128.28,2129.05,2044.3732
1773608400.0,2129.06,2132.63,2123.75,2123.8,2089.7457
1773609300.0,2123.79,2132.0,2123.79,2129.68,1720.5993
1773610200.0,2129.67,2144.76,2129.64,2140.8,4688.7195
1773611100.0,2140.79,2143.93,2135.36,2139.07,2095.8193
1773612000.0,2139.08,2149.61,2128.58,2130.02,7664.6703
1773612900.0,2130.02,2136.51,2125.31,2134.26,3183.2886
1773613800.0,2134.27,2177.99,2134.27,2172.19,21913.2281
1773614700.0,2172.19,2192.49,2172.06,2184.35,19446.0155
1773615600.0,2184.36,2202.87,2184.36,2196.35,22162.7387
1773616500.0,2196.34,2199.91,2172.19,2172.8,15019.8384
1773617400.0,2172.8,2181.17,2165.2,2178.75,12887.0204
1773618300.0,2178.76,2182.99,2169.41,2178.3,4525.8558
1773619200.0,2178.29,2187.33,2174.17,2174.26,5797.6962
1773620100.0,2174.27,2181.07,2167.66,2168.46,4057.5414
1773621000.0,2168.47,2173.87,2164.73,2170.09,6193.5615
1773621900.0,2170.09,2175.24,2169.79,2171.23,2004.44
1773622800.0,2171.23,2174.61,2165.0,2165.82,2910.7172
1773623700.0,2165.82,2182.69,2165.82,2179.54,3706.8092
1773624600.0,2179.54,2181.75,2174.29,2179.24,2948.3858
1773625500.0,2179.25,2190.48,2178.63,2185.89,2933.8103
1773626400.0,2185.88,2189.43,2178.23,2179.72,2931.5911
1773627300.0,2179.73,2181.47,2170.02,2173.73,3745.553
1773628200.0,2173.73,2177.32,2170.27,2176.33,2958.0941
1773629100.0,2176.33,2183.46,2174.06,2180.49,2480.9512
1773630000.0,2180.48,2184.14,2177.38,2181.56,2945.5361
1773630900.0,2181.56,2209.35,2179.71,2201.08,14652.4659
1773631800.0,2201.08,2253.48,2200.83,2238.4,55113.4068
1773632700.0,2238.4,2243.81,2230.08,2235.67,18587.5393
1773633600.0,2235.67,2245.32,2235.67,2244.9,16364.352
1773634500.0,2244.9,2266.65,2243.02,2249.16,23073.634
1773635400.0,2249.15,2269.58,2249.15,2261.23,20675.6935
1773636300.0,2261.23,2278.0,2258.27,2263.3,14460.3548
1773637200.0,2263.3,2269.37,2256.8,2263.41,12132.1321
1773638100.0,2263.4,2270.0,2259.66,2268.77,6090.8916
1773639000.0,2268.76,2272.41,2259.72,2270.51,6172.9151
1773639900.0,2270.5,2288.63,2268.3,2280.47,25717.0859
1773640800.0,2280.46,2281.31,2260.64,2263.44,10217.3207
1773641700.0,2263.44,2271.18,2262.78,2265.58,5823.4529
1773642600.0,2265.58,2270.38,2263.92,2267.01,4023.4188
1773643500.0,2267.01,2267.01,2260.74,2261.7,6780.3231
1773644400.0,2261.7,2269.0,2260.3,2266.01,5857.5688
1773645300.0,2266.01,2268.91,2260.66,2266.9,5634.4722
1773646200.0,2266.9,2267.49,2251.16,2253.39,9872.6641
1773647100.0,2253.39,2254.3,2245.63,2248.95,14065.5181
1773648000.0,2248.95,2258.83,2248.95,2250.37,6136.6509
1773648900.0,2250.38,2257.73,2245.53,2251.13,5844.9226
1773649800.0,2251.12,2253.07,2236.76,2237.22,9154.4462
1773650700.0,2237.22,2246.35,2234.92,2243.54,6605.6441
1773651600.0,2243.54,2248.25,2239.82,2246.08,3119.5619
1773652500.0,2246.08,2256.45,2245.77,2255.12,5448.1087
1773653400.0,2255.12,2256.87,2251.84,2253.68,2488.1056
1773654300.0,2253.68,2265.37,2253.31,2260.51,5663.5042
1773655200.0,2260.51,2269.7,2260.36,2266.19,7144.5359
1773656100.0,2266.19,2272.97,2263.85,2265.88,4657.2423
1773657000.0,2265.89,2265.89,2256.2,2259.17,6746.3125
1773657900.0,2259.16,2279.0,2258.5,2278.3,10085.5844
1773658800.0,2278.3,2279.71,2273.45,2273.92,7329.8773
1773659700.0,2273.93,2280.0,2266.0,2267.45,3613.9744
1773660600.0,2267.45,2272.61,2266.0,2271.06,3188.5207
1773661500.0,2271.06,2275.0,2269.93,2269.94,2095.7031
1773662400.0,2269.94,2293.37,2269.93,2281.53,12465.5067
1773663300.0,2281.53,2303.64,2277.36,2300.0,21062.2534
1773664200.0,2300.0,2303.07,2280.04,2283.01,12485.1269
1773665100.0,2283.01,2284.23,2277.06,2279.28,5346.0286
1773666000.0,2279.28,2282.0,2273.37,2279.69,4027.7371
1773666900.0,2279.7,2282.15,2272.35,2280.93,4479.0328
1773667800.0,2280.93,2308.54,2277.38,2291.31,21952.8699
1773668700.0,2291.31,2302.71,2277.25,2288.79,14240.2178
1773669600.0,2288.8,2304.81,2283.96,2297.68,10129.0446
1773670500.0,2297.68,2302.5,2280.0,2281.11,9348.158
1773671400.0,2281.11,2281.4,2255.04,2263.66,20790.4212
1773672300.0,2263.66,2289.73,2256.4,2288.0,10310.7926
1773673200.0,2287.99,2293.53,2277.59,2287.32,9657.2906
1773674100.0,2287.32,2293.52,2282.17,2291.64,12566.5025
1773675000.0,2291.65,2299.35,2282.2,2284.0,4932.6067
1773675900.0,2284.0,2287.67,2270.17,2273.88,4243.0325
1773676800.0,2273.88,2286.2,2270.0,2277.4,3832.7013
1773677700.0,2277.39,2288.0,2276.74,2282.81,5533.9394
1773678600.0,2282.82,2292.53,2278.03,2291.47,4205.499
1773679500.0,2291.46,2300.22,2287.57,2297.03,8185.1577
1773680400.0,2297.03,2308.22,2293.49,2304.92,11075.6445
1773681300.0,2304.93,2306.47,2298.44,2300.63,5720.0358
1773682200.0,2300.63,2316.59,2300.63,2312.66,10422.7542
1773683100.0,2312.66,2323.0,2308.63,2314.74,8499.1954
1773684000.0,2314.75,2341.73,2313.6,2334.84,18370.5149
1773684900.0,2334.85,2346.16,2330.0,2337.51,9540.0496
1773685800.0,2337.5,2345.39,2333.0,2339.8,7632.0449
1773686700.0,2339.8,2339.8,2319.7,2321.46,10060.0457
1773687600.0,2321.46,2348.06,2318.43,2338.08,10433.8185
1773688500.0,2338.08,2341.66,2324.28,2332.57,5666.2611
1773689400.0,2332.57,2338.12,2329.5,2334.54,4225.0016
1773690300.0,2334.53,2335.12,2324.44,2330.92,4272.649
1773691200.0,2330.92,2332.43,2323.68,2327.0,2689.3981
1773692100.0,2326.99,2332.84,2325.01,2331.11,2921.0392
1773693000.0,2331.11,2342.37,2330.78,2336.93,4181.4327
1773693900.0,2336.94,2347.53,2336.94,2345.31,4084.3083
1773694800.0,2345.31,2357.62,2343.63,2351.11,13195.111
1773695700.0,2351.11,2353.35,2344.76,2346.94,5050.8884
1773696600.0,2346.93,2376.34,2346.0,2359.02,19417.3655
1773697500.0,2359.02,2370.77,2357.06,2361.05,9615.9655
1773698400.0,2361.04,2386.02,2359.79,2376.69,15467.5727
1773699300.0,2376.68,2377.14,2355.33,2359.61,7808.4723
1773700200.0,2359.6,2366.7,2358.32,2365.91,10206.2716
1773701100.0,2365.91,2369.03,2356.47,2357.83,3936.2863
1773702000.0,2357.83,2357.99,2330.0,2339.49,15336.2384
1773702900.0,2339.49,2351.57,2337.18,2351.1,6063.3114
1773703800.0,2351.1,2358.99,2349.89,2357.77,5126.8538
1773704700.0,2357.76,2361.47,2347.0,2352.97,4827.7343
1773705600.0,2352.97,2374.74,2340.21,2367.31,18707.1349
1773706500.0,2367.31,2376.66,2342.13,2354.04,16404.9637
1773707400.0,2354.05,2368.2,2347.88,2353.83,15745.93
1773708300.0,2353.82,2357.62,2346.6,2357.62,5401.6944
1773709200.0,2357.62,2374.39,2346.72,2364.96,12684.821
1773710100.0,2364.96,2368.91,2357.84,2364.56,7712.1042
1773711000.0,2364.56,2375.65,2351.51,2360.54,19785.9205
1773711900.0,2360.55,2366.65,2351.33,2361.21,8007.4752
1773712800.0,2361.2,2361.88,2345.0,2349.5,6805.0817
1773713700.0,2349.5,2350.15,2344.79,2347.92,3483.8733
1773714600.0,2347.93,2361.42,2346.4,2358.57,3162.738
1773715500.0,2358.56,2361.58,2350.5,2351.3,7413.46
1773716400.0,2351.31,2355.99,2341.6,2342.62,4497.6538
1773717300.0,2342.62,2344.47,2333.23,2336.49,5300.2551
1773718200.0,2336.49,2336.5,2314.28,2316.4,12533.2514
1773719100.0,2316.41,2321.17,2308.03,2320.0,11395.2623
1773720000.0,2320.01,2330.0,2318.69,2327.93,6873.9204
1773720900.0,2327.92,2328.49,2308.85,2313.04,10117.3073
1773721800.0,2313.03,2316.59,2294.15,2304.78,20693.9406
1773722700.0,2304.78,2313.36,2304.13,2311.5,4713.6465
1773723600.0,2311.49,2316.09,2305.6,2312.7,3145.3554
1773724500.0,2312.7,2318.43,2310.46,2316.05,2361.8457
1773725400.0,2316.04,2317.89,2302.0,2302.4,3260.2423
1773726300.0,2302.41,2310.5,2297.91,2307.37,5373.7267
1773727200.0,2307.37,2317.35,2298.24,2315.41,4554.4863
1773728100.0,2315.4,2323.7,2313.08,2321.42,3893.4823
1773729000.0,2321.43,2325.13,2310.0,2310.38,4024.7616
1773729900.0,2310.38,2315.64,2308.35,2315.34,2274.1384
1773730800.0,2315.35,2325.29,2315.35,2324.9,2641.9614
1773731700.0,2324.9,2337.86,2324.76,2335.43,7014.652
1773732600.0,2335.42,2336.34,2328.39,2331.03,3961.3159
1773733500.0,2331.02,2332.56,2325.0,2327.7,1878.4937
1773734400.0,2327.71,2335.35,2317.32,2322.4,4420.8122
1773735300.0,2322.41,2330.92,2318.27,2326.52,2090.1617
1773736200.0,2326.52,2332.99,2320.63,2331.3,2696.8566
1773737100.0,2331.29,2332.67,2316.05,2320.66,3636.5125
1773738000.0,2320.67,2324.54,2309.0,2310.59,6424.9161
1773738900.0,2310.59,2329.34,2307.0,2325.0,5682.4096
1773739800.0,2325.0,2326.04,2319.16,2323.3,3542.022
1773740700.0,2323.31,2323.38,2310.8,2315.79,2907.8625
1773741600.0,2315.78,2317.09,2307.0,2312.96,3715.2706
1773742500.0,2312.97,2314.47,2304.0,2313.59,4294.6164
1773743400.0,2313.58,2316.72,2309.5,2310.24,2755.3288
1773744300.0,2310.23,2315.0,2306.65,2312.94,2385.4465
1773745200.0,2312.94,2323.47,2311.77,2323.43,3170.0932
1773746100.0,2323.43,2332.58,2323.43,2328.41,5348.8248
1773747000.0,2328.4,2330.76,2325.4,2329.89,3182.5154
1773747900.0,2329.9,2332.92,2325.0,2326.82,3566.6614
1773748800.0,2326.81,2332.43,2325.78,2326.5,2162.5455
1773749700.0,2326.5,2335.0,2316.74,2320.18,5046.11
1773750600.0,2320.19,2324.2,2312.77,2321.05,2737.6826
1773751500.0,2321.04,2321.05,2313.19,2315.42,4950.3837
1773752400.0,2315.42,2320.36,2313.41,2319.26,2162.6845
1773753300.0,2319.27,2322.39,2315.91,2320.57,2728.0836
1773754200.0,2320.57,2346.48,2318.5,2332.75,10741.1277
1773755100.0,2332.75,2334.28,2316.75,2328.65,10717.3326
1773756000.0,2328.66,2335.59,2318.94,2332.21,10266.9936
1773756900.0,2332.2,2337.15,2322.92,2333.95,4978.4901
1773757800.0,2333.96,2348.94,2333.96,2342.95,8678.2272
1773758700.0,2342.95,2347.3,2336.85,2343.45,5318.3026
1773759600.0,2343.45,2357.73,2328.16,2328.95,11796.3979
1773760500.0,2328.94,2334.8,2320.31,2323.31,4969.0412
1773761400.0,2323.3,2327.14,2304.27,2313.01,12398.7876
1773762300.0,2313.0,2320.64,2307.01,2315.98,5411.8692
1773763200.0,2315.98,2325.6,2312.44,2317.42,3960.1851
1773764100.0,2317.42,2336.96,2316.69,2331.41,6085.6831
1773765000.0,2331.41,2332.9,2320.8,2326.0,4283.9468
1773765900.0,2326.0,2331.25,2321.79,2326.84,2953.4205
1773766800.0,2326.85,2333.92,2320.6,2326.87,2715.1948
1773767700.0,2326.86,2335.44,2324.02,2329.2,2826.1735
1773768600.0,2329.2,2335.5,2325.9,2333.54,2363.8538
1773769500.0,2333.55,2342.64,2331.24,2340.04,4317.5749
1773770400.0,2340.04,2342.7,2336.67,2338.56,3274.1284
1773771300.0,2338.57,2340.9,2331.73,2332.88,2601.0414
1773772200.0,2332.88,2341.58,2332.46,2336.92,2017.7277
1773773100.0,2336.93,2339.61,2328.11,2332.98,2909.9893
1773774000.0,2332.98,2338.64,2331.29,2337.11,1608.8799
1773774900.0,2337.11,2340.0,2332.0,2334.9,1917.7687
1773775800.0,2334.9,2335.34,2325.24,2325.74,2166.2952
1773776700.0,2325.74,2326.43,2317.0,2320.22,4432.5633
1773777600.0,2320.22,2324.0,2317.68,2318.27,3694.6972
1773778500.0,2318.27,2330.39,2318.12,2329.22,1723.0301
1773779400.0,2329.23,2329.23,2325.74,2326.61,1320.8255
1773780300.0,2326.61,2329.21,2324.21,2327.88,1181.7986
1773781200.0,2327.88,2344.69,2327.88,2339.29,3674.2168
1773782100.0,2339.29,2339.55,2336.47,2336.53,1512.6299
1773783000.0,2336.54,2340.87,2332.67,2338.92,2025.4781
1773783900.0,2338.92,2341.24,2336.34,2338.45,1239.8372
1773784800.0,2338.45,2342.11,2332.26,2333.1,2666.2216
1773785700.0,2333.11,2334.36,2328.78,2328.78,1529.9343
1773786600.0,2328.78,2329.33,2318.39,2324.76,3318.9225
1773787500.0,2324.76,2330.46,2323.11,2329.54,1408.9298
1773788400.0,2329.54,2332.75,2327.06,2330.76,1154.8654
1773789300.0,2330.76,2333.11,2324.43,2327.65,2384.4538
1773790200.0,2327.64,2327.64,2318.07,2319.04,1857.6696
1773791100.0,2319.03,2322.29,2316.78,2317.39,1993.8989
1773792000.0,2317.38,2323.51,2315.24,2321.31,1890.3994
1773792900.0,2321.31,2322.0,2309.0,2313.94,4325.3509
1773793800.0,2313.93,2314.71,2307.0,2314.56,3430.3104
1773794700.0,2314.56,2325.66,2314.56,2324.24,2020.3567
1773795600.0,2324.24,2330.0,2323.3,2325.52,2174.1206
1773796500.0,2325.52,2330.97,2323.58,2330.16,1364.7152
1773797400.0,2330.15,2335.33,2328.02,2330.35,2094.0536
1773798300.0,2330.35,2332.67,2323.17,2325.02,1486.3839
1773799200.0,2325.03,2335.25,2324.74,2334.17,1573.0676
1773800100.0,2334.16,2335.0,2329.83,2331.07,955.0001
1773801000.0,2331.08,2341.3,2330.21,2336.33,3108.6651
1773801900.0,2336.33,2337.65,2330.6,2331.49,2371.1126
1773802800.0,2331.48,2333.9,2328.65,2330.85,2038.4987
1773803700.0,2330.86,2342.85,2330.0,2339.8,2941.4881
1773804600.0,2339.8,2350.0,2339.71,2341.78,4782.8979
1773805500.0,2341.78,2342.77,2339.5,2340.61,3198.4477
1773806400.0,2340.61,2342.0,2338.43,2339.17,1683.5993
1773807300.0,2339.18,2339.18,2332.45,2332.7,1579.5574
1773808200.0,2332.69,2332.7,2328.16,2329.99,2254.0213
1773809100.0,2329.99,2331.17,2326.62,2327.51,1480.9857
1773810000.0,2327.5,2330.97,2325.87,2329.94,2413.1183
1773810900.0,2329.94,2330.41,2325.0,2326.41,1834.9782
1773811800.0,2326.4,2328.48,2322.12,2322.2,2206.465
1773812700.0,2322.19,2324.06,2313.81,2318.42,4590.9977
1773813600.0,2318.42,2324.1,2318.18,2324.04,1726.2493
1773814500.0,2324.03,2331.14,2322.38,2328.9,1814.1982
1773815400.0,2328.91,2329.84,2322.8,2324.29,2544.523
1773816300.0,2324.29,2327.63,2322.5,2322.73,1044.5261
1773817200.0,2322.73,2323.22,2316.62,2321.34,1944.3441
1773818100.0,2321.34,2321.79,2315.8,2317.61,2155.2154
1773819000.0,2317.61,2317.61,2311.53,2313.62,2070.9118
1773819900.0,2313.62,2319.25,2312.79,2317.74,1414.2946
1773820800.0,2317.73,2323.79,2317.3,2322.01,1772.9232
1773821700.0,2322.01,2323.16,2319.42,2321.59,1075.8106
1773822600.0,2321.6,2322.91,2318.76,2321.84,1331.4346
1773823500.0,2321.83,2325.5,2320.08,2322.59,781.6761
1773824400.0,2322.59,2329.7,2321.87,2328.34,2812.0523
1773825300.0,2328.33,2332.15,2328.03,2328.66,2048.132
1773826200.0,2328.66,2333.62,2328.56,2331.59,1460.0476
1773827100.0,2331.59,2332.75,2327.03,2329.27,1218.2295
1773828000.0,2329.27,2331.39,2324.11,2330.84,1664.0868
1773828900.0,2330.83,2331.15,2327.37,2330.67,2322.5377
1773829800.0,2330.67,2331.99,2313.0,2314.34,5332.7056
1773830700.0,2314.35,2314.74,2309.42,2312.83,5143.859
1773831600.0,2312.83,2319.16,2304.08,2315.02,5325.4636
1773832500.0,2315.02,2316.97,2292.8,2295.16,7433.0443
1773833400.0,2295.15,2298.2,2263.43,2276.61,24951.8994
1773834300.0,2276.6,2276.97,2265.74,2269.34,6110.241
1773835200.0,2269.33,2270.5,2253.8,2259.84,13473.9961
1773836100.0,2259.84,2264.02,2255.96,2263.52,4523.4169
1773837000.0,2263.52,2263.53,2237.27,2241.82,14066.679
1773837900.0,2241.82,2246.28,2235.45,2237.49,8967.2183
1773838800.0,2237.5,2240.12,2223.69,2238.03,12823.7216
1773839700.0,2238.03,2241.76,2230.33,2238.9,5985.5809
1773840600.0,2238.89,2244.9,2232.0,2237.93,6855.1699
1773841500.0,2237.94,2241.54,2229.39,2235.68,5361.1967
1773842400.0,2235.69,2237.21,2222.08,2223.01,6620.1341
1773843300.0,2223.02,2228.01,2212.53,2215.64,10651.0218
1773844200.0,2215.64,2224.36,2203.24,2204.21,11313.2668
1773845100.0,2204.21,2211.81,2186.93,2190.27,22645.7256
1773846000.0,2190.26,2196.23,2168.97,2181.16,26644.8542
1773846900.0,2181.16,2187.42,2174.9,2182.82,9874.0726
1773847800.0,2182.82,2192.29,2179.47,2183.19,6535.6578
1773848700.0,2183.19,2189.4,2177.4,2187.66,4052.4075
1773849600.0,2187.67,2190.93,2175.16,2177.19,7727.7862
1773850500.0,2177.19,2180.29,2166.87,2174.68,10265.7763
1773851400.0,2174.67,2179.92,2168.69,2179.67,4088.8644
1773852300.0,2179.68,2186.65,2178.12,2181.0,3091.4261
1773853200.0,2181.0,2184.42,2176.99,2182.09,3492.8701
1773854100.0,2182.09,2199.96,2179.82,2198.33,6782.7977
1773855000.0,2198.33,2211.7,2191.94,2204.51,10840.6606
1773855900.0,2204.51,2210.68,2201.5,2204.02,4811.4579
1773856800.0,2204.02,2220.0,2203.27,2215.03,10786.117
1773857700.0,2215.03,2215.03,2192.06,2198.0,7850.322
1773858600.0,2198.0,2209.22,2194.21,2200.02,5436.9412
1773859500.0,2200.01,2200.01,2176.0,2181.2,8814.7951
1773860400.0,2181.2,2193.41,2179.4,2188.62,4250.3163
1773861300.0,2188.62,2196.57,2187.62,2193.37,3401.6074
1773862200.0,2193.36,2196.35,2189.11,2191.3,3308.5752
1773863100.0,2191.3,2192.56,2178.81,2185.85,4120.1575
1773864000.0,2185.85,2188.4,2153.21,2171.7,19568.4032
1773864900.0,2171.71,2178.8,2169.41,2176.68,4449.7696
1773865800.0,2176.68,2185.87,2176.02,2180.98,4696.6625
1773866700.0,2180.98,2194.78,2178.48,2187.36,5168.5201
1773867600.0,2187.36,2195.0,2185.66,2189.01,2700.4838
1773868500.0,2189.0,2199.77,2188.37,2197.35,3922.7519
1773869400.0,2197.35,2204.34,2191.63,2201.68,3378.2998
1773870300.0,2201.67,2206.87,2198.47,2202.49,2997.9829
1773871200.0,2202.5,2203.5,2187.58,2190.26,3914.2603
1773872100.0,2190.25,2195.89,2188.73,2193.98,2122.2993
1773873000.0,2193.98,2194.47,2187.62,2191.58,2102.0077
1773873900.0,2191.59,2194.42,2189.46,2194.41,1875.293
1773874800.0,2194.41,2199.58,2190.62,2193.56,4275.1251
1773875700.0,2193.55,2195.27,2188.77,2194.96,3847.5813
1773876600.0,2194.97,2204.65,2194.96,2202.37,4191.3992
1773877500.0,2202.33,2206.88,2200.32,2203.39,6068.461
1773878400.0,2203.39,2208.28,2194.18,2201.38,4207.1684
1773879300.0,2201.38,2204.28,2196.42,2203.51,2302.7286
1773880200.0,2203.5,2204.22,2191.35,2192.63,3165.9969
1773881100.0,2192.62,2195.73,2190.86,2193.34,2549.8331
1773882000.0,2193.33,2196.99,2188.88,2191.12,2865.2276
1773882900.0,2191.12,2194.02,2187.24,2192.66,2261.1062
1773883800.0,2192.67,2201.42,2190.82,2199.65,2715.4562
1773884700.0,2199.66,2201.98,2196.74,2196.92,2221.4421
1773885600.0,2196.93,2201.4,2188.94,2200.03,2492.3312
1773886500.0,2200.02,2203.69,2198.94,2202.08,802.5502
1773887400.0,2202.08,2205.0,2199.53,2204.16,1219.5835
1773888300.0,2204.15,2204.27,2196.11,2196.68,1677.7487
1773889200.0,2196.69,2207.0,2196.69,2205.38,2192.2305
1773890100.0,2205.37,2233.72,2205.13,2228.38,14774.5528
1773891000.0,2228.38,2229.72,2209.44,2210.39,4490.4368
1773891900.0,2210.39,2215.0,2206.66,2212.29,2641.2338
1773892800.0,2212.29,2213.11,2198.0,2201.13,4197.7475
1773893700.0,2201.13,2202.88,2192.69,2194.67,2412.6352
1773894600.0,2194.67,2198.8,2190.83,2194.52,1910.3262
1773895500.0,2194.52,2197.6,2191.18,2193.61,1307.5561
1773896400.0,2193.62,2196.2,2190.82,2193.46,1199.9101
1773897300.0,2193.45,2198.5,2189.55,2190.74,1159.3813
1773898200.0,2190.74,2194.34,2186.67,2190.65,2526.2429
1773899100.0,2190.66,2192.0,2187.39,2189.14,2044.3534
1773900000.0,2189.14,2193.53,2181.8,2191.33,5961.5339
1773900900.0,2191.32,2195.7,2187.44,2187.44,2143.5309
1773901800.0,2187.43,2188.63,2177.79,2186.71,4008.0217
1773902700.0,2186.71,2188.03,2178.0,2180.64,4276.4761
1773903600.0,2180.65,2182.0,2159.64,2160.71,11828.0582
1773904500.0,2160.71,2163.51,2143.14,2154.9,17025.2043
1773905400.0,2154.9,2175.34,2154.0,2168.07,10051.6331
1773906300.0,2168.08,2173.69,2164.35,2166.68,7158.6758
1773907200.0,2166.68,2170.99,2161.35,2165.67,5037.8103
1773908100.0,2165.67,2168.89,2158.39,2159.56,3474.9924
1773909000.0,2159.56,2166.98,2158.09,2160.99,3066.6551
1773909900.0,2160.99,2165.17,2158.67,2160.66,2555.7041
1773910800.0,2160.65,2167.87,2159.99,2163.95,5701.545
1773911700.0,2163.96,2188.32,2162.81,2179.95,22191.529
1773912600.0,2179.96,2186.63,2176.42,2182.97,3203.3795
1773913500.0,2182.97,2191.16,2181.46,2189.42,3725.7584
1773914400.0,2189.43,2192.07,2182.53,2184.27,2547.168
1773915300.0,2184.27,2186.87,2181.82,2182.2,1715.1804
1773916200.0,2182.21,2182.64,2176.64,2178.17,2131.5471
1773917100.0,2178.17,2178.86,2172.48,2172.76,1832.5432
1773918000.0,2172.76,2176.39,2167.56,2170.45,2827.5313
1773918900.0,2170.45,2175.85,2168.89,2174.75,1793.9376
1773919800.0,2174.75,2177.58,2165.83,2167.75,2741.6595
1773920700.0,2167.76,2169.91,2165.88,2166.92,1239.1046
1773921600.0,2166.92,2167.48,2156.02,2162.06,5082.1071
1773922500.0,2162.06,2162.66,2153.58,2155.74,3035.2308
1773923400.0,2155.75,2158.66,2153.01,2154.22,2569.4147
1773924300.0,2154.22,2154.22,2130.16,2132.45,14102.9086
1773925200.0,2132.45,2136.53,2117.36,2119.52,15265.4252
1773926100.0,2119.52,2137.25,2118.0,2130.13,9561.8703
1773927000.0,2130.12,2142.31,2110.9,2138.1,24944.8126
1773927900.0,2138.1,2143.16,2128.02,2137.49,11438.4295
1773928800.0,2137.5,2147.26,2125.59,2127.15,9078.543
1773929700.0,2127.15,2129.06,2108.28,2109.54,12087.6331
1773930600.0,2109.54,2117.57,2102.16,2114.7,14184.4011
1773931500.0,2114.69,2131.36,2110.6,2121.68,8763.2063
1773932400.0,2121.67,2136.79,2120.25,2128.41,8301.1004
1773933300.0,2128.41,2135.33,2110.86,2112.43,7661.849
1773934200.0,2112.43,2116.3,2104.97,2104.99,7819.8989
1773935100.0,2104.99,2126.97,2099.38,2118.81,11417.4909
1773936000.0,2118.81,2121.95,2112.95,2115.45,18948.8758
1773936900.0,2115.44,2116.93,2106.44,2112.85,7753.0662
1773937800.0,2112.84,2121.92,2106.93,2116.89,3886.371
1773938700.0,2116.88,2117.78,2108.44,2115.09,3699.9629
1773939600.0,2115.08,2116.55,2104.87,2109.42,3523.9441
1773940500.0,2109.43,2127.62,2107.06,2125.47,5359.0523
1773941400.0,2125.47,2128.72,2114.09,2117.73,3212.2003
1773942300.0,2117.73,2131.7,2116.46,2126.96,3126.7113
1773943200.0,2126.97,2129.48,2122.04,2125.86,1972.0149
1773944100.0,2125.86,2127.33,2117.96,2118.82,1811.9247
1773945000.0,2118.83,2120.2,2114.31,2116.84,1855.2526
1773945900.0,2116.83,2126.09,2114.53,2125.04,2263.7639
1773946800.0,2125.04,2151.93,2125.04,2141.87,11221.3531
1773947700.0,2141.88,2156.92,2139.01,2145.07,9459.9237
1773948600.0,2145.06,2147.78,2137.93,2145.49,5371.2049
1773949500.0,2145.48,2148.16,2138.7,2141.19,2927.6776
1773950400.0,2141.18,2144.83,2139.39,2144.13,1395.7645
1773951300.0,2144.13,2149.46,2139.67,2140.69,2370.045
1773952200.0,2140.68,2152.8,2140.06,2147.62,2408.0536
1773953100.0,2147.61,2148.79,2143.34,2146.35,1879.6199
1773954000.0,2146.35,2155.62,2145.72,2153.79,3272.8839
1773954900.0,2153.78,2153.78,2145.38,2148.72,2238.7477
1773955800.0,2148.72,2150.89,2146.04,2148.84,1772.9006
1773956700.0,2148.85,2153.68,2145.16,2149.95,2410.3861
1773957600.0,2149.95,2151.84,2143.51,2150.35,2776.08
1773958500.0,2150.35,2152.36,2147.11,2149.73,1366.7356
1773959400.0,2149.73,2150.76,2133.08,2138.8,6083.0364
1773960300.0,2138.8,2142.13,2135.51,2140.08,2005.1021
1773961200.0,2140.08,2147.48,2140.08,2146.17,2430.6289
1773962100.0,2146.17,2146.17,2136.42,2142.6,2773.4714
1773963000.0,2142.6,2144.51,2130.57,2134.43,4192.4064
1773963900.0,2134.43,2139.53,2133.41,2137.81,2131.2373
1773964800.0,2137.82,2146.16,2134.72,2144.44,2285.4849
1773965700.0,2144.45,2148.37,2138.48,2142.89,2497.761
1773966600.0,2142.89,2149.0,2141.51,2145.99,2513.7768
1773967500.0,2146.0,2148.25,2142.79,2145.6,2180.4971
1773968400.0,2145.61,2154.0,2145.1,2152.01,3604.0305
1773969300.0,2152.01,2153.12,2147.25,2149.69,2557.6626
1773970200.0,2149.7,2160.78,2149.7,2159.07,6494.9256
1773971100.0,2159.07,2160.55,2150.84,2150.88,2568.0895
1773972000.0,2150.89,2151.77,2145.36,2145.7,2161.7464
1773972900.0,2145.7,2145.73,2137.1,2139.09,2724.5455
1773973800.0,2139.09,2144.12,2132.69,2143.06,3112.6229
1773974700.0,2143.06,2149.5,2139.93,2144.44,4248.184
1773975600.0,2144.45,2148.75,2143.61,2145.5,1240.404
1773976500.0,2145.49,2152.89,2145.02,2152.89,1560.3266
1773977400.0,2152.89,2157.08,2148.15,2148.79,2472.825
1773978300.0,2148.79,2154.35,2147.27,2151.38,2271.8779
1773979200.0,2151.38,2159.24,2149.72,2157.18,3004.0014
1773980100.0,2157.18,2157.19,2151.7,2154.5,1805.4391
1773981000.0,2154.5,2154.76,2139.18,2140.59,3998.8924
1773981900.0,2140.6,2149.07,2139.92,2148.38,1874.831
1773982800.0,2148.39,2151.92,2145.44,2151.01,2197.1241
1773983700.0,2151.01,2151.72,2142.45,2143.31,1372.9118
1773984600.0,2143.31,2145.82,2137.73,2144.79,2210.5832
1773985500.0,2144.78,2145.95,2138.4,2140.37,916.3291
1773986400.0,2140.38,2141.78,2136.5,2139.08,1974.4846
1773987300.0,2139.08,2139.08,2133.5,2138.3,1994.6714
1773988200.0,2138.3,2140.42,2132.06,2136.84,2117.9261
1773989100.0,2136.84,2139.9,2135.68,2136.61,1854.2729
1773990000.0,2136.61,2136.61,2121.25,2128.56,7055.5933
1773990900.0,2128.56,2142.52,2128.13,2138.61,2163.4357
1773991800.0,2138.62,2152.85,2136.58,2152.81,4883.577
1773992700.0,2152.8,2153.4,2148.92,2150.54,3855.8764
1773993600.0,2150.53,2176.84,2146.71,2170.8,9562.6495
1773994500.0,2170.79,2171.07,2162.79,2165.27,6303.9361
1773995400.0,2165.27,2167.76,2161.05,2164.4,3042.4571
1773996300.0,2164.39,2166.33,2160.62,2164.2,2679.2194
1773997200.0,2164.19,2164.19,2154.67,2154.68,4616.9591
1773998100.0,2154.69,2155.78,2139.17,2142.44,5736.5129
1773999000.0,2142.44,2148.59,2142.44,2145.73,2511.5445
1773999900.0,2145.73,2146.18,2134.95,2141.21,3509.612
1774000800.0,2141.21,2141.51,2132.44,2135.32,2962.6886
1774001700.0,2135.31,2138.5,2131.56,2135.79,2664.5782
1774002600.0,2135.79,2151.27,2135.62,2147.67,3162.0216
1774003500.0,2147.67,2150.45,2146.61,2148.38,1522.6163
1774004400.0,2148.38,2158.69,2146.96,2158.04,4893.3656
1774005300.0,2158.04,2158.04,2148.84,2150.0,2928.8138
1774006200.0,2150.0,2150.33,2135.0,2139.35,4075.8854
1774007100.0,2139.34,2142.6,2136.86,2141.5,1517.5448
1774008000.0,2141.49,2152.74,2140.13,2145.86,3673.0324
1774008900.0,2145.87,2148.52,2139.74,2142.37,1473.7091
1774009800.0,2142.37,2142.64,2135.37,2139.06,2381.4811
1774010700.0,2139.06,2142.3,2136.76,2141.13,1182.9197
1774011600.0,2141.13,2145.2,2135.52,2138.88,2127.1357
1774012500.0,2138.88,2152.64,2138.09,2146.8,2596.548
1774013400.0,2146.8,2146.8,2123.18,2141.09,8557.5823
1774014300.0,2141.08,2143.28,2124.86,2127.39,5523.2636
1774015200.0,2127.39,2135.51,2116.88,2124.88,8721.3284
1774016100.0,2124.88,2141.65,2119.5,2135.52,8707.3758
1774017000.0,2135.52,2147.74,2134.98,2136.22,5158.7913
1774017900.0,2136.22,2139.69,2126.08,2129.3,3097.1336
1774018800.0,2129.3,2134.96,2120.33,2130.31,4563.0496
1774019700.0,2130.31,2138.78,2122.16,2130.36,5957.8936
1774020600.0,2130.35,2135.46,2127.19,2132.28,2758.1678
1774021500.0,2132.27,2137.14,2129.29,2134.01,2003.883
1774022400.0,2134.0,2142.45,2133.65,2139.33,3623.5502
1774023300.0,2139.33,2144.76,2135.62,2140.23,3069.613
1774024200.0,2140.23,2140.35,2130.61,2135.02,2098.0085
1774025100.0,2135.01,2140.42,2130.58,2137.31,1724.0221
1774026000.0,2137.32,2141.16,2131.53,2133.15,2401.4283
1774026900.0,2133.15,2135.77,2130.64,2130.92,1380.9048
1774027800.0,2130.91,2132.07,2119.72,2124.78,3753.4701
1774028700.0,2124.78,2140.0,2123.81,2136.69,2368.1419
1774029600.0,2136.7,2137.67,2132.59,2135.3,1874.726
1774030500.0,2135.29,2136.11,2124.18,2125.56,1788.7851
1774031400.0,2125.56,2127.11,2117.41,2123.54,4518.8952
1774032300.0,2123.54,2129.0,2120.17,2123.29,4107.2656
1774033200.0,2123.29,2128.06,2120.74,2125.97,2840.717
1774034100.0,2125.96,2128.2,2122.11,2125.12,2474.0872
1774035000.0,2125.12,2129.74,2117.5,2129.51,3745.1291
1774035900.0,2129.51,2134.97,2124.0,2132.91,3240.9979
1774036800.0,2132.91,2137.0,2131.38,2135.16,1834.18
1774037700.0,2135.17,2135.17,2129.38,2130.95,1124.3406
1774038600.0,2130.94,2131.11,2123.96,2128.68,1664.1599
1774039500.0,2128.67,2135.51,2127.33,2133.25,1598.7067
1774040400.0,2133.25,2134.9,2130.83,2134.22,1602.3033
1774041300.0,2134.21,2153.31,2133.99,2151.93,6624.8194
1774042200.0,2151.93,2157.25,2142.7,2144.67,4403.6198
1774043100.0,2144.67,2149.68,2144.42,2147.53,1330.6594
1774044000.0,2147.53,2168.0,2147.53,2160.46,6575.9546
1774044900.0,2160.47,2162.79,2156.13,2156.62,1453.8683
1774045800.0,2156.63,2157.94,2153.72,2154.38,1559.112
1774046700.0,2154.37,2160.0,2152.47,2154.71,2657.1083
1774047600.0,2154.7,2155.72,2145.23,2145.38,2162.0535
1774048500.0,2145.38,2148.99,2143.16,2146.84,1357.9786
1774049400.0,2146.85,2148.52,2145.49,2146.49,680.2702
1774050300.0,2146.49,2148.54,2145.09,2146.22,568.8915
1774051200.0,2146.21,2149.52,2144.24,2146.6,1721.9003
1774052100.0,2146.6,2156.77,2146.03,2150.61,2960.8955
1774053000.0,2150.61,2153.74,2148.89,2150.23,1208.4896
1774053900.0,2150.23,2153.73,2149.35,2153.3,651.0274
1774054800.0,2153.3,2159.87,2151.78,2155.26,1443.6724
1774055700.0,2155.26,2155.8,2151.44,2153.64,925.946
1774056600.0,2153.65,2153.65,2149.09,2149.3,1273.4233
1774057500.0,2149.35,2150.88,2147.35,2147.55,651.0297
1774058400.0,2147.54,2150.25,2146.35,2148.12,761.7339
1774059300.0,2148.12,2153.09,2148.12,2151.91,854.9597
1774060200.0,2151.9,2154.45,2149.78,2154.0,587.0604
1774061100.0,2154.0,2156.32,2152.92,2154.9,425.0141
1774062000.0,2154.89,2155.95,2152.74,2153.76,492.6944
1774062900.0,2153.76,2154.18,2152.16,2153.42,631.9676
1774063800.0,2153.42,2153.42,2150.99,2152.44,554.2492
1774064700.0,2152.43,2154.38,2152.09,2153.6,572.675
1774065600.0,2153.59,2158.19,2153.3,2155.54,1320.8742
1774066500.0,2155.54,2157.65,2154.57,2156.37,1200.2275
1774067400.0,2156.37,2156.37,2150.36,2152.1,1106.0699
1774068300.0,2152.1,2152.73,2151.61,2151.75,448.2425
1774069200.0,2151.76,2160.0,2151.75,2153.46,4303.5717
1774070100.0,2153.46,2156.51,2153.45,2155.95,889.1214
1774071000.0,2155.95,2157.99,2153.97,2155.11,773.6811
1774071900.0,2155.12,2155.4,2152.57,2153.39,698.8819
1774072800.0,2153.39,2154.13,2152.47,2152.69,462.9191
1774073700.0,2152.68,2155.0,2152.28,2154.79,641.0173
1774074600.0,2154.79,2156.49,2154.45,2155.56,703.6827
1774075500.0,2155.55,2155.81,2154.26,2155.8,404.0874
1774076400.0,2155.81,2156.36,2155.05,2155.83,565.5293
1774077300.0,2155.83,2161.34,2155.54,2159.99,1252.0076
1774078200.0,2160.0,2160.0,2156.77,2157.62,926.1573
1774079100.0,2157.62,2157.62,2153.72,2155.67,798.1122
1774080000.0,2155.67,2157.22,2154.67,2156.15,1008.4705
1774080900.0,2156.14,2156.36,2150.01,2150.36,1187.0496
1774081800.0,2150.36,2154.17,2149.57,2153.7,1065.7704
1774082700.0,2153.71,2154.86,2152.63,2154.0,310.2089
1774083600.0,2153.99,2158.5,2153.8,2157.62,1292.4654
1774084500.0,2157.62,2157.62,2155.01,2155.13,1197.7864
1774085400.0,2155.13,2159.0,2155.12,2157.97,1362.9055
1774086300.0,2157.98,2159.0,2157.44,2158.77,705.4795
1774087200.0,2158.77,2159.52,2155.68,2156.08,872.1398
1774088100.0,2156.09,2156.22,2153.94,2155.12,656.2752
1774089000.0,2155.11,2156.95,2154.68,2155.24,384.8074
1774089900.0,2155.24,2155.24,2153.05,2154.34,366.1102
1774090800.0,2154.34,2154.57,2153.05,2153.06,264.775
1774091700.0,2153.05,2156.27,2153.0,2155.31,484.8806
1774092600.0,2155.3,2157.01,2154.16,2156.92,336.9095
1774093500.0,2156.92,2157.91,2155.99,2157.37,544.1
1774094400.0,2157.37,2159.46,2157.37,2158.91,709.4276
1774095300.0,2158.91,2160.62,2157.4,2159.51,974.0921
1774096200.0,2159.51,2159.52,2157.27,2158.39,401.855
1774097100.0,2158.39,2158.85,2156.76,2157.98,482.3469
1774098000.0,2157.98,2158.16,2156.78,2157.3,451.904
1774098900.0,2157.29,2159.79,2155.55,2156.04,574.8515
1774099800.0,2156.04,2157.66,2155.01,2155.3,581.4369
1774100700.0,2155.31,2156.38,2155.0,2155.86,245.4943
1774101600.0,2155.86,2168.27,2155.79,2165.01,3059.2164
1774102500.0,2165.0,2166.62,2160.89,2161.87,1710.9202
1774103400.0,2161.87,2165.2,2160.69,2161.1,1190.0529
1774104300.0,2161.1,2161.1,2150.61,2152.13,2258.0451
1774105200.0,2152.13,2154.17,2150.93,2153.82,1541.7452
1774106100.0,2153.82,2154.31,2146.45,2152.67,3598.4722
1774107000.0,2152.67,2157.58,2152.39,2154.1,1532.3099
1774107900.0,2154.09,2155.91,2153.74,2155.12,638.9832
1774108800.0,2155.13,2155.58,2151.56,2152.24,1611.0652
1774109700.0,2152.25,2154.4,2146.61,2148.73,1430.4507
1774110600.0,2148.73,2150.95,2147.41,2148.42,809.3228
1774111500.0,2148.41,2150.85,2144.67,2146.65,1160.9701
1774112400.0,2146.64,2148.63,2142.01,2144.98,1245.1743
1774113300.0,2144.97,2148.54,2143.99,2147.65,943.9134
1774114200.0,2147.65,2150.4,2147.65,2149.74,628.1141
1774115100.0,2149.73,2150.61,2147.16,2148.56,405.1472
1774116000.0,2148.56,2150.09,2147.79,2150.08,743.2221
1774116900.0,2150.09,2153.05,2149.69,2151.56,840.8491
1774117800.0,2151.55,2155.64,2151.55,2155.03,760.4122
1774118700.0,2155.04,2155.04,2150.43,2151.46,402.7864
1774119600.0,2151.47,2152.68,2151.21,2152.16,686.2257
1774120500.0,2152.17,2153.03,2150.89,2152.48,1374.2514
1774121400.0,2152.47,2152.48,2149.06,2150.14,533.8371
1774122300.0,2150.14,2152.73,2150.13,2152.16,389.899
1774123200.0,2152.17,2153.23,2150.74,2152.59,239.3006
1774124100.0,2152.6,2154.98,2150.41,2153.89,653.3624
1774125000.0,2153.89,2156.5,2153.49,2155.36,1312.3581
1774125900.0,2155.36,2156.59,2154.74,2155.67,497.1125
1774126800.0,2155.67,2157.0,2153.52,2154.33,639.9819
1774127700.0,2154.33,2155.17,2153.35,2154.23,319.5613
1774128600.0,2154.23,2156.22,2153.47,2155.13,508.7002
1774129500.0,2155.12,2156.0,2152.21,2153.7,1415.3775
1774130400.0,2153.69,2153.69,2150.05,2152.37,1082.6319
1774131300.0,2152.37,2152.51,2150.17,2150.51,360.5989
1774132200.0,2150.5,2153.23,2150.08,2151.58,749.3235
1774133100.0,2151.57,2151.58,2149.36,2149.94,463.4839
1774134000.0,2149.93,2149.93,2145.01,2146.24,557.6127
1774134900.0,2146.23,2147.78,2144.42,2144.43,855.4596
1774135800.0,2144.43,2147.56,2144.0,2146.78,478.9937
1774136700.0,2146.78,2146.78,2070.78,2084.87,44257.7562
1774137600.0,2084.86,2084.97,2050.12,2071.82,30220.1493
1774138500.0,2071.83,2086.6,2070.26,2085.97,9957.7131
1774139400.0,2085.98,2095.43,2085.98,2090.73,10376.5284
1774140300.0,2090.73,2094.91,2080.3,2087.67,10352.2885
1774141200.0,2087.68,2094.49,2083.74,2088.5,9003.0398
1774142100.0,2088.49,2093.43,2085.99,2090.45,3522.9909
1774143000.0,2090.46,2092.02,2082.0,2084.36,4912.8926
1774143900.0,2084.36,2092.37,2084.36,2091.36,2160.0477
1774144800.0,2091.37,2093.1,2088.0,2091.81,2021.7327
1774145700.0,2091.81,2109.36,2089.45,2106.0,4541.458
1774146600.0,2105.99,2106.59,2099.6,2100.56,4512.0458
1774147500.0,2100.56,2106.32,2098.36,2102.29,3164.7355
1774148400.0,2102.29,2105.87,2098.09,2104.32,2271.2486
1774149300.0,2104.32,2118.8,2103.07,2114.14,3252.4614
1774150200.0,2114.15,2127.21,2112.88,2118.37,6594.9526
1774151100.0,2118.37,2119.17,2112.8,2113.83,2657.3634
1774152000.0,2113.83,2122.46,2113.51,2116.4,2922.23
1774152900.0,2116.4,2122.94,2106.36,2112.83,4279.3377
1774153800.0,2112.82,2119.64,2110.3,2117.06,2714.9064
1774154700.0,2117.07,2121.83,2117.06,2119.39,2468.1968
1774155600.0,2119.39,2120.94,2116.23,2118.38,1704.9464
1774156500.0,2118.38,2119.35,2114.84,2116.23,2021.2355
1774157400.0,2116.24,2118.11,2114.6,2114.77,1425.2766
1774158300.0,2114.77,2117.49,2112.71,2113.0,1142.8325
1774159200.0,2113.01,2113.01,2107.42,2109.76,2994.183
1774160100.0,2109.75,2112.21,2108.04,2112.21,945.5568
1774161000.0,2112.2,2113.34,2109.45,2111.66,578.7116
1774161900.0,2111.65,2111.65,2106.99,2108.76,926.8809
1774162800.0,2108.76,2111.96,2107.61,2109.34,1345.4472
1774163700.0,2109.34,2112.05,2109.34,2111.01,328.186
1774164600.0,2111.0,2111.0,2097.41,2098.76,3457.9542
1774165500.0,2098.76,2104.2,2092.35,2093.38,3387.7512
1774166400.0,2093.4,2095.89,2083.57,2092.25,6281.8229
1774167300.0,2092.25,2092.39,2074.36,2077.61,7755.3695
1774168200.0,2077.6,2085.31,2076.42,2083.29,3446.971
1774169100.0,2083.28,2088.14,2082.05,2086.5,1939.5377
1774170000.0,2086.5,2092.59,2085.3,2092.41,2786.8853
1774170900.0,2092.41,2096.82,2079.9,2081.79,3852.302
1774171800.0,2081.79,2087.21,2081.63,2085.15,884.9894
1774172700.0,2085.16,2087.2,2082.28,2085.09,1437.5709
1774173600.0,2085.1,2086.95,2080.82,2083.51,776.7378
1774174500.0,2083.51,2084.52,2080.24,2083.05,736.4977
1774175400.0,2083.05,2085.05,2077.33,2080.16,1622.0673
1774176300.0,2080.17,2083.07,2079.32,2081.45,991.4458
1774177200.0,2081.44,2083.8,2078.85,2082.01,1048.7995
1774178100.0,2082.01,2083.61,2075.05,2076.31,2799.5829
1774179000.0,2076.31,2081.13,2067.09,2075.27,3766.4468
1774179900.0,2075.28,2076.0,2066.97,2069.98,2935.509
1774180800.0,2069.97,2074.62,2068.37,2073.93,2270.8528
1774181700.0,2073.92,2088.44,2073.17,2084.62,3495.7194
1774182600.0,2084.62,2085.1,2080.95,2082.31,2257.9618
1774183500.0,2082.31,2085.33,2078.29,2082.44,1711.1055
1774184400.0,2082.44,2092.63,2082.27,2086.54,3282.5047
1774185300.0,2086.54,2089.78,2084.57,2085.81,2711.8722
1774186200.0,2085.81,2087.61,2072.77,2076.38,3020.951
1774187100.0,2076.39,2080.8,2075.09,2078.71,1389.6853
1774188000.0,2078.71,2080.8,2071.67,2079.11,2017.3786
1774188900.0,2079.12,2085.19,2077.45,2080.85,1677.0997
1774189800.0,2080.85,2084.81,2078.54,2081.79,2831.4227
1774190700.0,2081.78,2081.78,2075.84,2078.14,1516.4428
1774191600.0,2078.14,2083.49,2078.09,2082.48,1418.9543
1774192500.0,2082.48,2084.58,2077.5,2079.96,1504.4247
1774193400.0,2079.97,2080.74,2075.67,2080.58,1636.3611
1774194300.0,2080.57,2083.49,2078.45,2083.1,1571.5515
1774195200.0,2083.1,2084.45,2080.39,2081.58,1110.073
1774196100.0,2081.58,2083.78,2078.45,2079.12,1310.4191
1774197000.0,2079.12,2082.49,2077.88,2080.15,1005.4976
1774197900.0,2080.15,2083.55,2080.14,2082.09,679.4527
1774198800.0,2082.1,2083.34,2079.89,2082.95,885.7875
1774199700.0,2082.96,2084.35,2080.68,2082.23,1122.3817
1774200600.0,2082.23,2083.54,2077.41,2078.66,1246.9592
1774201500.0,2078.65,2081.43,2078.65,2079.61,798.6582
1774202400.0,2079.6,2080.41,2075.63,2079.92,1112.8234
1774203300.0,2079.92,2079.93,2077.08,2078.23,740.2352
1774204200.0,2078.22,2079.92,2057.0,2065.35,7187.9855
1774205100.0,2065.35,2072.55,2064.74,2072.27,1580.5345
1774206000.0,2072.26,2072.7,2059.61,2061.24,3257.2819
1774206900.0,2061.24,2063.51,2059.19,2059.76,1425.9037
1774207800.0,2059.76,2067.5,2054.35,2065.66,3207.6224
1774208700.0,2065.65,2067.22,2059.06,2063.21,1300.753
1774209600.0,2063.22,2068.78,2063.21,2067.49,1361.5028
1774210500.0,2067.48,2072.25,2063.04,2064.7,1653.2963
1774211400.0,2064.8,2066.61,2060.02,2066.03,1667.1745
1774212300.0,2066.02,2066.02,2056.35,2058.58,2883.0044
1774213200.0,2058.58,2060.51,2029.4,2040.17,18516.4883
1774214100.0,2040.17,2043.61,2026.0,2041.98,6325.9179
1774215000.0,2041.98,2048.78,2037.29,2045.28,2380.965
1774215900.0,2045.28,2047.27,2039.46,2045.96,1705.115
1774216800.0,2045.96,2052.65,2032.57,2043.1,7449.1389
1774217700.0,2043.11,2064.96,2041.41,2059.7,6339.7554
1774218600.0,2059.7,2062.88,2054.1,2055.11,2954.6722
1774219500.0,2055.11,2065.65,2055.11,2062.67,1854.0014
1774220400.0,2062.68,2074.16,2060.5,2069.16,3587.7281
1774221300.0,2069.17,2069.54,2060.31,2062.34,2143.8378
1774222200.0,2062.33,2064.9,2057.54,2060.8,1749.8956
1774223100.0,2060.8,2060.97,2051.27,2053.89,2983.5903
1774224000.0,2053.9,2063.08,2048.41,2057.21,3803.7268
1774224900.0,2057.22,2059.67,2051.91,2053.98,3344.191
1774225800.0,2053.98,2054.52,2035.69,2046.03,6958.9492
1774226700.0,2046.03,2053.28,2041.74,2043.31,2660.4874
1774227600.0,2043.31,2055.61,2039.46,2050.57,3017.4931
1774228500.0,2050.57,2062.38,2050.43,2059.48,2966.331
1774229400.0,2059.49,2061.79,2051.86,2054.88,1749.9035
1774230300.0,2054.89,2059.15,2047.39,2047.69,2616.1133
1774231200.0,2047.7,2058.17,2046.72,2048.96,4211.2662
1774232100.0,2048.97,2070.24,2047.65,2067.78,5094.8479
1774233000.0,2067.78,2068.4,2060.32,2060.32,2506.5749
1774233900.0,2060.32,2063.82,2057.14,2063.42,1519.7566
1774234800.0,2063.42,2072.33,2058.92,2059.11,2422.5538
1774235700.0,2059.11,2060.32,2055.81,2056.73,1054.4562
1774236600.0,2056.74,2057.61,2052.18,2055.89,980.3654
1774237500.0,2055.89,2057.49,2051.67,2052.54,1186.4728
1774238400.0,2052.53,2055.17,2050.64,2052.62,1336.0025
1774239300.0,2052.62,2057.11,2051.77,2055.59,867.5775
1774240200.0,2055.6,2061.28,2055.5,2056.04,1380.0265
1774241100.0,2056.04,2066.21,2056.04,2065.47,2381.7859
1774242000.0,2065.47,2070.5,2065.47,2070.26,3332.7793
1774242900.0,2070.26,2072.11,2063.59,2065.35,2324.9626
1774243800.0,2065.34,2070.64,2061.69,2063.14,2536.4491
1774244700.0,2063.15,2069.88,2060.71,2069.27,2572.175
1774245600.0,2069.26,2069.26,2057.03,2058.74,2842.9061
1774246500.0,2058.73,2061.5,2055.01,2059.12,2111.3228
1774247400.0,2059.12,2059.25,2028.47,2033.66,9316.3235
1774248300.0,2033.67,2038.67,2028.72,2037.3,5145.1233
1774249200.0,2037.31,2039.36,2023.04,2037.23,6164.4823
1774250100.0,2037.23,2039.22,2026.33,2032.68,4067.7891
1774251000.0,2032.67,2049.86,2030.96,2047.82,5951.1827
1774251900.0,2047.81,2050.0,2043.83,2044.72,5185.141
1774252800.0,2044.73,2056.87,2044.73,2056.87,4832.8816
1774253700.0,2056.87,2059.16,2052.14,2053.55,3261.1312
1774254600.0,2053.54,2057.72,2049.53,2051.35,2271.9299
1774255500.0,2051.36,2054.07,2044.2,2048.02,2629.677
1774256400.0,2048.01,2049.13,2037.75,2042.91,2501.1905
1774257300.0,2042.9,2046.63,2038.59,2043.58,1485.6301
1774258200.0,2043.58,2043.58,2028.2,2038.39,4295.5623
1774259100.0,2038.39,2043.64,2038.22,2043.63,1549.8323
1774260000.0,2043.64,2054.04,2042.08,2049.94,2512.5609
1774260900.0,2049.95,2049.95,2042.26,2045.12,2361.0366
1774261800.0,2045.12,2046.1,2040.39,2044.35,1451.1499
1774262700.0,2044.34,2050.14,2041.01,2049.04,1571.3264
1774263600.0,2049.04,2198.57,2049.04,2169.72,86266.2357
1774264500.0,2169.28,2190.0,2147.02,2167.79,37733.4916
1774265400.0,2167.79,2179.81,2154.09,2155.01,18002.4685
1774266300.0,2155.04,2157.06,2132.72,2134.78,19421.1052
1774267200.0,2134.78,2140.0,2107.43,2117.06,28509.1191
1774268100.0,2117.06,2134.13,2115.83,2125.37,10752.3743
1774269000.0,2125.36,2147.0,2120.88,2145.3,10249.8401
1774269900.0,2145.31,2147.85,2139.17,2144.27,8403.3739
1774270800.0,2144.27,2154.28,2140.11,2146.21,10115.5613
1774271700.0,2146.22,2154.09,2145.91,2150.4,6025.0826
1774272600.0,2150.4,2177.53,2142.98,2169.17,19243.7786
1774273500.0,2169.16,2189.0,2164.04,2185.64,20346.1346
1774274400.0,2185.65,2192.44,2178.44,2181.62,16969.4721
1774275300.0,2181.62,2187.41,2175.49,2179.87,9041.1595
1774276200.0,2179.87,2183.06,2171.98,2175.3,7995.1812
1774277100.0,2175.29,2183.39,2169.28,2181.16,7856.4431
1774278000.0,2181.16,2188.09,2178.8,2179.02,6641.0959
1774278900.0,2179.01,2179.8,2163.0,2164.56,9111.9549
1774279800.0,2164.57,2166.85,2147.24,2150.01,10140.2032
1774280700.0,2150.0,2157.71,2124.75,2128.45,17843.1548
1774281600.0,2128.46,2139.71,2128.0,2138.89,10684.8579
1774282500.0,2138.89,2140.41,2117.92,2120.55,12929.2509
1774283400.0,2120.54,2133.82,2117.77,2131.8,5844.1081
1774284300.0,2131.77,2142.72,2130.87,2135.88,6150.5181
1774285200.0,2135.88,2140.16,2131.77,2135.74,4341.1073
1774286100.0,2135.74,2137.25,2124.57,2131.52,3291.2123
1774287000.0,2131.52,2158.54,2131.01,2147.32,11088.6225
1774287900.0,2147.32,2153.94,2146.51,2152.71,2536.804
1774288800.0,2152.71,2156.66,2146.0,2150.77,3548.085
1774289700.0,2150.77,2152.3,2145.71,2146.29,2172.6845
1774290600.0,2146.29,2158.0,2146.29,2156.02,3053.566
1774291500.0,2156.02,2171.76,2155.69,2168.72,8635.7688
1774292400.0,2168.72,2178.74,2160.61,2164.38,8840.3751
1774293300.0,2164.38,2168.0,2160.56,2165.35,4021.6875
1774294200.0,2165.34,2167.09,2159.21,2160.84,2603.8065
1774295100.0,2160.84,2163.21,2150.48,2154.46,3268.6218
1774296000.0,2154.45,2159.94,2150.71,2159.68,2051.6035
1774296900.0,2159.69,2162.02,2157.89,2160.31,1252.3685
1774297800.0,2160.31,2166.81,2159.25,2164.38,1948.4551
1774298700.0,2164.38,2164.6,2160.31,2161.49,995.4839
1774299600.0,2161.49,2163.8,2154.57,2154.82,1866.0914
1774300500.0,2154.82,2158.21,2154.57,2156.58,643.1375
1774301400.0,2156.58,2162.39,2156.25,2160.92,1102.6847
1774302300.0,2160.91,2163.55,2157.0,2157.7,1608.6283
1774303200.0,2157.7,2159.61,2146.66,2150.89,2628.0526
1774304100.0,2150.89,2151.55,2147.05,2149.35,1137.4386
1774305000.0,2149.35,2153.84,2143.94,2151.76,2237.2872
1774305900.0,2151.77,2154.33,2149.99,2152.81,1287.5298
1774306800.0,2152.8,2154.11,2143.88,2146.41,2590.9811
1774307700.0,2146.41,2150.45,2140.71,2149.2,1930.7013
1774308600.0,2149.2,2151.41,2144.91,2150.42,1538.465
1774309500.0,2150.43,2155.21,2145.4,2152.03,1677.7949
1774310400.0,2152.03,2156.22,2146.48,2147.18,2803.3152
1774311300.0,2147.17,2147.67,2138.46,2142.55,3402.1107
1774312200.0,2142.55,2144.72,2130.1,2141.01,5059.0116
1774313100.0,2141.0,2148.36,2140.85,2143.22,1650.276
1774314000.0,2143.22,2145.7,2138.95,2141.01,1812.8834
1774314900.0,2141.0,2149.78,2137.64,2147.67,1363.3468
1774315800.0,2147.66,2148.81,2124.26,2130.9,5097.9854
1774316700.0,2130.9,2140.75,2129.07,2137.56,2774.5189
1774317600.0,2137.57,2145.92,2134.14,2135.76,3470.4731
1774318500.0,2135.75,2142.86,2134.45,2139.39,1851.9523
1774319400.0,2139.4,2143.13,2132.64,2139.08,2265.203
1774320300.0,2139.08,2141.09,2135.22,2135.86,1934.019
1774321200.0,2135.87,2137.89,2130.7,2134.36,3047.5868
1774322100.0,2134.37,2139.88,2134.37,2139.16,1868.8922
1774323000.0,2139.16,2140.0,2135.06,2138.74,2702.0818
1774323900.0,2138.75,2143.3,2137.99,2141.59,1963.9904
1774324800.0,2141.59,2152.03,2141.48,2145.98,3208.8909
1774325700.0,2145.98,2146.0,2140.21,2140.48,1362.9583
1774326600.0,2140.48,2140.48,2132.22,2135.38,1878.22
1774327500.0,2135.38,2139.49,2131.83,2136.33,1503.8826
1774328400.0,2136.32,2136.45,2128.84,2130.37,2749.4365
1774329300.0,2130.38,2138.49,2129.4,2129.75,2424.8336
1774330200.0,2129.74,2138.0,2129.55,2135.7,1533.6533
1774331100.0,2135.7,2138.48,2132.77,2133.64,1473.0835
1774332000.0,2133.64,2137.79,2132.0,2137.78,1158.6916
1774332900.0,2137.79,2140.55,2135.13,2137.54,1790.5345
1774333800.0,2137.55,2144.3,2137.55,2142.8,2230.651
1774334700.0,2142.79,2146.35,2140.57,2145.3,2099.3018
1774335600.0,2145.3,2166.3,2144.13,2160.87,6702.4881
1774336500.0,2160.87,2165.46,2158.64,2160.79,4070.4968
1774337400.0,2160.78,2162.01,2152.49,2155.55,5678.4132
1774338300.0,2155.54,2170.65,2152.32,2165.61,6209.5222
1774339200.0,2165.61,2167.37,2161.1,2163.96,3518.2268
1774340100.0,2163.97,2164.02,2152.17,2154.94,3671.5432
1774341000.0,2154.93,2163.23,2153.08,2160.86,2153.6854
1774341900.0,2160.86,2161.4,2153.06,2155.06,2185.9832
1774342800.0,2155.07,2157.99,2148.08,2148.09,2367.6553
1774343700.0,2148.08,2154.13,2147.36,2152.98,1447.1028
1774344600.0,2152.98,2162.79,2151.54,2162.76,2381.2417
1774345500.0,2162.76,2167.9,2159.14,2164.97,2588.8575
1774346400.0,2164.97,2164.98,2160.95,2161.09,1597.3169
1774347300.0,2161.09,2161.87,2155.83,2156.21,2180.9639
1774348200.0,2156.22,2162.41,2155.27,2160.65,1340.6362
1774349100.0,2160.65,2161.75,2157.67,2161.25,1105.064
1774350000.0,2161.25,2162.94,2152.13,2159.47,3052.4412
1774350900.0,2159.47,2161.93,2154.23,2160.99,2262.7446
1774351800.0,2160.98,2175.16,2160.0,2171.57,5226.6454
1774352700.0,2171.58,2173.21,2160.15,2165.9,3060.6414
1774353600.0,2165.89,2170.52,2161.86,2166.85,2327.4312
1774354500.0,2166.84,2168.33,2164.21,2167.15,1155.0083
1774355400.0,2167.14,2167.15,2158.89,2161.65,2138.0327
1774356300.0,2161.66,2165.0,2160.27,2162.44,1534.4605
1774357200.0,2162.43,2165.53,2151.37,2157.0,2836.213
1774358100.0,2157.0,2159.01,2149.0,2150.48,2945.2436
1774359000.0,2150.49,2161.05,2135.65,2138.42,10367.8285
1774359900.0,2138.42,2144.57,2130.46,2138.38,8508.2953
1774360800.0,2138.37,2148.31,2126.0,2130.77,9170.6826
1774361700.0,2130.77,2136.72,2124.97,2133.88,5687.2099
1774362600.0,2133.87,2140.51,2129.15,2133.51,4255.1272
1774363500.0,2133.53,2142.73,2120.0,2133.98,13626.9578
1774364400.0,2133.98,2140.89,2132.2,2136.8,5766.6056
1774365300.0,2136.81,2147.74,2136.17,2138.86,4312.072
1774366200.0,2138.85,2144.86,2131.5,2139.55,2930.2018
1774367100.0,2139.54,2142.31,2132.89,2135.15,2771.6375
1774368000.0,2135.15,2138.94,2132.84,2138.01,4131.7148
1774368900.0,2138.0,2140.57,2131.69,2135.35,2944.8567
1774369800.0,2135.35,2136.59,2120.9,2130.51,5697.2986
1774370700.0,2130.5,2131.78,2124.46,2127.2,2105.6106
1774371600.0,2127.2,2128.7,2112.73,2117.34,9187.2084
1774372500.0,2117.33,2119.35,2111.92,2113.75,3501.0122
1774373400.0,2113.75,2116.19,2103.02,2104.37,7892.5643
1774374300.0,2104.37,2112.82,2103.37,2109.17,6154.5436
1774375200.0,2109.18,2112.26,2105.07,2111.3,3780.2575
1774376100.0,2111.3,2118.92,2109.44,2117.33,2826.984
1774377000.0,2117.34,2127.9,2116.48,2120.38,3420.1969
1774377900.0,2120.38,2122.5,2117.95,2118.92,1345.0971
1774378800.0,2118.92,2127.29,2118.92,2125.73,1643.0108
1774379700.0,2125.73,2127.84,2119.78,2120.49,1469.8975
1774380600.0,2120.48,2121.37,2116.12,2120.29,1783.1484
1774381500.0,2120.28,2120.28,2114.37,2116.87,1671.3772
1774382400.0,2116.86,2120.74,2115.63,2120.73,1432.1593
1774383300.0,2120.73,2154.5,2120.48,2141.78,9135.4297
1774384200.0,2141.77,2152.0,2141.72,2149.21,6461.0582
1774385100.0,2149.22,2154.32,2143.14,2148.48,4453.2252
1774386000.0,2148.48,2150.81,2142.85,2144.09,1737.7056
1774386900.0,2144.1,2145.9,2140.46,2144.61,1530.0337
1774387800.0,2144.6,2151.8,2143.0,2148.02,2381.1946
1774388700.0,2148.01,2149.89,2144.83,2148.88,1389.8015
1774389600.0,2148.89,2155.82,2145.07,2154.79,3077.1822
1774390500.0,2154.79,2154.79,2145.24,2146.41,2661.2865
1774391400.0,2146.4,2147.4,2140.67,2144.03,1988.8476
1774392300.0,2144.03,2147.6,2143.48,2145.61,1518.0923
1774393200.0,2145.6,2152.28,2143.0,2150.31,1442.1387
1774394100.0,2150.31,2160.45,2149.51,2159.45,3131.8144
1774395000.0,2159.45,2163.7,2159.45,2160.51,3522.7307
1774395900.0,2160.51,2161.17,2156.22,2156.23,1669.5325
1774396800.0,2156.22,2160.9,2154.93,2160.25,2130.3484
1774397700.0,2160.26,2160.45,2153.37,2155.31,1541.6229
1774398600.0,2155.32,2168.61,2146.35,2165.13,6806.684
1774399500.0,2165.13,2168.63,2160.04,2161.77,3311.6629
1774400400.0,2161.76,2167.37,2158.12,2162.48,5145.924
1774401300.0,2162.47,2163.13,2158.38,2160.82,1138.0429
1774402200.0,2160.83,2165.17,2157.3,2161.7,1667.8695
1774403100.0,2161.7,2162.66,2156.94,2156.94,1092.0419
1774404000.0,2156.95,2158.17,2154.11,2154.46,1783.5333
1774404900.0,2154.46,2158.45,2153.58,2156.23,1565.6673
1774405800.0,2156.22,2161.21,2154.97,2160.03,1401.2917
1774406700.0,2160.03,2161.5,2154.69,2155.5,1346.3057
1774407600.0,2155.51,2156.26,2148.93,2151.82,1690.3138
1774408500.0,2151.82,2153.04,2147.0,2152.63,1733.1508
1774409400.0,2152.63,2159.63,2152.63,2157.68,1252.46
1774410300.0,2157.68,2160.53,2156.97,2158.54,1621.6408
1774411200.0,2158.53,2163.87,2156.83,2162.62,1667.0102
1774412100.0,2162.61,2164.68,2160.06,2163.67,1131.191
1774413000.0,2163.68,2164.52,2160.29,2160.72,1139.2091
1774413900.0,2160.72,2167.75,2160.0,2166.32,1314.2978
1774414800.0,2166.31,2179.73,2164.46,2174.52,6975.0373
1774415700.0,2174.51,2174.56,2169.53,2172.01,1973.6518
1774416600.0,2172.01,2173.81,2169.73,2173.13,1985.8297
1774417500.0,2173.12,2173.41,2168.47,2169.03,4546.9013
1774418400.0,2169.03,2170.28,2163.46,2165.55,2037.3193
1774419300.0,2165.55,2172.5,2164.9,2172.27,1762.1746
1774420200.0,2172.27,2172.84,2170.2,2171.0,2762.9872
1774421100.0,2171.0,2173.19,2163.43,2163.81,2672.3864
1774422000.0,2163.82,2172.43,2163.25,2172.17,2230.9853
1774422900.0,2172.17,2172.2,2168.0,2168.06,1550.464
1774423800.0,2168.06,2177.49,2168.06,2170.53,1735.7297
1774424700.0,2170.49,2170.67,2159.81,2164.57,3452.2451
1774425600.0,2164.57,2170.73,2164.57,2164.88,2641.8091
1774426500.0,2164.89,2185.0,2164.89,2179.78,5072.0958
1774427400.0,2179.77,2191.93,2179.29,2183.76,10173.7944
1774428300.0,2183.75,2183.75,2175.52,2176.64,2440.9045
1774429200.0,2176.64,2181.28,2175.16,2179.84,1957.1737
1774430100.0,2179.84,2184.07,2177.4,2181.06,2283.279
1774431000.0,2181.07,2183.54,2180.6,2180.79,1045.704
1774431900.0,2180.8,2188.9,2175.55,2186.64,2753.6667
1774432800.0,2186.64,2189.04,2183.07,2186.18,2179.9424
1774433700.0,2186.17,2188.0,2184.01,2184.3,1512.8757
1774434600.0,2184.37,2185.44,2181.24,2182.51,1943.5716
1774435500.0,2182.51,2187.37,2182.51,2185.27,1761.3735
1774436400.0,2185.26,2187.02,2183.22,2187.02,1161.8562
1774437300.0,2187.02,2194.73,2187.01,2193.16,5571.4482
1774438200.0,2193.16,2199.02,2190.68,2191.38,9098.4321
1774439100.0,2191.37,2191.38,2179.48,2186.41,5169.0913
1774440000.0,2186.41,2193.59,2186.41,2190.87,2644.6676
1774440900.0,2190.87,2191.67,2167.59,2171.94,9470.4035
1774441800.0,2171.94,2177.59,2165.02,2172.0,5579.6962
1774442700.0,2172.01,2195.09,2170.02,2183.31,7418.3021
1774443600.0,2183.31,2188.88,2179.71,2184.61,4193.459
1774444500.0,2184.6,2186.32,2181.0,2182.48,2135.1539
1774445400.0,2182.48,2198.16,2182.26,2188.89,7901.9569
1774446300.0,2188.88,2192.94,2182.0,2184.37,3013.8885
1774447200.0,2184.38,2188.02,2176.11,2178.85,5293.8363
1774448100.0,2178.86,2184.21,2175.36,2180.03,3763.357
1774449000.0,2180.04,2186.24,2177.83,2178.7,2406.4992
1774449900.0,2178.69,2180.61,2173.19,2174.14,2820.5289
1774450800.0,2174.14,2176.9,2157.99,2161.02,6634.7775
1774451700.0,2161.02,2166.85,2147.67,2166.02,8139.678
1774452600.0,2166.02,2167.82,2157.43,2161.98,3021.3653
1774453500.0,2161.97,2165.78,2159.31,2162.56,2172.2759
1774454400.0,2162.56,2164.0,2155.93,2160.2,4715.352
1774455300.0,2160.19,2186.85,2158.3,2175.51,9589.2861
1774456200.0,2175.51,2182.35,2170.99,2177.94,5479.4868
1774457100.0,2177.94,2178.3,2171.36,2173.83,2130.2093
1774458000.0,2173.83,2176.24,2168.33,2170.84,1918.9766
1774458900.0,2170.84,2174.18,2165.04,2168.65,2004.4563
1774459800.0,2168.64,2169.15,2162.45,2165.23,2178.0647
1774460700.0,2165.23,2167.72,2160.66,2164.1,2757.3467
1774461600.0,2164.1,2169.47,2162.99,2168.49,1990.1867
1774462500.0,2168.5,2173.35,2168.34,2169.53,1630.9411
1774463400.0,2169.53,2170.81,2163.0,2163.99,1905.5238
1774464300.0,2163.99,2168.03,2157.85,2162.38,1852.0456
1774465200.0,2162.37,2169.5,2159.48,2169.28,3105.203
1774466100.0,2169.28,2173.48,2168.58,2170.94,2009.9855
1774467000.0,2170.93,2176.38,2169.19,2171.74,1533.6477
1774467900.0,2171.74,2174.94,2167.92,2172.69,1312.7953
1774468800.0,2172.68,2173.03,2165.19,2165.96,1121.2778
1774469700.0,2165.96,2168.3,2159.42,2161.38,1426.2322
1774470600.0,2161.38,2165.84,2160.67,2165.84,641.3758
1774471500.0,2165.84,2167.51,2164.59,2166.49,784.6704
1774472400.0,2166.49,2169.14,2164.68,2169.13,781.3564
1774473300.0,2169.14,2169.53,2161.79,2164.01,1110.9262
1774474200.0,2164.01,2165.58,2163.05,2163.67,690.3984
1774475100.0,2163.68,2165.06,2162.24,2164.04,745.9012
1774476000.0,2164.05,2167.53,2161.89,2163.21,905.638
1774476900.0,2163.21,2166.03,2161.87,2163.93,801.1886
1774477800.0,2163.93,2183.5,2163.55,2175.17,5675.0392
1774478700.0,2175.16,2177.35,2173.06,2174.53,762.024
1774479600.0,2174.54,2177.14,2173.01,2173.44,1188.3713
1774480500.0,2173.43,2174.67,2170.07,2173.15,1400.19
1774481400.0,2173.15,2173.31,2165.13,2166.01,2243.0265
1774482300.0,2166.01,2170.07,2164.74,2169.02,1707.5586
1774483200.0,2169.02,2170.13,2165.0,2166.84,2633.4979
1774484100.0,2166.85,2170.94,2164.47,2166.14,1860.2599
1774485000.0,2166.14,2169.49,2165.15,2168.0,1223.3294
1774485900.0,2167.99,2172.19,2162.53,2166.69,1656.4742
1774486800.0,2166.69,2169.27,2162.3,2163.72,2641.5251
1774487700.0,2163.71,2168.61,2160.0,2166.84,1578.1567
1774488600.0,2166.85,2169.01,2164.47,2164.72,789.5449
1774489500.0,2164.71,2166.41,2162.49,2164.84,701.7892
1774490400.0,2164.83,2165.79,2158.33,2159.87,1970.1096
1774491300.0,2159.86,2160.0,2152.58,2154.16,2082.1849
1774492200.0,2154.16,2154.5,2144.05,2149.29,3399.397
1774493100.0,2149.28,2150.7,2147.25,2149.97,1843.8494
1774494000.0,2149.96,2155.56,2144.65,2155.52,2578.6093
1774494900.0,2155.52,2155.52,2145.66,2147.84,2114.7337
1774495800.0,2147.84,2153.65,2147.81,2152.37,1108.6242
1774496700.0,2152.36,2154.32,2150.15,2153.21,1344.573
1774497600.0,2153.22,2153.63,2148.05,2148.69,940.7403
1774498500.0,2148.7,2153.06,2147.9,2152.73,685.8937
1774499400.0,2152.73,2154.04,2151.3,2152.21,1197.2932
1774500300.0,2152.21,2154.58,2148.78,2149.71,1047.1212
1774501200.0,2149.71,2150.9,2137.56,2140.83,4953.8515
1774502100.0,2140.82,2143.15,2137.58,2142.44,1407.4441
1774503000.0,2142.44,2144.78,2126.5,2130.26,5884.4375
1774503900.0,2130.26,2130.9,2113.63,2119.55,10465.017
1774504800.0,2119.54,2121.64,2112.17,2121.07,3562.162
1774505700.0,2121.08,2125.01,2117.67,2122.82,2748.8125
1774506600.0,2122.81,2124.56,2119.79,2120.0,1463.8566
1774507500.0,2120.0,2123.33,2118.42,2121.86,1747.3101
1774508400.0,2121.86,2124.69,2119.79,2120.11,3153.8572
1774509300.0,2120.11,2122.5,2115.0,2117.65,5370.5875
1774510200.0,2117.66,2122.69,2112.87,2120.72,2601.8898
1774511100.0,2120.73,2124.78,2120.63,2123.64,1984.4964
1774512000.0,2123.64,2126.89,2116.78,2117.45,3202.8247
1774512900.0,2117.45,2120.5,2114.22,2115.8,2816.6186
1774513800.0,2115.8,2118.73,2114.46,2116.34,1806.7813
1774514700.0,2116.34,2121.6,2115.67,2119.64,1820.5607
1774515600.0,2119.65,2121.87,2116.33,2118.8,1773.3629
1774516500.0,2118.79,2118.8,2115.1,2116.9,880.6405
1774517400.0,2116.89,2116.89,2074.96,2084.09,28107.622
1774518300.0,2084.08,2084.46,2077.24,2082.64,4813.7772
1774519200.0,2082.63,2082.63,2072.73,2077.2,6522.9767
1774520100.0,2077.2,2083.89,2077.2,2083.02,2551.8383
1774521000.0,2083.01,2083.38,2074.68,2076.97,3282.8687
1774521900.0,2076.96,2078.73,2076.36,2078.65,1324.3936
1774522800.0,2078.65,2081.41,2062.94,2071.43,7445.8256
1774523700.0,2071.43,2073.25,2064.62,2068.29,4857.6813
1774524600.0,2068.29,2073.84,2067.87,2071.19,2989.1609
1774525500.0,2071.19,2073.62,2067.69,2068.44,2279.7704
1774526400.0,2068.45,2072.82,2066.12,2071.79,5141.5747
1774527300.0,2071.79,2073.04,2070.62,2071.74,2211.5752
1774528200.0,2071.74,2074.26,2066.74,2072.01,4100.998
1774529100.0,2072.01,2075.66,2071.42,2073.6,3445.4784
1774530000.0,2073.6,2079.7,2072.42,2079.17,3352.7133
1774530900.0,2079.17,2080.7,2075.97,2076.65,3344.8628
1774531800.0,2076.64,2083.48,2069.46,2083.48,4972.7351
1774532700.0,2083.49,2093.79,2077.44,2081.22,11070.4068
1774533600.0,2081.22,2085.84,2076.46,2079.67,4166.036
1774534500.0,2079.68,2082.01,2072.52,2075.83,2974.8771
1774535400.0,2075.84,2084.78,2075.83,2077.37,3179.1511
1774536300.0,2077.36,2078.68,2067.25,2076.27,4854.3305
1774537200.0,2076.28,2076.72,2058.15,2059.19,6130.0028
1774538100.0,2059.19,2068.28,2052.01,2065.62,8382.989
1774539000.0,2065.62,2067.37,2062.49,2064.09,2403.735
1774539900.0,2064.1,2075.5,2063.36,2070.4,4527.556
1774540800.0,2070.4,2070.95,2066.48,2069.93,2505.6619
1774541700.0,2069.93,2070.23,2063.99,2064.7,3188.7172
1774542600.0,2064.69,2068.29,2063.1,2065.64,2937.6058
1774543500.0,2065.64,2066.47,2059.94,2060.9,2417.5986
1774544400.0,2060.9,2067.0,2060.04,2063.02,2854.9708
1774545300.0,2063.03,2068.38,2063.0,2068.37,1617.4873
1774546200.0,2068.38,2070.51,2066.18,2066.94,1938.7377
1774547100.0,2066.93,2067.13,2045.17,2049.41,19648.2288
1774548000.0,2049.41,2055.83,2044.02,2051.01,4810.5203
1774548900.0,2051.0,2051.24,2034.54,2037.47,9000.0831
1774549800.0,2037.48,2043.32,2037.17,2042.34,2837.5537
1774550700.0,2042.33,2047.34,2041.31,2047.17,2034.6372
1774551600.0,2047.18,2047.47,2040.75,2043.39,1997.9405
1774552500.0,2043.39,2047.61,2040.37,2042.16,1970.3811
1774553400.0,2042.16,2052.5,2039.59,2051.56,3291.0854
1774554300.0,2051.56,2054.0,2047.26,2049.12,2493.9881
1774555200.0,2049.11,2080.42,2046.54,2072.01,14958.2346
1774556100.0,2072.01,2078.18,2066.5,2068.63,3908.0994
1774557000.0,2068.64,2073.36,2068.64,2071.54,1569.4684
1774557900.0,2071.55,2071.67,2062.57,2064.89,1579.5858
1774558800.0,2064.89,2066.61,2060.29,2065.7,1954.6224
1774559700.0,2065.7,2077.84,2064.71,2073.6,3002.1364
1774560600.0,2073.6,2075.01,2069.7,2070.79,2095.7386
1774561500.0,2070.79,2071.28,2068.37,2068.37,989.5576
1774562400.0,2068.38,2072.91,2066.81,2069.11,1495.5218
1774563300.0,2069.12,2069.78,2054.88,2062.56,3260.6907
1774564200.0,2062.56,2065.29,2058.86,2064.69,1315.8233
1774565100.0,2064.69,2065.89,2062.65,2065.88,1284.9266
1774566000.0,2065.89,2069.6,2062.04,2063.33,1447.9219
1774566900.0,2063.34,2065.97,2058.7,2061.84,1234.8399
1774567800.0,2061.83,2062.17,2056.35,2059.45,2314.8575
1774568700.0,2059.45,2062.0,2058.7,2060.43,576.2472
1774569600.0,2060.43,2067.5,2058.13,2066.63,1946.3314
1774570500.0,2066.62,2067.66,2059.42,2060.39,1180.8263
1774571400.0,2060.4,2065.97,2056.8,2062.49,1935.9897
1774572300.0,2062.49,2066.5,2059.68,2065.03,899.9439
1774573200.0,2065.03,2070.72,2063.33,2069.17,2605.4265
1774574100.0,2069.18,2072.41,2067.59,2071.57,1666.6541
1774575000.0,2071.57,2073.46,2068.4,2070.89,661.2347
1774575900.0,2070.9,2074.59,2069.14,2074.2,1531.1671
1774576800.0,2074.2,2077.19,2073.04,2073.05,1875.4309
1774577700.0,2073.04,2073.27,2070.53,2073.16,791.5264
1774578600.0,2073.17,2075.97,2067.95,2069.5,820.3416
1774579500.0,2069.51,2070.77,2067.45,2068.28,608.6093
1774580400.0,2068.28,2069.2,2059.52,2061.88,2352.8271
1774581300.0,2061.89,2064.35,2060.0,2063.45,793.5056
1774582200.0,2063.46,2065.64,2059.33,2063.4,1641.033
1774583100.0,2063.4,2063.4,2060.56,2061.48,1432.4766
1774584000.0,2061.49,2062.01,2043.49,2046.73,7978.3902
1774584900.0,2046.73,2052.42,2044.88,2051.61,1878.8175
1774585800.0,2051.62,2054.4,2050.4,2052.67,1021.3867
1774586700.0,2052.68,2054.5,2052.43,2053.12,900.0892
1774587600.0,2053.11,2063.67,2052.28,2062.77,2026.5413
1774588500.0,2062.77,2066.31,2056.95,2058.85,1603.5054
1774589400.0,2058.85,2062.87,2056.47,2058.58,767.6521
1774590300.0,2058.58,2061.71,2057.9,2061.2,1103.2748
1774591200.0,2061.2,2063.7,2058.5,2063.7,1235.1974
1774592100.0,2063.69,2067.85,2063.04,2064.88,3283.8143
1774593000.0,2064.87,2068.07,2063.55,2065.16,1182.5403
1774593900.0,2065.15,2065.15,2061.39,2062.71,2449.0846
1774594800.0,2062.71,2069.52,2059.99,2067.94,2517.2874
1774595700.0,2067.94,2072.36,2066.59,2070.31,3632.8747
1774596600.0,2070.31,2071.82,2062.6,2067.82,11125.2665
1774597500.0,2067.83,2071.37,2064.75,2066.23,9412.4764
1774598400.0,2066.24,2069.6,2061.87,2063.37,4637.9696
1774599300.0,2063.37,2064.7,2054.71,2054.71,8445.8584
1774600200.0,2054.71,2057.68,2034.33,2043.27,10756.8996
1774601100.0,2043.27,2053.64,2043.12,2047.93,3742.8525
1774602000.0,2047.91,2049.62,2036.48,2041.68,4602.7664
1774602900.0,2041.69,2051.68,2041.53,2050.44,2162.5548
1774603800.0,2050.44,2050.45,2043.57,2044.4,1277.3199
1774604700.0,2044.4,2047.0,2040.5,2041.08,1773.7278
1774605600.0,2041.08,2043.94,2037.4,2040.01,1433.3261
1774606500.0,2040.01,2044.52,2039.49,2043.16,1116.1616
1774607400.0,2043.16,2044.27,2004.75,2011.4,21339.0358
1774608300.0,2011.39,2013.3,1986.3,1991.67,27046.482
1774609200.0,1991.67,1995.8,1983.02,1994.52,11284.5534
1774610100.0,1994.52,1998.13,1992.92,1997.23,8405.7181
1774611000.0,1997.23,1998.44,1994.13,1995.11,2607.0967
1774611900.0,1995.11,1998.34,1990.0,1991.8,8642.5522
1774612800.0,1991.8,1994.85,1989.47,1991.16,10953.3419
1774613700.0,1991.15,1992.51,1986.61,1987.74,3124.0513
1774614600.0,1987.74,1989.48,1982.19,1988.31,4182.3605
1774615500.0,1988.31,1991.48,1984.39,1989.44,2320.4352
1774616400.0,1989.45,1993.2,1987.5,1990.51,3709.2114
1774617300.0,1990.52,1997.33,1989.96,1996.18,3133.4065
1774618200.0,1996.17,1997.42,1971.0,1987.65,13182.3044
1774619100.0,1987.65,1990.36,1974.25,1979.22,7584.1648
1774620000.0,1979.22,1989.17,1977.6,1986.87,6131.6973
1774620900.0,1986.86,1987.69,1970.93,1973.76,11232.0787
1774621800.0,1973.76,1981.58,1973.09,1978.71,4414.2358
1774622700.0,1978.72,1989.54,1975.9,1989.39,4306.8577
1774623600.0,1989.39,1994.52,1989.0,1990.01,5919.0351
1774624500.0,1990.0,2000.63,1983.42,1995.43,10288.544
1774625400.0,1995.43,2010.45,1994.2,1999.81,11743.4046
1774626300.0,1999.81,2002.54,1989.15,1991.32,6648.2445
1774627200.0,1991.32,1991.32,1981.89,1987.31,6213.7662
1774628100.0,1987.32,1989.54,1981.44,1985.37,3846.041
1774629000.0,1985.38,1989.34,1980.25,1987.19,3544.5793
1774629900.0,1987.19,1992.27,1984.51,1986.5,2160.8004
1774630800.0,1986.5,1997.6,1985.0,1993.81,3317.8539
1774631700.0,1993.81,1995.36,1982.57,1983.46,3147.6427
1774632600.0,1983.46,1984.85,1976.61,1976.93,4273.1396
1774633500.0,1976.93,1980.5,1974.9,1977.27,3038.2588
1774634400.0,1977.28,1982.87,1976.95,1978.94,2706.9791
1774635300.0,1978.95,1985.71,1974.48,1980.11,3566.5008
1774636200.0,1980.1,1984.87,1979.09,1982.13,3248.0186
1774637100.0,1982.13,1986.29,1981.79,1984.43,1626.3182
1774638000.0,1984.43,1985.05,1978.94,1982.17,5596.7808
1774638900.0,1982.16,1991.11,1981.52,1990.31,7283.7192
1774639800.0,1990.31,1997.73,1988.58,1989.67,9854.9686
1774640700.0,1989.68,1996.03,1987.82,1991.71,6925.3643
1774641600.0,1991.7,1996.31,1990.8,1993.24,2813.0477
1774642500.0,1993.25,1994.49,1980.0,1983.47,3498.4585
1774643400.0,1983.48,1984.75,1981.43,1982.3,1595.058
1774644300.0,1982.31,1988.61,1981.43,1986.04,1696.6963
1774645200.0,1986.05,1991.08,1986.05,1990.03,1117.0881
1774646100.0,1990.04,1990.75,1987.5,1988.94,634.4355
1774647000.0,1988.95,1990.0,1984.36,1987.36,1234.1098
1774647900.0,1987.36,1987.71,1984.4,1985.73,998.2736
1774648800.0,1985.74,1986.79,1981.95,1985.23,1066.5281
1774649700.0,1985.22,1987.23,1984.07,1984.94,739.2194
1774650600.0,1984.93,1986.22,1982.0,1985.66,534.009
1774651500.0,1985.65,1986.51,1984.91,1985.52,381.1077
1774652400.0,1985.51,1986.29,1980.54,1985.78,1843.6056
1774653300.0,1985.78,1989.28,1984.47,1988.28,943.0598
1774654200.0,1988.27,1991.32,1988.13,1991.18,885.3146
1774655100.0,1991.18,1993.85,1991.18,1992.75,1533.01
1774656000.0,1992.76,1993.59,1989.68,1989.69,851.0485
1774656900.0,1989.69,1992.56,1989.69,1992.09,759.1488
1774657800.0,1992.09,1995.16,1991.49,1993.91,1530.2148
1774658700.0,1993.91,1994.32,1991.63,1992.59,869.3892
1774659600.0,1992.6,1992.7,1985.46,1986.97,3741.2999
1774660500.0,1986.96,1989.72,1986.96,1988.33,688.8277
1774661400.0,1988.33,1990.98,1984.93,1988.21,2495.7084
1774662300.0,1988.22,1991.3,1988.22,1990.43,849.4854
1774663200.0,1990.43,1993.69,1990.28,1990.61,951.8902
1774664100.0,1990.61,1991.48,1985.0,1985.49,1272.9274
1774665000.0,1985.5,1986.96,1983.17,1986.62,841.8983
1774665900.0,1986.62,1987.33,1985.13,1987.32,472.0032
1774666800.0,1987.32,1989.11,1987.13,1988.05,499.736
1774667700.0,1988.06,1990.37,1988.06,1990.37,464.432
1774668600.0,1990.37,1991.25,1988.86,1990.77,1235.9241
1774669500.0,1990.77,1990.79,1988.4,1989.19,471.8859
1774670400.0,1989.19,1990.04,1987.3,1988.47,703.9456
1774671300.0,1988.47,1992.51,1988.33,1991.19,790.0118
1774672200.0,1991.2,1991.77,1990.48,1991.08,342.2599
1774673100.0,1991.08,1991.6,1989.6,1990.8,528.9141
1774674000.0,1990.8,1991.26,1988.32,1989.92,732.7587
1774674900.0,1989.93,1994.11,1989.32,1992.65,1157.3933
1774675800.0,1992.64,1993.65,1992.1,1993.35,604.9514
1774676700.0,1993.34,1994.9,1993.34,1994.23,699.5894
1774677600.0,1994.22,1997.72,1993.39,1996.6,1051.5643
1774678500.0,1996.59,2007.0,1996.59,2003.42,4563.4102
1774679400.0,2003.43,2004.78,2001.44,2001.45,1233.672
1774680300.0,2001.45,2002.97,2000.0,2000.95,1490.7893
1774681200.0,2000.95,2004.78,2000.68,2004.42,883.1014
1774682100.0,2004.41,2007.0,2004.4,2005.2,1119.6609
1774683000.0,2005.2,2005.61,2004.09,2004.57,772.4832
1774683900.0,2004.58,2008.35,2004.03,2007.07,1643.9615
1774684800.0,2007.07,2008.34,2005.6,2005.86,1540.2856
1774685700.0,2005.86,2007.47,2004.38,2004.39,520.1959
1774686600.0,2004.39,2004.57,2000.6,2001.4,857.6251
1774687500.0,2001.4,2002.78,1998.26,1999.24,1240.1161
1774688400.0,1999.24,1999.3,1995.6,1996.88,1514.7997
1774689300.0,1996.89,1999.31,1995.61,1999.13,1145.5292
1774690200.0,1999.14,1999.58,1996.77,1997.35,2213.4979
1774691100.0,1997.35,1999.76,1997.35,1999.52,433.7158
1774692000.0,1999.51,2004.57,1999.42,2000.33,1527.0039
1774692900.0,2000.33,2001.27,1993.39,1994.69,1852.97
1774693800.0,1994.69,1996.45,1992.77,1994.51,1205.3182
1774694700.0,1994.51,1997.03,1993.39,1996.69,954.1748
1774695600.0,1996.69,1998.23,1995.86,1997.15,920.9826
1774696500.0,1997.14,1997.63,1996.31,1997.44,371.8906
1774697400.0,1997.44,1998.49,1996.53,1998.29,956.5416
1774698300.0,1998.28,2000.56,1996.91,1997.64,982.9759
1774699200.0,1997.64,2000.79,1995.81,2000.47,572.0329
1774700100.0,2000.46,2004.5,1999.83,2002.0,1785.7384
1774701000.0,2002.0,2002.12,1992.25,1995.75,2797.9625
1774701900.0,1995.74,2001.45,1995.74,1999.67,1319.3922
1774702800.0,1999.67,2003.09,1999.3,2002.39,2331.778
1774703700.0,2002.38,2003.22,2000.68,2002.6,1848.0365
1774704600.0,2002.6,2047.45,2002.59,2028.06,20085.6502
1774705500.0,2028.07,2033.23,2022.16,2026.4,6161.6994
1774706400.0,2026.39,2026.68,2019.35,2023.14,5288.6201
1774707300.0,2023.14,2027.05,2020.05,2024.83,1932.637
1774708200.0,2024.82,2028.99,2022.05,2026.72,2224.2776
1774709100.0,2026.75,2028.44,2016.14,2020.84,4236.8573
1774710000.0,2020.83,2023.4,2018.4,2022.55,1468.7852
1774710900.0,2022.56,2040.26,2022.01,2028.5,9187.5804
1774711800.0,2028.5,2031.48,2024.75,2028.46,2629.4815
1774712700.0,2028.45,2029.44,2023.76,2026.84,1339.5631
1774713600.0,2026.84,2029.88,2024.91,2028.08,1298.6215
1774714500.0,2028.07,2030.23,2025.86,2028.75,1368.1871
1774715400.0,2028.74,2028.75,2023.36,2024.06,978.9171
1774716300.0,2024.06,2025.93,2021.68,2024.78,1244.2013
1774717200.0,2024.79,2027.15,2022.59,2024.02,879.6735
1774718100.0,2024.02,2024.03,2020.49,2021.31,845.5142
1774719000.0,2021.31,2025.02,2016.5,2021.37,2727.7329
1774719900.0,2021.37,2021.78,2019.21,2020.84,404.793
1774720800.0,2020.84,2024.66,2020.37,2024.55,474.7485
1774721700.0,2024.54,2024.55,2021.89,2022.19,507.6505
1774722600.0,2022.19,2023.55,2020.68,2023.55,398.1143
1774723500.0,2023.54,2023.54,2021.45,2021.8,250.1271
1774724400.0,2021.79,2022.81,2017.01,2018.76,514.1252
1774725300.0,2018.77,2020.52,2017.99,2020.09,286.1825
1774726200.0,2020.09,2020.76,2019.35,2019.71,191.0426
1774727100.0,2019.71,2020.57,2019.12,2020.56,340.9191
1774728000.0,2020.57,2026.04,2020.56,2025.74,1262.2466
1774728900.0,2025.73,2026.48,2023.2,2023.49,472.0599
1774729800.0,2023.5,2025.83,2022.26,2022.64,503.8958
1774730700.0,2022.65,2024.71,2022.65,2024.59,208.4756
1774731600.0,2024.6,2025.56,2019.97,2022.44,849.9431
1774732500.0,2022.44,2022.79,2018.59,2019.64,755.0388
1774733400.0,2019.64,2019.93,2016.8,2019.5,614.5865
1774734300.0,2019.5,2019.51,2006.69,2009.61,3696.1026
1774735200.0,2009.61,2011.96,2005.88,2006.24,1920.6425
1774736100.0,2006.24,2012.95,2005.38,2011.52,1374.2542
1774737000.0,2011.52,2011.89,2008.92,2009.61,382.1596
1774737900.0,2009.62,2013.14,2009.61,2011.89,749.1377
1774738800.0,2011.88,2011.88,1989.64,1995.2,5806.824
1774739700.0,1995.2,1997.42,1990.03,1996.33,1689.2211
1774740600.0,1996.34,1999.43,1995.0,1995.26,1029.4147
1774741500.0,1995.26,1996.07,1992.64,1994.74,1045.2504
1774742400.0,1994.74,1997.89,1993.89,1995.63,659.8843
1774743300.0,1995.63,1998.81,1991.52,1993.85,1213.433
1774744200.0,1993.85,1996.95,1992.64,1994.6,858.8046
1774745100.0,1994.6,2000.0,1994.52,1999.16,1309.9028
1774746000.0,1999.16,2007.61,1997.78,2004.24,2230.7395
1774746900.0,2004.23,2006.0,2002.85,2004.19,651.1324
1774747800.0,2004.19,2004.7,1999.21,2002.33,880.8592
1774748700.0,2002.32,2005.28,2000.06,2005.08,616.4641
1774749600.0,2005.09,2006.3,2003.62,2006.05,1204.3435
1774750500.0,2006.04,2007.47,2004.72,2005.28,623.3878
1774751400.0,2005.28,2007.54,2002.55,2006.61,863.428
1774752300.0,2006.61,2010.55,2005.86,2008.93,967.3947
1774753200.0,2008.93,2009.65,2007.46,2007.82,676.2651
1774754100.0,2007.82,2019.65,2007.04,2013.73,2932.757
1774755000.0,2013.74,2014.73,2011.14,2011.92,522.3277
1774755900.0,2011.92,2012.16,2010.61,2011.1,402.1371
1774756800.0,2011.1,2012.72,2009.46,2012.16,597.7953
1774757700.0,2012.16,2012.16,2005.64,2006.14,1196.3676
1774758600.0,2006.14,2007.59,2004.23,2005.65,804.0105
1774759500.0,2005.65,2006.74,2004.62,2005.85,377.5241
1774760400.0,2005.84,2006.3,2000.69,2001.9,728.5714
1774761300.0,2001.89,2002.47,1997.67,2000.35,1219.1923
1774762200.0,2000.35,2002.55,2000.34,2001.74,334.7071
1774763100.0,2001.75,2007.27,2001.63,2005.31,1039.5039
1774764000.0,2005.31,2008.33,2005.02,2005.03,381.2032
1774764900.0,2005.03,2006.91,2000.02,2001.99,805.6234
1774765800.0,2002.0,2004.01,2001.56,2003.61,853.9232
1774766700.0,2003.61,2006.95,2003.57,2004.98,412.849
1774767600.0,2004.98,2004.98,2000.04,2002.74,803.0317
1774768500.0,2002.73,2004.2,2001.62,2004.2,694.2856
1774769400.0,2004.19,2005.65,2003.05,2004.09,1289.086
1774770300.0,2004.09,2009.91,2002.84,2006.14,1290.7854
1774771200.0,2006.14,2007.5,2002.66,2003.74,860.8559
1774772100.0,2003.74,2005.02,2002.94,2004.92,619.7091
1774773000.0,2004.93,2006.4,2004.92,2005.35,494.8731
1774773900.0,2005.35,2005.79,2003.28,2004.26,609.7301
1774774800.0,2004.26,2005.42,2000.29,2003.64,862.322
1774775700.0,2003.64,2004.84,2001.03,2002.36,379.7734
1774776600.0,2002.36,2003.73,1994.5,1998.69,3452.6385
1774777500.0,1998.7,2000.55,1998.7,1999.21,506.221
1774778400.0,1999.2,1999.2,1995.35,1996.48,896.6921
1774779300.0,1996.48,1996.58,1991.9,1994.05,1176.9663
1774780200.0,1994.05,1996.57,1991.98,1995.83,730.6808
1774781100.0,1995.84,1997.83,1995.81,1995.89,625.0914
1774782000.0,1995.9,2007.66,1995.22,2002.76,1536.8356
1774782900.0,2002.76,2004.89,2000.8,2003.82,852.8322
1774783800.0,2003.81,2006.7,2003.05,2006.06,606.1954
1774784700.0,2006.06,2008.16,2002.47,2003.78,856.4062
1774785600.0,2003.78,2004.9,2001.99,2002.39,570.3121
1774786500.0,2002.38,2003.33,2001.54,2002.69,556.5263
1774787400.0,2002.7,2003.66,1997.82,1999.08,1105.395
1774788300.0,1999.09,2003.11,1998.68,2001.68,490.1656
1774789200.0,2001.68,2002.14,1983.56,1989.65,5272.2853
1774790100.0,1989.66,1993.41,1987.06,1991.17,1342.5576
1774791000.0,1991.16,1993.4,1990.31,1992.05,698.788
1774791900.0,1992.04,1992.6,1985.88,1987.09,1947.4691
1774792800.0,1987.09,2002.35,1983.99,1995.45,3945.7168
1774793700.0,1995.45,1996.15,1991.0,1992.15,1191.4407
1774794600.0,1992.14,1995.12,1991.45,1995.11,610.4948
1774795500.0,1995.12,1995.12,1991.25,1994.17,998.3168
1774796400.0,1994.17,1998.98,1989.43,1993.62,2855.2212
1774797300.0,1993.62,1998.0,1986.32,1989.63,2005.8978
1774798200.0,1989.63,1991.77,1987.76,1990.93,932.1242
1774799100.0,1990.94,1994.32,1990.23,1992.97,709.9573
1774800000.0,1992.98,1994.73,1992.03,1993.3,876.811
1774800900.0,1993.3,2003.61,1992.83,2001.0,3469.6278
1774801800.0,2001.0,2001.0,1997.1,1997.37,1222.3899
1774802700.0,1997.36,1999.67,1996.67,1997.82,922.0329
1774803600.0,1997.82,2000.21,1993.08,1994.14,1030.6713
1774804500.0,1994.15,1994.15,1987.6,1990.4,2427.0991
1774805400.0,1990.4,1997.42,1989.82,1996.76,710.8626
1774806300.0,1996.76,1996.82,1994.79,1995.1,513.597
1774807200.0,1995.11,1996.21,1991.79,1993.92,636.01
1774808100.0,1993.91,1995.98,1991.58,1993.59,733.4204
1774809000.0,1993.59,2002.0,1993.35,1998.61,1233.6194
1774809900.0,1998.61,1998.96,1996.16,1997.33,911.917
1774810800.0,1997.33,1998.25,1996.08,1998.08,402.5961
1774811700.0,1998.07,2000.11,1997.0,1997.61,488.0795
1774812600.0,1997.62,1999.41,1994.36,1995.26,886.7109
1774813500.0,1995.25,1996.71,1994.62,1995.89,498.5909
1774814400.0,1995.89,1999.4,1995.84,1997.32,732.6175
1774815300.0,1997.33,2009.48,1997.08,2006.16,2406.9186
1774816200.0,2006.17,2006.84,2001.63,2001.64,727.8933
1774817100.0,2001.64,2002.5,2000.6,2002.5,396.5875
1774818000.0,2002.49,2005.04,2001.5,2002.2,739.1919
1774818900.0,2002.2,2005.51,2001.54,2004.08,627.0543
1774819800.0,2004.09,2007.24,2003.52,2004.68,688.8594
1774820700.0,2004.68,2007.01,2004.05,2006.51,475.2807
1774821600.0,2006.51,2006.51,1988.32,1992.35,3801.8144
1774822500.0,1992.35,1998.03,1991.82,1994.64,1398.8435
1774823400.0,1994.65,1995.2,1964.0,1966.91,14945.3895
1774824300.0,1966.94,1977.45,1938.82,1973.99,29877.7681
1774825200.0,1973.99,1994.67,1973.63,1986.29,8033.105
1774826100.0,1986.29,1993.78,1981.49,1983.29,4741.7111
1774827000.0,1983.29,1987.31,1978.74,1985.79,4918.4113
1774827900.0,1985.8,1991.59,1975.5,1984.64,5509.0441
1774828800.0,1984.65,1986.96,1980.28,1983.62,3054.6502
1774829700.0,1983.63,2023.73,1981.83,2007.74,17250.7808
1774830600.0,2007.75,2013.32,1994.88,1998.73,4328.2199
1774831500.0,1998.73,2001.94,1991.84,1997.25,2858.4054
1774832400.0,1997.27,2007.72,1997.19,2001.2,2771.7216
1774833300.0,2001.22,2011.04,1998.68,2007.66,2528.5365
1774834200.0,2007.67,2013.22,2006.16,2010.26,2213.8572
1774835100.0,2010.22,2016.33,2009.26,2010.43,2151.2286
1774836000.0,2010.44,2019.55,2008.65,2018.81,2656.983
1774836900.0,2018.82,2021.5,2012.71,2014.42,2147.3955
1774837800.0,2014.42,2020.21,2007.53,2019.19,2444.6653
1774838700.0,2019.19,2043.5,2018.8,2029.93,16281.709
1774839600.0,2029.93,2033.79,2027.5,2029.59,2871.5053
1774840500.0,2029.58,2039.87,2028.87,2037.69,3221.3747
1774841400.0,2037.7,2038.86,2033.74,2035.62,1527.1487
1774842300.0,2035.61,2042.07,2034.31,2035.88,1721.4045
1774843200.0,2035.88,2048.35,2035.88,2044.39,4551.4462
1774844100.0,2044.38,2053.0,2042.49,2046.85,4188.8693
1774845000.0,2046.86,2050.86,2043.21,2044.0,1990.6786
1774845900.0,2044.01,2050.5,2043.46,2048.39,1724.1973
1774846800.0,2048.39,2058.96,2048.15,2053.44,6879.5194
1774847700.0,2053.44,2056.48,2052.53,2054.56,3356.4644
1774848600.0,2054.56,2056.62,2048.77,2050.76,2764.787
1774849500.0,2050.75,2051.68,2045.14,2047.84,3018.1689
1774850400.0,2047.84,2052.0,2045.0,2045.39,2838.7559
1774851300.0,2045.38,2046.67,2043.29,2045.35,2726.8103
1774852200.0,2045.34,2048.06,2044.12,2047.46,1177.3462
1774853100.0,2047.45,2049.36,2041.19,2042.46,1761.3177
1774854000.0,2042.46,2049.31,2041.75,2046.99,1285.9003
1774854900.0,2046.99,2048.06,2043.78,2044.49,1169.1904
1774855800.0,2044.5,2046.47,2041.54,2043.66,1537.983
1774856700.0,2043.66,2068.28,2043.66,2059.58,11289.4785
1774857600.0,2059.58,2067.21,2058.15,2063.09,5948.9635
1774858500.0,2063.09,2065.58,2059.21,2060.0,3705.3412
1774859400.0,2060.0,2075.0,2060.0,2066.62,5229.0176
1774860300.0,2066.62,2068.41,2062.32,2062.33,1922.4716
1774861200.0,2062.32,2063.13,2059.13,2059.58,1674.0595
1774862100.0,2059.57,2062.49,2055.69,2056.45,2753.3058
1774863000.0,2056.46,2057.62,2053.87,2055.77,2028.0654
1774863900.0,2055.76,2057.17,2054.02,2055.16,1186.6804
1774864800.0,2055.16,2056.0,2052.2,2053.53,1730.4107
1774865700.0,2053.54,2058.0,2052.95,2053.93,1335.9929
1774866600.0,2053.93,2054.0,2048.14,2051.41,2080.5445
1774867500.0,2051.4,2058.3,2050.9,2057.78,1739.7208
1774868400.0,2057.78,2063.2,2057.78,2060.55,2077.1808
1774869300.0,2060.55,2081.65,2059.8,2066.46,9940.6007
1774870200.0,2066.46,2072.7,2065.29,2065.99,4371.628
1774871100.0,2066.0,2075.05,2064.69,2071.28,2903.4853
1774872000.0,2071.29,2076.32,2069.61,2072.68,2200.8452
1774872900.0,2072.68,2074.92,2069.07,2070.85,1798.422
1774873800.0,2070.85,2078.89,2070.85,2074.29,2844.7828
1774874700.0,2074.29,2076.08,2072.19,2074.54,1350.4625
1774875600.0,2074.54,2076.51,2070.76,2073.24,2125.1638
1774876500.0,2073.25,2085.0,2071.58,2073.84,5518.1645
1774877400.0,2073.84,2077.71,2066.78,2068.16,6147.3789
1774878300.0,2068.16,2073.3,2058.17,2060.92,5328.2397
1774879200.0,2060.93,2070.32,2058.16,2068.19,4932.2349
1774880100.0,2068.14,2068.93,2051.34,2053.97,4378.997
1774881000.0,2053.97,2059.54,2044.25,2049.49,9514.1874
1774881900.0,2049.48,2076.16,2047.2,2071.64,8841.1559
1774882800.0,2071.65,2079.92,2065.22,2066.84,4849.6281
1774883700.0,2066.85,2070.75,2061.91,2067.8,2346.9508
1774884600.0,2067.8,2079.51,2065.71,2076.05,3795.1082
1774885500.0,2076.04,2079.61,2071.28,2074.53,4223.4605
1774886400.0,2074.53,2074.99,2066.66,2068.68,3534.0297
1774887300.0,2068.68,2069.5,2062.59,2064.3,2126.7535
1774888200.0,2064.29,2067.51,2061.91,2065.01,2102.8372
1774889100.0,2065.02,2067.36,2058.95,2066.18,3026.5175
1774890000.0,2066.18,2072.18,2059.59,2060.05,3616.6994
1774890900.0,2060.06,2060.41,2032.0,2041.19,9517.5252
1774891800.0,2041.19,2047.01,2036.28,2046.92,5324.9377
1774892700.0,2046.91,2050.42,2040.25,2041.8,2936.1884
1774893600.0,2041.79,2043.94,2034.88,2040.09,2764.044
1774894500.0,2040.08,2044.11,2032.57,2035.88,4381.5709
1774895400.0,2035.89,2041.29,2030.82,2037.2,2910.893
1774896300.0,2037.19,2039.64,2028.04,2032.61,3405.3184
1774897200.0,2032.6,2032.65,2015.0,2019.13,5905.4618
1774898100.0,2019.14,2021.6,2013.33,2016.01,3118.738
1774899000.0,2016.02,2020.55,2014.22,2018.42,3399.0141
1774899900.0,2018.42,2026.8,2016.51,2023.7,2167.8777
1774900800.0,2023.7,2027.78,2023.41,2025.02,1718.88
1774901700.0,2025.03,2026.44,2021.49,2025.62,914.8234
1774902600.0,2025.63,2025.95,2021.14,2024.75,1666.2553
1774903500.0,2024.75,2026.46,2023.07,2023.2,1551.3576
1774904400.0,2023.19,2039.37,2021.16,2038.64,4666.885
1774905300.0,2038.64,2049.1,2035.99,2041.97,6029.3719
1774906200.0,2041.96,2046.69,2041.14,2044.0,1750.6527
1774907100.0,2044.01,2044.59,2035.76,2036.0,1953.4972
1774908000.0,2036.0,2044.22,2032.25,2034.97,2337.993
1774908900.0,2034.96,2039.56,2033.14,2037.12,1137.0607
1774909800.0,2037.12,2037.12,2033.83,2035.51,987.2614
1774910700.0,2035.52,2036.08,2029.51,2033.08,1211.0968
1774911600.0,2033.07,2033.07,2013.92,2021.0,6310.3223
1774912500.0,2021.0,2025.35,2020.0,2024.9,1276.6045
1774913400.0,2024.91,2027.36,2023.16,2026.34,1016.5421
1774914300.0,2026.34,2026.55,2023.15,2026.48,424.2735
1774915200.0,2026.48,2027.81,2016.29,2020.88,1699.2672
1774916100.0,2020.89,2027.34,2017.82,2026.97,2917.7617
1774917000.0,2026.97,2030.45,2023.45,2029.65,2236.1665
1774917900.0,2029.67,2041.04,2029.67,2036.65,4722.6039
1774918800.0,2036.65,2040.16,2032.27,2040.0,2212.4047
1774919700.0,2040.0,2062.8,2040.0,2061.21,7879.1565
1774920600.0,2061.21,2092.34,2058.02,2073.93,24677.7829
1774921500.0,2073.94,2076.88,2069.5,2073.0,3182.6624
1774922400.0,2072.99,2077.48,2067.25,2075.6,3095.0684
1774923300.0,2075.61,2082.92,2075.61,2077.62,2981.614
1774924200.0,2077.62,2079.16,2072.25,2075.09,1934.1306
1774925100.0,2075.08,2079.23,2072.1,2073.09,1797.9574
1774926000.0,2073.08,2076.61,2068.12,2071.81,1968.1137
1774926900.0,2071.82,2073.01,2064.88,2066.92,1636.5471
1774927800.0,2066.92,2069.7,2061.87,2064.09,1690.1068
1774928700.0,2064.09,2069.32,2063.56,2066.71,1870.7964
1774929600.0,2066.71,2070.14,2062.88,2065.77,2513.1315
1774930500.0,2065.77,2072.24,2057.35,2060.45,2957.0839
1774931400.0,2060.45,2062.39,2057.06,2061.62,2724.074
1774932300.0,2061.63,2066.65,2059.89,2060.87,1573.2971
1774933200.0,2060.87,2063.68,2055.2,2056.6,1653.6922
1774934100.0,2056.6,2065.81,2054.77,2064.8,2678.2986
1774935000.0,2064.8,2067.5,2062.76,2065.21,1304.6385
1774935900.0,2065.22,2069.0,2063.01,2064.31,1329.8321
1774936800.0,2064.32,2064.95,2058.34,2059.06,1354.8313
1774937700.0,2059.05,2060.49,2055.48,2057.6,2115.0227
1774938600.0,2057.61,2060.6,2055.2,2058.79,2371.4695
1774939500.0,2058.78,2063.09,2058.74,2062.33,1263.1662
1774940400.0,2062.33,2062.91,2050.0,2051.33,3587.8452
1774941300.0,2051.33,2052.16,2042.31,2050.47,4245.9759
1774942200.0,2050.46,2054.45,2048.58,2053.08,1865.5771
1774943100.0,2053.07,2057.37,2053.07,2055.97,1311.646
1774944000.0,2055.98,2059.16,2051.5,2054.05,1757.2307
1774944900.0,2054.05,2059.2,2052.34,2054.42,1483.287
1774945800.0,2054.43,2054.43,2039.44,2041.1,3633.3208
1774946700.0,2041.11,2044.1,2036.03,2040.1,3400.5071
1774947600.0,2040.11,2044.5,2033.0,2037.59,5265.2473
1774948500.0,2037.59,2038.59,2023.16,2026.39,9213.2393
1774949400.0,2026.4,2032.05,2025.0,2030.56,3244.5892
1774950300.0,2030.57,2030.69,2012.64,2018.37,5085.1615
1774951200.0,2018.37,2025.51,2017.18,2025.1,2278.2621
1774952100.0,2025.1,2028.8,2023.79,2026.22,1950.4521
1774953000.0,2026.21,2027.52,2021.01,2023.87,2260.8943
1774953900.0,2023.87,2030.28,2023.24,2026.5,3263.5745
1774954800.0,2026.5,2035.97,2023.0,2033.79,6775.9392
1774955700.0,2033.78,2042.52,2032.05,2038.0,6972.6728
1774956600.0,2038.0,2044.51,2036.3,2042.35,3635.7778
1774957500.0,2042.35,2042.36,2037.31,2041.2,2559.382
1774958400.0,2041.21,2047.32,2036.95,2037.79,4104.7173
1774959300.0,2037.78,2052.82,2035.02,2051.54,4255.3654
1774960200.0,2051.54,2057.92,2049.02,2056.23,3235.8056
1774961100.0,2056.24,2057.74,2045.4,2047.78,3671.4683
1774962000.0,2047.78,2060.64,2047.78,2060.13,3394.0439
1774962900.0,2060.13,2065.0,2056.48,2058.39,2607.7025
1774963800.0,2058.39,2069.44,2057.52,2063.09,6514.6093
1774964700.0,2063.1,2079.88,2063.1,2075.37,8294.237
1774965600.0,2075.37,2085.0,2068.17,2079.16,9866.459
1774966500.0,2079.16,2092.0,2078.83,2086.69,11117.5618
1774967400.0,2086.69,2088.72,2063.44,2068.68,6191.208
1774968300.0,2068.68,2068.68,2037.58,2045.94,11278.6237
1774969200.0,2045.94,2077.81,2045.65,2075.47,8806.3951
1774970100.0,2075.47,2076.85,2058.91,2060.51,5771.6719
1774971000.0,2060.5,2067.34,2056.69,2059.22,3473.2038
1774971900.0,2059.22,2064.93,2053.51,2054.85,3366.3756
1774972800.0,2054.85,2066.83,2054.29,2064.48,3551.2823
1774973700.0,2064.47,2071.08,2062.37,2066.24,1848.3444
1774974600.0,2066.23,2108.52,2061.42,2094.48,25399.1544
1774975500.0,2094.48,2103.64,2085.49,2091.7,15752.6021
1774976400.0,2091.7,2116.42,2088.88,2114.16,15843.6983
1774977300.0,2114.16,2124.03,2107.43,2108.08,14900.7594
1774978200.0,2108.07,2113.98,2094.5,2099.33,9948.7684
1774979100.0,2099.32,2103.15,2090.22,2093.36,10159.7512
1774980000.0,2093.35,2108.45,2093.35,2108.01,5373.652
1774980900.0,2108.0,2115.14,2096.84,2102.43,7192.6113
1774981800.0,2102.43,2106.15,2098.01,2100.49,3341.4173
1774982700.0,2100.49,2103.99,2096.93,2099.89,2823.0806
1774983600.0,2099.88,2104.0,2097.98,2101.76,2169.3379
1774984500.0,2101.75,2104.0,2096.64,2098.21,2691.0305
1774985400.0,2098.21,2100.2,2092.23,2096.36,2377.0071
1774986300.0,2096.36,2099.65,2092.73,2096.54,2699.7676
1774987200.0,2096.54,2106.58,2096.32,2106.03,3313.3172
1774988100.0,2106.03,2106.88,2101.98,2103.71,1671.8795
1774989000.0,2103.71,2107.9,2101.52,2104.61,2233.8031
1774989900.0,2104.61,2111.01,2103.09,2107.66,2175.9391
1774990800.0,2107.66,2107.68,2095.29,2097.37,3036.0942
1774991700.0,2097.38,2100.58,2093.12,2100.1,2248.832
1774992600.0,2100.11,2103.74,2099.32,2101.35,1987.0198
1774993500.0,2101.36,2109.03,2099.47,2102.63,2146.0577
1774994400.0,2102.64,2104.27,2094.07,2100.1,2177.5952
1774995300.0,2100.09,2102.13,2096.96,2096.96,1385.6849
1774996200.0,2096.95,2099.79,2088.35,2097.4,3044.6427
1774997100.0,2097.4,2097.41,2093.59,2096.51,1591.2423
1774998000.0,2096.52,2100.2,2093.21,2096.84,1828.9946
1774998900.0,2096.84,2106.09,2095.23,2100.51,3123.1701
1774999800.0,2100.5,2105.62,2100.09,2105.12,1377.5848
1775000700.0,2105.13,2108.66,2101.06,2105.43,2403.0724
1775001600.0,2105.43,2106.88,2100.57,2102.25,2720.4259
1775002500.0,2102.26,2107.85,2097.32,2101.25,2411.2015
1775003400.0,2101.26,2103.52,2096.89,2103.51,1566.0341
1775004300.0,2103.51,2117.79,2100.57,2114.72,4622.8109
1775005200.0,2114.73,2115.83,2104.74,2107.41,2330.6254
1775006100.0,2107.42,2107.42,2099.85,2099.87,2465.596
1775007000.0,2099.88,2102.48,2091.4,2096.72,4150.022
1775007900.0,2096.73,2097.25,2092.18,2092.95,1620.0098
1775008800.0,2092.94,2096.38,2088.7,2092.56,1870.7334
1775009700.0,2092.55,2096.0,2082.08,2085.52,3275.5154
1775010600.0,2085.53,2090.8,2082.8,2088.17,1829.5915
1775011500.0,2088.17,2091.47,2086.35,2088.45,1526.8376
1775012400.0,2088.46,2106.88,2088.46,2101.24,3568.6315
1775013300.0,2101.24,2102.64,2096.86,2098.46,1493.6557
1775014200.0,2098.47,2101.53,2095.63,2100.72,889.7383
1775015100.0,2100.72,2106.88,2100.72,2102.91,1634.5693
1775016000.0,2102.91,2105.13,2100.35,2101.83,1675.7201
1775016900.0,2101.82,2110.65,2100.72,2110.29,2495.1958
1775017800.0,2110.28,2111.93,2107.94,2109.95,1469.6157
1775018700.0,2109.95,2116.46,2109.06,2111.26,2069.2379
1775019600.0,2111.26,2115.29,2106.42,2113.65,1813.9571
1775020500.0,2113.64,2137.35,2112.52,2127.49,12445.0237
1775021400.0,2127.5,2131.46,2123.5,2125.64,3438.3084
1775022300.0,2125.64,2128.25,2122.51,2122.67,2377.9338
1775023200.0,2122.67,2144.0,2122.57,2138.22,8990.6217
1775024100.0,2138.21,2144.93,2135.1,2143.87,6282.9787
1775025000.0,2143.87,2155.19,2141.6,2154.92,10388.3596
1775025900.0,2154.91,2156.23,2146.84,2151.23,4986.707
1775026800.0,2151.24,2158.0,2146.91,2149.66,6360.1869
1775027700.0,2149.65,2149.88,2137.71,2139.34,5397.6923
1775028600.0,2139.34,2141.87,2137.5,2139.5,3014.27
1775029500.0,2139.5,2140.25,2130.2,2131.0,4973.2131
1775030400.0,2131.0,2136.18,2125.0,2126.48,5869.9442
1775031300.0,2126.47,2137.33,2125.88,2136.3,3330.0669
1775032200.0,2136.3,2142.74,2135.0,2139.87,3916.6007
1775033100.0,2139.87,2142.93,2132.39,2136.96,5269.1565
1775034000.0,2136.95,2140.46,2131.5,2133.5,2576.6441
1775034900.0,2133.51,2135.26,2128.12,2133.71,2680.6279
1775035800.0,2133.7,2136.6,2128.47,2130.39,5707.261
1775036700.0,2130.41,2138.34,2130.41,2136.39,2693.1862
1775037600.0,2136.4,2137.93,2131.08,2131.08,1623.3662
1775038500.0,2131.08,2134.99,2130.26,2130.83,2246.3211
1775039400.0,2130.84,2132.88,2126.28,2131.1,2064.96
1775040300.0,2131.1,2136.26,2128.19,2132.65,1775.3709
1775041200.0,2132.64,2139.37,2130.71,2137.29,1757.0106
1775042100.0,2137.29,2137.55,2131.96,2134.03,1857.3304
1775043000.0,2134.03,2136.95,2132.26,2136.01,1489.2992
1775043900.0,2136.0,2136.95,2133.81,2135.32,1377.1065
1775044800.0,2135.32,2136.58,2129.22,2134.23,3712.0994
1775045700.0,2134.23,2136.61,2131.47,2132.85,1121.6629
1775046600.0,2132.85,2152.0,2121.95,2142.15,7543.5986
1775047500.0,2142.15,2142.94,2127.55,2130.82,9040.1004
1775048400.0,2130.82,2131.61,2113.56,2127.57,9885.4429
1775049300.0,2127.58,2134.49,2127.5,2133.07,3256.1549
1775050200.0,2133.08,2135.31,2108.72,2116.33,8569.5449
1775051100.0,2116.33,2124.35,2111.5,2119.28,7046.1872
1775052000.0,2119.27,2123.72,2114.05,2121.58,5529.5816
1775052900.0,2121.59,2128.17,2120.58,2125.43,3778.1084
1775053800.0,2125.44,2129.92,2115.37,2121.38,4890.071
1775054700.0,2121.39,2130.6,2119.15,2126.81,2464.8972
1775055600.0,2126.82,2131.33,2123.48,2124.79,2190.2902
1775056500.0,2124.8,2137.72,2122.2,2131.5,3780.9436
1775057400.0,2131.5,2135.0,2129.26,2131.93,2540.9534
1775058300.0,2131.93,2137.58,2131.93,2135.04,1911.3764
1775059200.0,2135.04,2135.66,2125.0,2127.13,3552.2979
1775060100.0,2127.12,2139.9,2126.0,2136.05,2864.7379
1775061000.0,2136.05,2152.51,2132.92,2150.12,8900.0303
1775061900.0,2150.11,2150.46,2144.4,2146.09,4335.0669
1775062800.0,2146.1,2167.85,2145.86,2152.55,14300.4746
1775063700.0,2152.56,2156.87,2140.24,2141.76,6891.4757
1775064600.0,2141.77,2145.22,2134.09,2140.39,4489.0728
1775065500.0,2140.4,2140.83,2133.96,2137.21,2933.9267
1775066400.0,2137.21,2137.87,2123.58,2131.29,6542.2375
1775067300.0,2131.29,2133.08,2125.43,2127.56,3240.7479
1775068200.0,2127.55,2135.03,2125.62,2132.31,2804.2172
1775069100.0,2132.31,2132.84,2125.85,2129.23,2317.1987
1775070000.0,2129.23,2134.39,2128.81,2130.85,1850.8208
1775070900.0,2130.85,2142.15,2128.0,2142.08,2585.3801
1775071800.0,2142.04,2142.96,2135.0,2138.89,2843.183
1775072700.0,2138.89,2145.48,2138.68,2141.43,4188.1986
1775073600.0,2141.43,2143.44,2130.7,2136.73,2812.2278
1775074500.0,2136.74,2139.84,2133.72,2133.89,1089.3429
1775075400.0,2133.9,2141.74,2131.42,2141.27,2814.5991
1775076300.0,2141.28,2147.67,2140.97,2143.92,1872.2007
1775077200.0,2143.92,2155.57,2143.32,2151.61,6363.0094
1775078100.0,2151.61,2160.51,2149.97,2155.8,3944.5503
1775079000.0,2155.8,2159.1,2155.58,2156.41,7907.2831
1775079900.0,2156.41,2165.42,2151.95,2156.89,15301.0422
1775080800.0,2156.89,2158.8,2147.5,2151.09,11518.8812
1775081700.0,2151.09,2151.1,2143.0,2147.51,10171.9113
1775082600.0,2147.51,2149.25,2143.26,2145.53,6794.4899
1775083500.0,2145.53,2146.67,2137.4,2139.95,7850.7348
1775084400.0,2139.96,2146.0,2139.08,2142.1,1940.9639
1775085300.0,2142.09,2143.11,2138.83,2140.54,1448.2949
1775086200.0,2140.53,2144.23,2135.5,2142.2,1879.9517
1775087100.0,2142.2,2142.65,2137.39,2140.35,1228.5426
1775088000.0,2140.35,2141.81,2136.09,2140.17,2505.8924
1775088900.0,2140.17,2143.15,2137.0,2138.32,1647.677
1775089800.0,2138.32,2157.21,2137.64,2153.93,4741.9533
1775090700.0,2153.92,2159.37,2150.0,2156.14,3346.8423
1775091600.0,2156.14,2156.15,2121.16,2140.74,18244.962
1775092500.0,2140.73,2140.74,2105.88,2112.43,16398.3136
1775093400.0,2112.4,2112.4,2092.05,2092.18,9625.7774
1775094300.0,2092.19,2102.46,2090.0,2100.03,5837.9003
1775095200.0,2100.02,2100.02,2078.55,2079.06,8261.7522
1775096100.0,2079.06,2087.72,2078.32,2082.65,5329.0555
1775097000.0,2082.66,2088.89,2065.09,2066.34,8339.698
1775097900.0,2066.34,2076.16,2065.0,2073.89,3401.3233
1775098800.0,2073.9,2076.67,2067.45,2069.66,2803.8845
1775099700.0,2069.66,2076.03,2064.92,2074.19,3097.1628
1775100600.0,2074.19,2075.36,2046.48,2054.47,12379.9103
1775101500.0,2054.47,2057.94,2052.18,2056.33,2822.4144
1775102400.0,2056.33,2058.45,2052.64,2053.83,2450.1129
1775103300.0,2053.83,2057.59,2047.67,2051.21,3418.4732
1775104200.0,2051.21,2053.29,2042.5,2045.26,4879.6246
1775105100.0,2045.25,2047.51,2041.77,2044.56,2017.0102
1775106000.0,2044.57,2049.2,2038.63,2043.17,3982.4138
1775106900.0,2043.18,2049.19,2043.0,2046.71,2854.9108
1775107800.0,2046.71,2050.01,2043.77,2049.37,2589.2227
1775108700.0,2049.37,2051.38,2046.3,2050.21,1995.3489
1775109600.0,2050.21,2051.32,2045.89,2046.67,2352.2683
1775110500.0,2046.67,2053.71,2045.98,2050.48,5165.0061
1775111400.0,2050.47,2051.16,2045.56,2045.67,2554.8769
1775112300.0,2045.68,2050.51,2045.67,2050.09,1296.8107
1775113200.0,2050.09,2050.76,2044.29,2045.48,1752.8499
1775114100.0,2045.48,2050.5,2045.47,2047.04,1387.3693
1775115000.0,2047.04,2054.1,2046.92,2053.89,3165.4291
1775115900.0,2053.89,2056.76,2053.89,2056.09,4012.4184
1775116800.0,2056.09,2056.09,2050.1,2051.69,2488.9668
1775117700.0,2051.69,2052.43,2047.35,2050.33,2138.9354
1775118600.0,2050.34,2053.25,2046.17,2046.47,1351.5255
1775119500.0,2046.47,2048.11,2045.36,2046.29,1608.2936
1775120400.0,2046.3,2047.53,2039.27,2043.69,4129.8914
1775121300.0,2043.7,2048.14,2042.04,2046.63,2479.9425
1775122200.0,2046.63,2047.6,2043.16,2044.8,1991.5319
1775123100.0,2044.8,2044.98,2042.46,2044.0,737.6533
1775124000.0,2044.0,2045.05,2032.85,2034.58,4411.1512
1775124900.0,2034.59,2037.21,2032.54,2036.01,2002.3714
1775125800.0,2036.01,2040.5,2035.23,2039.9,1811.1246
1775126700.0,2039.89,2040.07,2037.65,2038.79,1212.6246
1775127600.0,2038.8,2040.28,2031.44,2032.18,1935.3463
1775128500.0,2032.18,2038.0,2024.73,2037.6,4199.748
1775129400.0,2037.59,2038.9,2032.2,2034.45,1147.5905
1775130300.0,2034.46,2036.04,2032.26,2033.01,1130.2747
1775131200.0,2033.02,2033.25,2026.54,2029.53,2500.4766
1775132100.0,2029.54,2034.03,2024.42,2031.12,4971.0999
1775133000.0,2031.12,2032.06,2028.0,2031.02,1946.5509
1775133900.0,2031.02,2032.74,2026.11,2026.98,1869.6935
1775134800.0,2026.98,2030.5,2020.01,2022.26,3649.5154
1775135700.0,2022.26,2033.81,2020.46,2030.64,3525.2982
1775136600.0,2030.64,2033.63,2017.04,2020.33,6988.1177
1775137500.0,2020.32,2041.02,2018.87,2038.81,7688.1288
1775138400.0,2038.81,2042.57,2032.99,2039.32,9198.514
1775139300.0,2039.33,2049.28,2037.2,2038.47,9477.8788
1775140200.0,2038.48,2071.56,2038.0,2070.83,14340.7743
1775141100.0,2070.83,2072.22,2056.66,2063.82,5666.1948
1775142000.0,2063.82,2067.89,2058.62,2063.7,5025.1811
1775142900.0,2063.7,2063.7,2048.6,2056.13,5497.9174
1775143800.0,2056.14,2065.28,2051.91,2064.7,4449.4055
1775144700.0,2064.7,2065.41,2054.98,2059.6,2026.8012
1775145600.0,2059.59,2061.52,2055.83,2058.22,5937.5057
1775146500.0,2058.22,2059.34,2052.52,2058.11,5796.8166
1775147400.0,2058.11,2077.64,2057.71,2067.8,6307.3334
1775148300.0,2067.81,2071.04,2063.31,2063.31,1554.0825
1775149200.0,2063.32,2066.44,2055.64,2064.93,2338.4089
1775150100.0,2064.93,2072.0,2064.58,2065.86,2578.2191
1775151000.0,2065.85,2066.15,2057.24,2059.18,2286.2801
1775151900.0,2059.19,2059.5,2044.5,2047.23,3945.111
1775152800.0,2047.22,2051.52,2043.65,2047.31,2934.6088
1775153700.0,2047.31,2051.0,2044.56,2044.67,1079.9093
1775154600.0,2044.67,2050.66,2044.67,2049.82,756.6962
1775155500.0,2049.83,2063.0,2049.56,2058.32,3556.1052
1775156400.0,2058.33,2061.11,2056.79,2059.49,1514.1388
1775157300.0,2059.49,2062.42,2056.38,2060.77,1151.3676
1775158200.0,2060.78,2061.85,2054.97,2058.96,1434.9167
1775159100.0,2058.96,2066.66,2057.77,2065.34,1753.4509
1775160000.0,2065.35,2070.69,2061.06,2065.72,2458.1078
1775160900.0,2065.71,2071.59,2065.71,2071.16,1803.2454
1775161800.0,2071.15,2074.16,2068.5,2071.37,1412.8288
1775162700.0,2071.38,2071.61,2067.5,2068.19,1435.9025
1775163600.0,2068.2,2070.46,2056.11,2059.51,2747.0298
1775164500.0,2059.51,2063.5,2058.14,2059.48,1243.904
1775165400.0,2059.47,2062.24,2057.23,2057.97,1138.8005
1775166300.0,2057.98,2063.41,2057.98,2062.98,1065.9103
1775167200.0,2062.99,2064.94,2060.53,2061.84,1404.4231
1775168100.0,2061.84,2064.56,2053.54,2057.15,2043.0532
1775169000.0,2057.15,2062.14,2057.15,2061.29,1172.7988
1775169900.0,2061.29,2061.95,2058.6,2060.03,725.1119
1775170800.0,2060.04,2061.56,2056.0,2057.69,1632.0736
1775171700.0,2057.68,2061.89,2054.75,2055.25,1623.5541
1775172600.0,2055.25,2056.93,2054.0,2055.43,1229.64
1775173500.0,2055.43,2057.66,2054.35,2057.17,554.3128
1775174400.0,2057.18,2059.21,2053.04,2055.69,1427.2463
1775175300.0,2055.7,2059.63,2053.58,2055.05,696.7543
1775176200.0,2055.06,2057.87,2052.46,2053.41,779.4288
1775177100.0,2053.41,2053.42,2050.04,2053.01,755.1286
1775178000.0,2053.01,2055.51,2051.62,2054.39,889.0336
1775178900.0,2054.38,2060.04,2051.19,2059.27,1241.7087
1775179800.0,2059.27,2062.49,2045.62,2048.27,3003.8614
1775180700.0,2048.27,2050.94,2045.4,2050.61,823.0757
1775181600.0,2050.61,2050.61,2044.59,2049.61,3756.6588
1775182500.0,2049.61,2059.73,2048.57,2049.0,1882.8331
1775183400.0,2049.01,2050.0,2040.66,2044.0,4725.7767
1775184300.0,2043.99,2054.54,2043.53,2052.48,3276.4961
1775185200.0,2052.47,2055.8,2050.08,2055.73,1854.9806
1775186100.0,2055.72,2057.22,2051.39,2052.64,1422.8384
1775187000.0,2052.63,2056.41,2051.16,2053.23,716.0349
1775187900.0,2053.23,2055.24,2051.42,2054.23,610.7249
1775188800.0,2054.22,2056.15,2053.07,2055.6,772.8688
1775189700.0,2055.53,2057.8,2051.23,2051.23,924.1376
1775190600.0,2051.23,2052.93,2048.89,2051.78,1005.8378
1775191500.0,2051.78,2056.21,2051.67,2054.53,832.265
1775192400.0,2054.52,2056.5,2053.4,2053.41,1015.9475
1775193300.0,2053.4,2054.14,2047.35,2053.82,1199.7717
1775194200.0,2053.83,2064.58,2053.83,2060.85,3141.3109
1775195100.0,2060.84,2060.99,2055.97,2057.12,1589.4232
1775196000.0,2057.12,2060.21,2054.98,2059.99,1863.7248
1775196900.0,2059.98,2063.3,2058.41,2059.78,1186.0086
1775197800.0,2059.79,2066.61,2057.0,2062.92,2594.4149
1775198700.0,2062.91,2064.4,2061.39,2063.66,1075.1374
1775199600.0,2063.66,2067.8,2062.2,2064.23,1553.3543
1775200500.0,2064.23,2066.03,2062.99,2065.66,764.2928
1775201400.0,2065.66,2075.17,2064.41,2069.07,2983.2836
1775202300.0,2069.06,2069.07,2064.33,2065.85,1969.4786
1775203200.0,2065.84,2072.0,2064.79,2068.25,1146.205
1775204100.0,2068.24,2069.01,2065.47,2066.0,1922.7098
1775205000.0,2066.0,2067.67,2059.0,2060.44,3505.4797
1775205900.0,2060.45,2062.57,2058.89,2060.96,3074.9948
1775206800.0,2060.97,2063.05,2060.47,2061.89,1135.5103
1775207700.0,2061.89,2064.06,2057.03,2059.29,2121.2137
1775208600.0,2059.29,2063.14,2058.46,2062.38,838.1508
1775209500.0,2062.39,2062.52,2058.97,2061.35,726.6823
1775210400.0,2061.35,2061.35,2057.37,2058.6,921.258
1775211300.0,2058.59,2059.9,2055.63,2055.81,1373.1165
1775212200.0,2055.81,2057.5,2053.46,2056.8,893.7677
1775213100.0,2056.79,2060.66,2056.79,2059.9,863.848
1775214000.0,2059.91,2061.24,2058.41,2059.1,629.2677
1775214900.0,2059.1,2061.73,2057.94,2060.73,634.1711
1775215800.0,2060.74,2064.76,2059.91,2063.17,958.2889
1775216700.0,2063.17,2064.23,2061.94,2062.64,652.9639
1775217600.0,2062.64,2063.96,2059.1,2060.91,726.4725
1775218500.0,2060.9,2068.11,2058.75,2067.34,1233.2821
1775219400.0,2067.34,2081.76,2056.6,2058.52,7858.4281
1775220300.0,2058.51,2060.39,2045.08,2049.84,5517.347
1775221200.0,2049.85,2051.18,2042.0,2045.52,2827.9442
1775222100.0,2045.51,2050.0,2044.29,2048.73,1737.8259
1775223000.0,2048.73,2049.23,2045.0,2047.15,1850.0821
1775223900.0,2047.15,2049.28,2041.65,2048.17,1534.4872
1775224800.0,2048.17,2053.14,2045.32,2049.85,1810.6508
1775225700.0,2049.86,2057.12,2047.52,2053.46,1395.3964
1775226600.0,2053.46,2054.06,2048.97,2050.5,1461.5865
1775227500.0,2050.5,2056.96,2050.49,2054.59,1370.5033
1775228400.0,2054.59,2057.77,2053.82,2056.0,1359.5394
1775229300.0,2056.01,2056.01,2051.24,2053.59,934.5696
1775230200.0,2053.6,2054.82,2049.34,2050.48,1658.8198
1775231100.0,2050.47,2052.72,2049.95,2051.26,1455.0401
1775232000.0,2051.26,2053.76,2049.84,2052.84,765.4458
1775232900.0,2052.85,2056.08,2052.08,2055.7,1086.135
1775233800.0,2055.69,2055.69,2051.25,2052.48,1102.6385
1775234700.0,2052.49,2056.54,2051.71,2054.7,1109.7402
1775235600.0,2054.7,2055.4,2052.19,2052.2,706.68
1775236500.0,2052.19,2052.19,2043.78,2047.65,2321.9698
1775237400.0,2047.65,2050.5,2047.64,2049.43,784.8429
1775238300.0,2049.43,2051.3,2047.46,2050.36,398.7654
1775239200.0,2050.36,2051.15,2048.06,2050.07,517.431
1775240100.0,2050.08,2053.34,2049.86,2050.55,545.5207
1775241000.0,2050.56,2053.24,2050.0,2050.94,412.0441
1775241900.0,2050.94,2051.12,2048.6,2049.26,401.5883
1775242800.0,2049.26,2049.7,2045.21,2047.65,708.4929
1775243700.0,2047.64,2050.81,2047.64,2049.01,335.0196
1775244600.0,2049.01,2050.94,2048.5,2050.66,549.8194
1775245500.0,2050.65,2054.11,2050.64,2052.68,955.7093
1775246400.0,2052.69,2054.21,2052.09,2053.7,694.8077
1775247300.0,2053.7,2055.0,2052.17,2052.78,565.7331
1775248200.0,2052.79,2054.36,2052.0,2053.9,851.534
1775249100.0,2053.9,2054.65,2052.66,2052.75,756.2058
1775250000.0,2052.75,2060.92,2052.67,2058.78,2150.4441
1775250900.0,2058.78,2059.37,2056.22,2056.95,1164.6279
1775251800.0,2056.94,2059.65,2056.8,2058.18,915.9012
1775252700.0,2058.17,2059.34,2057.12,2058.42,657.716
1775253600.0,2058.41,2059.72,2054.5,2054.9,915.7715
1775254500.0,2054.91,2056.75,2053.55,2054.88,751.2529
1775255400.0,2054.89,2055.49,2053.7,2054.31,622.2605
1775256300.0,2054.32,2054.41,2049.58,2051.79,1334.7721
1775257200.0,2051.8,2052.62,2050.0,2051.1,1144.1889
1775258100.0,2051.1,2051.54,2049.24,2050.08,605.3021
1775259000.0,2050.08,2052.16,2049.23,2050.88,1077.972
1775259900.0,2050.89,2054.1,2050.88,2053.83,892.865
1775260800.0,2053.83,2053.84,2051.5,2052.6,969.223
1775261700.0,2052.6,2053.79,2051.5,2052.25,214.5401
1775262600.0,2052.24,2053.86,2051.93,2053.56,215.5971
1775263500.0,2053.56,2053.56,2052.08,2052.26,275.8321
1775264400.0,2052.26,2053.8,2050.85,2050.91,337.0898
1775265300.0,2050.9,2051.22,2049.57,2050.29,524.2326
1775266200.0,2050.29,2051.82,2049.8,2050.83,307.1588
1775267100.0,2050.83,2051.9,2050.66,2051.27,513.1429
1775268000.0,2051.27,2053.3,2048.27,2049.73,1064.4371
1775268900.0,2049.72,2049.83,2047.92,2049.21,972.3474
1775269800.0,2049.2,2050.52,2049.14,2049.22,249.5949
1775270700.0,2049.22,2050.13,2048.23,2050.13,298.1408
1775271600.0,2050.13,2052.08,2050.12,2051.69,393.8266
1775272500.0,2051.69,2051.78,2050.62,2050.99,190.9156
1775273400.0,2050.99,2051.15,2049.77,2049.94,324.1688
1775274300.0,2049.95,2050.95,2049.94,2050.05,182.5496
1775275200.0,2050.05,2050.24,2048.6,2048.75,520.9699
1775276100.0,2048.75,2050.78,2048.41,2050.78,209.7416
1775277000.0,2050.77,2051.62,2050.3,2051.35,253.3209
1775277900.0,2051.34,2051.6,2050.43,2051.21,326.6032
1775278800.0,2051.21,2052.06,2050.38,2051.16,397.6316
1775279700.0,2051.16,2052.82,2051.16,2052.14,475.989
1775280600.0,2052.14,2054.89,2052.14,2052.85,660.9761
1775281500.0,2052.85,2054.16,2052.85,2053.79,283.5334
1775282400.0,2053.79,2055.0,2053.44,2055.0,384.5609
1775283300.0,2055.0,2056.1,2052.89,2054.2,667.123
1775284200.0,2054.19,2054.58,2052.81,2054.57,384.4274
1775285100.0,2054.58,2058.0,2054.57,2056.46,1768.555
1775286000.0,2056.46,2057.37,2053.42,2054.12,886.009
1775286900.0,2054.12,2054.18,2052.75,2053.14,375.1399
1775287800.0,2053.14,2054.03,2052.95,2052.96,936.4528
1775288700.0,2052.96,2054.13,2051.6,2053.82,644.3465
1775289600.0,2053.82,2055.17,2053.51,2053.99,408.1014
1775290500.0,2053.99,2055.44,2053.98,2055.04,474.4485
1775291400.0,2055.04,2055.04,2051.8,2051.9,671.7926
1775292300.0,2051.91,2052.14,2049.84,2050.57,809.1114
1775293200.0,2050.57,2051.58,2049.95,2051.38,275.3758
1775294100.0,2051.38,2051.9,2049.49,2050.33,975.4681
1775295000.0,2050.33,2050.57,2049.42,2049.43,581.9631
1775295900.0,2049.43,2050.72,2049.43,2050.43,1030.1631
1775296800.0,2050.43,2051.35,2047.89,2047.9,1032.6238
1775297700.0,2047.9,2049.07,2047.89,2048.92,311.3701
1775298600.0,2048.92,2054.69,2047.95,2052.56,1060.6634
1775299500.0,2052.57,2054.92,2052.01,2054.32,1207.4007
1775300400.0,2054.32,2055.03,2052.34,2052.95,960.5086
1775301300.0,2052.95,2053.06,2052.04,2052.15,698.6679
1775302200.0,2052.16,2052.45,2051.3,2051.5,594.0142
1775303100.0,2051.5,2051.84,2051.37,2051.84,530.0705
1775304000.0,2051.84,2053.17,2049.77,2050.34,697.5817
1775304900.0,2050.34,2052.49,2050.2,2051.45,321.8939
1775305800.0,2051.45,2051.75,2048.26,2048.39,834.7242
1775306700.0,2048.4,2050.15,2048.4,2050.15,719.7914
1775307600.0,2050.15,2051.04,2050.02,2050.3,2839.0076
1775308500.0,2050.3,2051.29,2050.2,2050.29,1133.741
1775309400.0,2050.3,2054.31,2050.0,2052.86,972.1578
1775310300.0,2052.86,2055.0,2051.28,2053.59,1508.9038
1775311200.0,2053.58,2054.68,2053.4,2053.44,695.6254
1775312100.0,2053.44,2053.84,2052.01,2052.07,663.9799
1775313000.0,2052.07,2052.07,2044.63,2049.55,2194.8509
1775313900.0,2049.55,2053.36,2049.36,2053.1,1195.5462
1775314800.0,2053.1,2062.02,2052.35,2056.46,4269.9471
1775315700.0,2056.46,2058.74,2053.34,2054.9,1785.0755
1775316600.0,2054.9,2055.75,2053.5,2054.23,849.0171
1775317500.0,2054.23,2056.36,2052.95,2056.29,763.321
1775318400.0,2056.29,2056.54,2054.0,2054.18,657.8101
1775319300.0,2054.17,2062.1,2053.38,2059.91,1282.824
1775320200.0,2059.9,2061.03,2057.24,2059.91,1065.5192
1775321100.0,2059.91,2061.42,2055.07,2055.75,1183.664
1775322000.0,2055.75,2056.43,2053.07,2056.42,1220.2967
1775322900.0,2056.42,2058.29,2055.78,2057.65,865.6251
1775323800.0,2057.64,2057.65,2055.21,2055.22,412.8955
1775324700.0,2055.22,2057.37,2055.06,2056.98,435.2552
1775325600.0,2056.98,2057.68,2055.94,2056.83,450.7541
1775326500.0,2056.83,2058.34,2056.82,2056.98,787.3778
1775327400.0,2056.98,2056.98,2055.38,2055.51,178.832
1775328300.0,2055.51,2056.33,2055.01,2055.15,275.3115
1775329200.0,2055.15,2079.64,2055.14,2079.24,8493.9665
1775330100.0,2079.23,2084.0,2068.13,2068.56,5355.484
1775331000.0,2068.56,2069.97,2064.69,2065.18,1320.6665
1775331900.0,2065.18,2067.6,2064.09,2064.71,1530.9357
1775332800.0,2064.71,2064.89,2059.6,2061.5,2015.5453
1775333700.0,2061.5,2064.12,2061.5,2063.82,878.303
1775334600.0,2063.82,2063.94,2062.43,2063.38,340.4001
1775335500.0,2063.38,2063.39,2061.9,2062.81,288.3604
1775336400.0,2062.8,2064.29,2062.63,2063.07,408.972
1775337300.0,2063.07,2067.6,2063.06,2067.38,1087.6421
1775338200.0,2067.38,2068.67,2066.11,2066.91,715.6435
1775339100.0,2066.91,2071.75,2066.91,2068.83,1211.4357
1775340000.0,2068.84,2070.61,2067.99,2069.68,663.326
1775340900.0,2069.67,2072.15,2069.53,2071.22,547.7978
1775341800.0,2071.21,2071.58,2069.4,2071.58,398.1505
1775342700.0,2071.58,2071.58,2068.55,2069.14,558.9261
1775343600.0,2069.14,2069.24,2065.83,2066.24,637.3332
1775344500.0,2066.23,2066.24,2064.25,2064.26,471.3975
1775345400.0,2064.26,2064.84,2062.84,2064.0,409.1176
1775346300.0,2064.0,2066.88,2062.64,2065.52,1079.7868
1775347200.0,2065.51,2065.63,2063.12,2063.14,399.8484
1775348100.0,2063.14,2065.3,2063.03,2064.8,474.2945
1775349000.0,2064.8,2065.55,2063.69,2065.25,373.5983
1775349900.0,2065.25,2065.34,2060.33,2062.1,693.6156
1775350800.0,2062.1,2062.46,2057.33,2060.7,889.5933
1775351700.0,2060.7,2060.71,2058.43,2059.32,477.7361
1775352600.0,2059.32,2059.42,2057.5,2058.12,752.4212
1775353500.0,2058.12,2059.01,2057.17,2057.37,293.5252
1775354400.0,2057.37,2057.37,2054.15,2054.58,1243.9507
1775355300.0,2054.58,2059.51,2054.58,2058.34,809.7331
1775356200.0,2058.34,2059.84,2058.01,2058.42,308.6115
1775357100.0,2058.42,2059.91,2058.06,2059.86,323.8847
1775358000.0,2059.86,2060.55,2059.26,2060.19,418.4136
1775358900.0,2060.19,2060.19,2057.38,2058.35,288.1444
1775359800.0,2058.36,2058.36,2055.37,2057.05,315.4796
1775360700.0,2057.04,2057.56,2055.77,2056.64,304.404
1775361600.0,2056.64,2056.64,2054.11,2054.65,215.057
1775362500.0,2054.64,2058.09,2054.32,2057.94,370.401
1775363400.0,2057.95,2057.95,2054.86,2055.34,301.0134
1775364300.0,2055.33,2056.6,2054.48,2055.16,270.6642
1775365200.0,2055.16,2056.83,2054.22,2054.44,1060.8599
1775366100.0,2054.45,2054.67,2051.11,2052.84,1564.2667
1775367000.0,2052.84,2053.39,2051.63,2052.89,422.2216
1775367900.0,2052.9,2053.44,2047.21,2048.6,1295.3513
1775368800.0,2048.6,2048.93,2031.44,2033.24,5595.1773
1775369700.0,2033.25,2036.62,2027.75,2035.39,3492.9864
1775370600.0,2035.38,2040.07,2034.81,2039.33,1398.4572
1775371500.0,2039.33,2039.89,2038.32,2038.32,548.4253
1775372400.0,2038.32,2042.11,2038.32,2041.83,689.007
1775373300.0,2041.83,2042.59,2038.92,2040.22,1045.6698
1775374200.0,2040.22,2040.22,2034.48,2036.3,1093.4619
1775375100.0,2036.3,2037.78,2034.84,2037.29,833.3602
1775376000.0,2037.29,2038.79,2035.91,2038.28,551.1032
1775376900.0,2038.28,2039.38,2037.3,2037.4,468.1672
1775377800.0,2037.4,2039.28,2037.22,2037.64,475.4983
1775378700.0,2037.64,2039.94,2037.64,2039.16,466.1083
1775379600.0,2039.17,2042.43,2038.87,2040.09,670.4183
1775380500.0,2040.08,2044.51,2040.08,2043.85,624.1763
1775381400.0,2043.85,2045.69,2042.99,2045.5,526.2395
1775382300.0,2045.5,2046.0,2044.41,2044.42,538.2091
1775383200.0,2044.41,2045.67,2043.17,2043.41,509.1621
1775384100.0,2043.4,2045.1,2042.44,2045.1,396.3182
1775385000.0,2045.09,2052.53,2044.51,2047.27,1718.0412
1775385900.0,2047.26,2047.27,2044.21,2044.74,380.0663
1775386800.0,2044.74,2045.74,2043.05,2045.15,368.0592
1775387700.0,2045.15,2045.83,2041.81,2042.75,509.5141
1775388600.0,2042.76,2043.11,2040.57,2041.35,453.4516
1775389500.0,2041.35,2042.56,2040.52,2042.32,261.5178
1775390400.0,2042.31,2042.31,2038.48,2038.94,963.5451
1775391300.0,2038.94,2040.12,2037.57,2037.59,473.8301
1775392200.0,2037.59,2038.0,2021.5,2025.03,6593.5177
1775393100.0,2025.04,2029.65,2023.15,2028.36,1815.0902
1775394000.0,2028.37,2030.71,2026.43,2026.66,953.0248
1775394900.0,2026.67,2033.13,2025.81,2026.01,1197.7751
1775395800.0,2026.01,2031.3,2025.71,2029.93,1394.9449
1775396700.0,2029.93,2037.75,2029.82,2036.63,1327.0945
1775397600.0,2036.63,2041.97,2035.19,2036.78,1826.5346
1775398500.0,2036.78,2040.78,2035.67,2039.95,583.1521
1775399400.0,2039.94,2043.32,2038.64,2040.81,2361.1309
1775400300.0,2040.81,2040.84,2038.11,2038.49,619.9607
1775401200.0,2038.49,2041.65,2034.58,2040.84,1276.0759
1775402100.0,2040.84,2063.8,2040.4,2060.66,7793.9251
1775403000.0,2060.66,2069.89,2053.33,2059.46,6513.4509
1775403900.0,2059.47,2059.63,2052.99,2053.85,1661.6021
1775404800.0,2053.85,2057.96,2053.17,2055.54,1479.3329
1775405700.0,2055.54,2057.42,2054.8,2054.8,550.8315
1775406600.0,2054.8,2059.3,2054.21,2056.21,905.1297
1775407500.0,2056.21,2056.21,2050.29,2052.15,1073.0218
1775408400.0,2052.15,2057.1,2048.69,2055.9,2013.9328
1775409300.0,2055.89,2056.61,2051.87,2055.96,638.2428
1775410200.0,2055.96,2061.0,2055.0,2060.69,1015.0684
1775411100.0,2060.7,2062.54,2058.43,2062.53,4203.9934
1775412000.0,2062.54,2062.93,2057.1,2058.85,1119.1372
1775412900.0,2058.85,2059.68,2057.81,2057.81,432.5686
1775413800.0,2057.82,2066.6,2057.82,2064.92,1672.6151
1775414700.0,2064.92,2066.45,2061.74,2062.99,990.0338
1775415600.0,2062.99,2064.18,2061.85,2063.21,760.5752
1775416500.0,2063.2,2069.95,2062.82,2066.44,1936.9511
1775417400.0,2066.44,2066.74,2058.66,2059.22,1794.3342
1775418300.0,2059.22,2062.39,2058.25,2062.37,804.6029
1775419200.0,2062.38,2064.37,2062.0,2062.96,1408.7803
1775420100.0,2062.97,2066.65,2062.97,2066.02,628.0039
1775421000.0,2066.01,2075.11,2065.51,2067.47,3443.6753
1775421900.0,2067.47,2070.7,2067.22,2068.91,688.6257
1775422800.0,2068.9,2069.12,2059.11,2061.02,2309.7181
1775423700.0,2061.02,2062.23,2058.33,2060.55,654.8971
1775424600.0,2060.55,2061.22,2056.73,2060.0,1984.5943
1775425500.0,2060.0,2065.54,2059.32,2060.01,1500.6974
1775426400.0,2060.01,2067.45,2050.66,2055.03,4418.7037
1775427300.0,2055.02,2057.07,2050.0,2054.15,1456.8705
1775428200.0,2054.15,2072.27,2053.04,2070.31,2887.3959
1775429100.0,2070.31,2088.0,2069.83,2085.79,7385.7181
1775430000.0,2085.78,2097.2,2082.35,2097.19,7384.6603
1775430900.0,2097.19,2118.1,2096.82,2108.21,12481.0852
1775431800.0,2108.2,2123.49,2107.83,2111.05,9234.4677
1775432700.0,2111.06,2116.14,2108.23,2110.17,3260.7152
1775433600.0,2110.17,2135.39,2110.17,2119.81,10841.196
1775434500.0,2119.81,2125.5,2115.45,2123.13,4494.2982
1775435400.0,2123.13,2132.12,2120.2,2128.53,4614.204
1775436300.0,2128.52,2129.68,2121.37,2121.99,1702.4798
1775437200.0,2122.0,2124.53,2115.48,2115.66,3807.4093
1775438100.0,2115.67,2119.9,2112.48,2119.71,3196.2275
1775439000.0,2119.71,2120.5,2114.17,2115.71,4007.1686
1775439900.0,2115.72,2118.91,2114.41,2115.12,1491.7627
1775440800.0,2115.11,2147.24,2114.59,2133.57,10860.6676
1775441700.0,2133.57,2140.8,2130.36,2134.88,4116.9184
1775442600.0,2134.88,2141.34,2131.81,2133.83,4540.9554
1775443500.0,2133.83,2137.3,2132.68,2133.59,2512.3199
1775444400.0,2133.59,2136.79,2130.69,2131.77,2822.9476
1775445300.0,2131.77,2137.27,2128.76,2135.83,3250.7275
1775446200.0,2135.83,2137.22,2130.61,2131.81,1489.5806
1775447100.0,2131.81,2133.19,2126.59,2129.35,2113.5513
1775448000.0,2129.35,2134.33,2125.76,2128.66,2582.9739
1775448900.0,2128.66,2128.66,2125.12,2127.31,2064.2127
1775449800.0,2127.31,2134.77,2126.49,2132.75,2800.3428
1775450700.0,2132.75,2133.89,2129.94,2131.06,1644.8276
1775451600.0,2131.06,2132.0,2129.71,2130.97,1477.0681
1775452500.0,2130.97,2134.62,2129.0,2130.75,1438.2672
1775453400.0,2130.75,2132.35,2129.68,2131.48,1084.444
1775454300.0,2131.48,2132.63,2128.42,2131.29,1375.1343
1775455200.0,2131.29,2139.0,2127.69,2136.86,4150.7413
1775456100.0,2136.86,2136.86,2120.4,2121.53,3529.2613
1775457000.0,2121.53,2125.18,2120.04,2123.23,2557.1952
1775457900.0,2123.22,2130.44,2123.0,2127.53,3073.6547
1775458800.0,2127.53,2128.38,2122.83,2124.91,2318.6837
1775459700.0,2124.92,2136.78,2124.92,2134.66,3608.7782
1775460600.0,2134.66,2137.22,2130.81,2131.23,2904.0242
1775461500.0,2131.23,2141.0,2130.26,2134.9,3522.5491
1775462400.0,2134.91,2138.24,2133.42,2136.98,2496.0516
1775463300.0,2136.97,2140.5,2134.64,2136.8,2200.6135
1775464200.0,2136.8,2147.95,2136.0,2140.81,5120.7581
1775465100.0,2140.81,2141.37,2137.4,2138.48,1445.3624
1775466000.0,2138.48,2154.82,2138.47,2148.57,7860.0894
1775466900.0,2148.56,2174.79,2148.41,2158.79,19299.4898
1775467800.0,2158.79,2162.92,2149.53,2152.12,6831.8341
1775468700.0,2152.12,2154.12,2148.38,2150.97,2276.7313
1775469600.0,2150.97,2156.82,2150.62,2155.13,2312.2542
1775470500.0,2155.12,2157.5,2152.21,2154.66,1561.4038
1775471400.0,2154.66,2157.36,2153.46,2155.46,2203.2845
1775472300.0,2155.46,2155.46,2149.36,2153.27,3429.3672
1775473200.0,2153.27,2153.53,2146.98,2149.2,2872.0651
1775474100.0,2149.21,2151.0,2146.61,2150.99,1628.8348
1775475000.0,2150.99,2153.21,2150.0,2151.05,1694.2044
1775475900.0,2151.06,2153.7,2150.0,2151.53,1742.7446
1775476800.0,2151.53,2152.49,2147.43,2148.66,1411.734
1775477700.0,2148.66,2150.43,2146.65,2148.46,1609.5105
1775478600.0,2148.47,2153.46,2146.79,2151.63,2131.7619
1775479500.0,2151.63,2154.52,2142.31,2143.59,4518.6035
1775480400.0,2143.59,2146.44,2142.0,2144.2,3585.6807
1775481300.0,2144.2,2144.8,2139.0,2143.76,2665.7711
1775482200.0,2143.77,2149.41,2137.91,2142.13,5606.3014
1775483100.0,2142.12,2149.07,2141.07,2145.99,3333.4379
1775484000.0,2146.0,2158.9,2137.76,2142.28,8032.3878
1775484900.0,2142.28,2165.74,2142.16,2155.02,11271.8189
1775485800.0,2155.02,2162.47,2142.72,2148.01,9321.6966
1775486700.0,2148.02,2158.92,2143.51,2156.71,4525.6081
1775487600.0,2156.72,2168.3,2155.5,2167.2,7040.0848
1775488500.0,2167.2,2168.5,2159.24,2165.97,4535.2241
1775489400.0,2165.98,2169.6,2160.71,2164.62,4094.1295
1775490300.0,2164.62,2166.77,2162.69,2164.65,2227.5624
1775491200.0,2164.65,2168.72,2160.31,2166.58,3882.6968
1775492100.0,2166.58,2166.92,2158.31,2158.44,2487.1252
1775493000.0,2158.44,2164.0,2156.83,2162.1,2510.6185
1775493900.0,2162.1,2168.4,2140.45,2140.62,7987.7944
1775494800.0,2140.62,2141.0,2125.6,2127.41,10915.76
1775495700.0,2127.41,2136.36,2123.6,2134.62,5950.947
1775496600.0,2134.63,2139.0,2131.69,2133.2,2962.7928
1775497500.0,2133.2,2136.24,2131.19,2134.95,2393.8554
1775498400.0,2134.96,2146.78,2131.6,2142.13,4447.0624
1775499300.0,2142.13,2148.51,2141.3,2146.3,2439.65
1775500200.0,2146.29,2147.74,2141.5,2142.38,1296.3694
1775501100.0,2142.39,2146.05,2140.04,2144.84,986.5579
1775502000.0,2144.84,2144.84,2135.94,2139.64,2292.9667
1775502900.0,2139.63,2145.0,2139.42,2143.81,997.2442
1775503800.0,2143.8,2145.61,2139.4,2141.75,1817.2179
1775504700.0,2141.74,2145.94,2139.53,2144.25,3330.0389
1775505600.0,2144.25,2145.86,2140.45,2145.77,1303.8996
1775506500.0,2145.76,2155.06,2145.76,2152.75,3085.2433
1775507400.0,2152.74,2153.67,2150.1,2150.39,696.6511
1775508300.0,2150.39,2151.24,2147.75,2148.81,700.3608
1775509200.0,2148.8,2148.8,2145.03,2146.25,1049.9151
1775510100.0,2146.24,2146.99,2145.08,2145.51,781.3648
1775511000.0,2145.51,2145.66,2139.03,2139.04,1679.7936
1775511900.0,2139.04,2141.63,2137.73,2139.54,779.0027
1775512800.0,2139.54,2140.46,2136.13,2140.39,1662.3835
1775513700.0,2140.4,2140.95,2130.76,2135.19,3620.5972
1775514600.0,2135.19,2135.19,2128.6,2129.3,1400.613
1775515500.0,2129.3,2129.3,2105.41,2105.41,9337.6661
1775516400.0,2105.41,2105.41,2087.5,2098.32,13071.9652
1775517300.0,2098.31,2099.95,2088.19,2091.47,6366.5637
1775518200.0,2091.46,2106.97,2089.0,2103.51,4747.4143
1775519100.0,2103.52,2110.39,2103.28,2107.16,2191.1832
1775520000.0,2107.16,2120.14,2105.63,2115.87,4639.4748
1775520900.0,2115.87,2119.52,2111.08,2114.63,3235.7688
1775521800.0,2114.63,2118.9,2107.5,2112.21,2938.2094
1775522700.0,2112.21,2117.38,2111.25,2112.66,1409.4396
1775523600.0,2112.66,2112.66,2104.6,2107.37,2784.7656
1775524500.0,2107.37,2120.1,2107.37,2113.03,2876.7257
1775525400.0,2113.03,2114.7,2106.23,2110.12,2336.9505
1775526300.0,2110.13,2110.46,2097.3,2099.51,3346.7773
1775527200.0,2099.51,2102.33,2093.64,2099.09,2934.7148
1775528100.0,2099.09,2106.37,2098.38,2106.16,1707.5265
1775529000.0,2106.15,2111.63,2103.42,2106.03,1693.1139
1775529900.0,2106.03,2107.43,2102.64,2106.84,1713.139
1775530800.0,2106.84,2109.89,2104.54,2106.64,854.9045
1775531700.0,2106.63,2109.77,2103.77,2109.06,1097.3396
1775532600.0,2109.06,2109.65,2107.69,2109.01,572.371
1775533500.0,2109.02,2109.53,2106.5,2108.37,667.0136
1775534400.0,2108.37,2109.0,2105.0,2106.06,1032.0445
1775535300.0,2106.06,2107.76,2103.68,2105.93,723.1936
1775536200.0,2105.94,2113.64,2105.93,2113.3,1330.6393
1775537100.0,2113.31,2119.21,2112.68,2114.22,1935.955
1775538000.0,2114.23,2114.61,2110.34,2111.06,892.1213
1775538900.0,2111.05,2112.43,2106.74,2106.74,1264.6334
1775539800.0,2106.73,2106.93,2103.98,2104.7,748.8741
1775540700.0,2104.69,2106.56,2103.73,2105.52,1618.5485
1775541600.0,2105.53,2105.74,2099.1,2100.45,2058.9432
1775542500.0,2100.45,2102.32,2096.69,2101.45,2165.1889
1775543400.0,2101.44,2101.98,2098.25,2101.71,1266.3022
1775544300.0,2101.7,2106.58,2100.54,2104.25,1750.9418
1775545200.0,2104.26,2104.52,2099.0,2101.8,876.9116
1775546100.0,2101.81,2104.32,2098.9,2101.2,1186.2088
1775547000.0,2101.21,2106.29,2101.2,2103.61,2546.6002
1775547900.0,2103.61,2105.85,2100.0,2104.04,2676.2729
1775548800.0,2104.03,2112.16,2103.29,2108.2,3097.5249
1775549700.0,2108.19,2113.15,2106.18,2109.28,2223.9851
1775550600.0,2109.28,2115.64,2109.28,2115.42,1855.8433
1775551500.0,2115.42,2117.37,2113.1,2114.84,1325.1947
1775552400.0,2114.85,2133.83,2114.13,2126.61,6692.0335
1775553300.0,2126.62,2128.38,2122.9,2125.39,1943.0431
1775554200.0,2125.39,2131.24,2124.76,2128.55,3067.7312
1775555100.0,2128.54,2129.19,2126.17,2128.26,776.4973
1775556000.0,2128.26,2131.38,2116.22,2117.37,3302.3402
1775556900.0,2117.37,2123.12,2104.59,2106.5,4991.3697
1775557800.0,2106.49,2108.65,2096.78,2099.11,3693.1636
1775558700.0,2099.11,2099.95,2085.79,2089.32,7012.9518
1775559600.0,2089.31,2092.01,2082.35,2089.02,6204.8629
1775560500.0,2089.03,2094.03,2086.46,2091.72,2940.9812
1775561400.0,2091.71,2092.62,2087.0,2090.13,1586.3152
1775562300.0,2090.13,2090.79,2087.72,2089.58,1967.6395
1775563200.0,2089.58,2093.17,2074.09,2083.93,7823.9229
1775564100.0,2083.93,2088.1,2078.89,2084.94,3369.2643
1775565000.0,2084.96,2086.43,2075.14,2077.07,2739.2275
1775565900.0,2077.06,2091.68,2074.5,2086.99,5621.4167
1775566800.0,2086.99,2093.17,2084.27,2090.14,2982.6592
1775567700.0,2090.13,2090.52,2083.54,2084.53,1667.6589
1775568600.0,2084.54,2089.96,2076.08,2078.76,4733.9337
1775569500.0,2078.76,2083.57,2074.5,2074.97,4198.6656
1775570400.0,2074.98,2077.25,2060.24,2067.39,10334.6082
1775571300.0,2067.4,2078.18,2062.54,2076.88,8452.464
1775572200.0,2076.87,2078.31,2070.35,2072.11,3469.5231
1775573100.0,2072.11,2081.46,2069.33,2069.44,3601.2127
1775574000.0,2069.44,2073.62,2064.76,2070.78,6107.317
1775574900.0,2070.78,2081.15,2070.37,2080.58,5487.8878
1775575800.0,2080.58,2082.74,2075.92,2076.91,3889.2041
1775576700.0,2076.91,2083.75,2075.69,2080.06,2069.9967
1775577600.0,2080.07,2089.69,2077.89,2079.56,4070.0531
1775578500.0,2079.57,2085.27,2077.52,2084.71,2381.0048
1775579400.0,2084.7,2087.39,2082.49,2086.97,2177.1561
1775580300.0,2086.97,2090.14,2082.11,2083.76,1901.7754
1775581200.0,2083.75,2087.77,2082.03,2082.49,1749.1639
1775582100.0,2082.5,2086.14,2079.8,2085.26,1305.4508
1775583000.0,2085.26,2115.17,2085.26,2097.23,10697.5029
1775583900.0,2097.22,2102.55,2096.84,2099.5,2544.5911
1775584800.0,2099.49,2101.39,2094.0,2096.93,1597.7234
1775585700.0,2096.93,2096.93,2093.48,2094.8,1373.7684
1775586600.0,2094.79,2098.14,2090.16,2090.91,1267.4733
1775587500.0,2090.91,2091.42,2082.43,2086.3,3356.3934
1775588400.0,2086.29,2090.13,2084.04,2088.03,1392.2051
1775589300.0,2088.04,2105.05,2088.04,2096.64,4901.5138
1775590200.0,2096.64,2096.64,2090.56,2094.65,1663.2674
1775591100.0,2094.65,2116.65,2094.01,2113.39,12823.0894
1775592000.0,2113.39,2125.59,2112.94,2119.74,7431.6681
1775592900.0,2119.75,2121.89,2113.04,2115.78,3221.6189
1775593800.0,2115.77,2119.94,2112.32,2115.72,1763.8219
1775594700.0,2115.72,2115.94,2110.68,2115.53,1973.6496
1775595600.0,2115.52,2153.0,2115.52,2142.31,14686.3488
1775596500.0,2142.3,2144.32,2128.19,2130.84,5241.9689
1775597400.0,2130.84,2143.49,2130.84,2143.49,3794.7544
1775598300.0,2143.49,2150.97,2140.59,2145.04,6294.4544
1775599200.0,2145.05,2165.82,2145.05,2159.09,11256.8969
1775600100.0,2159.1,2161.35,2153.57,2159.74,6304.8611
1775601000.0,2159.74,2192.04,2159.74,2178.01,36334.018
1775601900.0,2178.01,2219.88,2175.7,2219.77,26404.0066
1775602800.0,2219.78,2242.0,2215.73,2230.9,28171.3325
1775603700.0,2230.91,2270.61,2221.25,2270.38,28294.829
1775604600.0,2270.36,2273.87,2241.49,2248.31,20583.374
1775605500.0,2248.31,2260.5,2238.47,2240.01,15023.0204
1775606400.0,2240.01,2251.39,2237.36,2243.63,9829.1174
1775607300.0,2243.63,2249.1,2238.31,2240.1,6448.9393
1775608200.0,2240.11,2243.29,2232.84,2236.44,8238.8143
1775609100.0,2236.44,2238.16,2228.24,2236.08,5839.933
1775610000.0,2236.09,2242.77,2231.89,2241.4,4743.0226
1775610900.0,2241.41,2241.41,2230.45,2232.69,3512.056
1775611800.0,2232.7,2239.54,2231.95,2236.85,3159.7425
1775612700.0,2236.84,2239.82,2233.43,2234.06,2445.317
1775613600.0,2234.07,2247.42,2232.68,2245.43,7688.6264
1775614500.0,2245.44,2245.68,2230.76,2236.1,4646.8045
1775615400.0,2236.1,2237.08,2230.95,2233.0,3582.9175
1775616300.0,2232.99,2237.42,2231.36,2237.28,2569.5592
1775617200.0,2237.28,2238.05,2233.39,2233.39,1736.0078
1775618100.0,2233.4,2239.46,2232.0,2239.23,3124.2424
1775619000.0,2239.22,2239.22,2235.42,2237.19,1771.7764
1775619900.0,2237.19,2237.29,2233.68,2234.68,1946.4506
1775620800.0,2234.68,2250.0,2234.68,2243.64,7851.2841
1775621700.0,2243.65,2247.55,2242.1,2244.98,2068.242
1775622600.0,2244.98,2252.5,2243.6,2248.82,4692.935
1775623500.0,2248.82,2250.46,2240.03,2240.77,2670.4144
1775624400.0,2240.76,2244.66,2240.37,2241.72,2268.273
1775625300.0,2241.72,2245.1,2240.56,2244.1,1518.0604
1775626200.0,2244.09,2244.42,2239.5,2240.62,2618.6956
1775627100.0,2240.63,2245.0,2238.3,2240.7,1850.2719
1775628000.0,2240.7,2242.4,2235.49,2241.52,2343.2024
1775628900.0,2241.53,2253.86,2240.49,2250.94,9025.7263
1775629800.0,2250.96,2250.96,2248.0,2249.18,2450.0248
1775630700.0,2249.19,2250.73,2245.32,2246.01,2122.3687
1775631600.0,2246.01,2251.61,2244.63,2250.63,1926.5881
1775632500.0,2250.62,2260.76,2249.1,2256.8,7674.1162
1775633400.0,2256.79,2256.79,2247.3,2250.72,4489.2988
1775634300.0,2250.71,2253.76,2249.43,2253.76,4186.5081
1775635200.0,2253.76,2259.51,2252.25,2254.01,5117.5781
1775636100.0,2254.01,2258.97,2252.86,2256.34,2117.7058
1775637000.0,2256.35,2259.31,2250.44,2253.23,4489.6475
1775637900.0,2253.22,2257.93,2252.47,2256.48,2267.3245
1775638800.0,2256.47,2263.35,2256.47,2257.64,3856.9301
1775639700.0,2257.64,2258.98,2250.45,2250.45,6415.0974
1775640600.0,2250.46,2253.07,2246.42,2246.43,4924.2929
1775641500.0,2246.43,2251.0,2245.99,2249.59,4169.0705
1775642400.0,2249.59,2253.86,2246.73,2248.09,2202.457
1775643300.0,2248.08,2251.98,2246.85,2250.02,1179.5919
1775644200.0,2250.02,2250.38,2242.39,2244.94,2366.1705
1775645100.0,2244.94,2248.38,2242.39,2242.67,1254.6068
1775646000.0,2242.66,2249.42,2241.22,2248.24,1453.4574
1775646900.0,2248.24,2254.72,2245.0,2253.69,2378.6525
1775647800.0,2253.68,2253.69,2237.12,2241.69,3413.5245
1775648700.0,2241.69,2248.5,2239.06,2247.23,4720.5028
1775649600.0,2247.23,2254.0,2247.23,2253.99,6098.8262
1775650500.0,2253.99,2254.81,2242.67,2248.35,3824.2977
1775651400.0,2248.35,2256.48,2247.72,2254.8,2607.1071
1775652300.0,2254.79,2259.33,2253.52,2255.88,3126.8111
1775653200.0,2255.88,2270.55,2255.32,2261.88,10062.3668
1775654100.0,2261.89,2267.18,2253.52,2260.63,5007.5388
1775655000.0,2260.64,2266.08,2234.61,2235.35,12014.4662
1775655900.0,2235.35,2246.22,2231.58,2236.06,11161.244
1775656800.0,2236.05,2240.94,2221.59,2231.43,11831.4517
1775657700.0,2231.43,2234.17,2224.75,2225.69,4309.4633
1775658600.0,2225.69,2227.9,2202.3,2206.96,18749.0011
1775659500.0,2206.96,2209.15,2186.61,2195.22,20575.785
1775660400.0,2195.23,2204.95,2193.46,2204.94,6318.1424
1775661300.0,2204.95,2209.12,2200.74,2206.72,4749.6595
1775662200.0,2206.72,2218.35,2204.36,2211.62,6493.2823
1775663100.0,2211.63,2216.83,2211.35,2215.45,2553.5882
1775664000.0,2215.44,2218.18,2212.44,2215.7,2654.6008
1775664900.0,2215.69,2222.65,2213.08,2219.25,3574.0927
1775665800.0,2219.25,2219.58,2211.23,2217.02,3080.2578
1775666700.0,2217.02,2225.41,2215.63,2220.76,3779.3601
1775667600.0,2220.77,2227.09,2220.54,2225.52,2530.4695
1775668500.0,2225.51,2225.68,2213.03,2219.28,3623.7124
1775669400.0,2219.28,2239.5,2219.28,2233.93,6946.3561
1775670300.0,2233.93,2235.04,2230.29,2231.88,1575.1651
1775671200.0,2231.87,2232.65,2224.58,2227.03,2211.0699
1775672100.0,2227.04,2228.56,2211.85,2213.03,5103.5691
1775673000.0,2213.03,2219.88,2207.23,2207.76,2513.319
1775673900.0,2207.76,2210.49,2199.32,2201.41,5656.3447
1775674800.0,2201.4,2206.78,2197.7,2205.5,3430.2764
1775675700.0,2205.49,2206.18,2199.7,2199.7,1572.8026
1775676600.0,2199.71,2209.24,2197.76,2206.4,3724.2697
1775677500.0,2206.4,2211.74,2205.7,2211.04,1560.6421
1775678400.0,2211.03,2216.17,2210.61,2214.98,1609.2062
1775679300.0,2214.97,2216.66,2212.64,2214.54,984.9509
1775680200.0,2214.54,2214.69,2205.84,2207.17,1274.307
1775681100.0,2207.17,2210.08,2205.84,2209.81,1248.553
1775682000.0,2209.81,2219.26,2207.9,2214.59,3137.4627
1775682900.0,2214.59,2222.55,2214.32,2220.29,1518.6947
1775683800.0,2220.29,2221.12,2214.77,2215.62,1408.5091
1775684700.0,2215.62,2217.58,2212.97,2214.53,1076.3351
1775685600.0,2214.54,2215.15,2208.75,2209.96,1324.4126
1775686500.0,2209.96,2210.99,2192.0,2193.51,4897.3057
1775687400.0,2193.52,2201.69,2186.97,2198.01,4151.1992
1775688300.0,2198.01,2199.78,2189.31,2189.87,2116.4281
1775689200.0,2189.86,2193.7,2183.0,2193.47,5024.5627
1775690100.0,2193.47,2193.95,2179.78,2184.94,4376.4752
1775691000.0,2184.93,2189.8,2182.25,2187.77,2351.782
1775691900.0,2187.78,2192.56,2187.56,2190.0,1832.1616
1775692800.0,2190.0,2193.79,2188.5,2191.48,1623.4391
1775693700.0,2191.49,2192.42,2184.6,2184.92,1854.0931
1775694600.0,2184.92,2187.38,2179.3,2183.01,3243.9344
1775695500.0,2183.0,2186.65,2180.15,2183.03,2904.7421
1775696400.0,2183.03,2185.27,2162.0,2171.71,8704.6574
1775697300.0,2171.7,2172.14,2165.32,2170.09,2207.3201
1775698200.0,2170.09,2178.47,2168.91,2174.74,1716.7915
1775699100.0,2174.74,2179.81,2171.58,2178.69,2499.1475
1775700000.0,2178.68,2182.34,2174.57,2174.96,1820.4639
1775700900.0,2174.97,2183.97,2174.01,2182.01,1326.8647
1775701800.0,2182.01,2183.84,2176.72,2179.66,1282.1966
1775702700.0,2179.66,2185.5,2178.9,2181.69,1553.0586
1775703600.0,2181.69,2183.58,2179.65,2180.84,616.9279
1775704500.0,2180.84,2181.69,2176.55,2178.55,1467.1795
1775705400.0,2178.55,2181.13,2177.16,2177.99,645.2051
1775706300.0,2177.99,2183.98,2175.6,2182.49,1442.951
1775707200.0,2182.49,2182.49,2178.79,2179.44,1085.5543
1775708100.0,2179.44,2179.44,2176.42,2178.19,927.8647
1775709000.0,2178.19,2180.99,2177.8,2179.76,847.0162
1775709900.0,2179.76,2180.82,2176.54,2177.64,1319.7721
1775710800.0,2177.64,2179.19,2175.6,2178.02,722.5769
1775711700.0,2178.02,2181.86,2176.66,2181.6,1705.1503
1775712600.0,2181.61,2188.99,2180.79,2187.77,3793.9753
1775713500.0,2187.78,2187.78,2180.01,2182.17,1481.1504
1775714400.0,2182.18,2186.13,2182.18,2183.27,791.7474
1775715300.0,2183.28,2183.28,2176.29,2177.57,1957.3483
1775716200.0,2177.58,2180.08,2175.6,2178.3,1001.1296
1775717100.0,2178.31,2181.52,2177.28,2181.51,523.6261
1775718000.0,2181.52,2185.78,2181.52,2184.65,1605.7787
1775718900.0,2184.65,2184.66,2180.41,2181.1,720.7895
1775719800.0,2181.11,2184.28,2180.42,2182.03,2931.8967
1775720700.0,2182.04,2182.98,2180.02,2181.14,2840.714
1775721600.0,2181.14,2183.95,2177.16,2179.18,2876.1466
1775722500.0,2179.17,2180.89,2176.37,2180.13,1634.0361
1775723400.0,2180.13,2189.56,2180.13,2188.8,1727.633
1775724300.0,2188.8,2190.72,2183.11,2186.37,2020.0099
1775725200.0,2186.36,2186.36,2179.72,2183.06,1569.7369
1775726100.0,2183.07,2188.24,2182.75,2185.01,2029.1963
1775727000.0,2185.02,2188.67,2184.1,2185.74,1631.5112
1775727900.0,2185.74,2197.7,2185.14,2194.14,3696.7316
1775728800.0,2194.13,2194.2,2188.08,2188.58,1669.1958
1775729700.0,2188.59,2193.77,2188.34,2192.69,1337.0271
1775730600.0,2192.68,2196.22,2190.63,2194.78,1257.6873
1775731500.0,2194.78,2195.89,2189.51,2190.7,4681.8563
1775732400.0,2190.69,2193.13,2185.42,2185.75,2084.0404
1775733300.0,2185.75,2185.75,2178.31,2180.5,2908.9331
1775734200.0,2180.5,2183.49,2178.5,2181.2,1277.7798
1775735100.0,2181.21,2183.07,2179.65,2180.26,943.0615
1775736000.0,2180.26,2182.95,2180.0,2181.18,1019.9622
1775736900.0,2181.18,2186.51,2174.27,2184.8,4610.6644
1775737800.0,2184.8,2186.98,2179.32,2183.71,2578.1996
1775738700.0,2183.71,2183.98,2177.63,2183.34,1431.2455
1775739600.0,2183.33,2186.54,2177.63,2177.76,1420.147
1775740500.0,2177.77,2179.38,2174.55,2178.6,1957.7123
1775741400.0,2178.61,2179.99,2164.55,2169.63,6821.4874
1775742300.0,2169.63,2170.35,2158.19,2165.22,5920.0205
1775743200.0,2165.23,2172.39,2162.23,2169.51,3024.1727
1775744100.0,2169.52,2170.75,2157.31,2163.11,2865.9821
1775745000.0,2163.11,2172.8,2161.01,2171.85,2926.1517
1775745900.0,2171.85,2182.19,2171.84,2177.63,4431.4905
1775746800.0,2177.64,2187.12,2169.51,2185.38,3991.9219
1775747700.0,2185.37,2194.35,2184.07,2184.6,6710.8397
1775748600.0,2184.61,2220.0,2181.7,2213.02,18287.1995
1775749500.0,2213.01,2225.0,2210.49,2217.99,8026.1636
1775750400.0,2218.0,2229.4,2215.4,2215.57,5856.9711
1775751300.0,2215.56,2221.73,2209.65,2209.71,4067.33
1775752200.0,2209.71,2210.52,2194.76,2202.96,4955.6101
1775753100.0,2202.97,2208.48,2193.0,2208.33,4856.9419
1775754000.0,2208.33,2224.5,2207.36,2224.0,6629.2985
1775754900.0,2223.99,2225.47,2212.0,2215.21,4292.6878
1775755800.0,2215.2,2224.45,2206.43,2220.81,4238.4485
1775756700.0,2220.81,2224.0,2217.72,2222.75,1571.8148
1775757600.0,2222.75,2223.69,2203.73,2207.36,4238.391
1775758500.0,2207.37,2212.01,2201.74,2209.14,2082.2105
1775759400.0,2209.13,2210.52,2202.35,2205.16,1669.6431
1775760300.0,2205.16,2208.2,2200.64,2206.86,1476.6954
1775761200.0,2206.86,2220.45,2204.62,2215.07,3879.8319
1775762100.0,2215.08,2216.1,2204.39,2207.41,2132.2035
1775763000.0,2207.41,2219.74,2207.41,2217.46,2041.6572
1775763900.0,2217.46,2224.52,2214.34,2216.42,3209.3047
1775764800.0,2216.42,2219.94,2213.54,2219.47,1248.9058
1775765700.0,2219.47,2222.0,2216.93,2217.88,1283.0122
1775766600.0,2217.87,2220.82,2216.26,2217.78,1928.4599
1775767500.0,2217.78,2217.92,2210.31,2213.08,4832.5673
1775768400.0,2213.08,2226.34,2208.65,2213.85,3551.5729
1775769300.0,2213.85,2214.32,2208.0,2209.86,1333.4649
1775770200.0,2209.85,2216.12,2207.54,2215.85,1758.9969
1775771100.0,2215.86,2217.17,2209.81,2210.78,1058.0896
1775772000.0,2210.79,2219.33,2209.79,2218.79,1464.6579
1775772900.0,2218.78,2246.0,2218.65,2221.69,10073.6198
1775773800.0,2221.68,2222.43,2211.5,2211.85,2906.2488
1775774700.0,2211.85,2214.8,2197.5,2197.69,6358.8652
1775775600.0,2197.69,2201.09,2186.61,2190.48,3770.6061
1775776500.0,2190.49,2196.44,2183.37,2191.85,3448.4357
1775777400.0,2191.84,2191.84,2183.33,2189.11,3156.2463
1775778300.0,2189.1,2191.43,2186.16,2190.2,1412.1545
1775779200.0,2190.17,2191.46,2184.73,2188.55,1853.3921
1775780100.0,2188.55,2189.84,2181.95,2189.84,3153.6318
1775781000.0,2189.83,2195.01,2187.67,2192.83,1774.3772
1775781900.0,2192.82,2197.39,2190.85,2195.17,1363.7047
1775782800.0,2195.17,2197.03,2189.28,2194.23,1687.8572
1775783700.0,2194.23,2195.88,2176.1,2186.31,4576.7889
1775784600.0,2186.31,2204.1,2184.79,2199.5,4812.6242
1775785500.0,2199.51,2202.36,2194.26,2194.7,1881.1419
1775786400.0,2194.69,2198.62,2192.48,2195.72,1143.882
1775787300.0,2195.72,2197.3,2193.55,2196.2,807.8702
1775788200.0,2196.21,2197.47,2193.91,2195.73,1099.1713
1775789100.0,2195.72,2195.72,2187.01,2189.12,2427.5202
1775790000.0,2189.11,2192.38,2186.54,2186.96,2110.9201
1775790900.0,2186.95,2189.76,2183.32,2183.32,1883.3336
1775791800.0,2183.32,2187.96,2182.68,2187.2,1453.2699
1775792700.0,2187.19,2189.0,2185.18,2186.06,1143.8094
1775793600.0,2186.05,2188.94,2185.95,2187.44,1490.2415
1775794500.0,2187.44,2192.4,2186.98,2190.48,3222.1035
1775795400.0,2190.49,2192.56,2188.61,2190.4,1310.4286
1775796300.0,2190.4,2199.34,2189.43,2195.71,2426.9068
1775797200.0,2195.71,2197.39,2192.49,2194.45,1354.9431
1775798100.0,2194.45,2203.11,2193.42,2201.7,2414.8552
1775799000.0,2201.69,2202.35,2197.83,2198.04,1844.2696
1775799900.0,2198.05,2200.43,2195.52,2196.9,1317.5191
1775800800.0,2196.91,2198.44,2195.14,2197.17,1113.237
1775801700.0,2197.17,2197.17,2190.0,2190.71,1825.7357
1775802600.0,2190.71,2191.43,2187.02,2188.08,2681.2485
1775803500.0,2188.08,2189.68,2184.0,2186.2,1874.2205
1775804400.0,2186.21,2188.57,2184.15,2184.15,1353.4265
1775805300.0,2184.16,2188.35,2183.99,2187.17,920.2535
1775806200.0,2187.17,2188.32,2182.35,2183.59,2354.5713
1775807100.0,2183.58,2184.38,2176.4,2179.28,4110.0371
1775808000.0,2179.27,2183.4,2177.13,2181.08,1898.6375
1775808900.0,2181.09,2185.27,2179.93,2183.89,1562.615
1775809800.0,2183.89,2190.11,2183.28,2186.85,2263.4873
1775810700.0,2186.84,2186.84,2181.59,2185.86,1780.7164
1775811600.0,2185.85,2189.58,2185.83,2188.09,999.8716
1775812500.0,2188.09,2197.58,2188.09,2194.01,5151.533
1775813400.0,2194.0,2195.19,2192.61,2193.49,874.6162
1775814300.0,2193.5,2196.86,2192.1,2196.03,871.3147
1775815200.0,2196.04,2196.15,2191.31,2193.48,983.4314
1775816100.0,2193.49,2194.6,2191.52,2191.52,1246.2566
1775817000.0,2191.52,2194.97,2190.66,2193.65,1023.4857
1775817900.0,2193.65,2198.29,2192.91,2197.24,1776.9141
1775818800.0,2197.25,2212.72,2197.22,2210.9,4716.1091
1775819700.0,2210.89,2217.99,2210.39,2217.16,5876.9154
1775820600.0,2217.16,2223.12,2214.24,2217.96,12181.1166
1775821500.0,2217.97,2224.28,2215.47,2215.65,4464.2128
1775822400.0,2215.66,2221.32,2215.63,2216.52,4781.955
1775823300.0,2216.53,2221.4,2210.24,2217.33,5107.3516
1775824200.0,2217.05,2228.51,2208.18,2224.7,9065.9799
1775825100.0,2224.7,2226.07,2218.0,2218.9,2421.9568
1775826000.0,2218.9,2220.54,2215.95,2218.81,2190.4174
1775826900.0,2218.8,2221.36,2216.11,2219.79,1422.9732
1775827800.0,2219.8,2222.77,2208.4,2215.56,4909.9808
1775828700.0,2215.57,2225.51,2213.49,2223.08,5182.348
1775829600.0,2223.08,2235.12,2220.43,2234.34,9144.5495
1775830500.0,2234.35,2253.29,2234.35,2245.25,16388.2998
1775831400.0,2245.25,2254.27,2237.0,2239.56,9616.0583
1775832300.0,2239.56,2247.57,2236.83,2242.76,4056.6119
1775833200.0,2242.76,2249.31,2239.05,2244.74,3242.2156
1775834100.0,2244.75,2257.99,2237.03,2237.79,7129.9892
1775835000.0,2237.8,2240.34,2228.33,2232.82,6408.895
1775835900.0,2232.81,2232.96,2220.36,2224.27,4681.1657
1775836800.0,2224.28,2232.57,2221.46,2231.31,3000.0922
1775837700.0,2231.3,2244.19,2230.47,2241.56,6776.5724
1775838600.0,2241.56,2242.33,2235.19,2236.99,1587.0105
1775839500.0,2236.99,2247.42,2236.99,2245.36,3007.5302
1775840400.0,2245.37,2247.54,2240.32,2242.6,2363.619
1775841300.0,2242.59,2247.35,2240.48,2244.35,2243.8743
1775842200.0,2244.35,2244.51,2239.29,2242.35,1805.9526
1775843100.0,2242.35,2249.45,2241.99,2248.42,2313.1116
1775844000.0,2248.41,2249.15,2239.06,2248.32,2260.2595
1775844900.0,2248.31,2251.9,2243.61,2248.06,3281.1623
1775845800.0,2248.06,2249.64,2243.78,2245.68,1522.5892
1775846700.0,2245.67,2250.38,2244.99,2249.33,1232.7793
1775847600.0,2249.32,2256.0,2248.59,2254.27,2186.1796
1775848500.0,2254.27,2254.37,2247.93,2247.94,1265.4456
1775849400.0,2247.95,2247.95,2243.52,2244.85,1150.8875
1775850300.0,2244.85,2254.83,2244.12,2253.17,1705.3565
1775851200.0,2253.17,2255.36,2251.52,2253.64,2301.482
1775852100.0,2253.61,2255.22,2251.15,2252.65,1401.7483
1775853000.0,2252.64,2256.87,2243.03,2247.74,3609.6895
1775853900.0,2247.75,2257.14,2244.68,2255.33,2703.4274
1775854800.0,2255.33,2255.68,2244.91,2246.24,1935.4348
1775855700.0,2246.24,2250.07,2245.14,2247.3,880.3285
1775856600.0,2247.29,2251.18,2242.34,2249.53,1741.0137
1775857500.0,2249.52,2255.57,2247.37,2254.87,1673.1757
1775858400.0,2254.88,2255.49,2251.16,2252.72,1540.6897
1775859300.0,2252.72,2253.85,2247.3,2247.6,1398.3034
1775860200.0,2247.59,2247.59,2235.41,2241.06,3800.4094
1775861100.0,2241.06,2243.09,2241.06,2242.24,828.8687
1775862000.0,2242.25,2242.63,2239.31,2241.96,949.0072
1775862900.0,2241.95,2244.52,2240.16,2243.35,783.5695
1775863800.0,2243.36,2244.0,2241.33,2243.63,524.9756
1775864700.0,2243.63,2245.66,2243.19,2245.05,915.2668
1775865600.0,2245.06,2245.06,2239.51,2241.71,1126.9342
1775866500.0,2241.71,2242.17,2238.47,2239.64,868.1432
1775867400.0,2239.63,2240.0,2236.7,2237.41,2141.6068
1775868300.0,2237.42,2239.82,2235.92,2238.77,863.4776
1775869200.0,2238.77,2241.18,2236.32,2238.72,807.0387
1775870100.0,2238.71,2239.43,2234.81,2238.85,1291.4692
1775871000.0,2238.86,2243.55,2238.66,2241.47,1937.4826
1775871900.0,2241.47,2246.5,2241.47,2244.2,1081.0474
1775872800.0,2244.2,2247.21,2242.2,2244.57,1088.5481
1775873700.0,2244.56,2249.49,2244.54,2249.18,833.0193
1775874600.0,2249.18,2252.15,2246.72,2246.88,1618.3151
1775875500.0,2246.88,2248.19,2245.56,2248.19,722.2682
1775876400.0,2248.19,2250.78,2246.78,2249.86,801.7112
1775877300.0,2249.85,2249.86,2247.48,2247.83,640.9733
1775878200.0,2247.83,2248.1,2244.5,2245.23,644.7422
1775879100.0,2245.22,2245.61,2235.77,2237.17,2888.3287
1775880000.0,2237.18,2242.93,2235.45,2238.5,1974.8019
1775880900.0,2238.51,2239.98,2236.46,2239.19,1541.7151
1775881800.0,2239.2,2241.89,2238.95,2240.3,1061.1229
1775882700.0,2240.3,2241.7,2239.55,2240.97,442.4625
1775883600.0,2240.98,2241.71,2230.03,2231.25,3423.9395
1775884500.0,2231.26,2235.56,2229.0,2235.56,2044.386
1775885400.0,2235.56,2237.42,2234.4,2235.03,1345.3896
1775886300.0,2235.02,2235.51,2232.57,2232.79,1564.294
1775887200.0,2232.79,2234.23,2229.62,2231.65,2389.0413
1775888100.0,2231.65,2234.02,2229.83,2231.84,1117.4803
1775889000.0,2231.83,2234.4,2231.73,2233.97,943.1584
1775889900.0,2233.97,2236.73,2232.88,2235.66,1327.4598
1775890800.0,2235.68,2235.82,2232.63,2234.23,1009.6256
1775891700.0,2234.23,2236.51,2233.72,2235.31,661.9341
1775892600.0,2235.31,2235.31,2232.21,2232.26,790.6467
1775893500.0,2232.27,2232.6,2230.58,2232.6,839.8825
1775894400.0,2232.6,2235.26,2232.33,2234.23,732.5485
1775895300.0,2234.22,2235.43,2233.88,2234.0,1533.2698
1775896200.0,2234.01,2235.22,2232.14,2234.1,1206.2844
1775897100.0,2234.09,2235.27,2232.44,2232.9,1186.6602
1775898000.0,2232.89,2235.21,2232.24,2235.2,1638.7406
1775898900.0,2235.21,2249.31,2235.21,2245.76,6307.9999
1775899800.0,2245.76,2245.77,2240.72,2242.62,1387.6484
1775900700.0,2242.63,2244.37,2242.32,2243.83,911.3085
1775901600.0,2243.84,2245.12,2238.38,2239.97,1406.904
1775902500.0,2239.97,2242.14,2237.7,2241.49,910.0211
1775903400.0,2241.49,2242.13,2238.61,2238.91,826.665
1775904300.0,2238.92,2240.76,2238.23,2240.46,503.5627
1775905200.0,2240.42,2242.31,2239.59,2240.63,1086.0114
1775906100.0,2240.64,2241.27,2238.67,2239.23,958.7112
1775907000.0,2239.23,2243.38,2239.0,2242.82,437.3079
1775907900.0,2242.82,2247.0,2242.13,2246.11,1628.184
1775908800.0,2246.12,2246.26,2243.58,2244.77,691.2467
1775909700.0,2244.76,2245.0,2241.16,2242.71,709.3967
1775910600.0,2242.71,2246.71,2242.27,2245.39,747.4541
1775911500.0,2245.38,2246.27,2244.89,2245.5,554.2584
1775912400.0,2245.49,2245.5,2233.72,2235.73,2782.5263
1775913300.0,2235.75,2242.14,2234.64,2237.65,2110.273
1775914200.0,2237.66,2241.32,2236.89,2240.02,665.9114
1775915100.0,2240.01,2241.47,2239.5,2239.76,924.8333
1775916000.0,2239.75,2244.1,2238.39,2242.1,861.0489
1775916900.0,2242.11,2243.28,2240.66,2241.11,972.0504
1775917800.0,2241.11,2242.14,2238.42,2239.91,628.2017
1775918700.0,2239.92,2242.62,2239.5,2242.1,294.1118
1775919600.0,2242.1,2243.77,2241.39,2243.77,497.5073
1775920500.0,2243.77,2256.11,2243.49,2248.44,3970.0478
1775921400.0,2248.45,2249.93,2246.25,2246.59,1299.6316
1775922300.0,2246.59,2250.23,2245.49,2249.54,1288.3394
1775923200.0,2249.54,2250.29,2246.81,2249.3,609.3872
1775924100.0,2249.3,2250.89,2246.53,2247.41,521.2066
1775925000.0,2247.42,2274.42,2246.61,2263.61,8743.6384
1775925900.0,2263.62,2265.41,2258.62,2258.68,2920.7677
1775926800.0,2258.68,2261.25,2256.12,2256.57,1473.7245
1775927700.0,2256.56,2260.0,2253.87,2258.41,1797.8333
1775928600.0,2258.41,2265.49,2258.41,2262.17,2599.7386
1775929500.0,2262.17,2265.0,2259.0,2260.01,1421.6409
1775930400.0,2260.01,2260.88,2257.34,2260.88,765.46
1775931300.0,2260.87,2264.98,2260.87,2263.01,1067.8043
1775932200.0,2263.02,2311.53,2263.01,2295.67,29907.8215
1775933100.0,2295.66,2309.54,2295.35,2305.44,6256.8224
1775934000.0,2305.43,2327.66,2305.31,2314.4,15249.2083
1775934900.0,2314.4,2322.7,2309.9,2321.0,6384.8121
1775935800.0,2321.0,2329.93,2317.62,2319.01,7013.7476
1775936700.0,2319.0,2319.01,2312.16,2315.96,2523.4952
1775937600.0,2315.96,2317.14,2305.05,2306.81,4070.5912
1775938500.0,2306.81,2310.97,2301.79,2303.06,4559.1495
1775939400.0,2303.06,2303.08,2288.32,2296.03,6793.8068
1775940300.0,2296.04,2302.6,2294.54,2298.32,2848.3474
1775941200.0,2298.32,2304.13,2292.35,2303.09,3505.2682
1775942100.0,2303.09,2303.16,2297.71,2298.19,1546.5106
1775943000.0,2298.19,2302.42,2296.37,2297.79,1325.5648
1775943900.0,2297.79,2303.65,2297.77,2299.36,1094.3564
1775944800.0,2299.35,2304.99,2296.83,2303.69,1105.3607
1775945700.0,2303.68,2308.0,2301.95,2305.76,1802.3952
1775946600.0,2305.77,2306.29,2289.03,2296.81,3407.9895
1775947500.0,2296.8,2297.5,2292.14,2296.88,1241.058
1775948400.0,2296.89,2296.89,2276.47,2283.92,5805.1144
1775949300.0,2283.93,2289.45,2283.59,2287.44,1294.7888
1775950200.0,2287.44,2289.49,2284.28,2284.46,751.2083
1775951100.0,2284.45,2287.34,2283.77,2284.99,885.6731
1775952000.0,2285.0,2288.24,2273.0,2283.98,5556.6654
1775952900.0,2283.98,2286.7,2282.51,2283.97,1495.2987
1775953800.0,2283.96,2286.35,2279.29,2280.61,2869.6508
1775954700.0,2280.61,2285.81,2280.61,2285.72,2029.3483
1775955600.0,2285.72,2288.57,2279.63,2284.34,1728.7617
1775956500.0,2284.34,2286.41,2282.65,2283.66,638.5136
1775957400.0,2283.67,2283.67,2219.25,2227.33,31787.018
1775958300.0,2227.32,2227.83,2209.14,2219.05,13098.5002
1775959200.0,2219.05,2229.89,2207.06,2225.31,7556.2791
1775960100.0,2225.31,2234.35,2218.25,2224.1,5423.6068
1775961000.0,2224.11,2228.73,2224.09,2226.21,1525.433
1775961900.0,2226.2,2226.63,2222.99,2223.43,1871.8085
1775962800.0,2223.42,2227.15,2217.73,2222.16,2397.0004
1775963700.0,2222.14,2223.57,2218.25,2219.7,2199.4355
1775964600.0,2219.69,2222.11,2212.86,2216.56,4483.2195
1775965500.0,2216.56,2217.71,2211.99,2213.71,6676.9217
1775966400.0,2213.7,2216.03,2211.71,2214.92,6648.828
1775967300.0,2214.92,2216.5,2209.08,2212.47,2337.7658
1775968200.0,2212.46,2213.93,2211.11,2213.14,878.4432
1775969100.0,2213.13,2213.9,2210.6,2212.16,1675.8022
1775970000.0,2212.17,2213.82,2208.32,2211.76,2821.6681
1775970900.0,2211.75,2219.01,2209.7,2219.0,1739.4922
1775971800.0,2219.01,2219.96,2214.47,2215.44,2514.3019
1775972700.0,2215.45,2219.27,2215.25,2217.28,840.8611
1775973600.0,2217.28,2220.87,2217.02,2220.5,1309.9415
1775974500.0,2220.49,2220.68,2217.38,2219.52,741.2476
1775975400.0,2219.51,2219.51,2214.85,2215.28,1071.5551
1775976300.0,2215.27,2216.97,2214.71,2216.07,513.022
1775977200.0,2216.08,2216.62,2212.2,2214.0,1553.9026
1775978100.0,2214.0,2215.39,2213.0,2214.94,737.5663
1775979000.0,2214.93,2219.23,2214.62,2218.96,1103.4328
1775979900.0,2218.96,2220.48,2218.0,2218.02,1156.2153
1775980800.0,2218.02,2218.26,2215.32,2216.02,975.6559
1775981700.0,2216.02,2218.7,2216.0,2218.7,722.3896
1775982600.0,2218.69,2219.04,2216.87,2217.97,1373.0052
1775983500.0,2217.97,2217.98,2211.92,2214.0,2093.4273
1775984400.0,2214.0,2214.79,2211.44,2214.78,1906.2722
1775985300.0,2214.77,2216.08,2214.31,2214.31,1449.5497
1775986200.0,2214.32,2215.56,2212.93,2213.7,986.4666
1775987100.0,2213.7,2215.0,2212.21,2214.19,872.0317
1775988000.0,2214.2,2217.24,2213.29,2214.88,801.0316
1775988900.0,2214.88,2216.28,2214.07,2214.87,1169.4796
1775989800.0,2214.86,2215.16,2212.75,2213.16,752.2701
1775990700.0,2213.16,2213.21,2194.32,2201.66,8067.0838
1775991600.0,2201.65,2207.41,2197.54,2205.62,2632.4711
1775992500.0,2205.61,2205.97,2203.2,2205.92,922.8389
1775993400.0,2205.92,2206.05,2202.99,2204.07,952.106
1775994300.0,2204.07,2205.4,2203.13,2204.62,1051.684
1775995200.0,2204.62,2204.62,2200.23,2202.81,2147.7105
1775996100.0,2202.82,2204.98,2202.17,2204.85,940.1158
1775997000.0,2204.85,2208.22,2200.0,2206.82,1590.8115
1775997900.0,2206.82,2207.3,2188.0,2194.76,8203.3693
1775998800.0,2194.76,2199.17,2187.22,2191.86,7114.8826
1775999700.0,2191.86,2197.22,2191.86,2195.01,2695.3391
1776000600.0,2195.01,2196.14,2187.68,2190.57,2566.7068
1776001500.0,2190.58,2191.07,2185.17,2186.98,2909.4412
1776002400.0,2186.98,2191.89,2184.04,2189.04,6235.0159
1776003300.0,2189.05,2193.53,2189.05,2192.61,1859.1458
1776004200.0,2192.61,2192.64,2179.15,2183.61,6046.3277
1776005100.0,2183.62,2184.7,2178.69,2180.86,2659.5251
1776006000.0,2180.88,2184.33,2179.94,2184.28,2360.8496
1776006900.0,2184.28,2184.33,2179.0,2181.05,1488.68
1776007800.0,2181.04,2184.44,2175.0,2182.99,3039.6585
1776008700.0,2182.99,2188.89,2182.14,2186.47,1733.1017
1776009600.0,2186.47,2190.43,2184.58,2188.12,1903.844
1776010500.0,2188.11,2188.12,2183.09,2186.9,1073.5284
1776011400.0,2186.91,2187.32,2183.96,2185.71,842.2363
1776012300.0,2185.71,2187.43,2184.43,2187.09,854.784
1776013200.0,2187.09,2191.53,2187.09,2187.79,1159.3174
1776014100.0,2187.79,2193.28,2187.76,2193.03,1126.092
1776015000.0,2193.03,2197.5,2193.02,2195.44,1961.2153
1776015900.0,2195.41,2205.0,2192.17,2203.17,3298.8931
1776016800.0,2203.18,2206.15,2201.43,2204.56,1928.5783
1776017700.0,2204.56,2207.23,2200.35,2200.67,1266.7365
1776018600.0,2200.67,2206.68,2200.66,2202.94,1272.6465
1776019500.0,2202.94,2203.0,2199.56,2200.6,1120.7419
1776020400.0,2200.6,2205.2,2200.49,2202.58,769.1842
1776021300.0,2202.58,2204.73,2201.21,2204.72,1340.1399
1776022200.0,2204.72,2205.04,2200.56,2201.24,486.3439
1776023100.0,2201.23,2201.65,2197.4,2198.27,1012.2284
1776024000.0,2198.27,2199.62,2194.04,2195.57,1606.2151
1776024900.0,2195.58,2198.01,2193.34,2197.73,622.5997
1776025800.0,2197.72,2218.13,2197.57,2212.55,3763.7102
1776026700.0,2212.56,2215.85,2207.28,2213.53,2801.7985
1776027600.0,2213.54,2217.71,2206.0,2207.89,1496.5598
1776028500.0,2207.89,2211.97,2207.89,2208.9,1116.738
1776029400.0,2208.9,2212.39,2205.19,2210.37,1125.4708
1776030300.0,2210.38,2211.91,2206.82,2211.24,1126.9384
1776031200.0,2211.24,2211.26,2187.09,2196.55,8834.6619
1776032100.0,2196.55,2198.58,2184.52,2188.34,3835.6367
1776033000.0,2188.33,2201.54,2183.99,2196.78,3271.7405
1776033900.0,2196.78,2200.45,2193.77,2199.37,1047.2277
1776034800.0,2199.36,2199.36,2188.42,2189.42,1977.0212
1776035700.0,2189.42,2193.39,2187.26,2191.68,1358.4485
1776036600.0,2191.67,2191.67,2186.35,2190.93,1726.5088
1776037500.0,2190.93,2194.22,2186.51,2191.65,1729.1449
1776038400.0,2191.64,2196.66,2187.2,2196.0,2217.03
1776039300.0,2195.99,2204.78,2193.7,2200.26,2002.2804
1776040200.0,2200.26,2204.38,2197.11,2198.65,3441.3403
1776041100.0,2198.66,2208.32,2197.88,2205.18,2696.9065
1776042000.0,2205.18,2209.05,2203.17,2203.61,1663.9499
1776042900.0,2203.61,2204.9,2201.33,2203.2,991.8314
1776043800.0,2203.24,2207.36,2200.55,2204.19,1648.4238
1776044700.0,2204.18,2205.09,2202.2,2203.69,1126.8578
1776045600.0,2203.68,2205.84,2192.49,2194.36,1752.5969
1776046500.0,2194.37,2203.76,2194.37,2201.56,939.7494
1776047400.0,2201.56,2203.74,2193.56,2193.84,2258.8661
1776048300.0,2193.84,2195.86,2192.57,2194.22,503.2483
1776049200.0,2194.23,2194.66,2190.1,2192.46,2103.533
1776050100.0,2192.46,2195.8,2191.16,2193.63,1457.8541
1776051000.0,2193.62,2194.67,2190.24,2193.64,982.5408
1776051900.0,2193.64,2194.85,2191.83,2194.36,668.4698
1776052800.0,2194.36,2195.67,2191.48,2193.07,849.7405
1776053700.0,2193.08,2195.59,2191.76,2194.99,893.4111
1776054600.0,2194.99,2199.14,2194.67,2196.27,1547.2401
1776055500.0,2196.27,2196.27,2187.58,2190.26,1658.5098
1776056400.0,2190.25,2190.89,2186.06,2187.09,1355.5303
1776057300.0,2187.08,2189.05,2184.38,2188.79,1183.0393
1776058200.0,2188.79,2188.79,2182.22,2185.18,1726.2507
1776059100.0,2185.17,2191.35,2185.17,2191.34,2890.2696
1776060000.0,2191.34,2196.15,2190.32,2195.27,3437.2423
1776060900.0,2195.28,2199.41,2194.44,2196.58,2987.0318
1776061800.0,2196.58,2200.34,2194.9,2199.48,2202.4096
1776062700.0,2199.48,2201.45,2196.74,2198.49,2742.9697
1776063600.0,2198.49,2199.76,2192.51,2192.88,1878.1462
1776064500.0,2192.88,2192.88,2183.11,2184.44,4627.8605
1776065400.0,2184.45,2188.22,2184.21,2186.67,2029.26
1776066300.0,2186.66,2189.57,2186.0,2186.56,1182.8514
1776067200.0,2186.57,2189.65,2183.6,2183.82,2418.753
1776068100.0,2183.82,2187.01,2181.55,2185.69,1798.4594
1776069000.0,2185.69,2185.69,2180.0,2181.59,2594.926
1776069900.0,2181.59,2185.84,2180.49,2185.28,1083.0515
1776070800.0,2185.28,2195.34,2185.28,2189.21,1591.3088
1776071700.0,2189.22,2191.76,2187.82,2190.24,853.3738
1776072600.0,2190.24,2190.62,2188.23,2189.65,548.5436
1776073500.0,2189.65,2189.65,2187.23,2188.08,891.1964
1776074400.0,2188.08,2188.78,2185.29,2187.21,884.5375
1776075300.0,2187.21,2187.21,2182.12,2182.53,994.5616
1776076200.0,2182.53,2185.53,2179.0,2183.52,1636.3583
1776077100.0,2183.52,2185.92,2181.15,2183.41,1032.7189
1776078000.0,2183.41,2187.59,2182.45,2186.0,1289.2705
1776078900.0,2185.99,2187.38,2184.56,2186.55,642.8184
1776079800.0,2186.56,2189.92,2185.0,2189.12,1389.8833
1776080700.0,2189.13,2190.96,2187.01,2187.33,967.7944
1776081600.0,2187.33,2188.96,2183.63,2186.56,2311.7617
1776082500.0,2186.56,2186.77,2180.34,2180.34,1254.2878
1776083400.0,2180.34,2183.31,2175.68,2179.66,3176.0897
1776084300.0,2179.67,2200.0,2179.66,2192.25,10030.4945
1776085200.0,2192.3,2200.42,2192.3,2200.2,4221.9827
1776086100.0,2200.2,2202.1,2195.5,2196.81,3631.3205
1776087000.0,2196.81,2198.67,2181.4,2187.84,6402.4523
1776087900.0,2187.85,2215.62,2182.9,2215.47,16179.6244
1776088800.0,2215.46,2218.3,2203.45,2208.05,6073.3695
1776089700.0,2208.04,2213.0,2203.74,2211.31,4940.2999
1776090600.0,2211.31,2227.65,2210.74,2225.85,8066.627
1776091500.0,2225.86,2235.03,2218.25,2234.18,11991.536
1776092400.0,2234.18,2236.43,2215.77,2220.35,9568.2565
1776093300.0,2220.36,2220.93,2211.27,2214.0,7019.8843
1776094200.0,2214.0,2214.0,2199.52,2206.72,6532.2074
1776095100.0,2206.71,2210.0,2201.33,2209.28,2859.1683
1776096000.0,2209.28,2219.24,2200.0,2219.2,4151.9736
1776096900.0,2219.21,2227.62,2215.46,2226.16,3570.8982
1776097800.0,2226.17,2233.62,2223.86,2227.96,4962.0607
1776098700.0,2227.97,2234.62,2221.98,2225.86,3575.3828
1776099600.0,2225.85,2230.66,2222.76,2225.79,1875.5401
1776100500.0,2225.79,2232.95,2224.51,2232.62,1713.5335
1776101400.0,2232.62,2242.9,2232.52,2235.86,4787.8631
1776102300.0,2235.87,2237.63,2222.5,2225.13,3673.7388
1776103200.0,2225.12,2231.32,2223.99,2227.38,2075.7311
1776104100.0,2227.37,2229.26,2218.53,2221.97,1921.1579
1776105000.0,2221.96,2233.6,2221.96,2231.01,1841.8178
1776105900.0,2231.01,2233.63,2228.01,2232.23,819.0884
1776106800.0,2232.22,2235.42,2227.72,2228.24,1670.4252
1776107700.0,2228.24,2244.95,2228.24,2242.08,7156.1717
1776108600.0,2242.09,2256.25,2240.87,2251.13,9302.7306
1776109500.0,2251.13,2268.88,2251.13,2262.33,11712.5453
1776110400.0,2262.33,2263.48,2249.26,2249.66,5981.5645
1776111300.0,2249.67,2254.05,2247.5,2254.05,2952.1711
1776112200.0,2254.05,2259.17,2251.93,2255.38,3010.1078
1776113100.0,2255.38,2257.26,2249.52,2252.49,2236.7086
1776114000.0,2252.49,2259.5,2249.62,2256.03,2042.6343
1776114900.0,2256.03,2259.46,2251.99,2253.74,1365.8133
1776115800.0,2253.75,2266.66,2253.54,2261.33,2568.7039
1776116700.0,2261.33,2264.42,2256.96,2260.07,2178.5519
1776117600.0,2260.07,2305.11,2259.81,2295.42,17468.886
1776118500.0,2295.42,2337.2,2294.82,2325.44,35469.0896
1776119400.0,2325.45,2347.0,2325.45,2344.17,21708.9992
1776120300.0,2344.17,2363.94,2341.2,2352.74,21227.8294
1776121200.0,2352.74,2359.55,2341.53,2353.76,13138.1311
1776122100.0,2353.76,2394.71,2347.61,2387.99,50071.5847
1776123000.0,2387.99,2390.96,2371.79,2373.01,13461.7701
1776123900.0,2373.02,2376.64,2368.61,2369.46,9653.4656
1776124800.0,2369.46,2375.9,2364.5,2367.56,7876.3795
1776125700.0,2367.57,2374.51,2364.65,2366.56,7746.9879
1776126600.0,2366.56,2371.5,2363.21,2369.86,5211.4411
1776127500.0,2369.87,2370.1,2359.55,2361.0,6243.296
1776128400.0,2361.01,2365.42,2354.6,2365.37,8460.7839
1776129300.0,2365.37,2369.5,2362.13,2363.55,4383.3491
1776130200.0,2363.54,2369.53,2361.0,2367.29,4570.7072
1776131100.0,2367.29,2373.42,2366.3,2368.7,4434.9869
1776132000.0,2368.7,2375.57,2368.69,2374.57,4071.0612
1776132900.0,2374.56,2378.06,2370.5,2370.51,2762.0184
1776133800.0,2370.51,2375.0,2366.22,2372.55,3766.1151
1776134700.0,2372.55,2373.22,2367.05,2367.62,4325.7917
1776135600.0,2367.62,2370.53,2366.43,2366.75,2308.4439
1776136500.0,2366.76,2367.87,2361.55,2363.3,3201.6068
1776137400.0,2363.3,2369.53,2362.95,2368.48,2624.5098
1776138300.0,2368.48,2369.0,2365.0,2365.5,2445.374
1776139200.0,2365.5,2368.38,2363.35,2365.97,1807.5351
1776140100.0,2365.98,2368.03,2364.24,2366.35,1685.9457
1776141000.0,2366.35,2366.97,2363.75,2364.39,2139.472
1776141900.0,2364.4,2365.65,2361.81,2364.33,2342.4407
1776142800.0,2364.34,2364.62,2361.84,2362.4,2426.2304
1776143700.0,2362.4,2369.55,2360.5,2367.0,4810.5477
1776144600.0,2367.0,2367.0,2361.7,2362.4,2971.4746
1776145500.0,2362.39,2362.4,2354.76,2355.49,5368.7703
1776146400.0,2355.49,2363.51,2355.49,2361.07,4113.9565
1776147300.0,2361.08,2367.45,2359.84,2366.36,2629.9147
1776148200.0,2366.36,2369.44,2365.01,2367.64,2422.9147
1776149100.0,2367.64,2376.68,2367.13,2373.08,4690.559
1776150000.0,2373.08,2389.99,2371.23,2382.56,10497.5086
1776150900.0,2382.57,2384.0,2377.93,2380.34,4566.6402
1776151800.0,2380.33,2380.85,2371.32,2371.32,5182.1124
1776152700.0,2371.32,2377.92,2370.59,2377.91,6200.0984
1776153600.0,2377.92,2380.0,2374.04,2377.35,2651.7698
1776154500.0,2377.36,2380.35,2375.58,2380.16,3676.3267
1776155400.0,2380.15,2396.03,2378.48,2387.88,13972.9958
1776156300.0,2387.88,2390.12,2385.77,2387.61,4627.1178
1776157200.0,2387.62,2392.95,2385.56,2392.53,4066.8294
1776158100.0,2392.53,2394.73,2387.22,2389.81,3076.0733
1776159000.0,2389.8,2393.52,2385.95,2387.0,3517.6765
1776159900.0,2386.99,2388.62,2382.82,2387.14,2756.0041
1776160800.0,2387.14,2387.85,2382.48,2384.95,3151.7754
1776161700.0,2384.95,2386.07,2381.26,2383.4,3093.7989
1776162600.0,2383.41,2385.51,2375.06,2375.59,3115.9033
1776163500.0,2375.59,2377.89,2373.0,2375.08,3686.1365
1776164400.0,2375.08,2376.24,2373.08,2373.66,3963.8257
1776165300.0,2373.65,2376.24,2368.56,2369.45,3784.0464
1776166200.0,2369.46,2374.49,2367.61,2372.06,2172.8302
1776167100.0,2372.05,2377.91,2371.69,2374.53,4858.2165
1776168000.0,2374.54,2377.31,2368.56,2369.7,4197.7426
1776168900.0,2369.71,2373.73,2368.73,2372.64,2582.9039
1776169800.0,2372.63,2377.74,2370.21,2370.89,3835.0775
1776170700.0,2370.9,2375.38,2370.65,2373.94,1662.6355
1776171600.0,2373.95,2381.91,2372.67,2381.0,2579.8662
1776172500.0,2381.0,2384.44,2373.96,2373.96,5183.0924
1776173400.0,2373.97,2395.97,2373.97,2390.01,18875.3351
1776174300.0,2390.01,2393.63,2384.49,2391.5,10417.9076
1776175200.0,2391.51,2394.07,2378.21,2383.14,8840.3362
1776176100.0,2383.14,2393.79,2380.11,2392.26,7302.5992
1776177000.0,2392.26,2415.5,2365.9,2371.35,31227.0592
1776177900.0,2371.35,2373.4,2352.59,2353.05,17111.5397
1776178800.0,2353.05,2357.81,2332.72,2342.19,18816.3905
1776179700.0,2342.19,2347.6,2338.93,2341.47,7894.5587
1776180600.0,2341.47,2367.02,2340.72,2366.35,8530.1626
1776181500.0,2366.35,2372.12,2361.8,2364.63,5950.1915
1776182400.0,2364.62,2371.48,2358.55,2361.16,5864.5021
1776183300.0,2361.16,2362.0,2347.7,2353.01,4661.12
1776184200.0,2353.0,2354.53,2345.0,2350.81,3271.8434
1776185100.0,2350.8,2351.28,2329.56,2334.0,6918.3879
1776186000.0,2334.0,2340.17,2329.41,2338.58,4455.4457
1776186900.0,2338.58,2345.49,2334.8,2334.81,2471.1892
1776187800.0,2334.8,2337.18,2323.66,2332.75,5723.8698
1776188700.0,2332.75,2338.39,2330.97,2338.37,1545.4792
1776189600.0,2338.37,2344.69,2337.53,2339.27,6410.9857
1776190500.0,2339.27,2342.11,2329.56,2334.77,3108.1213
1776191400.0,2334.77,2337.84,2322.53,2326.45,3699.8607
1776192300.0,2326.45,2327.94,2309.28,2313.89,9436.0606
1776193200.0,2313.89,2322.73,2311.0,2317.68,3905.7837
1776194100.0,2317.67,2321.55,2302.9,2313.74,4716.7959
1776195000.0,2313.73,2317.89,2308.95,2310.65,4047.3173
1776195900.0,2310.64,2314.25,2308.63,2313.32,2934.1263
1776196800.0,2313.32,2322.73,2311.94,2320.87,2431.41
1776197700.0,2320.86,2321.54,2308.72,2311.43,1897.8016
1776198600.0,2311.43,2314.76,2308.53,2314.39,979.9395
1776199500.0,2314.39,2317.5,2310.24,2315.1,1229.9224
1776200400.0,2315.1,2326.0,2314.87,2320.16,2543.7853
1776201300.0,2320.16,2321.82,2315.43,2321.47,1359.4605
1776202200.0,2321.46,2322.23,2316.31,2319.4,998.5014
1776203100.0,2319.39,2326.21,2317.34,2323.72,1331.6913
1776204000.0,2323.72,2332.35,2320.23,2328.21,5105.9005
1776204900.0,2328.21,2328.21,2313.7,2314.4,1848.6485
1776205800.0,2314.4,2320.0,2311.75,2312.49,1714.2102
1776206700.0,2312.48,2317.48,2312.02,2314.99,1062.2905
1776207600.0,2314.99,2321.28,2314.32,2318.93,1025.5979
1776208500.0,2318.92,2322.32,2317.31,2319.44,1099.0887
1776209400.0,2319.45,2326.65,2319.42,2324.28,1236.0518
1776210300.0,2324.29,2326.65,2319.37,2322.44,1604.497
1776211200.0,2322.44,2342.76,2321.63,2338.23,4968.7596
1776212100.0,2338.23,2341.2,2330.58,2337.97,2398.8876
1776213000.0,2337.98,2339.08,2331.5,2333.17,1921.9896
1776213900.0,2333.17,2335.16,2328.59,2333.81,1631.6691
1776214800.0,2333.8,2339.76,2331.24,2339.75,1760.2173
1776215700.0,2339.75,2340.89,2333.01,2336.25,1498.4338
1776216600.0,2336.25,2339.08,2331.18,2338.13,1791.5965
1776217500.0,2338.12,2342.6,2333.05,2335.66,2404.5945
1776218400.0,2335.66,2338.02,2332.15,2334.51,985.5008
1776219300.0,2334.52,2335.5,2325.65,2325.8,2058.9475
1776220200.0,2325.8,2326.0,2317.56,2322.03,2090.0172
1776221100.0,2322.03,2325.32,2318.41,2324.77,1717.3146
1776222000.0,2324.78,2325.2,2321.1,2322.94,1246.2957
1776222900.0,2322.94,2329.08,2320.57,2327.15,1020.7549
1776223800.0,2327.15,2329.39,2322.5,2324.19,702.6105
1776224700.0,2324.19,2329.38,2323.56,2328.81,703.9574
1776225600.0,2328.82,2334.32,2328.66,2331.34,1044.0442
1776226500.0,2331.34,2334.2,2328.0,2329.77,1153.9791
1776227400.0,2329.77,2334.57,2328.14,2331.29,1265.3698
1776228300.0,2331.29,2334.7,2328.48,2333.44,1456.9287
1776229200.0,2333.43,2338.23,2328.53,2330.18,2492.1186
1776230100.0,2330.18,2331.15,2320.56,2322.12,1756.025
1776231000.0,2322.13,2322.89,2314.0,2317.85,2838.9871
1776231900.0,2317.86,2320.77,2315.94,2319.45,1483.745
1776232800.0,2319.44,2321.02,2314.99,2317.75,3051.7019
1776233700.0,2317.76,2321.02,2317.53,2317.53,1238.354
1776234600.0,2317.54,2319.17,2315.52,2318.48,970.5988
1776235500.0,2318.49,2320.04,2315.75,2317.37,810.0512
1776236400.0,2317.37,2323.53,2317.36,2320.2,1374.0095
1776237300.0,2320.19,2320.31,2308.5,2314.57,3603.7406
1776238200.0,2314.57,2314.57,2310.01,2313.17,2835.832
1776239100.0,2313.17,2318.75,2309.2,2316.62,4130.0584
1776240000.0,2316.62,2321.89,2314.07,2319.75,4334.6754
1776240900.0,2319.75,2324.47,2318.38,2324.01,2792.3617
1776241800.0,2324.0,2333.0,2324.0,2327.18,5842.9633
1776242700.0,2327.17,2330.0,2322.72,2327.4,3636.8897
1776243600.0,2327.4,2329.62,2320.82,2323.94,1498.6227
1776244500.0,2323.93,2326.8,2319.19,2320.26,1041.6575
1776245400.0,2320.25,2322.97,2318.75,2320.77,1095.9034
1776246300.0,2320.77,2321.0,2318.47,2319.95,1183.665
1776247200.0,2319.95,2325.61,2317.2,2322.09,2403.0234
1776248100.0,2322.1,2322.2,2313.31,2314.31,1956.471
1776249000.0,2314.3,2322.35,2312.15,2322.35,1526.3376
1776249900.0,2322.35,2328.52,2315.5,2316.64,2040.9746
1776250800.0,2316.65,2331.25,2316.65,2326.42,2561.4563
1776251700.0,2326.42,2327.34,2323.4,2325.01,1305.6357
1776252600.0,2325.0,2329.26,2324.12,2329.26,799.2744
1776253500.0,2329.25,2339.42,2328.67,2337.43,5754.8718
1776254400.0,2337.42,2339.84,2331.96,2334.38,2853.7595
1776255300.0,2334.39,2334.44,2329.66,2331.79,1214.6333
1776256200.0,2331.78,2340.0,2331.78,2336.63,2149.41
1776257100.0,2336.62,2337.0,2332.97,2332.98,2537.8638
1776258000.0,2332.97,2334.0,2328.0,2331.68,1862.096
1776258900.0,2331.68,2334.76,2327.65,2332.39,1603.7631
1776259800.0,2332.39,2333.95,2318.08,2318.77,4389.2065
1776260700.0,2318.76,2330.0,2317.54,2326.94,3973.9593
1776261600.0,2326.93,2333.22,2321.94,2333.04,3875.9379
1776262500.0,2333.05,2344.88,2331.27,2339.99,6899.5789
1776263400.0,2340.0,2342.0,2327.6,2328.84,3547.0601
1776264300.0,2328.85,2340.07,2328.85,2338.4,2265.0765
1776265200.0,2338.41,2349.46,2332.09,2347.42,4681.607
1776266100.0,2347.41,2348.91,2334.73,2336.45,3698.0802
1776267000.0,2336.45,2336.46,2320.77,2332.73,6821.7785
1776267900.0,2332.73,2337.5,2328.62,2332.04,2983.027
1776268800.0,2332.03,2341.93,2329.1,2341.63,2564.5379
1776269700.0,2341.63,2347.8,2339.99,2344.48,3266.7775
1776270600.0,2344.48,2349.87,2336.39,2338.17,2746.8574
1776271500.0,2338.18,2344.35,2335.15,2341.48,3044.7973
1776272400.0,2341.48,2347.91,2340.09,2345.72,3553.6244
1776273300.0,2345.71,2358.82,2340.85,2352.29,4038.8639
1776274200.0,2352.3,2355.76,2339.65,2342.63,6741.7903
1776275100.0,2342.63,2349.25,2341.85,2348.66,2481.5396
1776276000.0,2348.66,2356.21,2346.34,2353.99,4535.2201
1776276900.0,2353.99,2355.73,2347.48,2349.11,1853.0845
1776277800.0,2349.1,2355.0,2348.15,2353.88,1513.8004
1776278700.0,2353.88,2359.96,2353.02,2358.66,2829.9598
1776279600.0,2358.66,2368.86,2357.37,2365.05,5233.0842
1776280500.0,2365.04,2366.42,2360.11,2365.29,2572.1191
1776281400.0,2365.28,2385.61,2364.8,2375.43,9445.3938
1776282300.0,2375.43,2378.45,2370.55,2375.05,3617.1541
1776283200.0,2375.05,2376.31,2359.49,2363.15,4018.1648
1776284100.0,2363.15,2363.16,2353.72,2360.71,2806.0604
1776285000.0,2360.71,2367.11,2356.03,2358.06,2563.4784
1776285900.0,2358.07,2364.33,2358.06,2362.95,2001.6324
1776286800.0,2362.95,2363.33,2353.77,2353.78,3478.3131
1776287700.0,2353.78,2354.27,2348.58,2353.04,2722.3946
1776288600.0,2353.03,2360.51,2350.14,2358.26,2009.7738
1776289500.0,2358.26,2363.5,2357.19,2361.3,1409.1666
1776290400.0,2361.29,2380.45,2360.33,2373.69,7607.7122
1776291300.0,2373.7,2373.7,2364.63,2368.89,3019.6025
1776292200.0,2368.89,2380.35,2365.33,2369.36,4592.5237
1776293100.0,2369.35,2373.56,2362.85,2363.45,2732.3959
1776294000.0,2363.46,2363.46,2355.73,2357.72,2660.8496
1776294900.0,2357.72,2357.92,2349.6,2355.84,3584.7378
1776295800.0,2355.85,2356.92,2349.8,2353.41,3593.711
1776296700.0,2353.41,2361.43,2353.04,2359.95,3812.805
1776297600.0,2359.94,2360.41,2351.79,2353.26,1551.1739
1776298500.0,2353.25,2355.88,2349.93,2354.53,1183.6566
1776299400.0,2354.53,2363.54,2354.53,2358.92,1512.758
1776300300.0,2358.92,2363.03,2355.91,2360.58,842.014
1776301200.0,2360.58,2360.58,2345.04,2350.42,2772.7502
1776302100.0,2350.43,2356.54,2348.08,2351.41,895.4226
1776303000.0,2351.42,2355.64,2350.21,2354.86,1204.6
1776303900.0,2354.86,2356.01,2348.82,2352.06,905.9614
1776304800.0,2352.06,2356.96,2351.84,2352.6,923.7649
1776305700.0,2352.59,2359.45,2350.01,2359.01,1393.7113
1776306600.0,2359.02,2369.59,2359.02,2366.32,3720.6807
1776307500.0,2366.32,2368.46,2354.91,2356.68,2587.9206
1776308400.0,2356.67,2362.92,2355.91,2358.0,1481.6497
1776309300.0,2358.0,2365.88,2358.0,2361.21,1666.2699
1776310200.0,2361.21,2362.05,2357.5,2360.58,797.3671
1776311100.0,2360.59,2361.4,2357.5,2357.86,933.0195
1776312000.0,2357.85,2361.25,2355.12,2359.18,1149.7324
1776312900.0,2359.18,2360.98,2357.01,2358.43,700.3636
1776313800.0,2358.43,2364.0,2355.65,2361.8,1483.6452
1776314700.0,2361.8,2361.8,2348.38,2354.13,3145.2419
1776315600.0,2354.14,2356.0,2349.59,2352.35,2000.4823
1776316500.0,2352.35,2359.5,2351.43,2357.36,1945.8625
1776317400.0,2357.36,2361.79,2356.52,2357.92,2580.3081
1776318300.0,2357.91,2358.27,2355.36,2356.86,1113.8082
1776319200.0,2356.86,2360.57,2355.87,2356.62,1439.99
1776320100.0,2356.62,2358.84,2355.36,2355.56,1296.1046
1776321000.0,2355.57,2356.16,2349.77,2353.09,2161.5076
1776321900.0,2353.09,2356.14,2351.55,2356.01,1185.9687
1776322800.0,2356.02,2357.56,2351.06,2352.33,1586.0725
1776323700.0,2352.33,2354.44,2350.29,2352.64,1184.2573
1776324600.0,2352.64,2353.23,2349.38,2350.02,2987.8747
1776325500.0,2350.02,2350.24,2335.72,2341.52,7068.886
1776326400.0,2341.52,2342.89,2334.65,2335.0,3842.0793
1776327300.0,2335.01,2341.83,2335.0,2341.16,1907.382
1776328200.0,2341.15,2344.35,2340.18,2343.22,1515.9296
1776329100.0,2343.22,2345.98,2338.25,2339.11,1834.7217
1776330000.0,2339.12,2344.01,2338.0,2343.64,3701.8004
1776330900.0,2343.65,2348.4,2343.65,2346.31,3223.5034
1776331800.0,2346.3,2346.97,2338.67,2339.58,1624.6312
1776332700.0,2339.58,2340.92,2337.79,2338.09,2330.2432
1776333600.0,2338.09,2340.21,2329.44,2330.67,5842.6178
1776334500.0,2330.66,2337.54,2329.01,2335.11,2739.7607
1776335400.0,2335.11,2337.53,2332.35,2332.86,2053.096
1776336300.0,2332.86,2334.96,2328.64,2332.42,1807.3981
1776337200.0,2332.42,2333.87,2330.1,2331.04,1000.0461
1776338100.0,2331.05,2332.75,2329.8,2332.49,1161.8937
1776339000.0,2332.49,2335.69,2331.67,2332.54,2311.3237
1776339900.0,2332.54,2336.26,2331.92,2335.67,1821.5183
1776340800.0,2335.68,2349.45,2334.99,2344.21,4689.9839
1776341700.0,2344.21,2346.31,2339.01,2340.78,1587.9166
1776342600.0,2340.79,2341.99,2336.75,2339.41,1405.8234
1776343500.0,2339.4,2341.62,2337.55,2340.44,1300.4956
1776344400.0,2340.44,2345.35,2337.8,2344.7,1901.9975
1776345300.0,2344.71,2351.8,2344.16,2349.3,3846.3808
1776346200.0,2349.28,2350.44,2332.24,2336.96,7446.5763
1776347100.0,2336.96,2336.98,2290.57,2308.29,29712.1803
1776348000.0,2308.28,2312.68,2297.84,2306.09,11233.282
1776348900.0,2306.09,2308.33,2285.1,2294.97,14326.8187
1776349800.0,2294.96,2306.67,2294.0,2304.92,6642.6255
1776350700.0,2304.92,2316.34,2303.77,2309.97,7701.4001
1776351600.0,2309.96,2330.45,2308.5,2325.08,7571.5446
1776352500.0,2325.09,2328.88,2318.94,2319.16,7061.1502
1776353400.0,2319.15,2349.84,2318.01,2338.7,11445.1878
1776354300.0,2338.7,2343.18,2331.5,2339.01,4242.3285
1776355200.0,2339.01,2348.69,2334.1,2336.02,6955.0106
1776356100.0,2336.01,2342.5,2331.81,2332.08,3762.6906
1776357000.0,2332.09,2335.0,2317.31,2321.65,6346.6363
1776357900.0,2321.65,2325.09,2309.96,2316.76,5310.9339
1776358800.0,2316.77,2321.06,2311.32,2311.45,3043.6168
1776359700.0,2311.44,2325.54,2310.0,2324.64,3361.7651
1776360600.0,2324.64,2329.47,2318.26,2328.31,2114.3954
1776361500.0,2328.31,2329.48,2319.85,2325.79,2802.957
1776362400.0,2325.8,2334.67,2320.4,2327.48,3947.2269
1776363300.0,2327.47,2330.78,2322.61,2325.9,3266.2237
1776364200.0,2325.9,2335.3,2324.71,2333.36,2836.9356
1776365100.0,2333.36,2346.66,2333.36,2343.1,9668.6295
1776366000.0,2343.11,2345.83,2334.66,2337.05,4786.7122
1776366900.0,2337.05,2347.5,2335.87,2345.19,3173.7288
1776367800.0,2345.18,2359.9,2343.12,2357.99,6720.7008
1776368700.0,2357.99,2361.96,2354.7,2359.7,4421.6799
1776369600.0,2359.69,2364.68,2354.11,2359.06,4440.6876
1776370500.0,2359.06,2361.25,2349.32,2351.3,8400.7969
1776371400.0,2351.3,2351.31,2341.51,2344.88,3117.1214
1776372300.0,2344.87,2350.66,2343.63,2350.23,1940.6539
1776373200.0,2350.23,2356.53,2347.55,2351.04,1964.5607
1776374100.0,2351.04,2352.0,2336.25,2340.8,2960.6423
1776375000.0,2340.8,2343.57,2337.34,2339.84,1603.3138
1776375900.0,2339.84,2341.41,2338.77,2341.17,1026.7842
1776376800.0,2341.18,2350.56,2341.09,2343.7,2667.8629
1776377700.0,2343.7,2345.52,2339.3,2343.34,2516.8906
1776378600.0,2343.34,2346.17,2341.59,2344.96,1393.6961
1776379500.0,2344.95,2347.58,2341.23,2342.6,825.7967
1776380400.0,2342.59,2346.31,2341.61,2345.13,1233.1527
1776381300.0,2345.13,2353.0,2342.21,2348.28,1674.4329
1776382200.0,2348.25,2355.0,2347.81,2352.72,1462.5445
1776383100.0,2352.72,2352.89,2346.43,2348.17,975.6944
1776384000.0,2348.16,2350.9,2342.38,2343.01,2172.1547
1776384900.0,2343.0,2346.33,2341.0,2345.81,970.6536
1776385800.0,2345.81,2350.49,2345.55,2345.55,902.1374
1776386700.0,2345.54,2346.76,2343.69,2344.4,1052.0128
1776387600.0,2344.39,2349.0,2341.65,2344.03,1115.2444
1776388500.0,2344.03,2345.19,2328.32,2333.64,3962.887
1776389400.0,2333.63,2336.4,2328.12,2332.69,1162.9143
1776390300.0,2332.69,2339.18,2327.34,2335.38,2824.5894
1776391200.0,2335.37,2338.74,2330.45,2332.86,765.223
1776392100.0,2332.85,2333.24,2327.8,2327.81,1285.9767
1776393000.0,2327.81,2333.38,2324.93,2330.48,1227.975
1776393900.0,2330.48,2332.21,2328.99,2331.75,684.6396
1776394800.0,2331.75,2331.77,2327.46,2328.82,705.8266
1776395700.0,2328.82,2331.18,2327.15,2328.47,830.5162
1776396600.0,2328.47,2331.02,2323.83,2328.83,1323.3043
1776397500.0,2328.84,2330.73,2325.23,2325.52,1015.9264
1776398400.0,2325.53,2327.63,2324.21,2327.47,1188.6349
1776399300.0,2327.47,2332.21,2327.47,2329.97,930.9622
1776400200.0,2329.96,2333.08,2329.45,2332.38,826.9961
1776401100.0,2332.38,2333.73,2328.35,2328.96,974.5695
1776402000.0,2328.96,2329.36,2317.43,2320.86,3450.2348
1776402900.0,2320.88,2325.3,2320.29,2322.25,1383.4719
1776403800.0,2322.25,2323.91,2320.14,2321.29,1312.5001
1776404700.0,2321.28,2322.29,2317.99,2319.29,4763.3731
1776405600.0,2319.29,2324.88,2317.49,2323.7,3302.4307
1776406500.0,2323.71,2326.0,2323.22,2325.73,2112.3689
1776407400.0,2325.73,2329.67,2324.07,2329.22,1300.8481
1776408300.0,2329.23,2332.4,2328.03,2331.09,2051.2254
1776409200.0,2331.1,2342.02,2331.06,2339.87,3448.7633
1776410100.0,2339.87,2339.87,2334.52,2337.14,1676.8876
1776411000.0,2337.13,2338.67,2333.4,2335.15,1209.1912
1776411900.0,2335.15,2335.16,2330.09,2334.16,1546.306
1776412800.0,2334.15,2339.99,2332.98,2336.51,1635.9559
1776413700.0,2336.52,2341.72,2335.48,2340.49,2687.9751
1776414600.0,2340.48,2354.94,2339.97,2348.99,5852.7594
1776415500.0,2348.99,2359.27,2345.06,2354.87,4753.796
1776416400.0,2354.87,2356.75,2348.28,2356.35,4191.7683
1776417300.0,2356.35,2377.0,2351.85,2371.69,8866.2274
1776418200.0,2371.68,2373.4,2350.01,2355.58,7046.9072
1776419100.0,2355.58,2361.87,2352.01,2359.1,2864.9916
1776420000.0,2359.1,2361.1,2352.23,2353.59,4556.9699
1776420900.0,2353.59,2357.39,2341.89,2342.34,4127.144
1776421800.0,2342.4,2346.21,2336.45,2339.06,6800.4673
1776422700.0,2339.07,2345.09,2336.45,2344.01,2534.9206
1776423600.0,2344.01,2349.4,2343.08,2347.0,2102.5584
1776424500.0,2346.99,2354.19,2346.73,2352.14,2472.0613
1776425400.0,2352.14,2355.12,2348.69,2350.0,3308.962
1776426300.0,2350.01,2356.96,2349.96,2354.99,2070.9831
1776427200.0,2355.0,2358.0,2349.4,2356.95,2803.6955
1776428100.0,2356.94,2365.99,2353.79,2359.35,3203.5005
1776429000.0,2359.36,2364.34,2354.52,2356.59,3074.4678
1776429900.0,2356.59,2382.66,2355.83,2371.97,16471.0797
1776430800.0,2371.97,2409.29,2366.8,2406.88,22792.9751
1776431700.0,2406.84,2426.82,2396.96,2404.71,32988.7841
1776432600.0,2404.77,2420.5,2389.57,2418.34,24865.0411
1776433500.0,2418.35,2440.45,2408.35,2437.05,27485.6588
1776434400.0,2437.05,2447.56,2426.5,2430.22,14818.9603
1776435300.0,2430.21,2440.3,2426.31,2432.72,12831.1384
1776436200.0,2432.72,2456.93,2432.72,2447.93,19575.4864
1776437100.0,2447.92,2454.26,2440.69,2447.25,11653.3135
1776438000.0,2447.25,2449.22,2433.16,2441.98,10717.0774
1776438900.0,2441.98,2448.94,2439.08,2444.22,5083.4662
1776439800.0,2444.21,2449.99,2436.03,2439.41,6942.4098
1776440700.0,2439.41,2446.24,2435.47,2441.96,5528.8318
1776441600.0,2441.96,2452.69,2441.71,2444.89,5218.0328
1776442500.0,2444.89,2455.93,2441.49,2453.66,6539.9478
1776443400.0,2453.65,2464.91,2452.36,2459.36,10077.1502
1776444300.0,2459.36,2460.37,2448.49,2451.3,4074.1808
1776445200.0,2451.31,2452.5,2431.32,2437.3,6682.7655
1776446100.0,2437.3,2442.5,2422.08,2428.43,7816.5598
1776447000.0,2428.44,2438.4,2428.44,2435.33,3822.6764
1776447900.0,2435.33,2444.84,2434.98,2440.42,3138.1261
1776448800.0,2440.42,2442.68,2417.84,2419.46,8478.6862
1776449700.0,2419.47,2427.61,2415.41,2420.49,5390.5377
1776450600.0,2420.5,2430.29,2419.58,2429.86,1964.3305
1776451500.0,2429.85,2430.0,2417.93,2419.99,2267.3199
1776452400.0,2420.0,2426.38,2417.17,2423.68,2929.4482
1776453300.0,2423.69,2429.56,2423.5,2424.36,2244.2907
1776454200.0,2424.36,2432.92,2424.36,2430.96,2596.6903
1776455100.0,2430.96,2431.74,2424.38,2427.92,3557.6246
1776456000.0,2427.92,2435.29,2427.92,2432.92,2002.7804
1776456900.0,2432.92,2433.02,2427.73,2428.17,890.8731
1776457800.0,2428.17,2428.91,2417.01,2421.7,2967.0042
1776458700.0,2421.7,2427.39,2420.29,2426.78,1571.4156
1776459600.0,2426.76,2431.5,2426.49,2429.09,1780.1309
1776460500.0,2429.08,2433.48,2425.95,2429.78,2217.1009
1776461400.0,2429.78,2429.78,2418.71,2428.14,4239.8808
1776462300.0,2428.15,2431.0,2426.66,2429.49,2012.0865
1776463200.0,2429.49,2431.31,2424.5,2425.65,1732.0603
1776464100.0,2425.64,2432.9,2422.78,2432.0,10522.0594
1776465000.0,2432.0,2444.34,2429.15,2436.83,27751.58
1776465900.0,2436.84,2439.43,2432.78,2433.52,1946.565
1776466800.0,2433.52,2433.52,2428.51,2429.32,2206.7452
1776467700.0,2429.32,2429.32,2415.47,2421.57,7854.8669
1776468600.0,2421.57,2424.9,2419.0,2420.7,3468.1669
1776469500.0,2420.69,2423.05,2417.65,2419.0,1578.5988
1776470400.0,2419.0,2423.58,2417.0,2417.8,1249.1471
1776471300.0,2417.8,2422.06,2417.57,2421.61,1174.0619
1776472200.0,2421.6,2422.6,2410.06,2414.11,3390.4875
1776473100.0,2414.12,2423.27,2413.66,2420.99,3628.955
1776474000.0,2420.99,2427.64,2416.8,2426.73,2146.4722
1776474900.0,2426.73,2426.73,2423.16,2423.88,1160.402
1776475800.0,2423.87,2423.87,2418.74,2420.01,2174.2201
1776476700.0,2420.0,2423.98,2418.36,2420.99,833.5936
1776477600.0,2421.0,2421.44,2416.83,2421.04,1132.6219
1776478500.0,2421.03,2424.85,2420.99,2421.99,1610.9984
1776479400.0,2422.0,2423.08,2419.26,2420.57,1835.4917
1776480300.0,2420.56,2420.77,2418.49,2419.2,628.7455
1776481200.0,2419.21,2419.21,2415.32,2416.81,690.4749
1776482100.0,2416.8,2419.38,2416.03,2416.57,634.632
1776483000.0,2416.58,2417.85,2414.32,2415.59,539.9414
1776483900.0,2415.59,2419.83,2399.54,2405.04,6242.515
1776484800.0,2405.03,2410.22,2400.92,2410.02,1317.3149
1776485700.0,2410.02,2410.48,2400.63,2402.97,1117.6329
1776486600.0,2402.97,2407.8,2399.52,2404.74,1452.762
1776487500.0,2404.75,2409.55,2404.17,2407.48,1007.2504
1776488400.0,2407.48,2413.54,2407.14,2411.75,760.4328
1776489300.0,2411.75,2411.76,2408.77,2408.97,734.4523
1776490200.0,2408.97,2408.97,2405.83,2407.49,730.6347
1776491100.0,2407.49,2408.95,2407.04,2408.95,360.708
1776492000.0,2408.94,2410.86,2407.8,2409.41,1097.217
1776492900.0,2409.4,2409.41,2405.52,2408.64,482.0316
1776493800.0,2408.64,2411.56,2408.5,2411.13,864.1792
1776494700.0,2411.12,2411.87,2409.15,2410.0,501.9705
1776495600.0,2410.0,2411.12,2408.47,2409.25,622.3169
1776496500.0,2409.25,2409.25,2406.2,2406.2,967.4996
1776497400.0,2406.21,2407.04,2403.15,2405.34,1212.348
1776498300.0,2405.34,2405.43,2401.67,2403.71,1713.2446
1776499200.0,2403.71,2404.85,2398.47,2398.49,2440.8908
1776500100.0,2398.49,2398.56,2380.5,2387.32,11208.2315
1776501000.0,2387.31,2387.84,2367.39,2374.13,9276.6164
1776501900.0,2374.13,2382.14,2373.26,2380.57,2906.268
1776502800.0,2380.57,2380.57,2370.0,2376.28,3480.3974
1776503700.0,2376.28,2378.29,2369.75,2378.12,2581.302
1776504600.0,2378.12,2380.93,2375.97,2376.49,1794.5071
1776505500.0,2376.5,2377.26,2372.94,2376.04,1715.6796
1776506400.0,2376.03,2376.03,2353.88,2362.01,11253.5469
1776507300.0,2362.0,2364.86,2358.66,2361.3,3022.7195
1776508200.0,2361.3,2361.64,2356.78,2357.15,2185.9281
1776509100.0,2357.16,2361.95,2357.15,2359.34,1680.3711
1776510000.0,2359.34,2360.47,2350.0,2352.03,5033.1755
1776510900.0,2352.03,2358.74,2351.02,2356.38,1797.3101
1776511800.0,2356.38,2359.0,2343.44,2348.34,4365.7375
1776512700.0,2348.4,2354.66,2347.29,2352.96,3237.1763
1776513600.0,2352.96,2360.0,2351.15,2358.51,2888.4179
1776514500.0,2358.5,2362.5,2355.1,2355.1,2691.7003
1776515400.0,2355.1,2357.83,2352.0,2356.79,1104.3166
1776516300.0,2356.79,2359.19,2355.71,2357.93,1436.8376
1776517200.0,2357.92,2358.36,2355.6,2355.61,785.8679
1776518100.0,2355.6,2360.07,2351.5,2353.92,1773.3992
1776519000.0,2353.92,2354.44,2345.25,2350.32,3141.0165
1776519900.0,2350.32,2357.59,2348.39,2355.13,4079.4529
1776520800.0,2355.13,2357.59,2352.68,2356.57,5710.9791
1776521700.0,2356.57,2357.62,2349.72,2356.16,10338.7096
1776522600.0,2356.16,2361.73,2356.16,2359.99,3651.8201
1776523500.0,2360.0,2366.0,2359.0,2365.23,6416.0099
1776524400.0,2365.23,2369.66,2359.21,2364.18,5038.0394
1776525300.0,2364.18,2365.78,2360.02,2364.4,1419.7254
1776526200.0,2364.39,2367.22,2361.13,2361.51,1614.0891
1776527100.0,2361.52,2364.8,2359.11,2363.64,5265.1313
1776528000.0,2363.64,2366.46,2358.91,2366.07,2156.4743
1776528900.0,2366.06,2375.14,2357.57,2368.19,7101.8886
1776529800.0,2368.2,2369.31,2363.85,2364.6,915.3379
1776530700.0,2364.6,2367.37,2358.0,2360.87,2112.058
1776531600.0,2360.86,2362.83,2355.0,2357.95,6411.1452
1776532500.0,2357.95,2363.27,2357.95,2361.85,1598.9508
1776533400.0,2361.85,2364.84,2361.75,2362.13,1108.9627
1776534300.0,2362.14,2364.87,2361.46,2361.46,1622.0558
1776535200.0,2361.47,2363.64,2356.64,2361.21,2819.5355
1776536100.0,2361.21,2361.21,2354.41,2355.31,970.9376
1776537000.0,2355.32,2355.84,2339.92,2345.79,4870.5078
1776537900.0,2345.8,2352.74,2344.08,2347.44,2417.9668
1776538800.0,2347.45,2356.02,2346.85,2354.01,1872.9594
1776539700.0,2354.01,2355.59,2348.39,2351.38,875.0902
1776540600.0,2351.37,2352.38,2347.03,2347.43,996.9311
1776541500.0,2347.42,2350.59,2346.49,2348.59,1331.7044
1776542400.0,2348.59,2351.09,2344.96,2349.88,1224.256
1776543300.0,2349.87,2352.83,2348.01,2348.7,804.1157
1776544200.0,2348.7,2352.63,2346.94,2352.22,841.0685
1776545100.0,2352.21,2354.9,2351.19,2352.62,875.4044
1776546000.0,2352.61,2355.12,2350.44,2352.58,1610.86
1776546900.0,2352.58,2353.17,2347.74,2352.53,649.2621
1776547800.0,2352.54,2352.91,2348.66,2352.91,985.0558
1776548700.0,2352.92,2355.33,2351.36,2355.33,909.4589
1776549600.0,2355.32,2355.64,2348.63,2349.27,785.6394
1776550500.0,2349.27,2354.01,2348.97,2353.47,381.3253
1776551400.0,2353.47,2357.07,2352.97,2354.22,752.591
1776552300.0,2354.22,2359.46,2353.73,2356.53,826.3281
1776553200.0,2356.54,2359.5,2355.32,2355.33,1157.2782
1776554100.0,2355.33,2356.57,2354.02,2354.73,378.8072
1776555000.0,2354.73,2354.73,2351.65,2352.99,475.6134
1776555900.0,2352.98,2353.57,2349.68,2350.32,551.6925
1776556800.0,2350.33,2355.3,2350.1,2352.0,800.0097
1776557700.0,2352.0,2352.0,2346.95,2347.93,1000.4461
1776558600.0,2347.93,2348.97,2344.35,2345.82,665.4026
1776559500.0,2345.81,2350.36,2345.7,2349.09,973.2547
1776560400.0,2349.09,2353.0,2345.65,2348.66,1161.3886
1776561300.0,2348.66,2348.66,2344.35,2344.35,764.0174
1776562200.0,2344.34,2345.87,2341.66,2344.88,1476.7671
1776563100.0,2344.87,2350.13,2344.87,2348.03,1883.017
1776564000.0,2348.04,2348.19,2345.04,2346.31,1149.7042
1776564900.0,2346.32,2349.2,2333.44,2337.87,2696.7088
1776565800.0,2337.88,2347.66,2335.63,2344.54,1482.3602
1776566700.0,2344.54,2346.83,2338.24,2338.25,2942.4731
1776567600.0,2338.24,2341.8,2332.1,2341.47,1347.6213
1776568500.0,2341.47,2343.35,2337.65,2343.35,583.7193
1776569400.0,2343.34,2343.85,2341.08,2342.79,595.2409
1776570300.0,2342.79,2344.09,2338.98,2339.77,769.2486
1776571200.0,2339.77,2346.11,2339.56,2344.26,871.838
1776572100.0,2344.25,2345.32,2341.26,2341.86,841.3867
1776573000.0,2341.86,2341.87,2321.62,2328.48,6629.9664
1776573900.0,2328.48,2334.31,2327.37,2333.34,1214.6607
1776574800.0,2333.34,2334.5,2329.0,2332.45,1801.2437
1776575700.0,2332.44,2334.44,2329.63,2333.82,852.6514
1776576600.0,2333.83,2338.68,2333.83,2336.0,943.3135
1776577500.0,2335.99,2336.0,2331.5,2332.76,1235.6614
1776578400.0,2332.75,2333.12,2322.61,2323.66,2420.9835
1776579300.0,2323.67,2331.46,2321.88,2328.38,8823.4208
1776580200.0,2328.38,2332.38,2328.38,2330.34,1277.4354
1776581100.0,2330.35,2330.35,2325.06,2327.2,2195.7455
1776582000.0,2327.2,2327.32,2319.21,2321.0,2692.1348
1776582900.0,2321.01,2322.57,2300.0,2303.27,15275.6364
1776583800.0,2303.28,2318.53,2302.8,2315.44,4730.6759
1776584700.0,2315.43,2319.47,2312.92,2316.03,2597.9977
1776585600.0,2316.03,2318.02,2312.57,2316.67,1627.0997
1776586500.0,2316.67,2320.01,2315.29,2315.39,1231.4437
1776587400.0,2315.38,2320.96,2311.2,2319.19,2360.4275
1776588300.0,2319.2,2320.68,2317.1,2318.69,1067.5673
1776589200.0,2318.69,2319.36,2315.82,2317.56,1251.3079
1776590100.0,2317.56,2317.93,2310.0,2315.21,1423.1459
1776591000.0,2315.21,2316.57,2310.52,2311.87,702.078
1776591900.0,2311.87,2312.19,2306.42,2310.24,1592.6134
1776592800.0,2310.24,2312.74,2306.73,2309.78,831.9602
1776593700.0,2309.78,2312.43,2307.67,2311.85,1031.3577
1776594600.0,2311.84,2314.72,2311.31,2314.71,825.8469
1776595500.0,2314.71,2320.15,2313.73,2318.01,1113.9353
1776596400.0,2318.02,2328.63,2317.53,2327.57,2148.714
1776597300.0,2327.58,2331.13,2322.83,2325.85,3753.5875
1776598200.0,2325.84,2329.44,2325.71,2327.78,1018.8403
1776599100.0,2327.77,2330.98,2327.34,2329.38,1295.5987
1776600000.0,2329.38,2335.92,2328.0,2333.77,5593.7436
1776600900.0,2333.78,2334.0,2327.87,2329.0,1386.7065
1776601800.0,2328.99,2329.62,2325.0,2326.28,1444.3728
1776602700.0,2326.29,2337.24,2325.0,2331.29,2222.6336
1776603600.0,2331.29,2339.69,2330.85,2336.33,2441.4325
1776604500.0,2336.33,2350.24,2335.43,2342.27,5402.8815
1776605400.0,2342.27,2345.26,2338.28,2342.18,2697.2301
1776606300.0,2342.18,2342.26,2335.94,2338.67,2282.0388
1776607200.0,2338.67,2341.0,2327.35,2331.63,2142.7783
1776608100.0,2331.62,2342.05,2330.48,2338.99,1886.1505
1776609000.0,2338.99,2340.25,2334.5,2338.0,1424.7913
1776609900.0,2338.0,2343.12,2336.89,2338.09,1299.865
1776610800.0,2338.09,2338.58,2332.96,2336.41,1269.856
1776611700.0,2336.42,2341.49,2332.8,2335.15,1598.9754
1776612600.0,2335.15,2336.0,2315.29,2325.2,3462.3842
1776613500.0,2325.2,2331.7,2323.79,2330.8,1110.8791
1776614400.0,2330.8,2331.34,2324.34,2325.84,1735.6631
1776615300.0,2325.84,2327.99,2318.33,2320.19,1569.2526
1776616200.0,2320.19,2325.67,2317.14,2319.1,1164.4493
1776617100.0,2319.09,2322.36,2304.7,2311.68,5958.2494
1776618000.0,2311.68,2312.59,2296.0,2307.88,9003.0455
1776618900.0,2307.88,2317.81,2307.55,2312.48,3608.6263
1776619800.0,2312.49,2316.24,2304.26,2309.31,1591.9594
1776620700.0,2309.32,2311.03,2294.5,2296.59,4930.2431
1776621600.0,2296.58,2300.63,2290.44,2297.39,5644.5444
1776622500.0,2297.4,2301.25,2290.22,2298.05,5384.2138
1776623400.0,2298.05,2298.94,2290.71,2291.75,3035.5861
1776624300.0,2291.74,2296.48,2287.62,2295.78,2604.4038
1776625200.0,2295.78,2301.8,2295.78,2299.95,2642.534
1776626100.0,2299.95,2304.78,2294.42,2299.32,2955.512
1776627000.0,2299.32,2302.71,2295.87,2297.18,1178.663
1776627900.0,2297.17,2300.74,2297.0,2299.65,796.7629
1776628800.0,2299.66,2300.0,2290.64,2294.85,2549.4521
1776629700.0,2294.85,2294.86,2288.62,2292.44,1763.8962
1776630600.0,2292.44,2296.97,2279.03,2282.33,9233.3844
1776631500.0,2282.33,2285.95,2273.51,2280.61,5796.9727
1776632400.0,2280.61,2286.25,2279.21,2285.51,2084.5891
1776633300.0,2285.5,2287.5,2279.62,2286.39,1589.171
1776634200.0,2286.39,2290.11,2285.81,2287.78,1376.7075
1776635100.0,2287.79,2290.34,2274.98,2276.09,2254.7206
1776636000.0,2276.08,2276.08,2252.72,2260.38,13742.3764
1776636900.0,2260.39,2266.55,2252.89,2263.47,6279.4185
1776637800.0,2263.48,2273.5,2262.68,2273.36,3854.1897
1776638700.0,2273.37,2275.54,2269.6,2269.79,4643.8725
1776639600.0,2269.78,2269.78,2260.26,2265.0,4238.7983
1776640500.0,2264.99,2265.9,2256.33,2264.25,3471.7264
1776641400.0,2264.25,2268.75,2262.63,2267.46,2249.4618
1776642300.0,2267.47,2270.4,2262.52,2263.27,1516.0071
1776643200.0,2263.28,2274.9,2259.67,2269.21,3463.6338
1776644100.0,2269.22,2277.73,2269.22,2276.51,3056.2912
1776645000.0,2276.5,2279.44,2273.7,2275.75,2064.4982
1776645900.0,2275.74,2283.14,2274.35,2280.01,4058.8407
1776646800.0,2280.02,2284.95,2279.06,2284.93,1837.8582
1776647700.0,2284.93,2284.93,2278.2,2280.73,1992.8305
1776648600.0,2280.72,2294.3,2280.72,2291.64,2555.5867
1776649500.0,2291.63,2292.75,2285.78,2286.17,1177.0951
1776650400.0,2286.16,2287.63,2273.05,2275.87,2217.9149
1776651300.0,2275.87,2279.02,2272.25,2277.64,1215.4027
1776652200.0,2277.64,2279.44,2275.86,2278.65,1123.544
1776653100.0,2278.64,2281.75,2276.3,2277.43,1302.8959
1776654000.0,2277.43,2282.26,2276.08,2282.25,1062.5589
1776654900.0,2282.26,2283.74,2278.67,2280.32,1100.9933
1776655800.0,2280.31,2281.58,2279.21,2281.56,540.3246
1776656700.0,2281.56,2288.58,2280.27,2286.56,1262.9802
1776657600.0,2286.55,2286.55,2282.12,2283.38,1609.4171
1776658500.0,2283.39,2284.71,2279.89,2281.79,1599.2628
1776659400.0,2281.79,2281.79,2278.84,2279.78,622.2386
1776660300.0,2279.78,2285.24,2279.77,2283.39,1496.1592
1776661200.0,2283.39,2283.39,2269.4,2273.21,2167.3958
1776662100.0,2273.2,2273.2,2264.5,2266.02,2753.832
1776663000.0,2266.02,2269.53,2264.47,2264.55,1763.6655
1776663900.0,2264.55,2272.0,2263.18,2270.21,1731.5097
1776664800.0,2270.21,2276.36,2269.89,2270.56,1055.1828
1776665700.0,2270.55,2275.28,2268.78,2274.36,1311.7302
1776666600.0,2274.37,2289.0,2274.37,2284.72,2783.3226
1776667500.0,2284.7,2287.5,2280.67,2286.17,1877.5033
1776668400.0,2286.17,2288.7,2283.02,2287.15,1867.4603
1776669300.0,2287.16,2332.88,2285.68,2314.81,16937.8739
1776670200.0,2314.81,2317.34,2295.48,2298.01,11262.993
1776671100.0,2298.02,2302.72,2287.13,2298.8,8636.6158
1776672000.0,2298.81,2302.14,2291.61,2300.34,3920.2544
1776672900.0,2300.35,2308.65,2292.83,2299.66,5652.9764
1776673800.0,2299.67,2301.02,2292.91,2295.6,2336.6199
1776674700.0,2295.6,2296.66,2289.82,2294.09,2340.4035
1776675600.0,2294.08,2306.36,2293.3,2303.31,2039.2206
1776676500.0,2303.3,2307.12,2301.93,2304.6,1999.7788
1776677400.0,2304.61,2313.64,2303.73,2311.0,1944.2571
1776678300.0,2310.99,2313.34,2306.72,2309.06,2533.046
1776679200.0,2309.06,2318.75,2308.2,2315.84,2631.3778
1776680100.0,2315.86,2320.0,2314.36,2315.56,1512.0792
1776681000.0,2315.56,2315.56,2307.23,2308.95,2000.5724
1776681900.0,2308.94,2309.63,2303.23,2303.39,1312.3207
1776682800.0,2303.39,2309.15,2300.0,2309.15,2090.044
1776683700.0,2309.16,2311.47,2303.71,2306.19,2072.7949
1776684600.0,2306.19,2309.41,2302.3,2308.17,1333.033
1776685500.0,2308.18,2312.33,2307.16,2308.42,1894.7868
1776686400.0,2308.42,2314.2,2304.46,2312.31,1926.6771
1776687300.0,2312.31,2323.02,2309.78,2315.6,4357.97
1776688200.0,2315.59,2317.7,2306.83,2311.29,2492.7099
1776689100.0,2311.29,2319.56,2311.29,2318.88,3222.0905
1776690000.0,2318.88,2326.36,2313.43,2319.29,5047.0097
1776690900.0,2319.3,2321.59,2310.09,2316.41,2554.4034
1776691800.0,2316.41,2319.06,2301.53,2312.58,5131.8085
1776692700.0,2312.58,2316.97,2302.14,2310.82,4304.9149
1776693600.0,2310.82,2310.82,2296.61,2299.93,5848.9837
1776694500.0,2299.94,2321.98,2298.24,2310.82,6598.7561
1776695400.0,2310.82,2314.51,2295.41,2302.61,4664.2132
1776696300.0,2302.6,2307.69,2283.0,2290.9,15990.9593
1776697200.0,2290.91,2294.0,2278.38,2292.61,6805.4066
1776698100.0,2292.62,2319.0,2292.14,2317.8,8128.2787
1776699000.0,2317.8,2317.8,2306.83,2307.57,3829.759
1776699900.0,2307.58,2314.45,2305.69,2313.91,4530.5933
1776700800.0,2313.92,2315.01,2306.78,2308.06,3556.8802
1776701700.0,2308.06,2308.33,2300.0,2303.93,2238.8421
1776702600.0,2303.93,2308.84,2300.29,2306.7,2065.5182
1776703500.0,2306.7,2309.24,2298.76,2300.07,1740.1487
1776704400.0,2300.07,2315.51,2297.97,2313.5,3251.2959
1776705300.0,2313.49,2322.4,2310.95,2314.4,3576.8641
1776706200.0,2314.4,2318.37,2307.94,2313.17,3007.0895
1776707100.0,2313.18,2321.81,2311.42,2317.06,2712.9791
1776708000.0,2317.06,2332.81,2317.06,2331.42,8296.3333
1776708900.0,2331.42,2335.79,2326.56,2328.46,3759.5401
1776709800.0,2328.45,2341.97,2324.71,2335.21,6161.2182
1776710700.0,2335.21,2344.19,2329.5,2334.23,5300.2189
1776711600.0,2334.24,2336.43,2330.2,2334.25,2674.15
1776712500.0,2334.24,2334.25,2327.27,2329.62,1791.8579
1776713400.0,2329.61,2330.71,2327.47,2328.55,1638.6719
1776714300.0,2328.56,2333.87,2327.65,2331.78,1660.8948
1776715200.0,2331.78,2334.13,2328.72,2331.99,1492.4875
1776716100.0,2331.98,2340.15,2330.65,2331.2,2863.2938
1776717000.0,2331.19,2331.67,2327.82,2328.14,1208.368
1776717900.0,2328.14,2339.35,2325.33,2337.59,3357.0849
1776718800.0,2337.58,2346.78,2320.31,2325.21,8940.8215
1776719700.0,2325.22,2327.04,2315.99,2319.75,2976.1039
1776720600.0,2319.75,2322.14,2315.21,2317.51,1656.4017
1776721500.0,2317.51,2322.69,2317.14,2321.65,924.8365
1776722400.0,2321.64,2328.52,2321.64,2323.41,1877.4572
1776723300.0,2323.42,2324.81,2316.75,2318.94,1156.2693
1776724200.0,2318.95,2325.65,2317.71,2320.89,1160.747
1776725100.0,2320.9,2321.04,2318.27,2319.4,926.7736
1776726000.0,2319.4,2319.4,2310.3,2311.77,2622.6915
1776726900.0,2311.77,2312.99,2307.74,2309.83,1608.6493
1776727800.0,2309.83,2314.84,2308.07,2313.19,890.1403
1776728700.0,2313.19,2315.29,2311.02,2313.85,1347.9261
1776729600.0,2313.84,2318.12,2311.66,2315.6,1807.7515
1776730500.0,2315.59,2316.98,2313.0,2316.14,1037.8236
1776731400.0,2316.15,2318.9,2314.68,2316.39,894.8851
1776732300.0,2316.39,2324.7,2316.37,2321.94,1900.0501
1776733200.0,2321.94,2326.64,2319.39,2322.92,1122.8353
1776734100.0,2322.92,2323.35,2318.54,2322.92,1332.9205
1776735000.0,2322.93,2326.27,2320.0,2321.99,1086.2236
1776735900.0,2321.99,2322.0,2312.66,2315.16,1724.9338
1776736800.0,2315.16,2315.72,2308.53,2310.16,1741.9553
1776737700.0,2310.16,2312.13,2306.45,2310.01,2007.9261
1776738600.0,2310.01,2313.08,2308.0,2308.28,1071.2609
1776739500.0,2308.29,2309.85,2307.0,2308.34,707.0186
1776740400.0,2308.34,2308.35,2300.15,2303.92,2569.0344
1776741300.0,2303.91,2308.49,2300.01,2306.25,1555.5089
1776742200.0,2306.26,2309.69,2304.18,2306.74,940.0019
1776743100.0,2306.73,2312.9,2306.73,2311.62,1281.0613
1776744000.0,2311.62,2313.05,2306.12,2306.12,771.5616
1776744900.0,2306.12,2310.56,2304.06,2308.2,1042.6116
1776745800.0,2308.19,2309.82,2305.06,2309.51,792.321
1776746700.0,2309.51,2315.87,2309.46,2314.59,1227.6011
1776747600.0,2314.59,2320.69,2314.33,2316.76,1692.9163
1776748500.0,2316.76,2319.17,2314.7,2317.81,949.6354
1776749400.0,2317.82,2317.82,2314.41,2314.77,751.237
1776750300.0,2314.76,2315.1,2312.65,2314.07,347.8619
1776751200.0,2314.07,2314.39,2310.09,2310.87,1009.858
1776752100.0,2310.88,2311.11,2308.01,2309.99,1291.1825
1776753000.0,2309.99,2327.05,2309.88,2319.71,2581.6658
1776753900.0,2319.71,2320.68,2317.13,2317.36,833.3225
1776754800.0,2317.37,2317.75,2311.56,2314.38,1230.6673
1776755700.0,2314.38,2324.53,2312.97,2321.52,1512.7132
1776756600.0,2321.52,2324.01,2316.0,2321.82,3704.2677
1776757500.0,2321.81,2324.98,2318.46,2318.48,3205.9504
1776758400.0,2318.48,2321.84,2314.0,2316.24,1222.4335
1776759300.0,2316.23,2324.0,2315.7,2323.0,1365.2557
1776760200.0,2323.0,2328.78,2319.5,2326.72,1648.7604
1776761100.0,2326.72,2338.75,2320.99,2323.43,4683.3777
1776762000.0,2323.42,2325.05,2320.05,2324.23,1399.3227
1776762900.0,2324.23,2327.65,2318.37,2319.76,1479.7886
1776763800.0,2319.76,2325.0,2318.76,2324.99,1184.9601
1776764700.0,2324.99,2326.03,2322.8,2325.69,1026.9981
1776765600.0,2325.7,2330.7,2325.7,2328.15,1732.7019
1776766500.0,2328.14,2331.0,2325.33,2328.06,1350.4251
1776767400.0,2328.06,2333.97,2327.5,2333.47,1484.7948
1776768300.0,2333.47,2337.27,2331.14,2331.15,2758.5915
1776769200.0,2331.15,2331.29,2316.14,2317.92,4907.0811
1776770100.0,2317.92,2330.07,2317.0,2326.72,1656.3222
1776771000.0,2326.72,2328.33,2322.36,2322.64,1396.564
1776771900.0,2322.63,2322.8,2318.3,2320.45,1342.9909
1776772800.0,2320.45,2324.68,2315.65,2316.76,2370.188
1776773700.0,2316.77,2318.45,2315.0,2318.0,1633.5978
1776774600.0,2318.0,2321.21,2294.51,2298.52,7220.8484
1776775500.0,2298.52,2311.87,2294.39,2308.54,5110.2087
1776776400.0,2308.54,2309.59,2303.63,2305.47,1832.2816
1776777300.0,2305.46,2310.96,2304.69,2307.78,1430.7972
1776778200.0,2307.78,2317.37,2301.0,2311.15,4052.1288
1776779100.0,2311.14,2314.71,2308.0,2312.77,1907.3897
1776780000.0,2312.77,2313.91,2304.69,2306.22,1814.5433
1776780900.0,2306.23,2323.4,2306.23,2314.22,3365.7222
1776781800.0,2314.21,2327.5,2313.81,2322.2,3150.6176
1776782700.0,2322.2,2322.45,2295.0,2299.35,5660.8707
1776783600.0,2299.35,2307.69,2290.35,2305.25,4742.3574
1776784500.0,2305.26,2310.72,2297.01,2301.99,2840.2597
1776785400.0,2301.99,2309.65,2295.52,2304.18,2996.8117
1776786300.0,2304.18,2310.24,2302.76,2310.24,1989.4224
1776787200.0,2310.25,2317.31,2308.15,2315.21,4017.1838
1776788100.0,2315.22,2317.3,2309.35,2312.33,3017.3036
1776789000.0,2312.33,2324.73,2311.53,2313.33,3084.6931
1776789900.0,2313.34,2316.88,2306.51,2307.45,2161.2886
1776790800.0,2307.44,2308.99,2296.13,2300.81,3178.5311
1776791700.0,2300.8,2301.04,2284.19,2295.81,5715.556
1776792600.0,2295.8,2319.61,2293.61,2314.61,6418.1229
1776793500.0,2314.6,2315.58,2303.1,2306.21,3346.3783
1776794400.0,2306.2,2308.55,2301.75,2305.69,1586.5117
1776795300.0,2305.7,2309.82,2300.29,2305.4,2571.722
1776796200.0,2305.4,2310.32,2304.21,2305.84,1371.3654
1776797100.0,2305.84,2313.33,2300.93,2312.72,2462.1085
1776798000.0,2312.72,2321.95,2312.65,2315.34,4003.5249
1776798900.0,2315.35,2332.0,2312.34,2324.55,5241.9052
1776799800.0,2324.56,2324.7,2287.3,2289.15,7729.5448
1776800700.0,2289.15,2299.61,2288.58,2298.41,6380.8689
1776801600.0,2298.42,2321.77,2296.04,2318.93,9577.7309
1776802500.0,2318.93,2324.85,2316.38,2318.07,4890.6116
1776803400.0,2318.06,2325.88,2316.03,2316.16,2756.2649
1776804300.0,2316.16,2320.71,2311.03,2314.56,2338.8216
1776805200.0,2314.55,2318.0,2309.41,2313.48,1742.5552
1776806100.0,2313.48,2317.05,2311.85,2312.76,869.0401
1776807000.0,2312.77,2315.34,2310.07,2310.08,837.7468
1776807900.0,2310.07,2313.81,2310.01,2312.56,773.1926
1776808800.0,2312.56,2316.76,2309.83,2315.6,1268.7612
1776809700.0,2315.59,2315.59,2304.34,2306.87,1340.151
1776810600.0,2306.88,2311.75,2301.9,2311.54,1641.2728
1776811500.0,2311.54,2312.34,2307.45,2311.35,998.5743
1776812400.0,2311.35,2321.58,2310.92,2317.98,2420.1478
1776813300.0,2317.98,2320.62,2315.01,2316.16,768.822
1776814200.0,2316.15,2326.02,2315.54,2323.8,1715.2407
1776815100.0,2323.79,2329.47,2323.48,2327.14,1935.457
1776816000.0,2327.15,2330.82,2325.01,2327.71,2519.5041
1776816900.0,2327.7,2329.61,2322.72,2324.57,1268.4647
1776817800.0,2324.57,2328.74,2322.62,2326.53,1000.0811
1776818700.0,2326.54,2327.49,2322.92,2325.58,788.5858
1776819600.0,2325.57,2328.73,2322.5,2327.38,2275.6059
1776820500.0,2327.38,2327.38,2314.19,2314.24,1797.0245
1776821400.0,2314.23,2321.71,2312.95,2319.73,991.0878
1776822300.0,2319.73,2326.25,2317.76,2322.37,1542.4199
1776823200.0,2322.37,2341.8,2320.22,2334.9,6025.1395
1776824100.0,2334.9,2357.8,2334.9,2355.17,10717.6119
1776825000.0,2355.17,2366.11,2349.29,2363.82,11110.6527
1776825900.0,2363.81,2375.23,2357.86,2370.34,7581.7574
1776826800.0,2370.35,2379.66,2366.71,2371.07,7991.2058
1776827700.0,2371.06,2371.37,2362.47,2365.12,5748.2877
1776828600.0,2365.12,2365.78,2358.49,2364.11,3852.9956
1776829500.0,2364.1,2366.6,2360.75,2363.62,1563.9595
1776830400.0,2363.63,2367.5,2362.48,2362.69,1796.8158
1776831300.0,2362.69,2363.24,2358.41,2362.17,2136.5428
1776832200.0,2362.17,2369.54,2359.43,2364.93,2985.1953
1776833100.0,2364.94,2364.94,2361.11,2363.81,1504.2816
1776834000.0,2363.82,2368.21,2361.85,2366.49,2195.8584
1776834900.0,2366.49,2396.95,2366.34,2387.83,17617.3499
1776835800.0,2387.83,2403.1,2387.82,2397.41,19703.4821
1776836700.0,2397.41,2413.83,2395.0,2396.81,16214.7156
1776837600.0,2396.81,2397.06,2390.53,2392.34,3983.6352
1776838500.0,2392.35,2394.82,2389.44,2392.3,2844.0824
1776839400.0,2392.3,2394.41,2390.26,2391.5,2407.5721
1776840300.0,2391.5,2393.38,2389.98,2393.37,2775.6466
1776841200.0,2393.38,2397.62,2392.0,2397.48,3136.0172
1776842100.0,2397.47,2397.47,2383.33,2387.4,4527.1348
1776843000.0,2387.41,2394.43,2386.25,2393.88,3036.8948
1776843900.0,2393.87,2394.42,2389.03,2389.97,2484.7213
1776844800.0,2389.98,2393.91,2389.01,2390.71,2566.1725
1776845700.0,2390.71,2392.36,2385.7,2385.81,2679.2772
1776846600.0,2385.81,2387.93,2383.6,2383.85,4349.4915
1776847500.0,2383.85,2390.01,2383.0,2388.22,4194.9173
1776848400.0,2388.22,2394.27,2386.79,2391.78,2522.1525
1776849300.0,2391.78,2394.04,2389.16,2393.65,1382.5827
1776850200.0,2393.65,2393.94,2389.51,2391.89,1530.8098
1776851100.0,2391.89,2391.9,2385.0,2387.51,2056.743
1776852000.0,2387.52,2390.35,2385.15,2390.2,1873.4311
1776852900.0,2390.19,2391.84,2387.88,2391.12,2880.6917
1776853800.0,2391.1,2393.68,2389.76,2390.06,1457.1397
1776854700.0,2390.06,2391.64,2388.98,2390.2,1432.8502
1776855600.0,2390.21,2393.0,2386.51,2389.71,2340.4288
1776856500.0,2389.7,2393.03,2389.7,2392.39,2634.2583
1776857400.0,2392.39,2396.83,2388.8,2392.65,4038.2304
1776858300.0,2392.66,2400.78,2392.45,2398.44,3462.1957
1776859200.0,2398.44,2404.29,2396.47,2402.32,3418.7105
1776860100.0,2402.32,2406.0,2396.47,2398.12,4238.3139
1776861000.0,2398.11,2402.5,2396.16,2400.24,3422.8126
1776861900.0,2400.24,2407.03,2400.24,2404.92,3287.5899
1776862800.0,2404.91,2414.0,2402.21,2408.9,5890.6086
1776863700.0,2408.91,2415.5,2405.61,2409.45,5445.1503
1776864600.0,2409.48,2418.0,2401.27,2413.74,7454.1243
1776865500.0,2413.73,2423.0,2409.57,2417.4,9531.3584
1776866400.0,2417.4,2423.75,2411.87,2423.05,6051.2708
1776867300.0,2423.06,2423.29,2410.0,2411.34,4897.9902
1776868200.0,2411.34,2412.24,2391.5,2395.95,8671.1061
1776869100.0,2395.94,2405.8,2395.03,2403.17,7119.4556
1776870000.0,2403.17,2403.84,2394.75,2398.13,9086.5087
1776870900.0,2398.13,2400.64,2390.9,2399.0,8480.4023
1776871800.0,2399.0,2412.6,2394.84,2411.97,9359.2178
1776872700.0,2411.97,2413.89,2402.89,2403.83,2384.2058
1776873600.0,2403.84,2413.75,2401.16,2404.58,3832.1541
1776874500.0,2404.58,2405.18,2392.67,2393.97,5474.7512
1776875400.0,2393.98,2396.22,2387.64,2390.52,6146.7729
1776876300.0,2390.52,2391.96,2384.17,2386.14,4480.5209
1776877200.0,2386.15,2397.76,2386.15,2393.74,3343.4827
1776878100.0,2393.75,2395.15,2386.6,2392.1,2349.0198
1776879000.0,2392.1,2400.0,2391.52,2397.35,2596.0637
1776879900.0,2397.35,2402.5,2391.82,2399.21,3570.7377
1776880800.0,2399.21,2404.69,2398.18,2401.75,2148.3857
1776881700.0,2401.75,2402.48,2396.79,2398.24,1522.4384
1776882600.0,2398.24,2403.84,2395.09,2398.17,1798.125
1776883500.0,2398.17,2404.56,2396.42,2396.91,1531.312
1776884400.0,2396.92,2397.46,2389.18,2394.96,2784.1802
1776885300.0,2394.96,2407.24,2393.96,2404.97,3571.0243
1776886200.0,2404.96,2405.56,2392.56,2395.61,2863.7839
1776887100.0,2395.62,2400.21,2394.04,2397.79,2308.4595
1776888000.0,2397.8,2402.34,2396.88,2399.58,2516.9631
1776888900.0,2399.57,2399.58,2391.57,2397.76,2427.2276
1776889800.0,2397.75,2399.12,2393.58,2393.88,1355.5958
1776890700.0,2393.87,2395.37,2390.81,2391.92,2458.6759
1776891600.0,2391.91,2396.0,2391.88,2394.05,1297.0219
1776892500.0,2394.06,2398.35,2393.68,2397.01,2883.6122
1776893400.0,2397.02,2406.11,2397.02,2406.05,1766.5047
1776894300.0,2406.05,2406.05,2401.39,2402.55,1079.5957
1776895200.0,2402.55,2405.38,2400.0,2402.4,1706.8173
1776896100.0,2402.4,2403.39,2396.0,2397.05,1393.9111
1776897000.0,2397.05,2399.52,2394.09,2395.93,1382.4732
1776897900.0,2395.92,2400.69,2394.17,2400.09,1414.597
1776898800.0,2400.08,2400.48,2392.93,2397.53,1400.8887
1776899700.0,2397.54,2398.17,2380.83,2386.3,3561.4984
1776900600.0,2386.3,2386.3,2375.67,2377.48,3464.6321
1776901500.0,2377.48,2380.5,2373.95,2374.07,3011.3712
1776902400.0,2374.08,2378.79,2359.75,2360.38,17551.668
1776903300.0,2360.38,2374.97,2342.8,2373.69,12293.8536
1776904200.0,2373.7,2382.0,2368.61,2373.81,4625.3864
1776905100.0,2373.81,2376.48,2368.27,2372.96,2020.404
1776906000.0,2372.96,2372.97,2364.59,2367.49,2147.8819
1776906900.0,2367.49,2369.66,2360.72,2363.04,2102.4698
1776907800.0,2363.09,2369.87,2361.07,2367.03,1802.4653
1776908700.0,2367.03,2369.6,2364.48,2366.79,1918.5417
1776909600.0,2366.79,2366.86,2360.58,2360.58,2229.2942
1776910500.0,2360.58,2364.5,2347.94,2355.17,6572.4008
1776911400.0,2355.17,2357.74,2344.35,2349.03,5240.7358
1776912300.0,2349.03,2355.0,2346.67,2351.96,2519.9771
1776913200.0,2351.96,2353.44,2341.09,2341.09,3208.2527
1776914100.0,2341.1,2344.36,2337.0,2339.06,3346.2488
1776915000.0,2339.06,2340.61,2331.5,2338.37,4610.1545
1776915900.0,2338.38,2341.99,2335.06,2340.81,4016.3807
1776916800.0,2340.82,2344.59,2337.12,2343.5,2061.3493
1776917700.0,2343.51,2344.87,2341.0,2343.34,1579.6217
1776918600.0,2343.34,2348.13,2343.3,2346.03,1305.287
1776919500.0,2346.03,2348.66,2345.02,2347.84,1929.8162
1776920400.0,2347.84,2352.61,2347.54,2351.09,2153.0944
1776921300.0,2351.09,2351.49,2346.0,2346.74,1471.9013
1776922200.0,2346.74,2346.78,2340.19,2344.92,2524.4684
1776923100.0,2344.91,2351.92,2344.66,2348.77,3245.6346
1776924000.0,2348.77,2356.87,2348.77,2351.31,4125.9842
1776924900.0,2351.32,2358.93,2350.43,2356.44,3667.9009
1776925800.0,2356.43,2358.52,2352.6,2353.5,2483.9692
1776926700.0,2353.49,2355.69,2349.02,2354.43,1599.584
1776927600.0,2354.44,2356.85,2352.77,2353.58,1864.0435
1776928500.0,2353.58,2354.06,2348.67,2350.61,2504.7956
1776929400.0,2350.62,2352.37,2347.61,2351.69,1707.7432
1776930300.0,2351.69,2353.78,2340.0,2344.43,5118.4628
1776931200.0,2344.43,2344.43,2338.37,2343.41,6607.9093
1776932100.0,2343.4,2345.0,2337.56,2339.02,5723.1352
1776933000.0,2339.03,2339.27,2335.0,2335.59,3035.7096
1776933900.0,2335.6,2340.9,2335.57,2339.92,2170.6264
1776934800.0,2339.91,2339.91,2313.58,2322.22,14256.6517
1776935700.0,2322.22,2328.13,2319.36,2321.65,4760.6463
1776936600.0,2321.65,2326.81,2320.78,2325.21,2831.7241
1776937500.0,2325.21,2325.53,2314.07,2316.25,5577.2345
1776938400.0,2316.24,2319.17,2305.61,2307.91,10841.455
1776939300.0,2307.91,2313.96,2307.39,2313.58,3814.8971
1776940200.0,2313.57,2315.67,2311.34,2312.55,2897.5152
1776941100.0,2312.55,2316.0,2311.32,2314.09,2110.1151
1776942000.0,2314.09,2318.08,2314.09,2317.22,2676.3554
1776942900.0,2317.21,2321.44,2316.32,2319.98,2269.1127
1776943800.0,2319.99,2326.19,2316.78,2325.25,3554.8388
1776944700.0,2325.26,2331.99,2324.84,2328.97,5023.1113
1776945600.0,2328.96,2335.23,2328.55,2332.2,3259.4269
1776946500.0,2332.19,2332.38,2325.74,2330.34,2013.5324
1776947400.0,2330.34,2332.79,2328.65,2329.17,1390.7727
1776948300.0,2329.17,2331.58,2320.81,2328.87,5164.5911
1776949200.0,2328.88,2332.5,2322.96,2324.65,3121.9337
1776950100.0,2324.66,2326.1,2320.56,2323.2,2560.6772
1776951000.0,2323.19,2326.21,2320.0,2320.7,3258.9912
1776951900.0,2320.7,2323.9,2315.23,2319.82,3495.3378
1776952800.0,2319.81,2324.5,2316.07,2320.0,3657.9779
1776953700.0,2320.0,2334.48,2318.76,2327.02,3161.9756
1776954600.0,2327.03,2332.14,2325.93,2330.59,2837.8286
1776955500.0,2330.59,2335.12,2328.56,2334.24,4042.0823
1776956400.0,2334.24,2335.3,2324.15,2329.47,3026.342
1776957300.0,2329.48,2343.58,2328.03,2332.27,5700.3206
1776958200.0,2332.26,2339.99,2328.68,2336.51,2919.7092
1776959100.0,2336.51,2336.52,2328.17,2333.26,3196.4009
1776960000.0,2333.26,2334.33,2328.56,2330.48,1902.9403
1776960900.0,2330.48,2335.76,2328.66,2330.05,2003.2009
1776961800.0,2330.06,2334.4,2329.16,2331.33,1198.2689
1776962700.0,2331.32,2332.45,2323.39,2326.38,2930.3862
1776963600.0,2326.39,2329.24,2312.21,2318.43,6754.0027
1776964500.0,2318.43,2318.43,2306.0,2309.44,7315.2267
1776965400.0,2309.44,2312.13,2288.36,2294.63,16692.6907
1776966300.0,2294.62,2312.49,2285.42,2310.42,14363.8173
1776967200.0,2310.42,2319.04,2308.24,2313.34,5829.7356
1776968100.0,2313.35,2317.03,2308.47,2310.27,3516.4905
1776969000.0,2310.27,2316.52,2310.27,2314.0,2623.8517
1776969900.0,2313.99,2314.18,2304.42,2305.31,2280.6248
1776970800.0,2305.3,2310.0,2300.7,2308.15,3119.3222
1776971700.0,2308.14,2314.32,2308.14,2313.6,1591.9808
1776972600.0,2313.61,2314.74,2307.85,2310.3,1964.8801
1776973500.0,2310.3,2318.97,2309.47,2312.88,4936.3645
1776974400.0,2312.87,2325.0,2312.74,2320.87,3029.4595
1776975300.0,2320.87,2323.23,2317.57,2318.57,2645.7314
1776976200.0,2318.58,2329.48,2317.09,2327.51,2724.3544
1776977100.0,2327.5,2328.73,2322.01,2325.37,2263.9555
1776978000.0,2325.36,2326.1,2320.73,2320.96,2563.0407
1776978900.0,2320.95,2324.43,2320.75,2324.43,917.1142
1776979800.0,2324.42,2328.85,2324.42,2328.26,995.8623
1776980700.0,2328.25,2328.45,2321.66,2321.66,1529.6076
1776981600.0,2321.66,2332.1,2321.66,2329.93,2123.9705
1776982500.0,2329.93,2338.79,2328.73,2330.61,3702.2315
1776983400.0,2330.62,2335.81,2330.61,2335.81,1413.9229
1776984300.0,2335.81,2337.04,2330.23,2331.97,1235.6447
1776985200.0,2331.97,2333.18,2326.97,2327.31,2280.6264
1776986100.0,2327.31,2329.08,2323.71,2326.9,1949.1413
1776987000.0,2326.9,2331.5,2326.9,2330.99,551.5217
1776987900.0,2331.0,2332.67,2329.68,2330.26,1187.0144
1776988800.0,2330.27,2332.67,2326.68,2331.65,1854.9012
1776989700.0,2331.65,2337.5,2330.0,2333.77,1469.2729
1776990600.0,2333.77,2336.91,2332.5,2332.51,852.5265
1776991500.0,2332.5,2336.0,2330.33,2332.48,1399.1368
1776992400.0,2332.47,2332.91,2323.75,2325.73,1427.3098
1776993300.0,2325.73,2326.51,2321.5,2321.6,1210.1817
1776994200.0,2321.6,2326.0,2318.69,2321.64,1629.6171
1776995100.0,2321.64,2334.23,2321.63,2332.84,1772.185
1776996000.0,2332.83,2335.39,2326.96,2329.28,1323.4551
1776996900.0,2329.27,2329.46,2324.53,2325.0,921.9085
1776997800.0,2325.01,2329.52,2325.01,2329.52,1175.9993
1776998700.0,2329.51,2330.23,2315.05,2319.91,2607.364
1776999600.0,2319.9,2322.84,2316.92,2319.6,899.6114
1777000500.0,2319.61,2319.61,2308.82,2310.85,2284.7644
1777001400.0,2310.85,2310.97,2301.35,2305.15,4874.6296
1777002300.0,2305.16,2308.98,2305.14,2308.64,1302.0299
1777003200.0,2308.63,2310.85,2306.67,2309.37,1260.7455
1777004100.0,2309.37,2311.75,2304.6,2304.75,1228.4848
1777005000.0,2304.74,2307.43,2300.5,2304.78,3615.9419
1777005900.0,2304.78,2308.57,2304.78,2306.16,777.0396
1777006800.0,2306.16,2306.8,2302.74,2303.1,1610.4877
1777007700.0,2303.09,2305.3,2300.22,2304.99,1218.7617
1777008600.0,2304.99,2310.61,2304.99,2309.09,2954.4776
1777009500.0,2309.09,2317.35,2309.08,2314.74,2738.2044
1777010400.0,2314.75,2315.32,2312.48,2315.31,1376.6113
1777011300.0,2315.31,2316.87,2312.86,2313.31,1315.6828
1777012200.0,2313.32,2314.17,2308.82,2309.65,1323.0881
1777013100.0,2309.65,2312.87,2308.71,2309.2,1034.5716
1777014000.0,2309.21,2316.85,2308.56,2313.86,1224.9742
1777014900.0,2313.85,2314.9,2311.32,2314.24,1040.5449
1777015800.0,2314.23,2315.35,2311.77,2312.72,3278.8342
1777016700.0,2312.72,2314.82,2308.48,2311.63,2650.4899
1777017600.0,2311.63,2312.38,2307.49,2310.77,1567.583
1777018500.0,2310.77,2322.99,2310.77,2316.15,4859.067
1777019400.0,2316.14,2316.42,2312.35,2313.18,1171.6778
1777020300.0,2313.17,2318.02,2313.17,2315.24,4059.8693
1777021200.0,2315.24,2315.79,2303.74,2308.39,3047.0715
1777022100.0,2308.38,2310.4,2306.28,2308.41,1382.1177
1777023000.0,2308.4,2311.59,2307.44,2311.28,767.3157
1777023900.0,2311.27,2311.3,2307.0,2310.18,1577.9347
1777024800.0,2310.19,2310.29,2306.0,2308.82,1038.6684
1777025700.0,2308.82,2316.05,2308.55,2313.8,1292.3351
1777026600.0,2313.79,2316.91,2312.92,2313.92,1006.9828
1777027500.0,2313.91,2319.06,2312.51,2316.02,1446.88
1777028400.0,2316.01,2331.48,2316.01,2328.43,5655.7175
1777029300.0,2328.43,2331.63,2324.83,2331.6,3437.5634
1777030200.0,2331.59,2332.26,2328.0,2330.92,2101.8257
1777031100.0,2330.92,2331.09,2326.66,2328.1,1456.3105
1777032000.0,2328.1,2331.85,2327.03,2331.27,2376.3703
1777032900.0,2331.26,2331.75,2325.17,2328.36,2649.7418
1777033800.0,2328.36,2328.47,2323.27,2323.88,3321.8683
1777034700.0,2323.88,2327.04,2318.53,2325.25,1507.0332
1777035600.0,2325.26,2331.67,2325.26,2327.38,1730.1132
1777036500.0,2327.37,2329.21,2322.6,2323.46,1458.5888
1777037400.0,2323.46,2326.41,2319.5,2320.74,2415.4962
1777038300.0,2320.74,2321.95,2310.99,2317.32,3411.7414
1777039200.0,2317.32,2317.32,2308.0,2311.13,4109.8197
1777040100.0,2311.13,2316.05,2304.07,2306.75,5250.6272
1777041000.0,2306.76,2316.92,2305.69,2316.25,3023.8284
1777041900.0,2316.25,2318.4,2311.11,2313.41,1304.3624
1777042800.0,2313.42,2313.55,2301.61,2308.38,3711.5799
1777043700.0,2308.39,2314.54,2306.77,2312.15,2452.8535
1777044600.0,2312.15,2326.03,2312.14,2325.01,3527.6358
1777045500.0,2325.02,2329.73,2319.23,2323.81,4560.0703
1777046400.0,2323.81,2324.23,2316.91,2316.92,1606.2889
1777047300.0,2316.91,2317.22,2312.0,2315.46,1793.4161
1777048200.0,2315.47,2321.66,2310.0,2313.64,1873.7153
1777049100.0,2313.64,2316.92,2311.51,2316.67,1017.3624
1777050000.0,2316.66,2319.37,2312.86,2319.36,1629.627
1777050900.0,2319.36,2319.36,2313.88,2315.34,1009.8564
1777051800.0,2315.34,2316.01,2308.82,2314.48,1912.9948
1777052700.0,2314.47,2322.0,2312.67,2319.6,3009.5755
1777053600.0,2319.59,2321.41,2314.56,2314.57,1367.883
1777054500.0,2314.56,2317.06,2310.01,2314.68,1790.3669
1777055400.0,2314.69,2320.13,2314.46,2318.28,1354.289
1777056300.0,2318.28,2320.31,2317.15,2319.92,685.2282
1777057200.0,2319.93,2325.0,2319.5,2321.77,1729.288
1777058100.0,2321.77,2323.57,2319.22,2320.8,946.5566
1777059000.0,2320.81,2322.99,2319.51,2321.43,1795.5966
1777059900.0,2321.43,2322.5,2319.96,2321.6,1144.207
1777060800.0,2321.59,2322.01,2317.68,2320.22,1096.6326
1777061700.0,2320.22,2320.22,2315.38,2316.94,1483.6446
1777062600.0,2316.94,2325.95,2316.94,2324.41,1656.2727
1777063500.0,2324.4,2328.16,2324.4,2326.47,2125.0559
1777064400.0,2326.47,2327.52,2315.6,2315.6,3283.817
1777065300.0,2315.6,2319.84,2315.11,2317.26,1192.2526
1777066200.0,2317.26,2318.52,2312.6,2315.12,1651.4712
1777067100.0,2315.13,2317.88,2314.21,2315.18,911.7686
1777068000.0,2315.19,2316.17,2313.69,2315.06,1078.0697
1777068900.0,2315.07,2315.5,2313.07,2313.07,2312.584
1777069800.0,2313.08,2313.08,2307.2,2310.07,2063.9422
1777070700.0,2310.08,2312.82,2310.08,2311.92,579.6245
1777071600.0,2311.93,2314.9,2311.93,2314.74,449.2757
1777072500.0,2314.73,2315.14,2312.48,2314.8,329.8628
1777073400.0,2314.8,2316.05,2314.78,2314.97,440.8235
1777074300.0,2314.97,2315.55,2314.08,2314.99,231.7849
1777075200.0,2314.98,2315.45,2312.72,2312.86,493.4046
1777076100.0,2312.87,2313.73,2311.68,2312.04,367.0112
1777077000.0,2312.04,2314.64,2311.27,2313.6,409.6344
1777077900.0,2313.6,2316.05,2313.6,2316.04,306.4055
1777078800.0,2316.04,2318.42,2315.46,2318.05,454.7014
1777079700.0,2318.05,2320.24,2317.45,2317.76,702.4217
1777080600.0,2317.76,2319.58,2317.57,2319.57,444.3292
1777081500.0,2319.58,2321.36,2318.0,2318.0,613.9881
1777082400.0,2318.01,2319.27,2314.78,2317.17,820.2587
1777083300.0,2317.18,2318.57,2316.39,2318.1,354.6472
1777084200.0,2318.1,2318.66,2316.71,2317.31,373.0222
1777085100.0,2317.31,2317.73,2316.67,2317.4,533.6945
1777086000.0,2317.41,2320.43,2317.41,2317.54,504.2933
1777086900.0,2317.54,2318.77,2315.12,2316.36,517.9563
1777087800.0,2316.36,2318.11,2316.14,2318.11,420.4499
1777088700.0,2318.11,2319.32,2317.95,2318.43,322.8406
1777089600.0,2318.44,2319.01,2317.15,2318.77,345.8235
1777090500.0,2318.76,2318.9,2317.53,2317.61,251.5339
1777091400.0,2317.61,2317.62,2316.15,2316.95,457.9512
1777092300.0,2316.94,2317.19,2316.63,2316.79,390.2599
1777093200.0,2316.8,2316.8,2313.3,2314.12,589.1446
1777094100.0,2314.12,2315.06,2313.32,2314.45,303.0401
1777095000.0,2314.46,2316.23,2314.45,2315.32,362.5523
1777095900.0,2315.32,2316.01,2315.01,2316.01,218.7192
1777096800.0,2316.01,2317.53,2316.01,2316.69,467.3718
1777097700.0,2316.68,2316.72,2314.89,2315.22,397.1125
1777098600.0,2315.22,2316.92,2315.21,2316.07,373.2097
1777099500.0,2316.07,2317.64,2315.14,2316.01,353.528
1777100400.0,2316.0,2316.01,2314.26,2314.62,369.5352
1777101300.0,2314.62,2315.95,2314.39,2315.9,549.7727
1777102200.0,2315.91,2317.15,2315.55,2316.63,396.3292
1777103100.0,2316.62,2318.81,2315.62,2316.48,502.2708
1777104000.0,2316.48,2318.34,2315.92,2318.03,353.0689
1777104900.0,2318.02,2318.85,2317.52,2318.57,343.8939
1777105800.0,2318.57,2320.92,2318.56,2319.5,573.153
1777106700.0,2319.5,2319.5,2318.92,2319.44,370.9216
1777107600.0,2319.43,2319.73,2318.31,2319.58,509.109
1777108500.0,2319.58,2320.0,2317.27,2317.37,688.8913
1777109400.0,2317.37,2322.8,2317.17,2321.66,829.3615
1777110300.0,2321.66,2323.21,2319.0,2319.12,2637.7786
1777111200.0,2319.11,2321.56,2318.93,2319.94,800.8842
1777112100.0,2319.94,2322.05,2319.94,2320.97,322.4356
1777113000.0,2320.96,2322.74,2319.93,2320.47,538.3102
1777113900.0,2320.47,2320.6,2319.34,2320.56,419.5743
1777114800.0,2320.57,2320.57,2317.13,2317.27,464.9145
1777115700.0,2317.28,2317.93,2313.39,2315.14,857.3963
1777116600.0,2315.13,2315.46,2313.0,2313.01,643.4041
1777117500.0,2313.01,2314.37,2311.2,2313.64,1117.7002
1777118400.0,2313.65,2316.92,2311.93,2315.55,1034.3638
1777119300.0,2315.56,2317.02,2313.99,2313.99,414.5026
1777120200.0,2313.99,2314.9,2311.88,2313.31,1050.6529
1777121100.0,2313.32,2314.9,2313.31,2313.55,979.6198
1777122000.0,2313.56,2316.93,2313.56,2316.92,649.9007
1777122900.0,2316.92,2317.31,2316.0,2316.47,503.4295
1777123800.0,2316.48,2317.35,2315.66,2317.34,629.9366
1777124700.0,2317.34,2317.88,2316.25,2316.25,559.525
1777125600.0,2316.25,2318.94,2315.27,2318.21,872.5347
1777126500.0,2318.22,2318.22,2315.29,2317.48,782.8946
1777127400.0,2317.49,2317.99,2316.64,2317.36,585.4887
1777128300.0,2317.37,2318.39,2316.02,2316.02,881.106
1777129200.0,2316.03,2316.92,2315.19,2316.44,556.9353
1777130100.0,2316.44,2318.16,2316.03,2317.82,1037.5432
1777131000.0,2317.82,2318.68,2316.78,2316.83,638.4951
1777131900.0,2316.83,2316.83,2303.0,2308.09,4464.5493
1777132800.0,2308.08,2310.26,2305.34,2310.23,4976.5791
1777133700.0,2310.22,2310.77,2305.86,2308.69,1170.1979
1777134600.0,2308.68,2309.08,2300.55,2308.44,3316.6128
1777135500.0,2308.44,2311.03,2308.2,2309.53,947.1864
1777136400.0,2309.54,2309.54,2307.95,2308.37,635.063
1777137300.0,2308.38,2313.62,2307.34,2309.11,1459.0547
1777138200.0,2309.11,2312.15,2307.86,2311.24,1458.27
1777139100.0,2311.24,2311.24,2308.97,2309.36,810.0854
1777140000.0,2309.36,2312.39,2308.28,2310.44,843.9435
1777140900.0,2310.44,2312.33,2308.96,2312.03,1098.0952
1777141800.0,2312.03,2313.98,2311.75,2311.76,431.2718
1777142700.0,2311.75,2313.24,2311.43,2311.55,446.6526
1777143600.0,2311.55,2312.0,2310.21,2312.0,658.2604
1777144500.0,2312.0,2312.31,2309.02,2309.02,507.8252
1777145400.0,2309.02,2309.33,2307.31,2307.31,487.82
1777146300.0,2307.3,2310.68,2307.12,2310.06,429.7686
1777147200.0,2310.06,2311.51,2308.85,2310.44,530.2436
1777148100.0,2310.43,2312.0,2309.55,2311.42,403.7801
1777149000.0,2311.43,2312.0,2311.21,2311.21,255.1889
1777149900.0,2311.22,2313.21,2310.7,2313.2,172.4001
1777150800.0,2313.21,2317.35,2313.2,2316.35,978.3192
1777151700.0,2316.36,2317.18,2315.35,2315.94,508.9564
1777152600.0,2315.93,2315.93,2312.86,2314.49,624.1696
1777153500.0,2314.5,2316.26,2314.49,2315.8,321.0822
1777154400.0,2315.79,2317.35,2315.09,2315.81,316.0515
1777155300.0,2315.81,2317.26,2315.56,2316.51,252.5003
1777156200.0,2316.51,2320.42,2316.51,2318.94,766.428
1777157100.0,2318.93,2318.93,2317.49,2317.75,559.6848
1777158000.0,2317.76,2319.58,2316.92,2318.96,650.7197
1777158900.0,2318.96,2319.37,2317.87,2319.36,322.8248
1777159800.0,2319.36,2319.86,2318.11,2318.89,462.2765
1777160700.0,2318.88,2319.5,2318.0,2319.5,258.4184
1777161600.0,2319.49,2320.06,2315.9,2316.72,775.1403
1777162500.0,2316.72,2316.72,2314.67,2315.22,305.0608
1777163400.0,2315.22,2317.24,2314.49,2317.24,405.359
1777164300.0,2317.24,2318.16,2312.0,2315.37,854.0158
1777165200.0,2315.37,2315.64,2313.66,2315.26,344.8639
1777166100.0,2315.26,2316.91,2315.13,2315.88,305.9668
1777167000.0,2315.88,2317.88,2315.29,2315.9,1119.6465
1777167900.0,2315.89,2316.61,2313.48,2313.85,859.0117
1777168800.0,2313.84,2318.12,2313.58,2317.87,235.2579
1777169700.0,2317.87,2318.11,2316.52,2317.48,253.9271
1777170600.0,2317.48,2318.4,2315.31,2315.46,834.1017
1777171500.0,2315.46,2315.97,2314.28,2315.15,339.4401
1777172400.0,2315.15,2316.18,2313.21,2316.18,1098.7989
1777173300.0,2316.17,2316.35,2312.27,2312.28,270.9465
1777174200.0,2312.28,2312.5,2306.72,2309.17,1457.412
1777175100.0,2309.18,2310.46,2308.3,2310.0,553.7762
1777176000.0,2309.99,2312.65,2308.97,2311.16,536.3368
1777176900.0,2311.16,2311.88,2310.49,2310.85,364.4079
1777177800.0,2310.84,2313.48,2310.31,2312.82,276.312
1777178700.0,2312.83,2319.76,2312.82,2317.74,1442.099
1777179600.0,2317.73,2331.78,2317.57,2328.35,5142.3089
1777180500.0,2328.33,2336.48,2326.46,2330.9,6621.8497
1777181400.0,2330.91,2334.57,2328.32,2329.06,2649.157
1777182300.0,2329.07,2330.0,2327.31,2327.84,1303.5131
1777183200.0,2327.85,2331.76,2327.85,2330.35,1576.1458
1777184100.0,2330.35,2330.8,2328.01,2329.45,385.4452
1777185000.0,2329.45,2333.27,2329.02,2331.85,777.0039
1777185900.0,2331.85,2331.99,2327.46,2329.99,1593.9693
1777186800.0,2330.0,2330.58,2328.58,2329.44,646.4992
1777187700.0,2329.43,2330.92,2329.33,2330.07,563.0767
1777188600.0,2330.07,2330.07,2328.6,2328.6,370.4907
1777189500.0,2328.6,2332.25,2328.6,2331.24,732.7182
1777190400.0,2331.25,2334.71,2331.25,2332.96,1692.728
1777191300.0,2332.96,2333.28,2330.49,2331.41,815.2589
1777192200.0,2331.41,2337.68,2331.37,2331.98,1606.3818
1777193100.0,2331.97,2333.5,2331.74,2332.38,571.0921
1777194000.0,2332.37,2332.37,2329.66,2331.11,590.6251
1777194900.0,2331.1,2333.8,2330.75,2332.06,605.1414
1777195800.0,2332.07,2333.7,2331.36,2333.52,635.4688
1777196700.0,2333.51,2335.59,2332.53,2334.69,648.9564
1777197600.0,2334.68,2336.32,2332.44,2334.91,1102.613
1777198500.0,2334.91,2335.48,2333.09,2333.26,509.6713
1777199400.0,2333.26,2333.31,2332.24,2332.27,917.6014
1777200300.0,2332.27,2332.96,2331.7,2332.95,368.5504
1777201200.0,2332.95,2335.47,2332.75,2333.98,457.7889
1777202100.0,2333.98,2337.5,2333.29,2336.34,658.5565
1777203000.0,2336.34,2337.5,2335.06,2335.06,489.1048
1777203900.0,2335.07,2336.85,2333.96,2335.95,441.6977
1777204800.0,2335.96,2336.4,2330.0,2330.62,748.4775
1777205700.0,2330.62,2335.46,2329.92,2331.3,1182.4529
1777206600.0,2331.29,2333.0,2330.63,2330.63,589.0429
1777207500.0,2330.64,2330.64,2324.19,2328.89,1929.0633
1777208400.0,2328.9,2332.59,2328.11,2331.24,1041.4771
1777209300.0,2331.24,2332.21,2329.16,2330.61,832.269
1777210200.0,2330.61,2335.0,2330.42,2335.0,1120.2867
1777211100.0,2334.99,2336.0,2333.63,2335.22,745.8337
1777212000.0,2335.21,2336.19,2333.64,2335.58,716.6554
1777212900.0,2335.59,2352.44,2334.79,2349.99,8243.1104
1777213800.0,2349.99,2351.1,2345.26,2347.02,2300.4435
1777214700.0,2347.03,2350.12,2344.5,2346.2,1716.4644
1777215600.0,2346.2,2348.0,2344.79,2346.13,854.454
1777216500.0,2346.12,2348.36,2344.62,2348.35,929.6958
1777217400.0,2348.36,2348.93,2345.0,2345.56,805.2548
1777218300.0,2345.56,2348.05,2344.23,2348.05,752.8992
1777219200.0,2348.06,2349.43,2344.01,2345.14,1385.2862
1777220100.0,2345.14,2348.0,2345.14,2346.88,890.1189
1777221000.0,2346.89,2347.82,2344.84,2344.87,823.9316
1777221900.0,2344.87,2347.0,2342.91,2342.92,817.4421
1777222800.0,2342.92,2345.6,2340.56,2345.38,1430.1128
1777223700.0,2345.38,2347.41,2345.23,2346.33,402.4279
1777224600.0,2346.34,2347.36,2344.09,2347.08,353.9324
1777225500.0,2347.09,2349.99,2346.58,2349.43,930.0862
1777226400.0,2349.42,2368.42,2347.42,2363.38,8579.1605
1777227300.0,2363.38,2369.01,2360.37,2361.16,3614.1865
1777228200.0,2361.17,2362.2,2358.01,2360.48,1530.4771
1777229100.0,2360.47,2362.54,2359.21,2361.99,2450.2047
1777230000.0,2361.99,2367.07,2359.55,2365.64,2402.0378
1777230900.0,2365.65,2376.35,2363.41,2365.83,6667.3085
1777231800.0,2365.84,2366.36,2363.36,2365.85,1435.8943
1777232700.0,2365.84,2371.0,2365.55,2367.4,1344.1463
1777233600.0,2367.4,2369.2,2365.33,2365.33,1202.5889
1777234500.0,2365.34,2367.5,2364.48,2366.62,1007.0474
1777235400.0,2366.63,2372.68,2365.36,2366.37,2001.9047
1777236300.0,2366.38,2367.17,2362.5,2362.5,1022.4245
1777237200.0,2362.51,2369.12,2362.35,2366.35,986.2182
1777238100.0,2366.36,2368.29,2365.4,2365.41,665.729
1777239000.0,2365.41,2365.41,2351.13,2357.31,4611.5633
1777239900.0,2357.31,2370.33,2348.47,2364.34,5649.2006
1777240800.0,2364.34,2371.47,2362.81,2370.54,3330.6424
1777241700.0,2370.55,2380.0,2367.31,2367.97,5147.2815
1777242600.0,2367.96,2367.96,2353.53,2360.61,6010.4575
1777243500.0,2360.61,2366.56,2360.21,2361.89,2526.1824
1777244400.0,2361.88,2362.25,2356.73,2361.22,3273.503
1777245300.0,2361.21,2368.58,2359.19,2361.53,1688.6058
1777246200.0,2361.53,2373.14,2358.87,2372.85,4477.1181
1777247100.0,2372.85,2378.61,2368.29,2369.44,4321.2251
1777248000.0,2369.45,2375.82,2365.43,2366.55,1667.346
1777248900.0,2366.55,2368.19,2359.46,2363.05,1812.6575
1777249800.0,2363.05,2374.7,2360.64,2372.45,1872.9332
1777250700.0,2372.46,2392.0,2371.04,2390.76,8253.1125
1777251600.0,2390.56,2404.37,2386.0,2387.1,12501.6716
1777252500.0,2387.11,2387.11,2377.56,2382.88,2533.7731
1777253400.0,2382.88,2389.25,2379.88,2386.81,1918.9893
1777254300.0,2386.8,2397.0,2386.8,2394.61,3754.9562
1777255200.0,2394.6,2395.48,2387.29,2390.08,1641.3993
1777256100.0,2390.09,2394.24,2388.0,2393.01,2117.563
1777257000.0,2393.01,2397.0,2390.74,2392.0,1518.4628
1777257900.0,2391.99,2396.02,2391.64,2392.16,1360.7111
1777258800.0,2392.16,2397.88,2390.57,2395.77,1639.439
1777259700.0,2395.77,2398.72,2393.3,2397.78,1699.9734
1777260600.0,2397.78,2400.43,2395.04,2399.94,2587.255
1777261500.0,2399.93,2400.27,2394.17,2394.85,1760.3922
1777262400.0,2394.85,2396.05,2390.02,2391.0,2334.6952
1777263300.0,2391.01,2392.13,2388.53,2391.34,2247.8599
1777264200.0,2391.33,2392.3,2387.0,2387.75,1423.2219
1777265100.0,2387.75,2388.62,2380.45,2382.84,2729.0281
1777266000.0,2382.84,2383.46,2362.43,2363.01,7127.214
1777266900.0,2363.01,2363.07,2328.96,2334.39,18748.5481
1777267800.0,2334.38,2335.92,2320.0,2325.71,8888.2947
1777268700.0,2325.71,2327.31,2319.31,2323.18,5304.3454
1777269600.0,2323.17,2323.82,2317.29,2323.22,3083.9623
1777270500.0,2323.22,2329.13,2321.61,2325.98,3182.3767
1777271400.0,2325.97,2325.98,2312.71,2319.1,5149.3449
1777272300.0,2319.1,2324.41,2318.71,2321.0,2250.248
1777273200.0,2321.01,2323.82,2316.98,2318.29,2879.4747
1777274100.0,2318.29,2321.51,2315.0,2319.97,2358.2906
1777275000.0,2319.97,2320.96,2315.85,2320.6,1846.1106
1777275900.0,2320.61,2321.36,2316.0,2316.01,2126.7224
1777276800.0,2316.0,2319.58,2314.13,2316.28,4278.3401
1777277700.0,2316.28,2317.57,2310.67,2310.78,2990.1723
1777278600.0,2310.77,2314.34,2309.13,2312.43,3389.5036
1777279500.0,2312.44,2319.68,2312.44,2319.68,1485.7063
1777280400.0,2319.68,2321.5,2319.0,2321.5,1348.5635
1777281300.0,2321.49,2321.99,2315.59,2319.18,1580.9015
1777282200.0,2319.18,2325.21,2318.39,2323.78,3995.0756
1777283100.0,2323.77,2325.52,2321.71,2322.19,2605.8554
1777284000.0,2322.19,2323.97,2320.23,2321.53,831.0773
1777284900.0,2321.53,2322.23,2318.87,2320.04,1143.0142
1777285800.0,2320.05,2321.36,2319.32,2319.5,882.4965
1777286700.0,2319.5,2322.9,2319.5,2320.14,1108.9025
1777287600.0,2320.14,2321.85,2316.84,2318.48,1358.5079
1777288500.0,2318.48,2322.49,2317.85,2321.56,1028.0342
1777289400.0,2321.57,2322.84,2318.52,2319.63,1004.4597
1777290300.0,2319.64,2320.86,2318.44,2320.39,574.896
1777291200.0,2320.39,2320.96,2316.66,2319.87,1273.8067
1777292100.0,2319.86,2320.82,2315.16,2316.39,1542.1966
1777293000.0,2316.38,2317.65,2313.0,2315.64,2034.9514
1777293900.0,2315.64,2317.36,2312.59,2314.11,1724.8316
1777294800.0,2314.1,2317.14,2313.42,2314.42,2082.3996
1777295700.0,2314.41,2316.93,2313.39,2314.89,1016.0695
1777296600.0,2314.89,2320.76,2311.43,2316.05,5507.4349
1777297500.0,2316.04,2316.52,2303.5,2312.28,8747.2658
1777298400.0,2312.28,2316.97,2308.69,2314.28,3096.8839
1777299300.0,2314.29,2315.7,2310.95,2313.43,2482.2487
1777300200.0,2313.42,2327.27,2311.51,2326.3,4602.7588
1777301100.0,2326.3,2329.82,2312.82,2314.75,4809.3052
1777302000.0,2314.75,2315.16,2293.57,2294.54,15825.1314
1777302900.0,2294.56,2294.73,2266.09,2276.25,20777.5969
1777303800.0,2276.25,2284.23,2275.71,2282.45,5569.5467
1777304700.0,2282.44,2282.44,2272.8,2275.07,4778.9829
1777305600.0,2275.07,2278.31,2270.04,2278.05,4334.832
1777306500.0,2278.04,2280.6,2276.0,2276.25,2486.9013
1777307400.0,2276.26,2279.33,2273.78,2275.18,2791.4783
1777308300.0,2275.17,2279.52,2274.38,2278.12,2508.4224
1777309200.0,2278.13,2283.55,2278.12,2281.66,4275.8278
1777310100.0,2281.66,2290.16,2279.61,2288.02,4892.2639
1777311000.0,2288.01,2292.91,2287.12,2291.03,7337.7662
1777311900.0,2291.03,2291.76,2287.02,2287.08,2091.7448
1777312800.0,2287.09,2290.06,2285.76,2288.28,2654.0973
1777313700.0,2288.28,2292.09,2284.5,2285.9,1783.8827
1777314600.0,2285.89,2289.84,2285.04,2289.36,1542.2675
1777315500.0,2289.36,2291.13,2288.34,2288.75,1505.4017
1777316400.0,2288.75,2291.08,2285.49,2290.39,1437.5209
1777317300.0,2290.38,2290.91,2280.27,2280.46,2079.2833
1777318200.0,2280.45,2288.01,2274.98,2287.17,3468.9317
1777319100.0,2287.16,2289.19,2286.67,2289.14,1126.671
1777320000.0,2289.15,2296.36,2289.08,2291.04,2651.3675
1777320900.0,2291.04,2293.21,2291.04,2293.08,635.4126
1777321800.0,2293.07,2295.45,2292.0,2292.3,1462.405
1777322700.0,2292.31,2292.7,2291.06,2291.7,1220.6961
1777323600.0,2291.69,2291.69,2287.0,2289.18,935.5737
1777324500.0,2289.17,2290.71,2287.8,2289.65,592.2677
1777325400.0,2289.65,2292.4,2289.64,2291.06,594.6345
1777326300.0,2291.05,2291.06,2287.32,2287.33,943.3133
1777327200.0,2287.34,2290.05,2284.66,2289.31,1701.1629
1777328100.0,2289.32,2291.98,2288.88,2291.98,685.3651
1777329000.0,2291.99,2294.67,2291.05,2293.63,984.5735
1777329900.0,2293.62,2295.7,2293.62,2294.36,843.7287
1777330800.0,2294.36,2294.85,2291.16,2291.52,550.5063
1777331700.0,2291.52,2296.34,2291.52,2293.58,644.1126
1777332600.0,2293.59,2300.0,2293.58,2299.61,1236.4195
1777333500.0,2299.6,2308.61,2298.08,2303.67,2567.7369
1777334400.0,2303.66,2306.82,2300.66,2303.94,1887.6564
1777335300.0,2303.94,2306.31,2299.55,2300.14,1043.6259
1777336200.0,2300.15,2308.02,2299.47,2307.1,1076.4311
1777337100.0,2307.1,2310.88,2306.16,2306.77,1357.0753
1777338000.0,2306.76,2308.76,2305.75,2307.53,1147.807
1777338900.0,2307.52,2308.11,2304.12,2305.18,986.2245
1777339800.0,2305.18,2305.18,2298.0,2299.21,1346.4652
1777340700.0,2299.22,2301.73,2297.78,2298.61,704.0901
1777341600.0,2298.61,2301.01,2296.9,2298.62,923.4094
1777342500.0,2298.61,2300.59,2293.21,2293.22,1784.0933
1777343400.0,2293.21,2294.84,2281.89,2281.89,3584.6039
1777344300.0,2281.89,2289.53,2280.99,2289.11,1616.3462
1777345200.0,2289.1,2289.53,2282.39,2284.99,1542.8605
1777346100.0,2284.99,2286.21,2283.12,2284.99,673.1176
1777347000.0,2284.99,2289.03,2284.53,2286.49,876.0893
1777347900.0,2286.5,2291.0,2285.77,2290.94,619.3894
1777348800.0,2290.93,2292.36,2288.64,2292.36,708.5339
1777349700.0,2292.35,2294.6,2283.32,2286.45,2863.6071
1777350600.0,2286.45,2291.69,2283.34,2288.61,1786.2513
1777351500.0,2288.62,2291.03,2288.44,2288.57,504.6525
1777352400.0,2288.58,2294.2,2288.58,2289.71,4448.5275
1777353300.0,2289.72,2296.91,2287.57,2294.47,3496.7239
1777354200.0,2294.47,2294.84,2286.71,2288.38,1744.8626
1777355100.0,2288.38,2290.71,2288.12,2288.13,806.0094
1777356000.0,2288.13,2291.0,2287.93,2289.89,966.9878
1777356900.0,2289.9,2290.17,2283.9,2286.05,1357.693
1777357800.0,2286.05,2286.9,2270.61,2272.06,6941.2127
1777358700.0,2272.06,2279.46,2270.53,2277.63,1473.8446
1777359600.0,2277.63,2278.95,2273.77,2274.47,1504.9663
1777360500.0,2274.47,2278.21,2270.65,2277.96,2826.6502
1777361400.0,2277.96,2284.5,2277.38,2282.96,1745.902
1777362300.0,2282.96,2288.65,2282.13,2287.99,3840.0424
1777363200.0,2288.0,2288.17,2284.09,2286.97,950.9495
1777364100.0,2286.96,2290.71,2285.3,2290.71,1579.426
1777365000.0,2290.71,2291.64,2284.0,2285.69,2019.8281
1777365900.0,2285.7,2287.51,2283.86,2287.07,1515.5086
1777366800.0,2287.07,2287.5,2284.77,2287.17,748.8836
1777367700.0,2287.16,2288.51,2285.72,2288.33,1673.1382
1777368600.0,2288.33,2288.34,2282.83,2282.84,1117.3687
1777369500.0,2282.83,2283.53,2276.67,2282.27,4115.2431
1777370400.0,2282.26,2286.04,2282.02,2282.02,1430.8258
1777371300.0,2282.03,2283.84,2280.84,2282.66,852.1237
1777372200.0,2282.65,2286.23,2282.65,2285.94,3082.3657
1777373100.0,2285.95,2287.63,2283.51,2284.51,1211.7621
1777374000.0,2284.51,2285.36,2276.97,2277.77,1713.8739
1777374900.0,2277.77,2279.1,2273.05,2276.59,4456.121
1777375800.0,2276.59,2276.84,2271.5,2275.17,4071.9036
1777376700.0,2275.16,2275.75,2270.36,2275.32,2190.2705
1777377600.0,2275.32,2279.27,2273.8,2277.69,1339.4366
1777378500.0,2277.68,2281.29,2272.93,2273.54,2237.1479
1777379400.0,2273.54,2278.31,2271.59,2277.5,1491.0552
1777380300.0,2277.5,2279.7,2276.45,2278.23,1146.8861
1777381200.0,2278.23,2278.23,2258.24,2267.54,9143.5327
1777382100.0,2267.53,2274.98,2264.42,2272.0,2537.4126
1777383000.0,2272.0,2278.69,2265.51,2277.04,3961.8286
1777383900.0,2277.04,2286.2,2270.73,2276.36,4226.2554
1777384800.0,2276.37,2276.63,2269.24,2272.81,1629.1087
1777385700.0,2272.82,2273.11,2263.73,2266.98,2771.6623
1777386600.0,2266.98,2271.96,2261.0,2271.66,4504.9133
1777387500.0,2271.65,2273.44,2264.21,2273.44,5473.004
1777388400.0,2273.44,2277.39,2269.22,2274.02,2472.8413
1777389300.0,2274.02,2276.21,2272.1,2273.35,1511.7788
1777390200.0,2273.35,2276.58,2270.2,2273.66,1976.4907
1777391100.0,2273.66,2280.61,2272.65,2279.76,3344.0911
1777392000.0,2279.76,2281.68,2276.23,2278.66,1832.5844
1777392900.0,2278.66,2280.76,2276.0,2277.56,1624.3326
1777393800.0,2277.56,2279.15,2274.38,2275.19,1136.9469
1777394700.0,2275.2,2288.38,2275.0,2286.18,4565.3056
1777395600.0,2286.18,2288.57,2281.09,2282.22,2152.8135
1777396500.0,2282.21,2286.58,2278.99,2285.28,1223.3331
1777397400.0,2285.28,2293.38,2285.27,2291.24,3652.7346
1777398300.0,2291.24,2292.77,2287.9,2290.73,1065.2709
1777399200.0,2290.73,2294.36,2287.9,2288.8,1394.5801
1777400100.0,2288.8,2295.59,2288.79,2294.41,1811.1679
1777401000.0,2294.4,2295.36,2290.87,2290.87,1112.3889
1777401900.0,2290.87,2298.31,2288.63,2296.96,2931.0493
1777402800.0,2296.96,2297.17,2291.83,2292.2,1369.2706
1777403700.0,2292.21,2293.29,2290.26,2292.1,924.0516
1777404600.0,2292.1,2299.35,2291.24,2299.1,1270.7927
1777405500.0,2299.1,2305.55,2297.92,2301.96,5366.2958
1777406400.0,2301.96,2305.95,2299.46,2300.43,1422.1088
1777407300.0,2300.43,2300.54,2297.22,2297.48,567.7666
1777408200.0,2297.48,2298.98,2295.95,2296.19,754.6165
1777409100.0,2296.19,2298.98,2295.52,2295.55,809.8527
1777410000.0,2295.55,2297.2,2290.27,2291.34,1228.1841
1777410900.0,2291.35,2292.19,2287.67,2287.83,982.8457
1777411800.0,2287.83,2290.71,2287.01,2287.36,929.6604
1777412700.0,2287.36,2292.08,2285.75,2290.12,2127.7663
1777413600.0,2290.12,2294.5,2289.63,2290.29,1050.4081
1777414500.0,2290.28,2290.96,2288.85,2289.27,463.028
1777415400.0,2289.28,2290.08,2286.9,2287.17,533.139
1777416300.0,2287.17,2287.17,2285.48,2286.18,390.1842
1777417200.0,2286.17,2288.65,2284.15,2288.18,751.8281
1777418100.0,2288.19,2289.06,2285.05,2286.04,478.5636
1777419000.0,2286.04,2287.34,2285.2,2287.07,474.3385
1777419900.0,2287.07,2290.18,2286.91,2289.42,852.2213
1777420800.0,2289.42,2291.0,2287.43,2288.67,1005.5026
1777421700.0,2288.67,2289.13,2286.57,2286.97,715.1549
1777422600.0,2286.96,2290.02,2285.38,2289.2,741.1378
1777423500.0,2289.2,2294.24,2288.34,2292.4,1591.5552
1777424400.0,2292.41,2292.43,2282.09,2284.35,3298.4397
1777425300.0,2284.35,2285.87,2280.28,2281.93,2582.022
1777426200.0,2281.93,2287.19,2278.84,2287.03,1488.7176
1777427100.0,2287.03,2297.3,2286.0,2292.45,2882.2703
1777428000.0,2292.45,2295.61,2290.5,2292.68,2493.084
1777428900.0,2292.69,2293.99,2289.43,2289.49,1332.6016
1777429800.0,2289.49,2289.81,2284.68,2286.73,2070.0561
1777430700.0,2286.73,2289.01,2286.32,2288.88,1263.1221
1777431600.0,2288.87,2292.06,2287.61,2291.7,1366.8224
1777432500.0,2291.7,2302.31,2291.7,2300.63,4422.8366
1777433400.0,2300.64,2316.36,2298.4,2314.14,7748.8405
1777434300.0,2314.13,2315.88,2308.83,2311.52,4933.4824
1777435200.0,2311.53,2312.4,2309.33,2309.8,1954.0516
1777436100.0,2309.8,2315.86,2309.8,2314.54,1921.6962
1777437000.0,2314.54,2342.5,2313.85,2334.59,16598.5075
1777437900.0,2334.59,2336.43,2326.89,2327.32,5839.6458
1777438800.0,2327.32,2329.89,2322.83,2325.57,3910.177
1777439700.0,2325.57,2327.1,2323.08,2327.1,2563.5754
1777440600.0,2327.09,2327.29,2324.59,2326.62,1171.4124
1777441500.0,2326.62,2333.22,2326.62,2329.19,5219.7862
1777442400.0,2329.19,2336.64,2328.52,2331.26,3462.01
1777443300.0,2331.26,2331.96,2327.57,2328.99,1216.6867
1777444200.0,2328.99,2329.64,2324.5,2326.24,2139.0489
1777445100.0,2326.25,2327.61,2320.24,2324.58,2662.7135
1777446000.0,2324.59,2326.65,2323.01,2326.65,1048.7482
1777446900.0,2326.65,2326.76,2322.55,2323.26,927.059
1777447800.0,2323.25,2330.31,2323.25,2327.14,2142.0791
1777448700.0,2327.13,2327.19,2321.7,2323.73,2361.0982
1777449600.0,2323.74,2325.47,2321.11,2324.29,1531.5634
1777450500.0,2324.29,2329.03,2323.7,2326.04,896.1446
1777451400.0,2326.03,2326.03,2321.58,2325.58,1067.3758
1777452300.0,2325.58,2325.9,2323.51,2325.33,641.1803
1777453200.0,2325.33,2328.0,2322.74,2327.29,1464.1049
1777454100.0,2327.28,2330.82,2326.41,2327.73,1086.1702
1777455000.0,2327.72,2333.19,2327.48,2330.79,1351.441
1777455900.0,2330.8,2346.66,2330.44,2339.72,8906.7085
1777456800.0,2339.71,2344.1,2339.34,2343.99,2559.1499
1777457700.0,2344.0,2346.95,2341.39,2345.8,2522.9356
1777458600.0,2345.8,2346.3,2330.01,2332.01,2895.3918
1777459500.0,2332.01,2336.6,2331.9,2333.68,1475.9497
1777460400.0,2333.67,2335.25,2328.79,2333.49,2567.1774
1777461300.0,2333.49,2335.11,2329.06,2330.02,1622.71
1777462200.0,2330.02,2336.0,2329.46,2330.81,2442.7597
1777463100.0,2330.82,2333.55,2330.35,2331.74,1642.55
1777464000.0,2331.74,2331.94,2320.53,2320.54,2529.3321
1777464900.0,2320.54,2325.37,2307.4,2314.8,9318.9331
1777465800.0,2314.79,2315.06,2308.47,2314.04,2831.2199
1777466700.0,2314.03,2317.1,2312.66,2316.13,1806.9439
1777467600.0,2316.13,2318.15,2312.45,2314.83,2014.4606
1777468500.0,2314.83,2316.62,2305.45,2307.06,3510.9531
1777469400.0,2307.06,2307.4,2293.86,2294.6,7455.844
1777470300.0,2294.6,2305.15,2289.94,2303.03,5391.3018
1777471200.0,2303.02,2303.02,2293.86,2297.13,3652.7321
1777472100.0,2297.13,2306.6,2294.61,2304.56,5689.0594
1777473000.0,2304.57,2308.29,2299.84,2300.96,3925.8479
1777473900.0,2300.97,2303.8,2297.5,2299.39,1216.131
1777474800.0,2299.4,2301.24,2283.14,2285.6,5881.8736
1777475700.0,2285.59,2291.7,2282.34,2290.59,8601.3901
1777476600.0,2290.6,2293.67,2273.68,2273.69,7407.6398
1777477500.0,2273.69,2275.95,2263.1,2272.51,9836.5065
1777478400.0,2272.5,2279.27,2269.62,2276.16,4091.2191
1777479300.0,2276.15,2278.62,2270.66,2273.79,5368.6462
1777480200.0,2273.78,2274.83,2263.35,2267.63,6558.8937
1777481100.0,2267.63,2269.0,2265.38,2267.47,3679.5305
1777482000.0,2267.48,2272.5,2266.3,2268.74,2316.9494
1777482900.0,2268.74,2276.16,2266.81,2270.66,4140.7549
1777483800.0,2270.66,2275.72,2270.0,2275.71,1870.3527
1777484700.0,2275.71,2283.33,2272.49,2283.12,3287.4997
1777485600.0,2283.12,2285.92,2227.57,2241.46,26552.2202
1777486500.0,2241.46,2249.0,2226.34,2232.35,12374.5468
1777487400.0,2232.36,2232.36,2220.36,2224.22,11909.3639
1777488300.0,2224.22,2241.27,2222.55,2239.41,5630.5535
1777489200.0,2239.41,2242.44,2226.77,2238.36,9973.708
1777490100.0,2238.36,2240.0,2231.14,2234.49,2628.9914
1777491000.0,2234.49,2234.49,2225.0,2227.81,2791.8583
1777491900.0,2227.81,2234.99,2226.8,2233.7,2157.4281
1777492800.0,2233.69,2241.99,2230.49,2231.32,4234.1831
1777493700.0,2231.33,2240.42,2230.51,2240.09,2159.6995
1777494600.0,2240.1,2246.82,2238.07,2245.69,2825.3829
1777495500.0,2245.69,2248.73,2240.06,2240.42,3368.9474
1777496400.0,2240.42,2248.97,2238.59,2247.14,3822.0306
1777497300.0,2247.15,2250.0,2246.94,2247.62,3626.4556
1777498200.0,2247.61,2252.33,2245.7,2251.69,3584.2908
1777499100.0,2251.68,2264.8,2251.68,2253.13,4399.6836
1777500000.0,2253.14,2255.82,2250.19,2255.82,1652.4337
1777500900.0,2255.81,2257.39,2251.8,2252.56,1752.6014
1777501800.0,2252.57,2259.01,2252.56,2258.24,899.1027
1777502700.0,2258.24,2258.57,2255.42,2257.78,1158.5818
1777503600.0,2257.77,2260.3,2253.1,2259.7,1610.729
1777504500.0,2259.7,2259.7,2250.35,2253.27,1794.8817
1777505400.0,2253.28,2257.24,2253.28,2256.5,952.785
1777506300.0,2256.51,2257.61,2252.82,2252.9,1086.3731
1777507200.0,2252.9,2257.06,2252.8,2253.27,1029.7301
1777508100.0,2253.28,2255.61,2249.47,2254.64,1508.0257
1777509000.0,2254.65,2268.95,2254.65,2264.6,3797.6177
1777509900.0,2264.61,2275.0,2264.61,2272.46,3444.4439
1777510800.0,2272.45,2276.65,2267.56,2268.74,1933.0347
1777511700.0,2268.73,2277.0,2267.06,2275.44,1828.9149
1777512600.0,2275.45,2279.0,2270.42,2273.23,1898.5121
1777513500.0,2273.24,2276.73,2267.89,2269.35,2629.9121
1777514400.0,2269.36,2273.14,2269.36,2270.48,999.1773
1777515300.0,2270.47,2272.94,2262.5,2263.01,1712.1219
1777516200.0,2263.02,2263.02,2236.36,2241.72,7204.376
1777517100.0,2241.72,2247.05,2237.34,2245.13,2755.984
1777518000.0,2245.12,2249.2,2243.89,2246.85,1841.9466
1777518900.0,2246.85,2250.98,2245.0,2250.46,949.3677
1777519800.0,2250.45,2255.67,2247.25,2254.29,1692.5969
1777520700.0,2254.29,2256.82,2253.23,2253.24,834.4569
1777521600.0,2253.24,2254.27,2245.0,2250.71,1620.9036
1777522500.0,2250.71,2251.16,2243.17,2246.31,1564.6557
1777523400.0,2246.31,2246.48,2236.89,2237.51,2863.4894
1777524300.0,2237.51,2241.04,2237.3,2238.97,1709.4384
1777525200.0,2238.98,2244.77,2238.67,2243.91,1287.5494
1777526100.0,2243.91,2244.45,2231.64,2236.68,2426.0477
1777527000.0,2236.69,2248.31,2236.61,2245.05,1642.0964
1777527900.0,2245.06,2247.62,2240.98,2242.76,2964.2046
1777528800.0,2242.76,2245.69,2241.86,2244.0,928.0299
1777529700.0,2244.0,2247.12,2243.89,2246.65,1584.0195
1777530600.0,2246.66,2252.49,2245.38,2245.81,2386.6937
1777531500.0,2245.8,2248.99,2244.6,2248.03,1165.5055
1777532400.0,2248.03,2251.68,2243.71,2249.7,3292.6612
1777533300.0,2249.7,2253.61,2249.3,2253.26,1135.9504
1777534200.0,2253.27,2259.49,2252.64,2258.48,3489.1589
1777535100.0,2258.48,2262.23,2256.57,2260.31,3318.4671
1777536000.0,2260.31,2262.21,2256.01,2259.96,3352.8796
1777536900.0,2259.95,2260.29,2255.27,2258.03,1756.6758
1777537800.0,2258.02,2260.63,2256.66,2260.5,1431.7678
1777538700.0,2260.51,2263.21,2256.34,2256.65,3462.0558
1777539600.0,2256.65,2259.0,2256.0,2258.98,913.8259
1777540500.0,2258.98,2265.48,2256.06,2265.48,1331.5191
1777541400.0,2265.49,2271.11,2262.66,2262.66,2993.0534
1777542300.0,2262.66,2265.44,2261.75,2261.86,906.9211
1777543200.0,2261.86,2265.74,2260.82,2261.38,1017.5374
1777544100.0,2261.38,2262.0,2256.78,2257.12,1756.6116
1777545000.0,2257.12,2263.48,2257.11,2261.19,1211.9118
1777545900.0,2261.2,2263.19,2259.12,2262.01,1297.3315
1777546800.0,2262.0,2273.7,2262.0,2267.84,3367.3771
1777547700.0,2267.84,2269.92,2265.39,2267.07,1264.0213
1777548600.0,2267.07,2267.18,2257.5,2258.46,1661.1033
1777549500.0,2258.45,2260.39,2252.07,2258.18,3011.3316
1777550400.0,2258.18,2262.01,2257.74,2260.58,850.8449
1777551300.0,2260.57,2271.07,2260.17,2267.12,2286.5333
1777552200.0,2267.13,2268.84,2263.91,2264.18,1361.4187
1777553100.0,2264.17,2268.71,2264.16,2265.45,1656.1846
1777554000.0,2265.46,2268.12,2262.99,2263.68,1127.6424
1777554900.0,2263.69,2264.83,2257.38,2259.15,1569.8122
1777555800.0,2259.14,2271.99,2254.74,2271.6,4293.2015
1777556700.0,2271.59,2272.56,2261.27,2263.9,3752.2707
1777557600.0,2263.9,2271.07,2258.33,2261.82,3365.7445
1777558500.0,2261.83,2261.99,2245.82,2258.39,6147.7649
1777559400.0,2258.39,2268.0,2254.74,2261.08,3049.4152
1777560300.0,2261.07,2268.0,2260.2,2262.01,1934.2665
1777561200.0,2262.0,2266.57,2257.65,2265.8,1662.7165
1777562100.0,2265.81,2267.56,2263.21,2267.56,1269.9888
1777563000.0,2267.56,2275.13,2262.27,2264.34,2275.155
1777563900.0,2264.34,2268.4,2260.0,2265.7,1269.0225
1777564800.0,2265.7,2267.16,2262.49,2265.61,913.3346
1777565700.0,2265.61,2265.61,2259.5,2262.0,872.9756
1777566600.0,2262.0,2262.98,2259.73,2260.12,725.1509
1777567500.0,2260.13,2261.8,2255.8,2257.24,1368.8453
1777568400.0,2257.24,2259.53,2253.28,2256.02,1426.9894
1777569300.0,2256.01,2256.01,2251.62,2255.55,1235.9263
1777570200.0,2255.55,2260.47,2254.89,2255.56,1331.5356
1777571100.0,2255.56,2259.42,2255.53,2258.14,894.6927
1777572000.0,2258.13,2262.49,2255.31,2256.44,1181.7061
1777572900.0,2256.43,2261.96,2255.37,2255.95,907.0921
1777573800.0,2255.95,2262.27,2254.55,2261.05,1046.8984
1777574700.0,2261.05,2265.29,2259.84,2259.84,974.5628
1777575600.0,2259.84,2265.0,2258.13,2263.71,1407.3286
1777576500.0,2263.71,2266.25,2262.66,2265.17,748.368
1777577400.0,2265.17,2267.09,2263.66,2265.43,1158.6064
1777578300.0,2265.42,2265.42,2260.6,2261.99,1457.0758
1777579200.0,2261.98,2264.49,2260.56,2263.93,816.1295
1777580100.0,2263.93,2267.32,2262.43,2265.43,780.3827
1777581000.0,2265.43,2266.02,2264.36,2264.6,818.5112
1777581900.0,2264.6,2265.92,2263.54,2264.34,871.6232
1777582800.0,2264.34,2264.65,2261.61,2264.11,535.2514
1777583700.0,2264.1,2264.1,2257.27,2257.85,886.4518
1777584600.0,2257.86,2260.84,2257.72,2259.94,649.7555
1777585500.0,2259.93,2259.93,2254.0,2256.29,1470.3817
1777586400.0,2256.29,2259.26,2256.21,2258.87,609.4995
1777587300.0,2258.87,2261.34,2258.77,2260.78,647.8495
1777588200.0,2260.78,2260.78,2254.9,2257.06,350.2631
1777589100.0,2257.07,2257.28,2252.42,2254.25,791.5404
1777590000.0,2254.25,2256.9,2254.0,2256.16,631.164
1777590900.0,2256.16,2257.14,2255.73,2256.32,323.7691
1777591800.0,2256.33,2258.63,2256.33,2258.33,523.0864
1777592700.0,2258.33,2259.01,2256.18,2257.51,790.5338
1777593600.0,2257.51,2264.0,2257.21,2262.22,1417.0663
1777594500.0,2262.22,2266.0,2261.09,2262.09,1009.1379
1777595400.0,2262.08,2263.95,2261.28,2263.7,551.4447
1777596300.0,2263.7,2265.63,2258.74,2260.0,835.4916
1777597200.0,2260.0,2265.21,2260.0,2263.78,557.5045
1777598100.0,2263.78,2265.58,2261.93,2262.56,615.1128
1777599000.0,2262.56,2266.02,2262.45,2265.86,1018.7973
1777599900.0,2265.87,2270.56,2265.26,2267.75,2023.0156
1777600800.0,2267.75,2270.0,2265.73,2266.96,1009.9688
1777601700.0,2266.97,2268.39,2265.0,2266.6,907.379
1777602600.0,2266.61,2268.0,2265.02,2266.42,655.992
1777603500.0,2266.42,2267.89,2265.3,2266.94,517.3364
1777604400.0,2266.94,2270.68,2266.25,2269.76,970.221
1777605300.0,2269.76,2295.0,2269.55,2284.93,11459.4481
1777606200.0,2284.93,2288.32,2279.52,2284.0,2163.2449
1777607100.0,2283.99,2285.75,2281.74,2282.87,1213.5327
1777608000.0,2282.87,2284.87,2281.13,2283.26,860.6794
1777608900.0,2283.26,2285.89,2277.56,2279.31,2360.5287
1777609800.0,2279.31,2280.88,2277.7,2280.87,1047.0475
1777610700.0,2280.87,2281.31,2279.18,2280.12,850.2597
1777611600.0,2280.11,2286.75,2278.28,2284.55,914.4242
1777612500.0,2284.55,2284.72,2282.1,2282.1,1078.5126
1777613400.0,2282.11,2284.02,2282.07,2284.02,411.9406
1777614300.0,2284.02,2286.32,2282.96,2283.26,1083.2943
1777615200.0,2283.26,2286.66,2282.96,2284.84,1139.8091
1777616100.0,2284.85,2286.41,2284.18,2284.26,829.3773
1777617000.0,2284.27,2285.72,2277.71,2280.38,1509.9525
1777617900.0,2280.37,2280.83,2272.09,2277.45,4650.8442
1777618800.0,2277.46,2279.76,2275.61,2277.59,1041.564
1777619700.0,2277.6,2278.72,2273.37,2274.14,1340.5827
1777620600.0,2274.13,2277.3,2273.14,2275.56,1982.2491
1777621500.0,2275.56,2281.1,2275.56,2279.48,1810.8009
1777622400.0,2279.5,2283.9,2277.44,2283.9,1154.4538
1777623300.0,2283.9,2288.5,2283.15,2286.41,2575.3451
1777624200.0,2286.41,2286.99,2284.41,2284.97,972.4196
1777625100.0,2284.98,2287.11,2283.42,2286.92,1184.8848
1777626000.0,2286.93,2287.1,2283.36,2285.6,1341.2418
1777626900.0,2285.61,2285.61,2282.83,2284.58,723.0175
1777627800.0,2284.58,2284.58,2282.69,2283.79,617.4725
1777628700.0,2283.79,2283.79,2279.87,2282.07,923.7671
1777629600.0,2282.08,2282.08,2277.06,2278.74,1366.4315
1777630500.0,2278.74,2285.88,2278.73,2283.42,1181.6472
1777631400.0,2283.42,2284.29,2279.92,2280.58,551.4767
1777632300.0,2280.58,2282.53,2280.24,2282.53,778.3183
1777633200.0,2282.53,2283.9,2281.71,2283.9,544.4005
1777634100.0,2283.89,2293.0,2283.32,2284.82,2719.2214
1777635000.0,2284.83,2287.33,2284.38,2287.09,1093.0809
1777635900.0,2287.09,2287.65,2283.37,2286.45,967.1402
1777636800.0,2286.46,2293.76,2284.15,2289.12,1928.773
1777637700.0,2289.12,2305.61,2288.92,2304.79,8200.8847
1777638600.0,2304.8,2311.49,2303.4,2304.07,8325.6155
1777639500.0,2304.07,2306.3,2301.16,2301.36,3512.6182
1777640400.0,2301.37,2315.07,2301.37,2311.79,4180.6875
1777641300.0,2311.79,2313.52,2307.23,2307.58,2168.3443
1777642200.0,2307.59,2317.56,2305.89,2308.89,4169.8512
1777643100.0,2308.88,2324.0,2306.01,2318.22,9767.3371
1777644000.0,2318.22,2325.28,2316.59,2319.06,6596.2416
1777644900.0,2319.05,2321.0,2308.0,2309.28,6195.4444
1777645800.0,2309.26,2310.0,2301.42,2306.25,6042.9705
1777646700.0,2306.26,2311.88,2304.44,2308.04,1328.7145
1777647600.0,2308.03,2310.52,2302.34,2309.87,2984.8948
1777648500.0,2309.86,2312.0,2307.08,2309.13,1326.8593
1777649400.0,2309.13,2316.74,2309.01,2314.07,1990.7577
1777650300.0,2314.08,2314.52,2298.77,2307.64,6094.7302
1777651200.0,2307.64,2314.21,2305.21,2305.21,4747.706
1777652100.0,2305.21,2308.68,2299.21,2303.27,5350.7382
1777653000.0,2303.26,2305.6,2299.4,2301.47,2726.2502
1777653900.0,2301.47,2305.78,2298.17,2301.94,1680.5058
1777654800.0,2301.95,2307.84,2298.71,2307.27,1364.5403
1777655700.0,2307.27,2307.76,2301.97,2303.42,821.6652
1777656600.0,2303.43,2310.69,2302.12,2307.79,1200.2921
1777657500.0,2307.8,2313.53,2306.23,2311.76,1805.3726
1777658400.0,2311.76,2312.5,2308.07,2308.72,1431.688
1777659300.0,2308.72,2311.38,2306.74,2310.4,827.8854
1777660200.0,2310.39,2310.4,2304.98,2305.36,810.6161
1777661100.0,2305.36,2307.79,2303.45,2304.76,711.773
1777662000.0,2304.77,2307.84,2303.58,2306.1,522.239
1777662900.0,2306.11,2307.61,2302.2,2306.19,584.0363
1777663800.0,2306.19,2306.19,2304.1,2304.37,578.7655
1777664700.0,2304.38,2306.92,2303.85,2304.85,1236.4301
1777665600.0,2304.85,2305.86,2302.94,2303.95,489.9064
1777666500.0,2303.95,2304.23,2296.83,2299.81,2004.3461
1777667400.0,2299.82,2299.86,2291.6,2294.2,2296.408
1777668300.0,2294.2,2295.6,2278.98,2285.19,4211.376
1777669200.0,2285.18,2289.99,2283.58,2286.7,3541.3899
1777670100.0,2286.71,2291.74,2286.36,2290.22,1016.5894
1777671000.0,2290.23,2294.25,2286.92,2289.24,1624.7855
1777671900.0,2289.25,2292.76,2289.0,2292.68,460.7753
1777672800.0,2292.67,2296.63,2292.61,2295.91,659.5171
1777673700.0,2295.91,2299.35,2295.91,2296.91,1039.8965
1777674600.0,2296.91,2297.67,2293.69,2294.87,694.0216
1777675500.0,2294.86,2295.38,2291.0,2293.5,983.102
1777676400.0,2293.5,2293.66,2291.39,2292.48,547.1068
1777677300.0,2292.48,2293.61,2289.0,2289.29,651.7342
1777678200.0,2289.29,2293.71,2289.29,2292.24,503.646
1777679100.0,2292.25,2296.23,2292.25,2295.63,611.8466
1777680000.0,2295.63,2296.61,2294.0,2294.09,629.1348
1777680900.0,2294.09,2297.95,2292.91,2295.85,627.5036
1777681800.0,2295.84,2298.2,2294.31,2297.9,574.5738
1777682700.0,2297.89,2299.3,2295.65,2297.6,735.5994
1777683600.0,2297.59,2299.94,2295.88,2298.86,692.7957
1777684500.0,2298.85,2298.85,2296.07,2297.52,551.9667
1777685400.0,2297.53,2300.98,2297.52,2298.86,994.2541
1777686300.0,2298.85,2299.23,2297.81,2298.63,223.3824
1777687200.0,2298.62,2299.31,2297.02,2297.2,493.7646
1777688100.0,2297.19,2298.11,2295.45,2295.87,523.7262
1777689000.0,2295.88,2300.29,2295.43,2298.91,327.6668
1777689900.0,2298.91,2308.34,2298.91,2303.31,1808.4548
1777690800.0,2303.31,2305.42,2301.23,2301.84,813.5534
1777691700.0,2301.84,2307.43,2301.01,2305.37,911.905
1777692600.0,2305.37,2308.34,2303.49,2303.7,791.384
1777693500.0,2303.69,2306.05,2303.26,2304.44,251.6953
1777694400.0,2304.43,2304.91,2301.11,2302.65,655.9238
1777695300.0,2302.64,2303.66,2301.99,2302.79,338.5884
1777696200.0,2302.79,2304.06,2301.17,2301.51,327.285
1777697100.0,2301.52,2301.77,2299.59,2301.26,833.4853
1777698000.0,2301.26,2301.52,2298.0,2298.61,732.372
1777698900.0,2298.61,2299.89,2296.62,2299.89,1289.4103
1777699800.0,2299.89,2301.22,2299.52,2300.21,597.0553
1777700700.0,2300.22,2300.84,2299.46,2299.47,378.3891
1777701600.0,2299.46,2302.98,2299.46,2299.66,533.6569
1777702500.0,2299.66,2300.64,2297.09,2297.37,614.5376
1777703400.0,2297.37,2301.88,2297.37,2301.87,494.8495
1777704300.0,2301.88,2306.35,2301.87,2305.58,889.1231
1777705200.0,2305.59,2306.16,2304.46,2304.76,594.2744
1777706100.0,2304.77,2306.01,2304.76,2305.48,327.3934
1777707000.0,2305.48,2305.49,2302.02,2302.41,855.2796
1777707900.0,2302.41,2302.95,2301.01,2301.02,644.7417
1777708800.0,2301.01,2301.58,2299.05,2301.47,691.7022
1777709700.0,2301.48,2303.37,2300.62,2302.83,411.5932
1777710600.0,2302.83,2304.44,2302.83,2304.03,396.3023
1777711500.0,2304.04,2304.4,2302.96,2303.35,449.742
1777712400.0,2303.34,2305.0,2303.34,2304.97,351.4225
1777713300.0,2304.98,2306.17,2304.98,2305.7,561.8343
1777714200.0,2305.69,2307.78,2303.65,2306.03,805.2145
1777715100.0,2306.03,2306.04,2304.88,2305.13,427.3656
1777716000.0,2305.13,2305.3,2303.87,2304.86,563.144
1777716900.0,2304.86,2305.96,2303.68,2304.65,573.8903
1777717800.0,2304.64,2304.64,2302.41,2303.41,592.6272
1777718700.0,2303.41,2304.34,2302.97,2303.54,401.0162
1777719600.0,2303.54,2303.54,2301.44,2301.6,588.9375
1777720500.0,2301.6,2304.99,2301.59,2304.7,531.2513
1777721400.0,2304.7,2304.71,2301.67,2302.64,631.3162
1777722300.0,2302.64,2302.64,2300.25,2302.1,421.1005
1777723200.0,2302.09,2302.87,2301.36,2302.37,454.5374
1777724100.0,2302.38,2305.43,2302.24,2305.06,594.3107
1777725000.0,2305.05,2305.92,2303.28,2304.62,834.1548
1777725900.0,2304.61,2304.63,2303.03,2303.52,416.2366
1777726800.0,2303.53,2311.83,2303.53,2310.51,2529.1138
1777727700.0,2310.51,2310.51,2307.62,2307.63,573.137
1777728600.0,2307.63,2309.22,2306.74,2309.19,558.9788
1777729500.0,2309.19,2309.22,2307.17,2308.08,841.3993
1777730400.0,2308.08,2308.59,2305.7,2305.89,533.9901
1777731300.0,2305.88,2308.38,2305.23,2306.4,901.0517
1777732200.0,2306.41,2308.1,2305.63,2305.86,803.4027
1777733100.0,2305.86,2308.25,2305.85,2306.69,481.513
1777734000.0,2306.69,2309.4,2306.55,2307.73,395.0476
1777734900.0,2307.73,2307.74,2305.32,2306.63,500.7444
1777735800.0,2306.64,2308.06,2306.09,2307.68,649.8667
1777736700.0,2307.67,2310.1,2306.87,2309.19,604.3764
1777737600.0,2309.18,2312.36,2308.14,2311.24,1103.5143
1777738500.0,2311.24,2313.98,2308.51,2309.07,1685.0163
1777739400.0,2309.07,2309.64,2307.96,2308.26,552.8789
1777740300.0,2308.26,2311.18,2308.25,2309.31,458.5163
1777741200.0,2309.31,2310.25,2308.61,2309.09,373.5371
1777742100.0,2309.08,2309.16,2307.17,2307.28,374.3368
1777743000.0,2307.28,2308.48,2306.19,2306.67,471.5592
1777743900.0,2306.67,2306.74,2305.69,2305.9,314.9146
1777744800.0,2305.9,2306.58,2304.08,2306.43,1746.4679
1777745700.0,2306.44,2310.3,2306.32,2309.28,979.7722
1777746600.0,2309.27,2311.57,2308.92,2309.58,766.3685
1777747500.0,2309.58,2311.0,2309.39,2310.3,489.6849
1777748400.0,2310.31,2312.48,2309.17,2312.14,551.7441
1777749300.0,2312.14,2312.15,2310.68,2311.1,314.5921
1777750200.0,2311.1,2312.79,2310.3,2311.93,510.8377
1777751100.0,2311.94,2311.97,2310.87,2311.08,299.3508
1777752000.0,2311.08,2311.08,2309.72,2309.73,194.9975
1777752900.0,2309.72,2310.85,2309.59,2310.58,419.0722
1777753800.0,2310.58,2311.84,2310.53,2310.73,558.9298
1777754700.0,2310.73,2311.61,2310.35,2311.58,311.9447
1777755600.0,2311.59,2311.98,2310.79,2310.79,461.7495
1777756500.0,2310.8,2313.81,2310.79,2313.13,961.6441
1777757400.0,2313.13,2343.6,2313.13,2328.31,13260.7602
1777758300.0,2328.32,2330.86,2324.8,2325.62,2466.3919
1777759200.0,2325.62,2327.93,2323.23,2325.4,1892.9767
1777760100.0,2325.39,2325.63,2317.88,2318.54,2767.7701
1777761000.0,2318.54,2325.0,2318.54,2321.64,1555.1909
1777761900.0,2321.64,2328.36,2320.92,2327.0,2576.8109
1777762800.0,2326.99,2326.99,2321.95,2322.63,1047.1975
1777763700.0,2322.63,2323.22,2321.42,2322.6,489.597
1777764600.0,2322.6,2323.69,2317.8,2318.1,1163.7853
1777765500.0,2318.1,2318.57,2313.98,2316.97,3338.5156
1777766400.0,2316.97,2317.69,2311.93,2313.48,2683.9004
1777767300.0,2313.48,2315.94,2308.9,2315.93,1516.4461
1777768200.0,2315.94,2317.2,2313.37,2314.01,743.946
1777769100.0,2314.0,2314.73,2310.67,2313.98,898.1076
1777770000.0,2313.98,2314.09,2305.65,2309.44,1648.0991
1777770900.0,2309.45,2310.43,2304.59,2307.48,1103.4672
1777771800.0,2307.48,2307.49,2303.43,2304.67,1059.9438
1777772700.0,2304.68,2306.5,2303.49,2304.14,769.3587
1777773600.0,2304.14,2306.83,2299.38,2302.82,2197.2071
1777774500.0,2302.83,2303.73,2299.62,2299.63,1013.8776
1777775400.0,2299.63,2302.94,2299.62,2300.71,715.1888
1777776300.0,2300.71,2304.83,2300.42,2303.41,738.2135
1777777200.0,2303.41,2303.98,2300.43,2300.65,784.6899
1777778100.0,2300.64,2301.57,2300.0,2300.51,381.9994
1777779000.0,2300.52,2304.0,2300.0,2300.36,2554.5523
1777779900.0,2300.37,2302.44,2300.36,2301.9,659.8823
1777780800.0,2301.9,2302.42,2297.59,2300.66,1267.1069
1777781700.0,2300.67,2303.97,2300.61,2303.69,744.6115
1777782600.0,2303.7,2304.37,2301.63,2301.71,500.8369
1777783500.0,2301.71,2302.56,2300.85,2301.53,506.8284
1777784400.0,2301.53,2305.56,2301.26,2304.0,699.7421
1777785300.0,2303.99,2304.56,2302.06,2303.03,778.4169
1777786200.0,2303.04,2303.42,2302.02,2302.02,267.978
1777787100.0,2302.01,2304.52,2301.84,2304.11,235.1934
1777788000.0,2304.11,2304.11,2301.33,2301.33,422.6193
1777788900.0,2301.32,2301.75,2299.69,2301.0,921.8426
1777789800.0,2301.01,2302.44,2300.99,2301.68,573.0367
1777790700.0,2301.68,2306.38,2301.68,2304.49,503.207
1777791600.0,2304.5,2311.76,2304.42,2307.59,1412.0351
1777792500.0,2307.58,2312.86,2307.58,2311.19,994.6494
1777793400.0,2311.19,2314.01,2310.33,2310.34,803.6087
1777794300.0,2310.34,2311.36,2308.86,2309.28,589.8193
1777795200.0,2309.28,2312.67,2309.28,2310.99,404.2264
1777796100.0,2310.99,2311.41,2308.79,2308.8,378.3826
1777797000.0,2308.8,2310.29,2307.65,2310.17,667.2261
1777797900.0,2310.18,2310.85,2308.23,2308.28,420.5489
1777798800.0,2308.29,2309.07,2307.49,2308.5,335.6444
1777799700.0,2308.5,2313.46,2308.5,2312.36,1024.3043
1777800600.0,2312.36,2322.27,2311.02,2316.15,3025.4705
1777801500.0,2316.16,2317.4,2315.17,2316.47,1599.9739
1777802400.0,2316.48,2316.73,2311.84,2313.67,800.2048
1777803300.0,2313.67,2313.78,2311.32,2311.41,570.865
1777804200.0,2311.41,2315.36,2311.41,2314.56,608.8167
1777805100.0,2314.56,2314.57,2311.44,2311.54,393.4755
1777806000.0,2311.54,2316.34,2310.52,2314.52,1086.563
1777806900.0,2314.52,2314.95,2313.54,2313.56,412.9727
1777807800.0,2313.56,2324.18,2313.55,2321.61,2865.508
1777808700.0,2321.61,2327.5,2319.42,2319.63,2960.943
1777809600.0,2319.63,2332.61,2319.63,2329.46,4428.6931
1777810500.0,2329.46,2330.2,2325.08,2326.78,1993.9067
1777811400.0,2326.79,2327.39,2323.94,2325.53,1273.2003
1777812300.0,2325.52,2326.97,2323.39,2325.71,1391.2595
1777813200.0,2325.71,2328.74,2324.66,2327.36,983.3373
1777814100.0,2327.35,2327.7,2323.39,2325.0,936.9041
1777815000.0,2325.0,2327.3,2320.61,2322.51,960.228
1777815900.0,2322.51,2324.48,2321.69,2322.21,736.0604
1777816800.0,2322.22,2326.6,2322.22,2325.87,662.3542
1777817700.0,2325.87,2326.6,2321.19,2324.64,1495.082
1777818600.0,2324.64,2326.0,2323.58,2326.0,533.882
1777819500.0,2325.99,2329.6,2323.73,2328.28,1311.4041
1777820400.0,2328.28,2330.63,2328.28,2328.56,1035.4868
1777821300.0,2328.57,2332.55,2328.56,2331.38,1174.3978
1777822200.0,2331.38,2333.91,2326.89,2327.41,1180.4866
1777823100.0,2327.4,2329.13,2324.96,2328.44,1377.4102
1777824000.0,2328.45,2330.99,2325.0,2325.39,1437.8357
1777824900.0,2325.39,2328.19,2322.38,2328.03,1373.5364
1777825800.0,2328.04,2335.0,2328.03,2330.41,2396.7741
1777826700.0,2330.42,2330.98,2328.1,2328.41,572.8853
1777827600.0,2328.4,2329.37,2324.11,2328.53,1155.2898
1777828500.0,2328.53,2334.7,2328.52,2332.41,2344.9073
1777829400.0,2332.41,2335.35,2332.41,2333.51,1289.4575
1777830300.0,2333.52,2333.61,2330.45,2331.85,819.1057
1777831200.0,2331.85,2332.72,2329.11,2329.8,909.206
1777832100.0,2329.79,2333.6,2328.29,2332.43,574.7698
1777833000.0,2332.43,2332.5,2329.89,2331.21,331.0207
1777833900.0,2331.21,2333.0,2330.75,2330.98,448.694
1777834800.0,2330.98,2332.52,2330.0,2330.01,711.2726
1777835700.0,2330.01,2330.39,2328.47,2328.94,529.6893
1777836600.0,2328.95,2337.87,2328.94,2335.32,1616.8994
1777837500.0,2335.32,2336.1,2333.09,2335.59,2684.7899
1777838400.0,2335.6,2336.48,2333.44,2333.59,981.6547
1777839300.0,2333.59,2339.78,2332.04,2335.25,1736.1596
1777840200.0,2335.26,2344.35,2333.36,2336.3,7903.0985
1777841100.0,2336.31,2337.38,2328.28,2329.58,3822.6795
1777842000.0,2329.58,2334.18,2325.35,2332.89,2355.0941
1777842900.0,2332.88,2333.0,2330.04,2330.11,875.882
1777843800.0,2330.1,2332.15,2315.0,2320.09,2687.0747
1777844700.0,2320.1,2324.63,2316.19,2324.27,2236.9402
1777845600.0,2324.27,2351.94,2324.26,2347.9,12250.1016
1777846500.0,2347.9,2356.92,2335.0,2338.66,8176.4927
1777847400.0,2338.67,2347.04,2335.03,2346.39,1748.5672
1777848300.0,2346.39,2351.68,2341.88,2343.89,3171.6677
1777849200.0,2343.89,2347.47,2336.68,2338.74,2255.9505
1777850100.0,2338.75,2339.05,2321.63,2326.65,4101.7168
1777851000.0,2326.65,2329.0,2324.04,2324.33,4061.4501
1777851900.0,2324.32,2325.49,2319.96,2322.65,3794.1399
1777852800.0,2322.65,2322.65,2315.0,2317.9,4043.6135
1777853700.0,2317.89,2318.44,2309.24,2312.95,4990.23
1777854600.0,2312.94,2315.95,2310.14,2312.28,1751.8654
1777855500.0,2312.29,2320.44,2312.29,2319.0,1562.861
1777856400.0,2319.0,2321.6,2312.98,2316.95,1302.2797
1777857300.0,2316.95,2320.35,2313.25,2320.18,1530.9376
1777858200.0,2320.18,2340.17,2319.92,2327.21,7238.0391
1777859100.0,2327.21,2354.02,2326.81,2351.2,7610.6409
1777860000.0,2351.21,2362.35,2345.41,2360.33,12579.6425
1777860900.0,2360.34,2371.95,2356.34,2363.73,12007.1584
1777861800.0,2363.72,2383.66,2363.72,2380.64,16668.1274
1777862700.0,2380.65,2387.99,2374.09,2374.73,10933.9484
1777863600.0,2374.73,2387.11,2371.74,2385.25,15250.9522
1777864500.0,2385.26,2391.0,2378.94,2380.08,9564.2048
1777865400.0,2380.07,2385.35,2375.9,2378.9,4124.4412
1777866300.0,2378.9,2385.98,2377.56,2385.12,3169.0544
1777867200.0,2385.11,2388.48,2384.37,2385.98,4456.0776
1777868100.0,2385.98,2398.93,2384.65,2390.09,10116.7301
1777869000.0,2390.1,2393.9,2389.05,2392.19,3902.7696
1777869900.0,2392.19,2395.52,2389.44,2390.12,3107.3524
1777870800.0,2390.12,2391.28,2382.04,2384.36,3909.7717
1777871700.0,2384.35,2384.66,2376.27,2377.7,6667.4578
1777872600.0,2377.7,2381.64,2375.36,2380.33,3567.3896
1777873500.0,2380.33,2380.33,2375.26,2376.19,3270.47
1777874400.0,2376.19,2378.42,2371.4,2372.09,3745.2157
1777875300.0,2372.08,2372.09,2354.2,2362.06,8421.5216
1777876200.0,2362.07,2366.13,2360.03,2363.9,4520.9517
1777877100.0,2363.91,2372.7,2363.91,2368.41,3439.5029
1777878000.0,2368.41,2372.43,2367.05,2372.07,2229.8185
1777878900.0,2372.07,2373.87,2368.4,2369.45,2735.071
1777879800.0,2369.46,2369.6,2363.96,2368.04,2955.2351
1777880700.0,2368.03,2370.07,2362.51,2362.8,2375.1836
1777881600.0,2362.79,2365.11,2357.93,2363.83,2928.5923
1777882500.0,2363.82,2364.19,2358.46,2360.33,2803.8697
1777883400.0,2360.33,2362.86,2358.4,2360.67,1999.0819
1777884300.0,2360.66,2363.77,2357.3,2360.04,2127.0874
1777885200.0,2360.04,2362.69,2358.04,2361.04,1567.596
1777886100.0,2361.03,2365.37,2360.99,2362.85,3011.2702
1777887000.0,2362.84,2370.58,2362.01,2369.68,2285.0206
1777887900.0,2369.67,2371.09,2366.0,2368.71,1743.7482
1777888800.0,2368.72,2369.89,2323.12,2328.58,25853.0648
1777889700.0,2328.57,2329.08,2314.25,2324.18,14205.2574
1777890600.0,2324.18,2345.89,2321.67,2341.46,12893.8657
1777891500.0,2341.46,2344.0,2335.6,2338.36,4472.0884
1777892400.0,2338.35,2343.0,2337.07,2341.65,3420.8036
1777893300.0,2341.65,2343.62,2336.33,2337.05,2090.2688
1777894200.0,2337.05,2339.05,2332.91,2334.14,2773.7119
1777895100.0,2334.14,2339.16,2333.97,2337.59,1555.7052
1777896000.0,2337.59,2338.76,2333.04,2337.67,2410.6127
1777896900.0,2337.67,2343.78,2335.43,2340.84,2382.2276
1777897800.0,2340.83,2341.69,2337.0,2341.38,1438.4241
1777898700.0,2341.37,2342.27,2335.53,2335.53,1501.9175
1777899600.0,2335.53,2341.0,2325.71,2337.23,8295.0591
1777900500.0,2337.22,2340.71,2336.33,2338.8,1984.2365
1777901400.0,2338.8,2344.53,2335.92,2336.6,4483.9097
1777902300.0,2336.6,2342.67,2333.84,2336.53,2984.7688
1777903200.0,2336.53,2341.96,2327.47,2340.64,5802.4591
1777904100.0,2340.63,2352.72,2340.01,2345.76,6962.0294
1777905000.0,2345.76,2358.68,2345.16,2352.77,6698.0905
1777905900.0,2352.77,2381.8,2352.77,2371.39,17094.6495
1777906800.0,2371.4,2374.38,2361.44,2366.51,13316.543
1777907700.0,2366.51,2370.36,2339.21,2348.45,15279.0089
1777908600.0,2348.45,2354.1,2342.17,2353.69,4658.7838
1777909500.0,2353.68,2353.68,2336.01,2350.1,7922.4729
1777910400.0,2350.11,2352.14,2336.63,2340.6,5952.0231
1777911300.0,2340.59,2365.0,2337.04,2357.83,10633.7107
1777912200.0,2357.85,2362.7,2355.05,2359.32,3804.0727
1777913100.0,2359.32,2360.1,2351.76,2355.28,2801.843
1777914000.0,2355.27,2365.0,2353.84,2363.7,7591.7803
1777914900.0,2363.7,2370.22,2360.89,2367.07,3684.4424
1777915800.0,2367.07,2370.0,2364.13,2367.32,2360.1523
1777916700.0,2367.32,2379.52,2366.74,2370.09,5217.4494
1777917600.0,2370.1,2374.86,2366.98,2372.07,3719.5439
1777918500.0,2372.06,2372.06,2359.26,2363.76,5267.8173
1777919400.0,2363.77,2366.29,2362.34,2362.69,1195.1046
1777920300.0,2362.69,2362.7,2357.02,2361.41,2214.9124
1777921200.0,2361.42,2364.35,2355.54,2362.46,2137.7766
1777922100.0,2362.46,2362.46,2355.42,2357.02,1427.8871
1777923000.0,2357.03,2358.64,2353.52,2355.74,1569.7659
1777923900.0,2355.75,2358.23,2354.34,2356.52,2723.1625
1777924800.0,2356.52,2357.3,2353.59,2356.67,1169.6797
1777925700.0,2356.68,2359.12,2349.8,2352.5,2017.4106
1777926600.0,2352.49,2352.81,2347.77,2349.24,1051.3883
1777927500.0,2349.24,2352.01,2349.11,2350.15,866.6988
1777928400.0,2350.14,2357.42,2350.14,2357.41,894.6277
1777929300.0,2357.42,2361.66,2355.77,2359.16,1071.8417
1777930200.0,2359.16,2362.55,2359.11,2361.03,801.8977
1777931100.0,2361.03,2364.59,2360.88,2360.89,1076.2674
1777932000.0,2360.89,2365.91,2360.4,2363.98,1522.8468
1777932900.0,2363.99,2365.56,2359.24,2359.89,1037.0051
1777933800.0,2359.88,2360.0,2355.0,2355.04,1181.3014
1777934700.0,2355.04,2359.75,2353.95,2354.58,1431.3884
1777935600.0,2354.58,2354.58,2348.69,2350.68,1283.9369
1777936500.0,2350.68,2353.33,2348.65,2353.04,779.7193
1777937400.0,2353.04,2353.04,2345.0,2345.15,1172.474
1777938300.0,2345.14,2347.95,2344.83,2347.16,666.1299
1777939200.0,2347.17,2352.04,2344.93,2351.28,1203.9704
1777940100.0,2351.27,2351.27,2348.14,2348.21,703.2016
1777941000.0,2348.22,2356.44,2348.21,2355.0,1390.9462
1777941900.0,2355.01,2359.0,2354.58,2358.83,1517.714
1777942800.0,2358.83,2361.0,2355.1,2359.71,1179.7986
1777943700.0,2359.7,2362.0,2359.14,2361.07,874.6057
1777944600.0,2361.07,2363.81,2356.65,2361.98,1427.9628
1777945500.0,2361.99,2364.49,2360.97,2361.82,1228.9594
1777946400.0,2361.81,2373.33,2359.1,2369.21,3634.1528
1777947300.0,2369.21,2372.84,2365.93,2367.2,1711.1858
1777948200.0,2367.2,2376.03,2367.07,2374.26,2367.7502
1777949100.0,2374.26,2377.8,2363.59,2367.72,2735.1243
1777950000.0,2367.72,2374.4,2364.71,2372.84,1139.2908
1777950900.0,2372.83,2377.68,2370.8,2377.0,3722.0132
1777951800.0,2376.99,2389.38,2375.9,2385.59,14545.4018
1777952700.0,2385.58,2386.69,2380.68,2382.43,3987.5761
1777953600.0,2382.43,2386.0,2378.51,2380.08,3594.8444
1777954500.0,2380.08,2384.5,2379.23,2379.89,1657.7796
1777955400.0,2379.89,2382.28,2378.4,2379.18,1789.7819
1777956300.0,2379.18,2384.34,2376.04,2381.11,2385.2034
1777957200.0,2381.1,2381.71,2377.34,2379.44,2166.4253
1777958100.0,2379.44,2387.12,2378.06,2384.99,2915.5269
1777959000.0,2385.0,2390.74,2382.14,2382.27,4518.9148
1777959900.0,2382.28,2382.42,2376.88,2380.19,4009.9446
1777960800.0,2380.19,2381.51,2376.52,2377.9,3081.033
1777961700.0,2377.91,2378.17,2367.35,2371.2,4631.2527
1777962600.0,2371.19,2376.0,2370.81,2373.58,2295.1272
1777963500.0,2373.59,2378.92,2373.59,2378.85,2303.4741
1777964400.0,2378.84,2382.95,2375.81,2381.36,3586.1012
1777965300.0,2381.36,2385.2,2379.63,2383.12,2297.9477
1777966200.0,2383.13,2388.56,2382.57,2385.76,4595.4074
1777967100.0,2385.76,2386.69,2379.5,2380.59,3210.1763
1777968000.0,2380.59,2384.62,2380.0,2384.03,1282.0476
1777968900.0,2384.02,2384.53,2377.34,2378.34,2506.8563
1777969800.0,2378.34,2380.0,2373.0,2373.99,2208.9964
1777970700.0,2373.99,2377.65,2373.99,2376.81,1060.8157
1777971600.0,2376.82,2376.96,2368.9,2368.9,2057.0446
1777972500.0,2368.91,2371.8,2367.46,2371.49,2073.044
1777973400.0,2371.49,2374.04,2366.76,2369.0,1478.7425
1777974300.0,2369.0,2371.09,2367.17,2369.6,1382.1596
1777975200.0,2369.6,2372.36,2367.3,2370.0,1902.3792
1777976100.0,2370.01,2375.58,2370.01,2374.42,1749.587
1777977000.0,2374.42,2379.34,2374.0,2376.35,1810.441
1777977900.0,2376.36,2378.49,2373.43,2378.41,1628.6378
1777978800.0,2378.42,2379.34,2375.0,2378.37,1518.807
1777979700.0,2378.38,2379.33,2372.95,2378.08,1070.1947
1777980600.0,2378.07,2383.49,2377.11,2380.89,3220.847
1777981500.0,2380.9,2382.48,2374.91,2379.89,2430.3531
1777982400.0,2379.89,2383.48,2376.34,2382.38,2739.0341
1777983300.0,2382.38,2387.64,2381.68,2386.85,3446.8077
1777984200.0,2386.85,2389.66,2384.93,2388.78,3058.7939
1777985100.0,2388.79,2390.47,2385.81,2388.52,2485.7299
1777986000.0,2388.52,2397.61,2386.42,2395.15,9159.9607
1777986900.0,2395.15,2399.5,2388.75,2390.0,5752.7256
1777987800.0,2389.99,2395.0,2383.5,2389.64,5102.8624
1777988700.0,2389.65,2398.0,2383.64,2388.72,6427.9083
1777989600.0,2388.71,2392.36,2380.74,2381.81,6470.1307
1777990500.0,2381.82,2384.74,2369.17,2383.45,9551.9191
1777991400.0,2383.44,2387.02,2371.43,2377.07,7694.306
1777992300.0,2377.07,2381.97,2373.48,2378.78,3506.8101
1777993200.0,2378.78,2387.93,2375.5,2383.68,4456.6797
1777994100.0,2383.68,2385.59,2380.24,2385.04,5047.9529
1777995000.0,2385.04,2386.44,2382.46,2385.4,1912.2919
1777995900.0,2385.41,2387.49,2380.72,2381.31,1994.597
1777996800.0,2381.3,2383.38,2379.36,2380.19,3458.5384
1777997700.0,2380.18,2382.64,2374.26,2376.45,3963.0336
1777998600.0,2376.44,2376.44,2361.0,2361.96,7145.7774
1777999500.0,2361.96,2369.75,2361.61,2365.94,3364.795
1778000400.0,2365.94,2369.92,2359.71,2365.95,4317.5146
1778001300.0,2365.96,2368.65,2363.92,2365.98,1986.94
1778002200.0,2365.99,2365.99,2360.72,2362.79,2224.3646
1778003100.0,2362.79,2364.36,2361.03,2362.8,1278.4832
1778004000.0,2362.81,2373.64,2362.81,2373.0,2633.3825
1778004900.0,2373.0,2373.33,2369.75,2372.1,2194.1916
1778005800.0,2372.08,2372.49,2369.4,2371.79,2727.3622
1778006700.0,2371.78,2374.78,2370.76,2372.28,1155.2546
1778007600.0,2372.28,2372.82,2369.48,2370.42,977.6678
1778008500.0,2370.43,2373.28,2369.33,2371.31,821.51
1778009400.0,2371.3,2374.31,2370.09,2374.23,1218.5208
1778010300.0,2374.23,2376.73,2369.56,2371.94,1443.9365
1778011200.0,2371.94,2382.37,2371.21,2380.47,3387.5005
1778012100.0,2380.47,2386.51,2378.4,2380.93,3987.3617
1778013000.0,2380.94,2387.0,2380.0,2383.99,3669.3583
1778013900.0,2383.99,2384.79,2381.98,2382.41,821.8948
1778014800.0,2382.41,2388.54,2378.17,2378.17,3912.3775
1778015700.0,2378.17,2380.95,2374.33,2375.9,2545.8031
1778016600.0,2375.91,2375.91,2368.9,2371.78,1497.071
1778017500.0,2371.78,2377.9,2370.89,2375.43,1211.119
1778018400.0,2375.43,2381.68,2373.82,2375.01,1598.7603
1778019300.0,2375.02,2379.65,2372.9,2376.77,982.641
1778020200.0,2376.77,2376.77,2354.34,2361.74,6619.3198
1778021100.0,2361.75,2375.35,2358.54,2367.51,4983.816
1778022000.0,2367.51,2369.75,2363.65,2369.75,2258.2057
1778022900.0,2369.75,2369.75,2357.69,2358.56,2931.0351
1778023800.0,2358.55,2360.84,2355.0,2359.53,3017.0626
1778024700.0,2359.52,2363.62,2359.39,2360.77,1704.0743
1778025600.0,2360.76,2365.9,2359.95,2364.37,3142.5058
1778026500.0,2364.37,2366.72,2357.01,2357.54,1912.6144
1778027400.0,2357.54,2362.93,2357.26,2361.07,1250.686
1778028300.0,2361.06,2367.72,2355.0,2364.63,3364.8067
1778029200.0,2364.63,2369.0,2362.75,2368.86,3502.4787
1778030100.0,2368.87,2374.41,2368.33,2370.01,2642.8239
1778031000.0,2370.01,2373.36,2369.41,2370.35,1015.8336
1778031900.0,2370.34,2376.99,2370.0,2373.19,1787.1381
1778032800.0,2373.2,2373.7,2368.92,2371.45,1279.7221
1778033700.0,2371.45,2371.45,2363.27,2363.37,1058.8917
1778034600.0,2363.36,2366.28,2360.0,2364.12,1914.5066
1778035500.0,2364.11,2370.69,2363.86,2369.75,2286.0924
1778036400.0,2369.75,2373.31,2368.08,2368.38,2688.2622
1778037300.0,2368.39,2380.87,2368.13,2376.37,2947.2715
1778038200.0,2376.38,2379.84,2375.04,2376.35,1458.3595
1778039100.0,2376.36,2377.9,2373.94,2376.8,802.81
1778040000.0,2376.81,2379.4,2374.57,2377.27,1151.9622
1778040900.0,2377.27,2377.9,2372.92,2372.92,1114.6315
1778041800.0,2372.92,2373.03,2369.01,2371.4,1636.8371
1778042700.0,2371.4,2373.68,2361.25,2366.08,4007.1707
1778043600.0,2366.08,2366.99,2362.56,2364.43,1232.1058
1778044500.0,2364.43,2366.12,2363.0,2365.42,1195.9298
1778045400.0,2365.42,2365.43,2355.0,2360.42,7307.2659
1778046300.0,2360.43,2365.26,2360.37,2365.03,1715.2767
1778047200.0,2365.03,2366.71,2361.46,2363.21,1658.288
1778048100.0,2363.21,2366.55,2361.0,2365.51,1141.766
1778049000.0,2365.5,2370.45,2364.52,2370.45,1613.9398
1778049900.0,2370.45,2371.29,2368.16,2370.52,1897.3329
1778050800.0,2370.53,2373.75,2368.57,2370.04,3809.9967
1778051700.0,2370.05,2375.0,2369.53,2374.0,1292.5842
1778052600.0,2374.0,2374.01,2370.15,2371.49,1222.7852
1778053500.0,2371.49,2373.39,2369.63,2371.74,1516.8
1778054400.0,2371.74,2378.93,2369.16,2376.5,2902.5036
1778055300.0,2376.5,2377.9,2374.82,2377.89,1324.632
1778056200.0,2377.9,2386.35,2377.55,2382.48,5471.2345
1778057100.0,2382.48,2396.19,2380.0,2394.33,8756.4679
1778058000.0,2394.32,2396.22,2388.47,2391.46,9175.957
1778058900.0,2391.47,2393.59,2384.8,2390.1,4205.4523
1778059800.0,2390.1,2418.39,2389.55,2417.76,26193.9157
1778060700.0,2417.76,2417.76,2406.55,2412.76,8143.0515
1778061600.0,2412.77,2413.78,2405.18,2411.14,4485.8853
1778062500.0,2411.14,2413.99,2408.85,2411.16,4079.3791
1778063400.0,2411.16,2414.43,2409.37,2409.63,4956.9542
1778064300.0,2409.63,2414.35,2408.0,2410.2,3670.6786
1778065200.0,2410.2,2414.42,2408.42,2413.57,3938.2613
1778066100.0,2413.58,2423.74,2413.56,2415.13,12165.9706
1778067000.0,2415.14,2418.94,2409.72,2410.0,9409.6951
1778067900.0,2410.01,2414.26,2408.34,2410.47,4921.0079
1778068800.0,2410.47,2412.44,2403.0,2403.01,7550.268
1778069700.0,2403.01,2413.59,2400.72,2409.72,7619.9743
1778070600.0,2409.71,2412.2,2407.45,2409.1,2792.6514
1778071500.0,2409.11,2411.04,2400.55,2405.11,4319.2354
1778072400.0,2405.11,2405.11,2384.22,2389.72,14646.8576
1778073300.0,2389.72,2393.42,2380.41,2383.39,7316.1953
1778074200.0,2383.38,2387.67,2375.16,2377.37,9163.7293
1778075100.0,2377.37,2377.38,2365.01,2368.51,11424.7811
1778076000.0,2368.52,2369.34,2346.68,2358.21,23146.0018
1778076900.0,2358.21,2367.39,2354.46,2362.88,10747.4465
1778077800.0,2362.88,2369.98,2362.19,2369.9,9549.5726
1778078700.0,2369.9,2373.29,2357.09,2359.23,8334.2972
1778079600.0,2359.23,2361.98,2355.0,2357.13,6496.8594
1778080500.0,2357.13,2366.0,2356.79,2359.96,5639.5479
1778081400.0,2359.97,2362.51,2354.98,2359.68,5488.6407
1778082300.0,2359.68,2362.4,2356.86,2359.1,3226.483
1778083200.0,2359.1,2367.47,2355.45,2363.45,4851.7094
1778084100.0,2363.46,2364.86,2351.61,2351.61,6399.1829
1778085000.0,2351.62,2359.8,2350.56,2358.89,3364.1278
1778085900.0,2358.88,2362.0,2357.19,2358.08,4387.5302
1778086800.0,2358.09,2360.99,2357.4,2359.5,2484.7491
1778087700.0,2359.5,2359.5,2351.95,2353.8,3339.6881
1778088600.0,2353.79,2354.71,2350.27,2353.09,3491.4948
1778089500.0,2353.09,2353.17,2347.71,2349.7,4245.2653
1778090400.0,2349.71,2351.01,2338.0,2349.46,9307.7093
1778091300.0,2349.47,2352.55,2344.88,2344.89,2981.9371
1778092200.0,2344.88,2348.07,2341.79,2346.19,3672.1472
1778093100.0,2346.19,2348.43,2343.46,2345.0,2055.2838
1778094000.0,2345.0,2347.77,2343.23,2345.15,2450.732
1778094900.0,2345.15,2348.72,2343.0,2344.96,2082.8243
1778095800.0,2344.97,2347.23,2342.14,2345.63,2223.1969
1778096700.0,2345.63,2350.0,2345.28,2348.5,2485.102
1778097600.0,2348.49,2354.69,2348.48,2353.2,3392.1061
1778098500.0,2353.21,2357.04,2351.05,2352.65,2896.7516
1778099400.0,2352.66,2352.8,2345.23,2347.58,3179.9938
1778100300.0,2347.58,2350.94,2345.43,2350.94,4015.3676
1778101200.0,2350.94,2352.38,2345.83,2348.63,1798.3718
1778102100.0,2348.64,2351.47,2348.62,2351.47,1692.8155
1778103000.0,2351.47,2357.45,2350.09,2355.4,4644.6702
1778103900.0,2355.41,2356.0,2352.46,2354.52,2280.9011
1778104800.0,2354.52,2355.05,2348.88,2350.64,2920.106
1778105700.0,2350.64,2350.89,2344.99,2345.56,1911.436
1778106600.0,2345.57,2349.0,2345.56,2348.13,1685.2657
1778107500.0,2348.13,2349.54,2345.13,2347.28,1559.7254
1778108400.0,2347.28,2347.28,2338.28,2344.21,5497.505
1778109300.0,2344.22,2349.41,2343.93,2349.4,2062.2124
1778110200.0,2349.41,2349.96,2346.86,2348.99,1579.9316
1778111100.0,2348.98,2351.34,2347.3,2350.84,1894.4123
1778112000.0,2350.84,2352.3,2348.16,2350.0,2378.3454
1778112900.0,2350.0,2350.22,2344.72,2344.72,1852.2329
1778113800.0,2344.72,2346.46,2334.94,2336.62,4089.9207
1778114700.0,2336.63,2339.08,2329.05,2329.65,5301.8244
1778115600.0,2329.66,2330.18,2314.16,2329.29,10425.3137
1778116500.0,2329.3,2332.04,2320.64,2332.03,3053.3673
1778117400.0,2332.03,2335.0,2328.31,2334.41,2642.5585
1778118300.0,2334.41,2334.51,2326.09,2327.41,2781.5098
1778119200.0,2327.4,2327.95,2315.45,2315.7,6810.7922
1778120100.0,2315.71,2320.01,2313.89,2317.87,4758.8376
1778121000.0,2317.88,2321.24,2315.99,2317.52,4328.7222
1778121900.0,2317.53,2323.77,2315.45,2321.88,3540.8429
1778122800.0,2321.89,2323.38,2319.13,2319.82,4400.9799
1778123700.0,2319.82,2322.21,2315.74,2320.2,2233.8916
1778124600.0,2320.2,2323.39,2318.45,2323.29,1752.0058
1778125500.0,2323.29,2326.2,2321.66,2322.39,3153.1724
1778126400.0,2322.39,2324.88,2317.8,2324.03,3700.0257
1778127300.0,2324.02,2327.31,2323.79,2326.25,2607.0164
1778128200.0,2326.25,2327.39,2322.9,2324.1,2074.9073
1778129100.0,2324.11,2327.52,2324.1,2327.51,2035.5884
1778130000.0,2327.51,2333.61,2327.02,2331.27,3660.6284
1778130900.0,2331.28,2332.64,2329.5,2331.83,2402.2452
1778131800.0,2331.84,2333.97,2329.66,2331.3,3275.0596
1778132700.0,2331.3,2331.72,2329.13,2331.08,1632.986
1778133600.0,2331.08,2331.08,2321.39,2321.84,3917.5668
1778134500.0,2321.83,2323.64,2320.0,2323.64,3191.7017
1778135400.0,2323.65,2337.0,2323.65,2336.23,3539.6964
1778136300.0,2336.24,2338.57,2332.65,2337.13,3360.4167
1778137200.0,2337.14,2343.53,2336.72,2343.33,4340.1327
1778138100.0,2343.33,2344.99,2339.26,2340.23,3947.8063
1778139000.0,2340.24,2346.89,2339.95,2345.35,4536.2291
1778139900.0,2345.36,2346.74,2341.72,2344.59,3296.0032
1778140800.0,2344.59,2346.6,2341.24,2341.78,3567.0816
1778141700.0,2341.78,2342.01,2335.29,2337.62,4580.6346
1778142600.0,2337.62,2340.96,2333.88,2334.42,3252.664
1778143500.0,2334.41,2339.45,2332.0,2333.73,3720.1799
1778144400.0,2333.73,2335.53,2331.42,2335.53,3329.6325
1778145300.0,2335.53,2337.11,2328.76,2331.18,3852.219
1778146200.0,2331.18,2333.76,2326.83,2328.25,4261.3361
1778147100.0,2328.25,2330.4,2327.24,2329.05,2476.5607
1778148000.0,2329.04,2331.63,2322.22,2325.54,3500.554
1778148900.0,2325.55,2328.39,2317.35,2318.6,4134.6877
1778149800.0,2318.61,2328.01,2318.16,2328.01,3035.4507
1778150700.0,2328.01,2329.4,2326.03,2326.78,2925.7741
1778151600.0,2326.78,2331.27,2325.45,2329.28,2722.2426
1778152500.0,2329.28,2330.98,2327.83,2328.07,2495.0861
1778153400.0,2328.06,2331.59,2328.03,2330.59,3043.6728
1778154300.0,2330.58,2331.17,2325.57,2329.94,3242.0054
1778155200.0,2329.94,2336.09,2329.04,2335.81,3375.5022
1778156100.0,2335.82,2337.13,2332.04,2333.06,3327.4363
1778157000.0,2333.06,2336.11,2331.67,2333.22,2864.0143
1778157900.0,2333.23,2334.66,2330.54,2333.01,2818.942
1778158800.0,2333.02,2333.02,2322.56,2324.07,5212.448
1778159700.0,2324.08,2329.95,2322.98,2324.94,5167.1088
1778160600.0,2324.94,2324.94,2314.8,2314.81,13982.0038
1778161500.0,2314.81,2317.59,2305.4,2314.32,14650.108
1778162400.0,2314.32,2318.75,2307.76,2316.76,4486.0314
1778163300.0,2316.76,2317.15,2308.57,2309.78,11948.6494
1778164200.0,2309.78,2310.6,2289.51,2296.59,20851.9119
1778165100.0,2296.58,2302.09,2294.62,2298.98,9494.6307
1778166000.0,2298.98,2304.52,2295.99,2298.5,4937.5876
1778166900.0,2298.49,2301.09,2285.95,2291.19,13164.8748
1778167800.0,2291.19,2298.81,2289.32,2296.01,6576.4044
1778168700.0,2296.01,2298.44,2292.49,2294.82,6649.2986
1778169600.0,2294.82,2295.15,2287.1,2290.05,8369.9162
1778170500.0,2290.02,2298.2,2285.37,2297.35,8900.7989
1778171400.0,2297.35,2297.92,2290.81,2294.91,5534.504
1778172300.0,2294.91,2296.05,2289.61,2291.81,5195.9746
1778173200.0,2291.81,2295.2,2290.59,2293.55,5020.2952
1778174100.0,2293.54,2295.2,2280.1,2288.25,9821.1658
1778175000.0,2288.25,2293.09,2286.3,2291.73,6698.2816
1778175900.0,2291.73,2301.25,2289.2,2299.6,6838.9154
1778176800.0,2299.61,2304.0,2297.71,2300.07,6830.5631
1778177700.0,2300.08,2301.93,2299.19,2299.39,5975.3952
1778178600.0,2299.38,2304.0,2294.39,2295.98,6195.5953
1778179500.0,2295.98,2299.62,2291.27,2296.19,4858.795
1778180400.0,2296.18,2296.92,2290.23,2295.27,3757.1436
1778181300.0,2295.27,2296.15,2290.0,2290.69,3122.6731
1778182200.0,2290.69,2296.44,2290.61,2293.7,4260.0282
1778183100.0,2293.69,2297.09,2287.88,2295.98,7377.4368
1778184000.0,2295.98,2302.57,2293.73,2295.01,9766.6284
1778184900.0,2295.02,2296.08,2292.77,2294.43,6750.857
1778185800.0,2294.42,2294.42,2287.94,2290.0,10624.0427
1778186700.0,2290.01,2290.74,2288.08,2289.1,6859.3303
1778187600.0,2289.1,2290.47,2281.29,2286.46,4859.001
1778188500.0,2286.46,2293.83,2285.34,2293.82,2675.8557
1778189400.0,2293.83,2294.29,2290.23,2290.62,3011.3612
1778190300.0,2290.61,2292.6,2287.67,2287.68,2252.8684
1778191200.0,2287.68,2289.36,2281.04,2287.77,6958.3334
1778192100.0,2287.77,2290.24,2286.12,2286.12,3813.7972
1778193000.0,2286.12,2288.73,2281.57,2283.63,3293.9007
1778193900.0,2283.63,2288.18,2283.04,2287.03,2358.3116
1778194800.0,2287.03,2291.49,2286.11,2289.69,2759.5931
1778195700.0,2289.69,2290.77,2286.75,2289.35,2031.3356
1778196600.0,2289.35,2291.42,2287.25,2291.42,1978.6828
1778197500.0,2291.42,2293.24,2290.52,2291.06,2101.4955
1778198400.0,2291.06,2294.04,2290.83,2293.3,2782.1011
1778199300.0,2293.3,2294.28,2289.68,2290.47,2723.1011
1778200200.0,2290.47,2291.22,2287.21,2287.94,2027.755
1778201100.0,2287.94,2287.95,2283.66,2286.83,2464.3209
1778202000.0,2286.83,2289.31,2282.88,2283.09,2226.1341
1778202900.0,2283.08,2285.91,2280.28,2285.71,2960.7047
1778203800.0,2285.72,2287.82,2284.11,2285.74,2115.1807
1778204700.0,2285.74,2287.22,2283.16,2285.06,2777.1786
1778205600.0,2285.06,2285.71,2273.0,2277.84,7395.8684
1778206500.0,2277.85,2277.95,2268.0,2276.35,6231.4519
1778207400.0,2276.36,2283.17,2275.31,2279.49,2894.0279
1778208300.0,2279.49,2282.15,2277.0,2279.15,2166.0109
1778209200.0,2279.15,2279.15,2265.61,2273.13,7817.1152
1778210100.0,2273.13,2279.52,2272.76,2278.8,3321.8251
1778211000.0,2278.79,2281.35,2278.79,2280.78,2604.4203
1778211900.0,2280.79,2281.6,2278.76,2278.76,1861.8302
1778212800.0,2278.77,2282.96,2278.76,2282.51,2226.8055
1778213700.0,2282.51,2284.54,2281.09,2282.58,2599.798
1778214600.0,2282.59,2282.86,2276.5,2277.65,2941.8209
1778215500.0,2277.65,2282.54,2277.65,2281.63,1879.0711
1778216400.0,2281.63,2282.48,2280.0,2280.97,2483.5287
1778217300.0,2280.98,2282.54,2279.0,2280.27,2141.6946
1778218200.0,2280.27,2283.54,2280.27,2283.31,1841.1568
1778219100.0,2283.3,2284.0,2275.97,2275.97,5166.8779
1778220000.0,2275.98,2277.22,2270.0,2276.18,11254.7367
1778220900.0,2276.18,2278.5,2275.01,2275.02,7294.4017
1778221800.0,2275.02,2277.22,2268.6,2275.73,10481.8843
1778222700.0,2275.74,2276.24,2273.01,2275.22,2317.2472
1778223600.0,2275.23,2275.23,2267.69,2268.51,3282.0631
1778224500.0,2268.51,2271.92,2267.15,2270.73,3367.1458
1778225400.0,2270.72,2280.04,2270.72,2279.53,8239.1741
1778226300.0,2279.54,2282.69,2279.0,2281.35,6376.0585
1778227200.0,2281.37,2283.21,2280.15,2281.72,4492.5832
1778228100.0,2281.71,2283.05,2280.72,2281.48,3760.6098
1778229000.0,2281.47,2286.51,2281.47,2285.45,4249.5735
1778229900.0,2285.45,2289.13,2283.56,2283.56,4707.6249
1778230800.0,2283.56,2289.22,2280.35,2289.2,3010.7492
1778231700.0,2289.2,2292.12,2287.02,2287.62,3573.3407
1778232600.0,2287.62,2288.4,2285.58,2285.7,3078.2825
1778233500.0,2285.7,2285.71,2281.78,2284.34,5353.3673
1778234400.0,2284.34,2287.78,2281.75,2282.98,3588.7458
1778235300.0,2282.99,2285.13,2281.17,2283.7,3454.6333
1778236200.0,2283.71,2290.24,2283.69,2290.15,3890.6382
1778237100.0,2290.14,2290.96,2287.07,2287.94,4797.4905
1778238000.0,2287.95,2292.5,2287.95,2290.81,6423.8331
1778238900.0,2290.8,2294.52,2290.13,2292.91,4521.0905
1778239800.0,2292.92,2294.18,2289.9,2290.49,2888.2933
1778240700.0,2290.49,2298.01,2290.49,2295.38,3928.2815
1778241600.0,2295.38,2297.12,2290.57,2293.41,2731.0832
1778242500.0,2293.41,2294.15,2289.24,2293.2,3248.8149
1778243400.0,2293.2,2302.0,2289.54,2291.24,6200.9786
1778244300.0,2291.23,2291.24,2282.46,2284.53,4254.1641
1778245200.0,2284.53,2287.0,2275.05,2276.12,6056.2956
1778246100.0,2276.12,2279.77,2273.12,2273.85,7236.1869
1778247000.0,2273.86,2279.09,2269.96,2272.01,9037.8086
1778247900.0,2272.02,2277.53,2271.29,2276.46,6138.5095
1778248800.0,2276.46,2285.48,2275.0,2281.24,8195.0169
1778249700.0,2281.25,2292.66,2280.1,2281.48,8394.0719
1778250600.0,2281.49,2288.99,2273.32,2287.9,6046.3327
1778251500.0,2287.9,2289.99,2282.97,2285.72,3004.6822
1778252400.0,2285.72,2288.02,2280.0,2281.28,3080.0206
1778253300.0,2281.28,2282.38,2275.0,2277.72,4484.7994
1778254200.0,2277.72,2287.0,2274.94,2285.14,2985.2738
1778255100.0,2285.15,2294.44,2284.57,2293.2,4107.3032
1778256000.0,2293.2,2294.37,2288.67,2290.38,3767.4337
1778256900.0,2290.38,2293.11,2288.49,2290.01,2988.5366
1778257800.0,2290.01,2291.99,2286.42,2291.67,3675.3895
1778258700.0,2291.67,2292.67,2289.3,2289.93,3022.637
1778259600.0,2289.93,2298.23,2289.39,2295.85,4076.5178
1778260500.0,2295.86,2302.47,2295.7,2301.62,5265.668
1778261400.0,2301.62,2315.0,2301.62,2309.99,8320.7775
1778262300.0,2310.0,2315.63,2300.7,2304.86,5935.6103
1778263200.0,2304.87,2313.05,2304.87,2312.44,5691.2679
1778264100.0,2312.45,2320.53,2309.83,2318.49,6264.2203
1778265000.0,2318.49,2321.22,2315.59,2318.35,4716.6906
1778265900.0,2318.34,2321.04,2313.11,2313.49,2981.8334
1778266800.0,2313.49,2319.49,2312.48,2317.5,4777.4495
1778267700.0,2317.51,2320.36,2314.46,2315.47,4670.3294
1778268600.0,2315.48,2318.98,2314.63,2315.99,6117.7203
1778269500.0,2315.99,2316.53,2313.72,2316.05,4212.4388
1778270400.0,2316.06,2317.0,2311.78,2313.28,3412.6335
1778271300.0,2313.28,2314.44,2310.52,2312.3,8974.9541
1778272200.0,2312.3,2312.32,2307.11,2308.41,10186.7318
1778273100.0,2308.41,2309.91,2305.36,2306.65,3843.3015
1778274000.0,2306.64,2308.92,2304.21,2305.64,3314.1478
1778274900.0,2305.65,2310.13,2305.53,2308.76,3808.6168
1778275800.0,2308.77,2314.13,2308.76,2313.9,3714.7445
1778276700.0,2313.91,2314.94,2310.34,2314.63,3240.997
1778277600.0,2314.62,2319.15,2314.31,2317.71,4105.5131
1778278500.0,2317.71,2318.68,2312.95,2313.1,3249.2016
1778279400.0,2313.11,2315.03,2311.99,2312.07,2784.6223
1778280300.0,2312.08,2313.05,2310.26,2310.98,2593.6351
1778281200.0,2310.98,2310.98,2307.0,2307.0,2744.5568
1778282100.0,2307.01,2309.78,2306.11,2308.01,3025.8271
1778283000.0,2308.01,2308.01,2303.19,2304.7,3516.1552
1778283900.0,2304.7,2307.4,2304.01,2307.06,2852.029
1778284800.0,2307.07,2307.11,2304.19,2306.31,2756.3864
1778285700.0,2306.32,2310.78,2306.06,2308.33,3012.7955
1778286600.0,2308.34,2311.93,2308.34,2310.36,2839.4063
1778287500.0,2310.36,2312.03,2307.37,2308.55,2943.3658
1778288400.0,2308.55,2313.37,2308.23,2313.36,3045.2666
1778289300.0,2313.36,2314.4,2309.22,2311.42,2106.3482
1778290200.0,2311.43,2316.61,2311.17,2315.63,2569.2129
1778291100.0,2315.64,2318.45,2314.13,2314.22,3136.949
1778292000.0,2314.23,2318.41,2313.8,2316.77,1944.2399
1778292900.0,2316.78,2317.0,2314.2,2316.27,2891.031
1778293800.0,2316.28,2320.3,2316.27,2317.93,2289.2598
1778294700.0,2317.93,2318.28,2316.59,2317.07,2343.6423
1778295600.0,2317.07,2319.16,2315.01,2318.22,1352.3199
1778296500.0,2318.21,2320.77,2316.0,2316.83,2276.9241
1778297400.0,2316.83,2316.84,2312.6,2313.65,2056.9334
1778298300.0,2313.64,2316.35,2313.15,2315.33,1604.6377
1778299200.0,2315.33,2325.33,2315.33,2321.41,4251.7576
1778300100.0,2321.4,2321.53,2315.88,2316.76,7151.7124
1778301000.0,2316.76,2317.3,2312.71,2313.38,7601.7414
1778301900.0,2313.37,2314.79,2311.27,2312.35,8179.6296
1778302800.0,2312.35,2314.62,2310.9,2313.81,1859.4966
1778303700.0,2313.81,2317.25,2313.27,2315.56,1497.2259
1778304600.0,2315.57,2318.29,2315.1,2317.15,1497.3941
1778305500.0,2317.15,2317.15,2314.51,2314.82,1064.3168
1778306400.0,2314.82,2319.16,2314.8,2318.58,3348.7125
1778307300.0,2318.58,2318.59,2315.36,2316.99,3213.8121
1778308200.0,2316.99,2319.59,2313.46,2315.07,1913.9527
1778309100.0,2315.06,2315.58,2312.95,2314.35,1831.4343
1778310000.0,2314.35,2315.94,2311.34,2313.05,2124.368
1778310900.0,2313.05,2318.56,2313.04,2316.2,2110.1618
1778311800.0,2316.19,2317.74,2315.33,2315.99,2388.6027
1778312700.0,2315.99,2316.0,2314.15,2314.69,1726.7725
1778313600.0,2314.69,2319.16,2314.23,2318.64,2253.661
1778314500.0,2318.64,2319.73,2318.03,2319.05,3400.8881
1778315400.0,2319.06,2320.53,2317.2,2317.8,2148.5082
1778316300.0,2317.81,2317.81,2316.29,2317.16,895.2735
1778317200.0,2317.16,2317.52,2315.0,2315.34,1299.6856
1778318100.0,2315.33,2315.33,2311.37,2313.19,2481.3115
1778319000.0,2313.18,2315.23,2312.95,2313.61,1588.5203
1778319900.0,2313.61,2313.99,2312.16,2313.28,1377.4406
1778320800.0,2313.28,2313.29,2310.24,2312.86,1859.5645
1778321700.0,2312.87,2314.55,2310.96,2311.68,1202.7287
1778322600.0,2311.68,2315.03,2311.58,2314.08,959.8129
1778323500.0,2314.08,2314.08,2312.36,2312.5,756.4858
1778324400.0,2312.49,2315.4,2312.49,2314.56,1514.532
1778325300.0,2314.56,2315.45,2313.59,2315.2,1139.2959
1778326200.0,2315.19,2315.56,2313.54,2313.55,1513.9675
1778327100.0,2313.54,2315.38,2313.54,2314.57,1268.0519
1778328000.0,2314.56,2317.08,2314.08,2314.19,1372.4189
1778328900.0,2314.18,2318.27,2313.24,2316.85,2043.773
1778329800.0,2316.85,2316.85,2314.34,2315.28,859.7052
1778330700.0,2315.28,2316.68,2315.02,2316.54,943.4092
1778331600.0,2316.54,2316.55,2315.08,2315.68,980.5293
1778332500.0,2315.68,2316.01,2313.02,2314.05,1427.0385
1778333400.0,2314.05,2314.77,2311.69,2313.01,1271.5178
1778334300.0,2313.01,2314.35,2312.15,2314.34,1094.2492
1778335200.0,2314.34,2315.32,2312.61,2313.61,1048.5457
1778336100.0,2313.6,2313.67,2305.77,2308.03,3434.6967
1778337000.0,2308.03,2309.07,2305.21,2308.84,2180.221
1778337900.0,2308.83,2311.4,2305.9,2308.27,1583.6198
1778338800.0,2308.27,2309.68,2300.0,2304.12,3724.1845
1778339700.0,2304.12,2311.06,2304.11,2310.9,2375.3997
1778340600.0,2310.9,2316.87,2310.32,2313.83,3706.0207
1778341500.0,2313.84,2317.64,2313.84,2317.63,3060.4506
1778342400.0,2317.64,2321.91,2315.29,2321.0,4280.1898
1778343300.0,2320.99,2325.28,2319.62,2319.9,4126.6421
1778344200.0,2319.89,2321.79,2317.18,2320.58,4335.3328
1778345100.0,2320.58,2321.04,2318.19,2319.99,2723.8452
1778346000.0,2320.0,2333.61,2320.0,2330.33,8919.387
1778346900.0,2330.34,2332.0,2326.38,2331.87,4298.5379
1778347800.0,2331.87,2333.27,2330.49,2330.49,4756.9108
1778348700.0,2330.5,2331.01,2326.9,2329.45,3124.6565
1778349600.0,2329.46,2332.97,2329.27,2330.06,2515.7071
1778350500.0,2330.07,2338.37,2329.5,2336.76,4458.2323
1778351400.0,2336.77,2337.93,2331.01,2331.33,2475.8073
1778352300.0,2331.33,2331.34,2328.8,2330.22,1798.7993
1778353200.0,2330.23,2331.65,2328.81,2329.98,2699.5063
1778354100.0,2329.98,2329.99,2326.54,2328.54,2292.6936
1778355000.0,2328.55,2328.85,2327.34,2328.36,1464.0928
1778355900.0,2328.35,2333.1,2327.45,2332.01,2647.3075
1778356800.0,2332.02,2332.81,2327.97,2327.98,1517.143
1778357700.0,2327.98,2329.69,2327.64,2328.73,1669.7103
1778358600.0,2328.73,2330.12,2327.26,2329.48,1394.1675
1778359500.0,2329.47,2330.06,2328.68,2329.18,1321.341
1778360400.0,2329.17,2331.51,2329.0,2330.62,1721.7971
1778361300.0,2330.63,2331.19,2328.62,2330.49,1414.7357
1778362200.0,2330.49,2330.92,2329.23,2329.88,1452.083
1778363100.0,2329.89,2331.55,2328.92,2330.82,1504.9013
1778364000.0,2330.82,2331.55,2329.47,2330.15,1884.0737
1778364900.0,2330.15,2331.99,2330.14,2330.98,1748.9415
1778365800.0,2330.98,2333.47,2327.22,2332.43,1973.0775
1778366700.0,2332.44,2333.07,2329.47,2329.89,1262.0324
1778367600.0,2329.89,2331.96,2327.5,2328.25,1752.202
1778368500.0,2328.25,2328.25,2325.78,2326.39,1546.0218
1778369400.0,2326.38,2326.99,2324.7,2324.87,1741.2351
1778370300.0,2324.87,2328.08,2324.86,2326.44,1914.7282
1778371200.0,2326.43,2328.07,2323.93,2327.08,2328.2403
1778372100.0,2327.07,2329.71,2326.68,2327.42,1585.8693
1778373000.0,2327.41,2328.59,2325.52,2327.24,1889.0683
1778373900.0,2327.24,2327.35,2321.16,2323.89,2110.6455
1778374800.0,2323.9,2323.9,2321.3,2322.26,2678.0844
1778375700.0,2322.26,2324.41,2319.26,2319.96,2829.9324
1778376600.0,2319.96,2321.77,2318.33,2319.95,1903.9208
1778377500.0,2319.96,2324.97,2319.95,2323.67,2043.7879
1778378400.0,2323.68,2323.68,2320.08,2321.59,1630.9487
1778379300.0,2321.6,2327.25,2321.04,2325.96,2077.804
1778380200.0,2325.96,2327.23,2324.32,2326.19,1721.3457
1778381100.0,2326.2,2328.0,2325.5,2327.94,1767.3872
1778382000.0,2327.94,2329.71,2327.04,2328.13,2056.9246
1778382900.0,2328.14,2328.29,2325.41,2325.67,1606.3048
1778383800.0,2325.67,2332.91,2323.7,2328.87,3058.2899
1778384700.0,2328.87,2329.96,2327.41,2327.76,1989.5828
1778385600.0,2327.75,2328.66,2326.1,2327.37,2694.4354
1778386500.0,2327.37,2329.25,2326.2,2329.24,1960.9817
1778387400.0,2329.24,2330.98,2327.7,2327.7,1549.527
1778388300.0,2327.7,2329.41,2327.03,2328.27,1511.1902
1778389200.0,2328.28,2328.84,2326.72,2328.26,1573.6169
1778390100.0,2328.26,2330.0,2328.0,2328.93,1555.3631
1778391000.0,2328.93,2329.99,2328.0,2328.02,1475.7468
1778391900.0,2328.01,2328.79,2326.51,2327.3,1640.2008
1778392800.0,2327.3,2329.02,2327.15,2329.01,2047.1677
1778393700.0,2329.01,2329.02,2326.65,2326.65,1815.0527
1778394600.0,2326.65,2330.75,2326.65,2329.12,1942.8472
1778395500.0,2329.11,2330.3,2328.62,2329.3,1163.6162
1778396400.0,2329.31,2332.09,2327.55,2327.55,1971.9019
1778397300.0,2327.55,2330.64,2327.55,2329.49,1329.4217
1778398200.0,2329.48,2330.37,2328.36,2329.01,1555.7766
1778399100.0,2329.02,2329.73,2327.36,2327.36,1177.5057
1778400000.0,2327.36,2331.22,2326.16,2328.61,1847.0559
1778400900.0,2328.6,2331.83,2327.69,2330.53,2285.7787
1778401800.0,2330.53,2331.69,2328.97,2329.16,2166.871
1778402700.0,2329.16,2330.16,2328.9,2330.15,1369.7951
1778403600.0,2330.16,2333.59,2329.83,2330.75,2484.6671
1778404500.0,2330.75,2330.95,2329.18,2329.18,1240.264
1778405400.0,2329.18,2329.75,2327.22,2327.49,1301.2973
1778406300.0,2327.5,2328.91,2326.92,2328.22,1286.8426
1778407200.0,2328.23,2328.82,2324.01,2324.73,2418.9127
1778408100.0,2324.72,2326.9,2323.41,2326.33,1864.773
1778409000.0,2326.33,2326.89,2323.38,2324.11,1318.4303
1778409900.0,2324.11,2326.14,2323.49,2325.46,1744.3997
1778410800.0,2325.46,2327.42,2323.34,2324.17,2171.1601
1778411700.0,2324.16,2325.51,2319.0,2322.0,2438.0669
1778412600.0,2322.0,2322.42,2320.29,2321.3,1544.1245
1778413500.0,2321.29,2323.29,2321.21,2322.58,1397.5603
1778414400.0,2322.59,2323.89,2320.87,2323.59,1255.9756
1778415300.0,2323.59,2325.06,2322.74,2324.21,1338.3412
1778416200.0,2324.22,2325.35,2322.62,2323.88,1853.105
1778417100.0,2323.88,2324.4,2323.03,2324.12,1394.4734
1778418000.0,2324.12,2328.77,2323.28,2328.48,2380.4058
1778418900.0,2328.48,2331.99,2326.84,2329.47,4087.7048
1778419800.0,2329.47,2330.77,2328.0,2329.34,2653.7984
1778420700.0,2329.33,2330.33,2328.42,2329.8,2697.0569
1778421600.0,2329.8,2330.88,2328.0,2328.72,2305.008
1778422500.0,2328.72,2328.72,2326.94,2327.58,2145.7934
1778423400.0,2327.57,2335.0,2327.41,2330.43,4030.6638
1778424300.0,2330.43,2332.56,2327.14,2330.9,3299.2856
1778425200.0,2330.9,2337.66,2330.9,2335.28,4862.2988
1778426100.0,2335.27,2335.45,2333.5,2334.45,3364.6995
1778427000.0,2334.44,2343.81,2334.44,2341.73,5888.5786
1778427900.0,2341.73,2351.66,2340.62,2347.56,8369.7887
1778428800.0,2347.56,2350.85,2344.86,2346.3,4626.6239
1778429700.0,2346.31,2346.67,2340.11,2345.35,2527.0974
1778430600.0,2345.35,2350.0,2344.29,2346.21,3180.9868
1778431500.0,2346.21,2350.0,2345.41,2350.0,7414.4421
1778432400.0,2349.99,2355.0,2345.4,2348.0,79965.4202
1778433300.0,2348.0,2357.94,2347.99,2355.86,21999.8741
1778434200.0,2355.85,2359.6,2352.71,2356.0,5226.0672
1778435100.0,2356.0,2368.0,2354.4,2364.1,7343.8751
1778436000.0,2364.11,2366.79,2363.39,2365.5,3639.1112
1778436900.0,2365.5,2365.5,2361.05,2361.84,4023.7713
1778437800.0,2361.84,2363.54,2356.75,2356.76,1921.2109
1778438700.0,2356.76,2359.92,2356.63,2358.54,1577.4346
1778439600.0,2358.53,2358.82,2351.25,2357.81,2903.5967
1778440500.0,2357.81,2366.73,2357.59,2366.65,3561.1055
1778441400.0,2366.65,2366.79,2362.75,2365.07,2584.3483
1778442300.0,2365.06,2365.58,2359.37,2365.54,1929.5946
1778443200.0,2365.54,2369.86,2353.75,2354.76,4513.3445
1778444100.0,2354.76,2356.8,2346.52,2353.55,5846.8651
1778445000.0,2353.55,2353.55,2335.29,2335.31,6376.6422
1778445900.0,2335.32,2335.57,2311.83,2328.76,14196.4288
1778446800.0,2328.76,2334.78,2324.02,2325.98,6118.2013
1778447700.0,2325.99,2335.0,2324.87,2335.0,3435.7372
1778448600.0,2335.0,2336.85,2329.83,2335.54,3977.2974
1778449500.0,2335.54,2336.36,2330.68,2330.8,1832.6868
1778450400.0,2330.79,2347.13,2327.92,2342.82,5452.8077
1778451300.0,2342.82,2362.03,2340.04,2355.36,8284.0573
1778452200.0,2355.36,2374.05,2352.08,2366.51,11617.2784
1778453100.0,2366.51,2377.64,2366.51,2373.78,8314.3907
1778454000.0,2373.78,2382.53,2373.78,2379.1,9841.547
1778454900.0,2379.1,2381.17,2370.28,2374.45,4365.8677
1778455800.0,2374.46,2380.22,2371.92,2378.77,4636.3517
1778456700.0,2378.77,2379.64,2367.95,2371.27,3839.3337
1778457600.0,2371.26,2374.92,2363.05,2363.12,4114.4993
1778458500.0,2363.13,2363.38,2350.68,2355.57,8350.4126
1778459400.0,2355.57,2363.65,2351.28,2354.55,3170.0312
1778460300.0,2354.54,2357.34,2344.59,2352.35,3688.7553
1778461200.0,2352.36,2360.0,2345.33,2356.19,2774.661
1778462100.0,2356.2,2365.58,2354.58,2362.06,2833.7322
1778463000.0,2362.07,2365.21,2357.25,2358.54,2143.4317
1778463900.0,2358.54,2362.0,2355.25,2358.54,1542.0066
1778464800.0,2358.54,2360.79,2352.62,2355.02,1323.437
1778465700.0,2355.02,2355.02,2347.16,2350.19,2726.6759
1778466600.0,2350.18,2350.71,2343.51,2344.87,4163.8446
1778467500.0,2344.88,2347.03,2343.38,2345.39,1066.2292
1778468400.0,2345.4,2345.4,2326.35,2327.04,7069.0912
1778469300.0,2327.04,2331.98,2322.78,2325.69,5826.4298
1778470200.0,2325.69,2329.87,2320.01,2329.66,6152.7061
1778471100.0,2329.66,2330.81,2327.86,2330.56,3378.3279
1778472000.0,2330.56,2331.33,2326.66,2328.65,3464.4364
1778472900.0,2328.65,2332.33,2328.65,2331.85,1949.5659
1778473800.0,2331.85,2335.0,2330.88,2335.0,3181.3558
1778474700.0,2334.99,2335.99,2330.0,2332.85,2267.4194
1778475600.0,2332.85,2335.16,2332.05,2333.4,1928.9347
1778476500.0,2333.4,2338.71,2333.15,2337.66,2668.2742
1778477400.0,2337.66,2340.49,2334.1,2334.32,2828.051
1778478300.0,2334.32,2337.65,2333.64,2335.3,2409.406
1778479200.0,2335.29,2340.1,2333.48,2337.42,2427.9384
1778480100.0,2337.43,2340.77,2335.02,2339.47,1841.7847
1778481000.0,2339.46,2342.44,2331.81,2333.12,2849.6127
1778481900.0,2333.13,2334.39,2330.05,2333.48,2096.3322
1778482800.0,2333.49,2333.49,2329.17,2330.35,1243.1002
1778483700.0,2330.35,2333.39,2328.45,2330.14,1366.8292
1778484600.0,2330.14,2331.46,2328.25,2329.04,1500.643
1778485500.0,2329.04,2331.5,2328.88,2330.54,1285.5922
1778486400.0,2330.55,2332.77,2326.66,2330.58,2052.1083
1778487300.0,2330.57,2333.84,2327.81,2327.81,2317.7936
1778488200.0,2327.81,2334.52,2326.86,2333.87,1167.0638
1778489100.0,2333.88,2334.66,2329.68,2330.48,1612.0545
1778490000.0,2330.48,2336.63,2330.26,2336.62,1393.6567
1778490900.0,2336.63,2337.31,2335.49,2336.0,921.5454
1778491800.0,2336.0,2336.82,2333.03,2335.02,842.4474
1778492700.0,2335.02,2338.61,2334.73,2336.08,952.5008
1778493600.0,2336.07,2339.24,2334.97,2336.74,1390.2462
1778494500.0,2336.74,2339.9,2336.11,2337.52,1585.3824
1778495400.0,2337.51,2337.95,2330.0,2332.5,1478.7305
1778496300.0,2332.5,2334.34,2329.93,2329.94,1015.9255
1778497200.0,2329.93,2332.45,2327.43,2330.83,1313.3766
1778498100.0,2330.83,2335.0,2330.74,2333.4,1372.2681
1778499000.0,2333.4,2335.8,2333.4,2335.28,870.1924
1778499900.0,2335.27,2335.8,2332.04,2335.8,1053.7939
1778500800.0,2335.8,2336.49,2329.22,2330.13,1492.6129
1778501700.0,2330.13,2338.89,2329.43,2337.02,1906.3256
1778502600.0,2337.01,2338.86,2332.91,2333.05,1708.8017
1778503500.0,2333.04,2335.3,2328.79,2329.5,2033.2133
1778504400.0,2329.51,2332.86,2329.06,2331.22,1386.2444
1778505300.0,2331.23,2332.21,2325.56,2327.57,2020.8574
1778506200.0,2327.57,2329.56,2314.77,2326.06,9487.2918
1778507100.0,2326.06,2327.52,2320.0,2322.32,2925.6137
1778508000.0,2322.31,2328.8,2322.03,2326.28,2739.7531
1778508900.0,2326.29,2327.0,2312.91,2313.13,3846.8854
1778509800.0,2313.13,2317.58,2304.0,2312.69,8407.2262
1778510700.0,2312.68,2317.97,2309.82,2316.48,3313.7416
1778511600.0,2316.48,2323.26,2313.4,2321.16,2506.9659
1778512500.0,2321.17,2334.65,2319.41,2332.73,4257.2678
1778513400.0,2332.72,2335.6,2327.04,2327.92,4147.6249
1778514300.0,2327.91,2334.99,2326.68,2333.48,2107.8
1778515200.0,2333.48,2341.21,2330.62,2339.82,4328.8158
1778516100.0,2339.82,2341.0,2334.91,2336.83,4568.6556
1778517000.0,2336.83,2339.05,2327.38,2329.78,3611.8841
1778517900.0,2329.78,2334.26,2329.33,2329.78,2502.1844
1778518800.0,2329.79,2330.68,2323.68,2327.78,2967.8362
1778519700.0,2327.77,2330.74,2327.55,2329.57,1785.7417
1778520600.0,2329.58,2341.6,2327.94,2340.13,2921.1457
1778521500.0,2340.13,2343.83,2336.44,2336.71,2790.8135
1778522400.0,2336.71,2343.73,2336.13,2340.89,3297.2469
1778523300.0,2340.89,2342.2,2335.89,2341.49,2409.0082
1778524200.0,2341.49,2344.35,2339.0,2339.01,2836.3591
1778525100.0,2339.0,2343.77,2334.55,2335.35,2255.8147
1778526000.0,2335.35,2339.71,2331.92,2338.38,2074.4316
1778526900.0,2338.39,2343.0,2336.96,2337.16,1749.8756
1778527800.0,2337.16,2344.0,2337.16,2341.5,1764.9535
1778528700.0,2341.5,2341.76,2338.82,2340.43,1521.098
1778529600.0,2340.44,2345.44,2336.27,2338.07,4487.2437
1778530500.0,2338.08,2340.0,2336.56,2338.37,1093.8416
1778531400.0,2338.38,2341.32,2336.37,2337.97,1092.7111
1778532300.0,2337.97,2341.32,2337.38,2338.15,919.7738
1778533200.0,2338.16,2340.81,2337.5,2340.49,929.1637
1778534100.0,2340.48,2340.78,2336.36,2337.37,931.5424
1778535000.0,2337.36,2341.3,2337.19,2340.34,1444.2056
1778535900.0,2340.35,2342.49,2338.02,2340.71,1816.4136
1778536800.0,2340.71,2345.68,2340.01,2342.14,1640.2858
1778537700.0,2342.13,2343.26,2336.63,2338.8,1752.2821
1778538600.0,2338.8,2341.0,2338.65,2340.77,1104.141
1778539500.0,2340.76,2345.0,2339.85,2341.43,1370.8587
1778540400.0,2341.43,2341.44,2337.87,2339.31,877.792
1778541300.0,2339.31,2339.64,2335.64,2336.36,847.245
1778542200.0,2336.36,2342.23,2335.08,2341.27,1077.5691
1778543100.0,2341.27,2342.0,2339.58,2339.87,930.262
1778544000.0,2339.88,2340.85,2335.88,2336.32,1244.8966
1778544900.0,2336.31,2337.95,2333.54,2335.09,1334.5695
1778545800.0,2335.1,2336.34,2332.13,2332.14,1564.7174
1778546700.0,2332.15,2336.0,2332.14,2333.54,939.7123
1778547600.0,2333.54,2335.66,2325.89,2325.89,2235.241
1778548500.0,2325.9,2327.36,2319.03,2323.67,3359.2822
1778549400.0,2323.67,2323.72,2295.01,2308.64,16672.4309
1778550300.0,2308.64,2315.89,2306.73,2311.41,4983.3943
1778551200.0,2311.4,2317.0,2309.37,2315.81,2303.2317
1778552100.0,2315.8,2315.81,2307.2,2314.84,3429.0489
1778553000.0,2314.84,2315.07,2308.0,2310.0,1773.062
1778553900.0,2310.01,2315.89,2310.01,2315.89,1210.8544
1778554800.0,2315.89,2317.31,2311.6,2313.24,1635.0414
1778555700.0,2313.24,2313.73,2310.64,2311.57,1231.9783
1778556600.0,2311.57,2313.79,2311.53,2313.13,1105.6202
1778557500.0,2313.13,2313.13,2307.2,2309.37,1769.4085
1778558400.0,2309.36,2309.74,2306.88,2306.91,1399.3454
1778559300.0,2306.91,2312.67,2305.65,2312.08,1626.4723
1778560200.0,2312.08,2314.06,2311.83,2311.85,1314.1463
1778561100.0,2311.85,2314.49,2310.01,2310.92,1004.5471
1778562000.0,2310.92,2313.23,2309.74,2311.01,1901.9847
1778562900.0,2311.01,2313.85,2310.76,2313.07,927.0507
1778563800.0,2313.06,2314.08,2309.86,2312.27,1508.4058
1778564700.0,2312.27,2313.07,2310.12,2310.12,1822.4447
1778565600.0,2310.13,2311.99,2308.69,2311.92,1481.9444
1778566500.0,2311.91,2313.84,2310.33,2310.43,1697.5311
1778567400.0,2310.44,2310.77,2306.13,2306.61,2064.041
1778568300.0,2306.6,2308.22,2302.63,2303.89,2865.497
1778569200.0,2303.9,2304.82,2295.15,2303.39,6264.0662
1778570100.0,2303.4,2304.2,2299.04,2300.87,1841.9495
1778571000.0,2300.88,2301.7,2296.95,2296.96,2397.0648
1778571900.0,2296.96,2300.1,2291.63,2295.2,5265.2217
1778572800.0,2295.2,2296.27,2285.0,2285.01,10527.7978
1778573700.0,2285.02,2288.85,2280.0,2287.64,6692.3826
1778574600.0,2287.65,2292.34,2287.4,2292.19,3259.6355
1778575500.0,2292.2,2292.72,2285.99,2288.01,5320.6157
1778576400.0,2288.0,2288.93,2283.24,2284.05,4422.3486
1778577300.0,2284.05,2285.0,2281.1,2284.96,3033.3244
1778578200.0,2284.96,2294.57,2284.96,2294.0,2561.5885
1778579100.0,2293.99,2295.3,2290.0,2292.84,1083.9958
1778580000.0,2292.84,2293.88,2291.48,2291.78,1126.9675
1778580900.0,2291.78,2292.76,2288.47,2289.23,1285.0262
1778581800.0,2289.24,2290.42,2283.03,2284.99,6852.2023
1778582700.0,2284.99,2287.05,2281.42,2286.2,5152.0859
1778583600.0,2286.21,2287.09,2278.57,2283.49,4623.4596
1778584500.0,2283.49,2284.6,2278.96,2283.48,1308.1727
1778585400.0,2283.48,2287.08,2283.48,2286.89,1693.7741
1778586300.0,2286.89,2287.07,2284.2,2287.01,1449.421
1778587200.0,2287.02,2288.85,2282.32,2288.09,2007.2375
1778588100.0,2288.09,2291.17,2285.79,2291.11,1701.5338
1778589000.0,2291.12,2294.01,2281.14,2286.8,5390.83
1778589900.0,2286.8,2289.88,2285.57,2288.97,1609.6438
1778590800.0,2288.97,2292.51,2287.69,2287.78,2353.6985
1778591700.0,2287.89,2288.27,2283.0,2285.02,2204.0306
1778592600.0,2285.02,2285.67,2275.01,2280.11,5841.1599
1778593500.0,2280.11,2283.93,2268.88,2271.99,7581.9667
1778594400.0,2271.99,2280.38,2269.51,2279.41,3375.0436
1778595300.0,2279.41,2281.89,2271.36,2273.66,3731.7516
1778596200.0,2273.65,2280.26,2262.37,2277.57,7825.4651
1778597100.0,2277.57,2277.57,2265.53,2269.18,3529.1448
1778598000.0,2269.18,2274.38,2266.76,2272.4,2288.2837
1778598900.0,2272.4,2272.4,2256.67,2259.59,8602.6689
1778599800.0,2259.58,2268.57,2259.56,2263.97,3288.0717
1778600700.0,2263.96,2267.02,2260.18,2261.85,2334.748
1778601600.0,2261.86,2268.9,2259.48,2268.0,2688.7516
1778602500.0,2268.01,2271.24,2265.05,2268.0,1987.4753
1778603400.0,2268.01,2268.75,2262.66,2264.81,1716.3343
1778604300.0,2264.8,2265.99,2256.27,2263.83,4980.4386
1778605200.0,2263.83,2270.56,2263.83,2270.48,1712.4383
1778606100.0,2270.49,2275.83,2270.49,2275.0,2321.5724
1778607000.0,2275.01,2278.0,2274.29,2277.08,1290.3796
1778607900.0,2277.09,2277.81,2274.24,2276.59,1072.905
1778608800.0,2276.6,2279.08,2274.67,2277.33,1926.5782
1778609700.0,2277.34,2278.7,2276.27,2277.68,1314.6895
1778610600.0,2277.68,2283.0,2277.47,2281.79,1702.9473
1778611500.0,2281.8,2284.6,2278.79,2279.3,1784.9954
1778612400.0,2279.31,2285.92,2279.15,2284.3,1204.2061
1778613300.0,2284.31,2285.28,2281.55,2282.43,953.7686
1778614200.0,2282.44,2287.0,2282.44,2283.09,1544.4975
1778615100.0,2283.09,2287.43,2283.09,2285.09,1534.9561
1778616000.0,2285.1,2287.39,2283.94,2285.15,1424.7017
1778616900.0,2285.16,2286.19,2284.11,2285.32,447.9985
1778617800.0,2285.32,2285.33,2281.86,2283.65,1041.7103
1778618700.0,2283.66,2285.07,2281.32,2285.04,764.8852
1778619600.0,2285.05,2287.47,2283.82,2285.83,835.6818
1778620500.0,2285.83,2287.33,2285.16,2286.65,799.3633
1778621400.0,2286.66,2287.64,2284.15,2284.82,1015.3619
1778622300.0,2284.81,2286.33,2282.81,2285.4,757.0096
1778623200.0,2285.41,2291.37,2285.41,2286.44,2106.5469
1778624100.0,2286.45,2289.22,2285.8,2285.81,621.8271
1778625000.0,2285.81,2286.95,2283.99,2284.55,925.9257
1778625900.0,2284.56,2284.73,2282.24,2282.34,716.3136
1778626800.0,2282.34,2284.18,2279.18,2280.18,920.1128
1778627700.0,2280.18,2283.52,2279.78,2282.88,999.3362
1778628600.0,2282.88,2283.15,2276.78,2278.1,1935.2913
1778629500.0,2278.11,2278.11,2273.88,2274.96,1699.8298
1778630400.0,2274.97,2278.43,2273.34,2277.6,1065.3299
1778631300.0,2277.6,2286.79,2277.31,2283.28,1456.9608
1778632200.0,2283.28,2286.46,2282.25,2284.44,1121.487
1778633100.0,2284.45,2284.57,2280.44,2281.56,1138.5758
1778634000.0,2281.56,2292.29,2280.99,2289.13,2324.7567
1778634900.0,2289.13,2294.0,2286.89,2291.76,2566.6959
1778635800.0,2291.77,2295.0,2290.01,2292.55,1662.1619
1778636700.0,2292.55,2295.29,2288.65,2289.98,1783.3476
1778637600.0,2289.99,2293.74,2286.96,2292.23,1385.3563
1778638500.0,2292.22,2299.89,2291.0,2295.05,2867.0685
1778639400.0,2295.06,2296.86,2293.89,2295.28,1409.7816
1778640300.0,2295.29,2296.0,2292.59,2293.99,1061.3858
1778641200.0,2293.99,2296.73,2292.44,2293.42,806.8197
1778642100.0,2293.42,2298.78,2293.42,2297.78,1745.1768
1778643000.0,2297.79,2302.93,2297.42,2302.27,1832.1163
1778643900.0,2302.27,2303.77,2300.81,2301.77,1402.6915
1778644800.0,2301.76,2304.42,2300.0,2300.2,1472.3146
1778645700.0,2300.2,2302.0,2298.47,2301.47,1160.4346
1778646600.0,2301.47,2307.66,2301.47,2304.83,2240.9942
1778647500.0,2304.82,2309.0,2303.56,2306.67,793.9557
1778648400.0,2306.68,2307.48,2303.68,2303.71,2044.5787
1778649300.0,2303.7,2303.7,2300.46,2301.97,1448.6426
1778650200.0,2301.96,2301.99,2297.0,2297.01,1454.8291
1778651100.0,2297.01,2299.73,2295.63,2297.76,1059.4234
1778652000.0,2297.77,2303.53,2297.26,2303.53,1166.0872
1778652900.0,2303.53,2305.0,2301.28,2303.59,1271.2214
1778653800.0,2303.6,2304.85,2301.95,2304.84,1242.4255
1778654700.0,2304.85,2305.13,2301.21,2301.84,722.9413
1778655600.0,2301.84,2303.03,2300.0,2301.31,611.8427
1778656500.0,2301.31,2302.5,2296.95,2298.7,1162.1622
1778657400.0,2298.71,2301.04,2297.66,2300.94,1167.1479
1778658300.0,2300.93,2301.67,2298.43,2301.07,1223.6069
1778659200.0,2301.07,2303.76,2301.07,2301.85,1476.4023
1778660100.0,2301.86,2305.86,2301.85,2303.03,2067.9163
1778661000.0,2303.02,2315.56,2300.73,2313.68,4261.06
1778661900.0,2313.68,2316.96,2312.19,2316.64,3497.3504
1778662800.0,2316.65,2322.44,2314.45,2319.4,5926.3943
1778663700.0,2319.41,2322.06,2317.16,2318.15,2384.448
1778664600.0,2318.15,2323.36,2318.15,2321.56,2546.2299
1778665500.0,2321.56,2322.6,2319.21,2321.19,1318.4896
1778666400.0,2321.18,2321.6,2314.49,2314.93,1874.0882
1778667300.0,2314.94,2316.98,2309.32,2309.84,1959.9904
1778668200.0,2309.84,2311.23,2305.55,2306.95,1889.1323
1778669100.0,2306.96,2310.0,2306.01,2308.46,1491.3511
1778670000.0,2308.46,2308.91,2299.0,2300.8,3406.3031
1778670900.0,2300.8,2305.56,2299.0,2301.14,2121.467
1778671800.0,2301.14,2306.69,2300.88,2306.68,1938.3316
1778672700.0,2306.68,2307.8,2300.0,2301.82,1495.7586
1778673600.0,2301.83,2307.54,2301.23,2305.46,1906.9098
1778674500.0,2305.46,2306.88,2292.55,2298.24,3857.8439
1778675400.0,2298.24,2298.45,2270.01,2281.78,13529.2717
1778676300.0,2281.78,2286.68,2280.78,2284.35,2510.2211
1778677200.0,2284.35,2288.31,2283.58,2285.9,2494.1185
1778678100.0,2285.89,2287.49,2279.64,2279.75,2456.741
1778679000.0,2279.74,2283.97,2267.0,2270.62,7684.982
1778679900.0,2270.62,2270.62,2258.51,2262.8,12832.8394
1778680800.0,2262.8,2266.91,2251.05,2263.52,11735.5772
1778681700.0,2263.51,2270.97,2261.5,2268.05,6392.5282
1778682600.0,2268.05,2268.89,2264.57,2265.35,3461.2425
1778683500.0,2265.35,2269.0,2262.08,2267.39,2138.5899
1778684400.0,2267.39,2270.25,2256.46,2257.65,4285.8448
1778685300.0,2257.64,2259.93,2251.5,2253.62,4805.3722
1778686200.0,2253.61,2256.5,2251.39,2252.45,3540.1913
1778687100.0,2252.46,2253.47,2234.13,2236.49,17787.4699
1778688000.0,2236.48,2245.97,2235.48,2245.27,14584.2904
1778688900.0,2245.27,2250.89,2242.74,2249.27,4837.4897
1778689800.0,2249.27,2253.35,2247.07,2252.15,2811.3169
1778690700.0,2252.14,2253.26,2249.39,2250.75,1735.5286
1778691600.0,2250.75,2256.17,2250.75,2254.45,1988.2661
1778692500.0,2254.46,2259.0,2252.52,2257.51,2128.4753
1778693400.0,2257.51,2257.87,2254.57,2257.35,1684.2245
1778694300.0,2257.36,2261.77,2256.4,2258.31,3544.0032
1778695200.0,2258.32,2263.34,2258.32,2262.2,4163.228
1778696100.0,2262.2,2268.49,2261.16,2265.64,5831.7784
1778697000.0,2265.64,2267.4,2262.42,2262.43,2293.3381
1778697900.0,2262.42,2263.08,2258.73,2259.68,2072.0964
1778698800.0,2259.67,2260.71,2253.01,2255.29,2223.7075
1778699700.0,2255.28,2255.31,2250.56,2254.18,1871.1938
1778700600.0,2254.17,2259.18,2254.11,2255.85,1922.5783
1778701500.0,2255.85,2257.33,2254.41,2256.53,1567.7748
1778702400.0,2256.53,2261.5,2256.43,2258.95,2193.8632
1778703300.0,2258.94,2262.51,2258.94,2260.24,1028.5545
1778704200.0,2260.24,2263.99,2260.23,2263.35,775.4941
1778705100.0,2263.35,2264.46,2261.92,2263.75,880.9579
1778706000.0,2263.76,2264.07,2253.7,2257.79,1575.185
1778706900.0,2257.79,2257.79,2255.07,2255.48,760.1644
1778707800.0,2255.48,2257.66,2255.29,2257.01,697.3661
1778708700.0,2257.01,2259.43,2254.91,2255.79,650.4577
1778709600.0,2255.8,2257.3,2251.0,2256.01,1413.6104
1778710500.0,2256.0,2256.01,2251.69,2253.98,753.0043
1778711400.0,2253.98,2257.5,2252.49,2257.5,861.8248
1778712300.0,2257.49,2260.55,2257.35,2259.6,1185.0194
1778713200.0,2259.59,2261.5,2258.42,2260.22,896.7457
1778714100.0,2260.23,2261.79,2255.32,2257.61,1447.8081
1778715000.0,2257.6,2258.68,2254.83,2257.33,569.3909
1778715900.0,2257.33,2259.31,2256.25,2258.65,560.2168
1778716800.0,2258.66,2266.14,2258.14,2266.14,1789.8412
1778717700.0,2266.14,2267.69,2262.61,2263.81,1253.7782
1778718600.0,2263.81,2268.69,2263.81,2267.92,2233.8468
1778719500.0,2267.92,2269.37,2265.64,2266.58,1209.2908
1778720400.0,2266.58,2269.37,2264.32,2265.86,1401.1054
1778721300.0,2265.86,2265.86,2261.75,2262.72,882.6844
1778722200.0,2262.73,2264.33,2259.9,2262.98,999.7585
1778723100.0,2262.99,2267.17,2260.64,2264.91,1065.0481
1778724000.0,2264.9,2266.75,2261.72,2261.89,3570.3089
1778724900.0,2261.89,2263.58,2260.62,2263.57,827.901
1778725800.0,2263.57,2263.57,2259.2,2260.95,849.4643
1778726700.0,2260.95,2261.11,2247.71,2251.53,2947.5875
1778727600.0,2251.54,2255.0,2243.08,2249.35,2331.9422
1778728500.0,2249.35,2251.85,2239.34,2250.31,3405.0365
1778729400.0,2250.31,2252.56,2244.93,2247.35,1266.7361
1778730300.0,2247.36,2247.36,2238.64,2242.14,2361.4314
1778731200.0,2242.14,2249.67,2239.54,2249.66,1308.6917
1778732100.0,2249.67,2253.66,2248.67,2251.71,1084.4233
1778733000.0,2251.7,2254.35,2251.38,2253.67,845.0284
1778733900.0,2253.67,2258.25,2252.39,2256.7,1901.1768
1778734800.0,2256.69,2258.62,2255.74,2256.83,1025.9624
1778735700.0,2256.83,2261.5,2255.53,2261.46,1921.9176
1778736600.0,2261.46,2265.0,2261.45,2263.97,2266.5277
1778737500.0,2263.97,2273.71,2263.97,2268.44,5133.7553
1778738400.0,2268.44,2275.2,2267.75,2273.93,3709.4657
1778739300.0,2273.93,2274.3,2270.01,2270.01,1571.7374
1778740200.0,2270.01,2271.06,2266.86,2269.36,1956.0981
1778741100.0,2269.36,2269.78,2267.37,2267.71,858.6765
1778742000.0,2267.72,2270.24,2263.88,2264.91,1256.1657
1778742900.0,2264.9,2268.0,2264.25,2266.51,961.8227
1778743800.0,2266.52,2270.79,2266.48,2269.6,1345.7944
1778744700.0,2269.61,2269.61,2265.18,2265.48,1456.29
1778745600.0,2265.49,2269.79,2262.05,2268.38,1963.9391
1778746500.0,2268.38,2269.29,2265.56,2266.47,2758.9223
1778747400.0,2266.47,2270.99,2266.47,2268.84,1069.3313
1778748300.0,2268.85,2269.1,2265.45,2266.36,1618.961
1778749200.0,2266.35,2267.72,2264.23,2264.48,2248.2585
1778750100.0,2264.47,2264.71,2259.63,2261.22,1954.9371
1778751000.0,2261.21,2261.22,2252.76,2256.5,2800.098
1778751900.0,2256.5,2258.45,2254.56,2257.8,1307.1441
1778752800.0,2257.8,2264.88,2257.02,2261.12,2764.8742
1778753700.0,2261.12,2265.51,2261.11,2263.86,1630.6902
1778754600.0,2263.86,2263.87,2255.84,2257.52,1527.4849
1778755500.0,2257.52,2263.54,2257.52,2262.14,1192.7098
1778756400.0,2262.13,2264.0,2259.11,2259.12,970.0497
1778757300.0,2259.12,2261.5,2255.31,2257.0,1731.3036
1778758200.0,2257.01,2257.66,2253.93,2254.15,1725.5333
1778759100.0,2254.14,2260.46,2252.53,2253.81,3760.8733
1778760000.0,2253.81,2255.72,2252.0,2252.88,1456.3075
1778760900.0,2252.89,2255.06,2248.0,2254.08,2203.2162
1778761800.0,2254.08,2263.24,2253.46,2259.66,2620.9096
1778762700.0,2259.66,2261.71,2259.12,2261.48,1955.9411
1778763600.0,2261.48,2264.0,2259.42,2262.69,2135.5552
1778764500.0,2262.69,2265.32,2256.1,2261.24,3517.6082
1778765400.0,2261.24,2261.6,2249.4,2255.8,5890.1732
1778766300.0,2255.8,2261.99,2248.43,2249.42,3932.7236
1778767200.0,2249.42,2259.07,2246.13,2256.79,3592.7384
1778768100.0,2256.8,2269.0,2256.04,2264.89,4438.1394
1778769000.0,2264.9,2271.74,2263.34,2270.99,3799.2934
1778769900.0,2271.0,2289.0,2271.0,2286.99,10844.4294
1778770800.0,2287.0,2291.24,2280.63,2283.36,5992.1691
1778771700.0,2283.35,2292.79,2281.83,2287.84,4893.861
1778772600.0,2287.85,2290.73,2282.56,2288.42,3237.1624
1778773500.0,2288.43,2299.7,2288.04,2298.48,8241.5567
1778774400.0,2298.48,2313.0,2296.33,2308.15,8400.3714
1778775300.0,2308.15,2309.52,2303.02,2306.47,5510.8381
1778776200.0,2306.48,2312.95,2301.86,2310.52,5301.4174
1778777100.0,2310.52,2318.66,2293.96,2316.36,9383.127
1778778000.0,2316.35,2319.33,2308.88,2309.67,6501.363
1778778900.0,2309.67,2309.74,2296.57,2298.6,6825.7257
1778779800.0,2298.6,2308.88,2296.72,2306.19,3268.709
1778780700.0,2306.19,2314.92,2306.19,2308.18,4034.9951
1778781600.0,2308.17,2315.48,2303.0,2315.46,3820.3403
1778782500.0,2315.46,2316.78,2311.12,2314.77,3694.8193
1778783400.0,2314.78,2314.78,2306.97,2308.15,2413.2395
1778784300.0,2308.15,2312.13,2307.17,2309.63,1956.7723
1778785200.0,2309.64,2312.22,2304.84,2305.89,3034.1385
1778786100.0,2305.89,2306.15,2297.5,2297.69,3237.9642
1778787000.0,2297.69,2303.05,2297.62,2299.92,2047.8763
1778787900.0,2299.91,2301.06,2297.67,2298.34,1848.4709
1778788800.0,2298.34,2301.43,2293.47,2293.48,2133.8308
1778789700.0,2293.47,2297.02,2288.89,2290.84,3587.686
1778790600.0,2290.84,2293.18,2288.7,2293.18,1485.0373
1778791500.0,2293.17,2298.79,2293.17,2298.08,1337.2654
1778792400.0,2298.08,2299.16,2292.9,2293.03,1464.7572
1778793300.0,2293.04,2296.42,2290.0,2295.2,2440.1819
1778794200.0,2295.21,2300.27,2294.95,2298.64,2232.0063
1778795100.0,2298.63,2299.01,2296.06,2297.19,732.1839
1778796000.0,2297.2,2300.25,2295.2,2300.07,957.3718
1778796900.0,2300.06,2300.06,2295.57,2296.54,1314.9261
1778797800.0,2296.54,2300.6,2296.33,2299.51,1030.5765
1778798700.0,2299.5,2301.67,2297.68,2298.16,1123.6168
1778799600.0,2298.16,2298.16,2290.44,2293.49,2203.6781
1778800500.0,2293.49,2297.2,2290.84,2296.37,1486.0715
1778801400.0,2296.36,2296.54,2291.73,2292.05,985.8119
1778802300.0,2292.06,2292.06,2280.18,2283.25,4109.4766
1778803200.0,2283.26,2291.92,2281.78,2291.92,2346.6532
1778804100.0,2291.92,2293.65,2289.75,2293.08,1776.8349
1778805000.0,2293.07,2300.29,2284.27,2287.45,3432.2212
1778805900.0,2287.45,2292.59,2287.43,2291.39,1801.3773
1778806800.0,2291.39,2294.74,2290.38,2291.84,1726.6714
1778807700.0,2291.83,2294.27,2286.02,2286.3,2014.3728
1778808600.0,2286.31,2290.0,2279.57,2285.43,4693.8691
1778809500.0,2285.43,2285.83,2274.06,2275.45,5618.5215
1778810400.0,2275.46,2278.12,2267.0,2268.89,6327.344
1778811300.0,2268.88,2271.33,2263.51,2264.49,5275.2247
1778812200.0,2264.49,2272.65,2260.45,2271.76,5521.3324
1778813100.0,2271.77,2279.26,2270.06,2276.37,4063.2963
1778814000.0,2276.37,2279.64,2271.39,2274.62,3233.0892
1778814900.0,2274.61,2276.97,2272.7,2276.59,3137.3798
1778815800.0,2276.59,2276.66,2267.98,2271.64,3739.4189
1778816700.0,2271.64,2274.06,2269.56,2273.34,2239.4121
1778817600.0,2273.35,2273.91,2269.09,2271.38,1258.3727
1778818500.0,2271.38,2273.47,2266.78,2268.44,1084.3932
1778819400.0,2268.43,2270.91,2266.79,2267.51,1035.0889
1778820300.0,2267.52,2268.42,2262.74,2263.33,2012.9367
1778821200.0,2263.33,2266.09,2261.49,2266.09,3005.4259
1778822100.0,2266.08,2267.0,2262.66,2263.74,1359.5848
1778823000.0,2263.74,2264.17,2237.95,2246.91,16743.8474
1778823900.0,2246.9,2249.7,2242.01,2245.41,4189.0422
1778824800.0,2245.4,2250.6,2243.8,2248.5,2846.8884
1778825700.0,2248.51,2253.22,2247.34,2253.22,2620.4301
1778826600.0,2253.22,2256.11,2252.47,2255.8,1772.9048
1778827500.0,2255.8,2256.92,2254.11,2255.35,1014.471
1778828400.0,2255.36,2262.15,2253.63,2262.08,1726.4018
1778829300.0,2262.09,2271.64,2258.59,2267.02,4200.001
1778830200.0,2267.02,2267.11,2263.51,2266.45,3360.7833
1778831100.0,2266.45,2267.71,2264.88,2265.11,2076.4516
1778832000.0,2265.11,2265.42,2258.66,2260.53,2548.8678
1778832900.0,2260.53,2260.53,2253.0,2253.98,3845.0489
1778833800.0,2253.99,2258.66,2250.0,2257.8,3349.5111
1778834700.0,2257.81,2258.09,2254.48,2257.56,1184.5788
1778835600.0,2257.56,2260.0,2255.28,2255.86,1177.6173
1778836500.0,2255.85,2257.97,2253.21,2257.88,1243.4689
1778837400.0,2257.89,2259.43,2253.0,2253.21,1048.9117
1778838300.0,2253.21,2255.28,2250.82,2254.5,2072.7654
1778839200.0,2254.5,2259.0,2252.35,2258.58,1404.7997
1778840100.0,2258.58,2258.58,2253.4,2254.45,1176.2577
1778841000.0,2254.45,2256.78,2253.02,2256.78,1645.6321
1778841900.0,2256.77,2264.49,2255.85,2262.44,3641.8145
1778842800.0,2262.44,2263.95,2257.56,2260.43,1613.9474
1778843700.0,2260.43,2262.37,2258.04,2260.21,1174.4138
1778844600.0,2260.21,2260.82,2257.77,2258.66,1591.5915
1778845500.0,2258.66,2262.06,2257.26,2257.57,2052.4253
1778846400.0,2257.56,2258.13,2251.85,2251.85,2693.5504
1778847300.0,2251.86,2260.72,2251.14,2258.93,1686.4369
1778848200.0,2258.92,2258.92,2253.54,2253.71,1737.1475
1778849100.0,2253.7,2255.26,2251.78,2254.29,1238.7773
1778850000.0,2254.29,2254.29,2245.08,2247.43,3709.4694
1778850900.0,2247.44,2250.84,2245.02,2247.47,2642.4322
1778851800.0,2247.47,2247.71,2224.0,2224.74,17900.4884
1778852700.0,2224.73,2231.41,2210.31,2213.68,18160.6039
1778853600.0,2213.69,2223.64,2205.11,2220.89,18493.1837
1778854500.0,2220.89,2223.79,2211.35,2213.44,7091.4931
1778855400.0,2213.44,2218.57,2210.2,2213.86,3769.2524
1778856300.0,2213.85,2216.97,2207.61,2213.35,7269.7878
1778857200.0,2213.35,2217.0,2209.79,2215.69,3286.122
1778858100.0,2215.69,2221.57,2212.88,2215.53,3302.6641
1778859000.0,2215.54,2220.94,2215.54,2218.34,2793.005
1778859900.0,2218.34,2223.96,2215.83,2222.85,2555.4481
1778860800.0,2222.86,2224.61,2220.93,2224.05,2726.5954
1778861700.0,2224.04,2229.54,2223.0,2228.33,3837.6354
1778862600.0,2228.33,2231.11,2224.66,2225.08,2407.6781
1778863500.0,2225.08,2225.61,2218.9,2224.59,2604.3864
1778864400.0,2224.59,2232.88,2224.26,2227.15,2244.6332
1778865300.0,2227.15,2230.87,2224.97,2227.59,2963.8093
1778866200.0,2227.58,2230.16,2226.52,2228.05,2176.5056
1778867100.0,2228.06,2229.96,2227.18,2229.47,1449.4866
1778868000.0,2229.47,2232.86,2229.47,2231.96,1670.8975
1778868900.0,2231.97,2232.53,2225.21,2228.99,1983.5709
1778869800.0,2228.98,2229.88,2224.97,2228.33,1327.947
1778870700.0,2228.34,2229.08,2225.59,2228.36,1733.3805
1778871600.0,2228.35,2228.42,2222.67,2223.75,1878.1932
1778872500.0,2223.75,2225.73,2223.19,2225.07,993.0468
1778873400.0,2225.08,2228.28,2223.24,2223.6,1272.7261
1778874300.0,2223.6,2225.4,2222.27,2223.35,1584.047
1778875200.0,2223.35,2226.13,2219.38,2223.28,1590.7804
1778876100.0,2223.29,2225.2,2219.7,2225.2,1017.2926
1778877000.0,2225.21,2225.81,2219.5,2220.63,1594.2026
1778877900.0,2220.62,2220.63,2216.99,2220.14,2006.2209
1778878800.0,2220.13,2225.08,2220.0,2224.64,836.2925
1778879700.0,2224.64,2224.65,2220.42,2221.0,997.3663
1778880600.0,2221.0,2221.71,2219.22,2220.94,849.2107
1778881500.0,2220.93,2221.15,2215.0,2216.99,2596.7548
1778882400.0,2217.0,2222.31,2216.99,2220.77,1244.3296
1778883300.0,2220.76,2222.69,2219.74,2221.03,686.2483
1778884200.0,2221.03,2223.64,2220.96,2222.99,632.6812
1778885100.0,2222.98,2225.01,2222.87,2224.18,2453.8305
1778886000.0,2224.18,2224.26,2223.0,2223.21,595.5554
1778886900.0,2223.21,2225.88,2222.88,2225.07,810.6023
1778887800.0,2225.07,2226.27,2223.31,2226.26,674.3589
1778888700.0,2226.26,2226.29,2224.46,2224.66,740.728
1778889600.0,2224.65,2228.36,2223.81,2228.35,910.0943
1778890500.0,2228.36,2231.51,2226.74,2230.51,1506.3664
1778891400.0,2230.52,2231.07,2228.17,2228.17,455.9157
1778892300.0,2228.18,2229.04,2226.29,2227.0,429.43
1778893200.0,2226.99,2228.72,2226.24,2228.69,536.3457
1778894100.0,2228.69,2230.12,2224.3,2224.3,1038.6331
1778895000.0,2224.31,2225.81,2223.53,2224.31,540.0014
1778895900.0,2224.32,2230.85,2224.31,2229.62,865.305
1778896800.0,2229.62,2231.5,2228.83,2230.53,1228.6523
1778897700.0,2230.53,2230.62,2228.01,2228.62,513.0113
1778898600.0,2228.62,2229.46,2227.0,2228.29,385.1404
1778899500.0,2228.29,2230.43,2227.69,2229.91,438.3552
1778900400.0,2229.91,2230.64,2229.57,2229.88,907.1288
1778901300.0,2229.89,2230.4,2229.19,2230.36,643.7807
1778902200.0,2230.36,2230.37,2227.4,2227.4,319.5345
1778903100.0,2227.4,2228.63,2227.11,2228.01,459.137
1778904000.0,2228.0,2228.96,2225.97,2225.97,485.2121
1778904900.0,2225.97,2227.07,2225.15,2225.16,512.0287
1778905800.0,2225.16,2225.66,2218.35,2223.35,2156.4994
1778906700.0,2223.35,2226.38,2222.93,2225.98,1017.3312
1778907600.0,2225.99,2226.28,2222.69,2226.02,736.3456
1778908500.0,2226.02,2227.13,2225.15,2226.53,554.3139
1778909400.0,2226.54,2227.13,2224.05,2225.76,548.8688
1778910300.0,2225.76,2227.02,2224.51,2225.37,471.9269
1778911200.0,2225.38,2226.89,2222.0,2222.79,752.1237
1778912100.0,2222.79,2223.21,2218.46,2220.29,2401.418
1778913000.0,2220.29,2222.05,2215.66,2216.48,1622.3914
1778913900.0,2216.47,2218.61,2209.7,2215.45,3279.2339
1778914800.0,2215.46,2215.81,2182.36,2191.79,20297.3517
1778915700.0,2191.79,2195.53,2182.0,2192.71,11867.7492
1778916600.0,2192.71,2200.51,2189.01,2198.18,4205.4944
1778917500.0,2198.19,2198.44,2193.32,2194.81,1952.2927
1778918400.0,2194.81,2196.87,2194.14,2194.14,2000.6307
1778919300.0,2194.15,2195.73,2192.01,2194.99,852.2483
1778920200.0,2195.0,2196.4,2192.78,2195.05,2567.4026
1778921100.0,2195.05,2195.23,2192.68,2193.26,607.8647
1778922000.0,2193.26,2193.85,2183.39,2186.1,2969.4781
1778922900.0,2186.1,2187.02,2162.6,2170.34,18369.0856
1778923800.0,2170.35,2177.92,2169.72,2175.44,4242.5839
1778924700.0,2175.45,2177.5,2171.01,2173.57,2307.6367
1778925600.0,2173.57,2174.33,2167.39,2171.48,4143.9268
1778926500.0,2171.47,2172.93,2162.55,2166.67,5745.7575
1778927400.0,2166.68,2175.0,2166.67,2171.13,6157.5671
1778928300.0,2171.13,2174.35,2170.17,2173.85,2835.1971
1778929200.0,2173.85,2179.15,2173.85,2177.13,3363.3542
1778930100.0,2177.13,2179.15,2175.61,2178.4,2572.7037
1778931000.0,2178.4,2181.0,2177.5,2178.93,5454.644
1778931900.0,2178.93,2179.08,2175.97,2176.1,1998.8191
1778932800.0,2176.11,2178.51,2175.35,2176.94,2623.7608
1778933700.0,2176.94,2178.8,2173.18,2175.77,3791.8827
1778934600.0,2175.77,2178.27,2175.65,2178.23,834.351
1778935500.0,2178.23,2179.26,2176.5,2176.5,763.1952
1778936400.0,2176.5,2176.83,2172.65,2173.14,2185.3109
1778937300.0,2173.14,2177.71,2172.3,2177.07,1968.3197
1778938200.0,2177.07,2180.0,2173.52,2177.46,2080.0038
1778939100.0,2177.46,2178.6,2176.11,2177.12,2542.1642
1778940000.0,2177.12,2179.57,2173.51,2175.37,4058.0739
1778940900.0,2175.38,2178.28,2174.2,2176.71,1550.6229
1778941800.0,2176.71,2182.56,2176.71,2182.56,1848.3162
1778942700.0,2182.56,2188.16,2178.1,2179.93,3673.7479
1778943600.0,2179.92,2183.79,2178.13,2179.08,2495.4595
1778944500.0,2179.09,2180.16,2176.9,2177.86,2211.0141
1778945400.0,2177.86,2182.51,2177.86,2182.2,2766.9843
1778946300.0,2182.2,2183.51,2179.11,2180.0,2771.7761
1778947200.0,2180.0,2183.52,2175.6,2176.17,3562.7417
1778948100.0,2176.18,2179.18,2174.8,2177.45,3590.9655
1778949000.0,2177.46,2177.82,2170.5,2171.96,3530.1439
1778949900.0,2171.95,2175.28,2171.95,2174.11,3043.725
1778950800.0,2174.11,2177.69,2174.11,2176.88,1000.7911
1778951700.0,2176.88,2178.91,2175.84,2178.7,888.0476
1778952600.0,2178.69,2179.55,2178.02,2179.33,549.8818
1778953500.0,2179.34,2180.79,2178.39,2178.91,1006.637
1778954400.0,2178.91,2180.87,2177.63,2178.47,664.1356
1778955300.0,2178.47,2178.87,2176.36,2178.25,708.0975
1778956200.0,2178.25,2180.34,2177.98,2179.2,574.7769
1778957100.0,2179.2,2185.22,2179.19,2181.35,1930.5229
1778958000.0,2181.35,2181.59,2180.53,2180.82,397.4279
1778958900.0,2180.83,2181.35,2179.66,2181.25,384.8796
1778959800.0,2181.24,2181.24,2180.33,2180.68,406.0242
1778960700.0,2180.68,2182.77,2179.23,2179.57,937.3303
1778961600.0,2179.57,2182.9,2179.57,2182.06,466.0842
1778962500.0,2182.07,2182.84,2181.98,2181.99,423.5139
1778963400.0,2181.98,2182.19,2179.97,2180.76,538.3442
1778964300.0,2180.76,2182.08,2180.57,2181.45,443.6755
1778965200.0,2181.45,2183.54,2180.94,2182.69,476.6744
1778966100.0,2182.68,2182.68,2181.01,2181.85,429.6682
1778967000.0,2181.86,2182.73,2181.38,2182.68,522.3873
1778967900.0,2182.68,2183.44,2182.0,2182.39,448.9851
1778968800.0,2182.39,2183.28,2179.77,2181.82,723.2767
1778969700.0,2181.81,2183.08,2181.81,2182.47,356.2902
1778970600.0,2182.47,2182.47,2181.16,2181.71,275.3812
1778971500.0,2181.71,2181.78,2180.28,2180.47,497.3817
1778972400.0,2180.46,2180.67,2179.35,2180.4,606.1738
1778973300.0,2180.4,2182.9,2180.4,2182.08,473.5675
1778974200.0,2182.08,2182.68,2181.48,2181.98,352.9043
1778975100.0,2181.99,2183.03,2180.11,2180.77,686.8427
1778976000.0,2180.77,2185.6,2180.76,2184.17,971.6597
1778976900.0,2184.18,2184.98,2182.3,2183.76,608.8491
1778977800.0,2183.76,2184.2,2181.01,2181.23,492.4264
1778978700.0,2181.24,2182.07,2174.08,2177.59,2725.1784
1778979600.0,2177.6,2183.6,2174.49,2181.71,1694.8137
1778980500.0,2181.72,2181.96,2175.91,2177.76,886.6292
1778981400.0,2177.76,2177.97,2167.98,2170.73,3420.4383
1778982300.0,2170.73,2174.77,2169.17,2169.18,3611.7139
1778983200.0,2169.17,2175.65,2169.17,2172.62,1089.2332
1778984100.0,2172.61,2175.3,2171.44,2175.05,663.9828
1778985000.0,2175.06,2176.25,2173.55,2174.69,946.2277
1778985900.0,2174.7,2175.34,2172.23,2174.5,1106.0268
1778986800.0,2174.51,2178.75,2174.26,2177.43,985.4237
1778987700.0,2177.42,2179.26,2177.09,2178.29,830.1637
1778988600.0,2178.28,2182.23,2178.25,2180.06,1071.81
1778989500.0,2180.07,2184.5,2180.0,2181.7,1212.8683
1778990400.0,2181.71,2184.99,2181.14,2182.88,823.6331
1778991300.0,2182.89,2188.0,2182.84,2185.83,1354.4405
1778992200.0,2185.83,2190.37,2183.74,2188.29,1905.4012
1778993100.0,2188.3,2189.73,2187.31,2187.61,1523.6946
1778994000.0,2187.61,2195.0,2187.09,2191.14,2159.0332
1778994900.0,2191.14,2191.14,2188.57,2188.57,1140.1388
1778995800.0,2188.58,2189.88,2187.49,2188.2,926.357
1778996700.0,2188.2,2189.12,2185.63,2185.91,637.3681
1778997600.0,2185.91,2188.0,2185.91,2186.92,704.0769
1778998500.0,2186.91,2187.35,2181.7,2184.01,1595.0982
1778999400.0,2184.0,2185.49,2182.43,2182.47,665.8053
1779000300.0,2182.48,2185.02,2182.47,2185.02,815.4414
1779001200.0,2185.02,2185.41,2183.95,2184.18,393.7531
1779002100.0,2184.19,2186.52,2182.53,2184.9,632.557
1779003000.0,2184.9,2188.49,2184.01,2185.84,729.2782
1779003900.0,2185.84,2186.98,2185.83,2186.64,1294.9116
1779004800.0,2186.63,2187.06,2185.43,2185.49,600.8757
1779005700.0,2185.49,2185.49,2183.12,2184.56,1010.2652
1779006600.0,2184.56,2186.61,2184.34,2185.94,578.2569
1779007500.0,2185.94,2186.17,2185.21,2185.95,443.3487
1779008400.0,2185.95,2189.27,2185.91,2188.8,498.9307
1779009300.0,2188.81,2190.0,2188.15,2189.29,1075.9259
1779010200.0,2189.28,2189.29,2186.99,2187.8,636.2383
1779011100.0,2187.8,2191.38,2187.8,2190.23,678.0798
1779012000.0,2190.22,2197.22,2190.22,2194.52,2286.6415
1779012900.0,2194.52,2198.14,2193.64,2195.64,1251.6723
1779013800.0,2195.64,2197.7,2193.75,2194.61,901.4794
1779014700.0,2194.61,2194.83,2192.55,2194.28,1177.0643
1779015600.0,2194.29,2194.72,2190.66,2190.67,807.9525
1779016500.0,2190.67,2191.09,2188.36,2188.61,1367.8202
1779017400.0,2188.62,2194.17,2188.0,2192.67,1278.302
1779018300.0,2192.66,2193.41,2191.09,2192.0,997.9244
1779019200.0,2192.0,2193.58,2191.34,2192.59,562.6015
1779020100.0,2192.58,2194.5,2191.84,2193.91,872.1057
1779021000.0,2193.91,2197.89,2193.79,2197.12,1566.8971
1779021900.0,2197.13,2198.04,2193.58,2194.3,962.551
1779022800.0,2194.3,2194.93,2190.6,2190.75,1173.6519
1779023700.0,2190.76,2191.96,2187.29,2191.95,1777.9396
1779024600.0,2191.96,2194.39,2190.79,2193.37,765.4642
1779025500.0,2193.37,2194.72,2190.4,2192.12,1106.467
1779026400.0,2192.12,2192.39,2187.4,2187.77,1281.0483
1779027300.0,2187.78,2189.62,2178.39,2187.53,3849.1252
1779028200.0,2187.53,2188.8,2183.45,2185.34,856.9226
1779029100.0,2185.35,2188.32,2185.35,2186.64,765.3156
1779030000.0,2186.64,2188.84,2184.65,2187.01,827.8112
1779030900.0,2187.01,2187.02,2181.2,2183.03,993.1404
1779031800.0,2183.04,2186.8,2183.03,2185.67,852.4644
1779032700.0,2185.67,2187.26,2185.48,2186.51,667.781
1779033600.0,2186.51,2189.12,2185.0,2185.35,725.8538
1779034500.0,2185.36,2186.98,2183.53,2186.65,623.3622
1779035400.0,2186.64,2187.95,2185.84,2187.33,627.3565
1779036300.0,2187.34,2187.34,2182.15,2182.51,850.8328
1779037200.0,2182.52,2183.71,2177.95,2178.96,1338.3876
1779038100.0,2178.95,2180.61,2176.63,2179.61,1030.4306
1779039000.0,2179.62,2182.53,2176.89,2182.52,1055.4841
1779039900.0,2182.53,2184.95,2181.28,2183.67,865.1175
1779040800.0,2183.68,2187.77,2182.9,2183.76,878.9369
1779041700.0,2183.76,2184.4,2179.13,2183.88,704.9036
1779042600.0,2183.89,2185.7,2183.09,2183.62,572.7097
1779043500.0,2183.62,2188.5,2182.74,2188.49,584.8138
1779044400.0,2188.5,2190.36,2187.56,2188.57,548.4412
1779045300.0,2188.57,2191.61,2187.96,2188.85,589.7725
1779046200.0,2188.84,2193.54,2188.76,2192.18,667.8667
1779047100.0,2192.18,2193.62,2190.56,2192.53,703.9656
1779048000.0,2192.54,2193.68,2188.87,2190.05,899.5213
1779048900.0,2190.05,2190.06,2186.98,2188.92,667.1501
1779049800.0,2188.91,2190.9,2187.8,2189.46,570.5671
1779050700.0,2189.47,2189.82,2188.49,2189.55,317.8148
1779051600.0,2189.55,2189.62,2187.24,2189.45,324.265
1779052500.0,2189.44,2192.89,2188.8,2192.14,713.8261
1779053400.0,2192.14,2194.82,2191.4,2192.84,680.9171
1779054300.0,2192.85,2193.29,2191.8,2191.81,581.3941
1779055200.0,2191.8,2191.8,2178.98,2183.7,3353.2203
1779056100.0,2183.7,2185.22,2177.22,2181.38,3525.0891
1779057000.0,2181.37,2184.63,2178.39,2182.32,1863.0743
1779057900.0,2182.31,2182.38,2174.01,2179.69,2298.5351
1779058800.0,2179.7,2179.7,2170.29,2174.28,2655.5752
1779059700.0,2174.27,2176.74,2167.0,2171.0,3749.2048
1779060600.0,2171.0,2172.98,2091.48,2121.04,53866.7878
1779061500.0,2121.04,2131.78,2116.77,2131.0,12591.14
1779062400.0,2131.0,2132.0,2112.01,2120.78,12513.1061
1779063300.0,2120.78,2126.25,2108.78,2113.4,7776.8274
1779064200.0,2113.39,2115.92,2104.99,2109.37,8615.0063
1779065100.0,2109.36,2115.47,2107.0,2115.46,4543.6404
1779066000.0,2115.47,2120.32,2112.21,2113.14,4459.7275
1779066900.0,2113.13,2113.96,2106.5,2111.16,3247.0275
1779067800.0,2111.16,2113.23,2109.57,2110.95,4123.3692
1779068700.0,2110.96,2121.33,2107.36,2117.54,4509.5058
1779069600.0,2117.54,2124.0,2115.85,2123.54,2348.9704
1779070500.0,2123.55,2123.82,2118.16,2120.31,2490.2489
1779071400.0,2120.31,2121.41,2114.79,2117.71,2209.1042
1779072300.0,2117.71,2120.35,2112.78,2116.64,2122.5751
1779073200.0,2116.65,2123.91,2116.27,2118.07,2415.7844
1779074100.0,2118.07,2121.18,2117.56,2119.95,1783.4254
1779075000.0,2119.95,2121.85,2115.89,2121.09,1862.5982
1779075900.0,2121.09,2121.65,2116.78,2118.44,1914.0145
1779076800.0,2118.44,2122.52,2117.68,2121.96,2124.9617
1779077700.0,2121.96,2122.18,2114.24,2115.78,2381.7491
1779078600.0,2115.78,2122.06,2114.75,2122.06,1257.6975
1779079500.0,2122.08,2125.5,2120.24,2124.85,1073.3079
1779080400.0,2124.85,2125.83,2122.61,2123.73,1325.8671
1779081300.0,2123.73,2124.72,2119.7,2124.04,1748.115
1779082200.0,2124.03,2125.38,2117.61,2119.6,2271.3241
1779083100.0,2119.6,2121.22,2117.0,2118.25,1108.4715
1779084000.0,2118.25,2121.0,2111.51,2118.54,3053.6311
1779084900.0,2118.54,2121.0,2110.0,2113.23,3179.1441
1779085800.0,2113.22,2117.97,2110.25,2117.76,1688.2698
1779086700.0,2117.76,2119.99,2116.91,2119.03,1127.704
1779087600.0,2119.04,2121.89,2116.06,2117.6,1121.0027
1779088500.0,2117.61,2121.26,2112.07,2120.02,1789.6206
1779089400.0,2120.03,2123.99,2115.43,2116.06,3263.314
1779090300.0,2116.05,2122.35,2116.03,2120.82,3621.8179
1779091200.0,2120.82,2124.05,2120.81,2121.15,2006.0305
1779092100.0,2121.15,2122.95,2120.14,2121.14,1321.0543
1779093000.0,2121.14,2121.67,2118.0,2118.32,1299.4766
1779093900.0,2118.31,2122.01,2117.48,2121.57,1703.3188
1779094800.0,2121.57,2121.93,2116.03,2118.32,1582.2696
1779095700.0,2118.31,2119.64,2116.92,2117.95,668.5132
1779096600.0,2117.96,2120.34,2116.34,2117.7,1127.0967
1779097500.0,2117.71,2119.08,2116.73,2116.88,884.9711
1779098400.0,2116.88,2117.59,2112.65,2113.95,2021.0288
1779099300.0,2113.95,2116.84,2113.63,2115.82,1332.176
1779100200.0,2115.82,2117.5,2113.35,2114.2,1841.7545
1779101100.0,2114.21,2117.32,2114.21,2114.55,1139.9785
1779102000.0,2114.56,2115.01,2110.5,2113.33,1960.9964
1779102900.0,2113.34,2115.97,2112.87,2114.72,1390.9118
1779103800.0,2114.72,2139.75,2113.22,2136.78,8474.4051
1779104700.0,2136.79,2137.55,2132.15,2133.9,4084.4186
1779105600.0,2133.9,2148.18,2133.9,2143.91,8657.5155
1779106500.0,2143.9,2150.45,2142.11,2144.92,5449.1506
1779107400.0,2144.92,2155.55,2142.92,2155.02,6341.6419
1779108300.0,2155.03,2157.24,2149.71,2151.01,5175.5355
1779109200.0,2151.02,2151.41,2145.01,2147.87,3635.9868
1779110100.0,2147.88,2147.88,2142.45,2142.74,2318.955
1779111000.0,2142.74,2142.86,2120.25,2125.78,13352.961
1779111900.0,2125.79,2137.35,2122.67,2130.91,5869.9523
1779112800.0,2130.9,2130.9,2123.29,2124.44,5003.3394
1779113700.0,2124.44,2128.11,2114.94,2117.05,7589.4403
1779114600.0,2117.05,2119.0,2098.01,2113.71,13063.1096
1779115500.0,2113.71,2114.9,2106.67,2110.32,5988.6701
1779116400.0,2110.32,2111.3,2095.51,2103.93,12450.3796
1779117300.0,2103.92,2103.92,2095.53,2097.71,8902.7805
1779118200.0,2097.7,2108.75,2093.77,2107.27,6147.7887
1779119100.0,2107.26,2110.65,2103.67,2107.48,3778.3256
1779120000.0,2107.49,2111.19,2101.56,2107.18,4458.4001
1779120900.0,2107.17,2111.0,2092.6,2093.46,5454.3526
1779121800.0,2093.46,2100.05,2090.56,2098.73,5154.9577
1779122700.0,2098.73,2102.27,2097.46,2097.71,3184.634
1779123600.0,2097.71,2107.85,2095.33,2102.43,2965.704
1779124500.0,2102.42,2107.28,2102.42,2107.28,2118.7315
1779125400.0,2107.28,2108.21,2103.39,2107.45,1558.6276
1779126300.0,2107.46,2110.19,2106.06,2108.21,3818.7832
1779127200.0,2108.21,2109.12,2100.42,2100.72,2247.2738
1779128100.0,2100.72,2100.72,2077.23,2088.36,19815.489
1779129000.0,2088.37,2092.12,2084.53,2087.16,3950.8434
1779129900.0,2087.17,2090.37,2079.86,2081.32,3591.0215
1779130800.0,2081.31,2113.55,2079.64,2105.64,15907.4242
1779131700.0,2105.64,2109.59,2102.21,2105.7,4774.9238
1779132600.0,2105.69,2117.32,2105.01,2116.66,5592.3381
1779133500.0,2116.65,2128.49,2116.15,2125.07,9013.741
1779134400.0,2125.07,2129.84,2122.89,2127.39,3647.7488
1779135300.0,2127.39,2129.42,2124.77,2128.67,1879.1651
1779136200.0,2128.67,2131.03,2122.28,2122.29,2448.1217
1779137100.0,2122.29,2122.49,2115.01,2117.61,2640.7251
1779138000.0,2117.62,2124.39,2114.59,2121.7,2419.3936
1779138900.0,2121.69,2133.11,2121.69,2130.87,3515.9583
1779139800.0,2130.88,2142.67,2130.88,2137.62,6452.2065
1779140700.0,2137.63,2139.31,2133.39,2137.38,1936.5738
1779141600.0,2137.39,2139.2,2133.17,2136.71,3779.9096
1779142500.0,2136.7,2142.57,2135.57,2139.66,3221.3167
1779143400.0,2139.66,2141.85,2134.11,2135.01,2707.8026
1779144300.0,2135.02,2136.03,2130.5,2135.74,2576.8892
1779145200.0,2135.73,2139.17,2135.19,2135.2,1175.1229
1779146100.0,2135.19,2135.38,2132.84,2132.84,1296.4425
1779147000.0,2132.84,2134.58,2130.42,2134.57,1601.131
1779147900.0,2134.58,2134.58,2127.75,2130.08,1337.778
1779148800.0,2130.08,2134.4,2128.44,2132.79,1988.8421
1779149700.0,2132.78,2146.95,2131.76,2139.73,3416.9251
1779150600.0,2139.73,2141.45,2135.49,2137.65,1068.5447
1779151500.0,2137.65,2142.53,2135.82,2135.88,1278.4614
1779152400.0,2135.88,2138.4,2132.01,2135.61,1663.4216
1779153300.0,2135.62,2135.92,2123.71,2125.82,2845.3353
1779154200.0,2125.82,2133.0,2124.16,2131.2,2363.5174
1779155100.0,2131.2,2131.33,2124.92,2124.92,1386.5352
1779156000.0,2124.92,2126.56,2118.6,2125.31,2259.126
1779156900.0,2125.31,2135.67,2123.94,2131.42,2581.3952
1779157800.0,2131.42,2131.49,2125.64,2126.36,1305.5646
1779158700.0,2126.36,2128.2,2122.4,2123.31,1500.0675
1779159600.0,2123.3,2128.89,2122.06,2128.88,998.6509
1779160500.0,2128.88,2132.9,2126.49,2128.23,1493.7035
1779161400.0,2128.24,2132.73,2128.23,2132.69,1625.1048
1779162300.0,2132.69,2134.61,2130.91,2131.3,889.8354
1779163200.0,2131.3,2136.65,2129.38,2135.49,1919.1476
1779164100.0,2135.49,2135.88,2128.22,2129.8,924.1452
1779165000.0,2129.81,2134.47,2129.6,2133.38,647.5726
1779165900.0,2133.39,2135.28,2133.39,2133.88,1137.5739
1779166800.0,2133.88,2134.52,2128.49,2130.98,1241.421
1779167700.0,2130.98,2131.03,2123.61,2129.88,1813.0788
1779168600.0,2129.88,2136.97,2128.5,2132.88,2262.0852
1779169500.0,2132.87,2137.74,2132.38,2135.21,2068.2414
1779170400.0,2135.21,2136.61,2133.44,2136.23,1756.636
1779171300.0,2136.23,2137.13,2132.71,2135.25,1495.5315
1779172200.0,2135.25,2140.31,2134.11,2139.91,1389.3798
1779173100.0,2139.91,2139.91,2137.02,2137.52,902.8758
1779174000.0,2137.52,2141.55,2135.29,2138.88,1571.2866
1779174900.0,2138.89,2140.83,2137.1,2138.49,1055.1424
1779175800.0,2138.49,2143.16,2138.18,2142.23,2330.1665
1779176700.0,2142.24,2145.0,2140.27,2140.97,2158.8518
1779177600.0,2140.97,2141.4,2133.72,2135.18,1954.222
1779178500.0,2135.17,2137.79,2131.01,2134.14,1718.4812
1779179400.0,2134.14,2141.29,2133.28,2137.47,1894.4447
1779180300.0,2137.46,2138.76,2133.07,2133.72,1507.2026
1779181200.0,2133.72,2134.5,2131.27,2131.99,932.3919
1779182100.0,2131.99,2131.99,2114.75,2115.91,5699.2574
1779183000.0,2115.9,2119.02,2112.16,2115.88,3552.2911
1779183900.0,2115.87,2116.5,2111.25,2114.49,1910.8528
1779184800.0,2114.49,2115.89,2108.98,2115.34,2503.8953
1779185700.0,2115.35,2116.5,2113.0,2116.5,1249.6843
1779186600.0,2116.49,2121.96,2109.22,2109.73,3645.5509
1779187500.0,2109.74,2120.45,2106.77,2118.36,3004.646
1779188400.0,2118.37,2120.24,2117.37,2118.27,1363.5312
1779189300.0,2118.27,2119.23,2112.99,2114.82,1325.6009
1779190200.0,2114.82,2115.85,2109.22,2109.41,1556.5847
1779191100.0,2109.41,2112.92,2109.26,2110.85,1276.9978
1779192000.0,2110.85,2113.96,2108.64,2113.95,1888.7103
1779192900.0,2113.96,2117.01,2113.12,2117.01,1416.3546
1779193800.0,2117.01,2119.35,2116.72,2117.63,1545.4946
1779194700.0,2117.64,2119.25,2116.94,2118.49,972.096
1779195600.0,2118.5,2119.73,2111.1,2114.67,2836.1978
1779196500.0,2114.67,2114.83,2107.65,2108.05,2990.3437
1779197400.0,2108.06,2127.53,2107.7,2112.8,7588.1284
1779198300.0,2112.8,2125.44,2112.63,2119.03,4293.3305
1779199200.0,2119.02,2123.6,2110.35,2110.36,6075.573
1779200100.0,2110.35,2111.71,2098.58,2107.1,9310.1515
1779201000.0,2107.1,2112.02,2100.5,2106.78,4044.6288
1779201900.0,2106.78,2107.64,2094.47,2106.55,4280.4766
1779202800.0,2106.54,2111.48,2104.52,2110.19,2514.0814
1779203700.0,2110.2,2112.8,2103.58,2106.52,2157.5014
1779204600.0,2106.51,2113.42,2105.84,2109.89,2508.5101
1779205500.0,2109.89,2112.24,2107.35,2110.19,1457.7593
1779206400.0,2110.2,2112.16,2107.12,2108.07,1871.1187
1779207300.0,2108.07,2112.64,2108.07,2112.16,1296.6485
1779208200.0,2112.16,2118.04,2112.07,2118.04,1929.0908
1779209100.0,2118.05,2122.45,2116.62,2121.12,1748.7123
1779210000.0,2121.11,2123.37,2119.31,2122.91,1704.2132
1779210900.0,2122.91,2125.07,2119.11,2119.6,1700.9013
1779211800.0,2119.59,2120.59,2113.91,2116.99,1896.6154
1779212700.0,2116.99,2116.99,2112.92,2115.75,1072.0965
1779213600.0,2115.75,2119.06,2113.86,2117.95,1082.078
1779214500.0,2117.95,2119.62,2111.72,2112.66,1945.6479
1779215400.0,2112.66,2116.52,2110.74,2115.58,1056.8911
1779216300.0,2115.58,2117.58,2113.78,2115.28,933.8778
1779217200.0,2115.27,2122.39,2115.27,2122.39,1400.5414
1779218100.0,2122.39,2123.16,2111.61,2112.52,2031.5295
1779219000.0,2112.52,2115.94,2110.14,2114.12,1443.5385
1779219900.0,2114.12,2114.72,2110.75,2113.15,1561.3611
1779220800.0,2113.14,2116.82,2112.41,2115.41,507.5308
1779221700.0,2115.41,2116.3,2114.56,2115.61,421.8749
1779222600.0,2115.61,2118.23,2115.37,2116.22,850.1416
1779223500.0,2116.22,2118.82,2116.21,2118.39,582.6407
1779224400.0,2118.38,2120.59,2116.69,2119.51,781.4654
1779225300.0,2119.51,2120.13,2117.77,2118.47,1225.465
1779226200.0,2118.47,2120.45,2118.28,2118.42,602.0859
1779227100.0,2118.42,2119.81,2116.87,2116.97,805.5188
1779228000.0,2116.97,2116.97,2109.42,2109.6,2393.6748
1779228900.0,2109.59,2109.78,2103.38,2104.3,2381.7022
1779229800.0,2104.3,2108.24,2102.09,2107.58,1638.1899
1779230700.0,2107.57,2108.28,2106.34,2106.4,767.4063
1779231600.0,2106.4,2112.18,2104.66,2111.16,1245.2259
1779232500.0,2111.16,2116.35,2110.93,2115.85,1110.4194
1779233400.0,2115.86,2118.68,2114.93,2115.62,1503.4685
1779234300.0,2115.63,2115.7,2111.51,2111.93,1140.2633
1779235200.0,2111.93,2114.11,2104.96,2104.96,1509.2487
1779236100.0,2104.97,2109.02,2103.3,2108.96,1427.5093
1779237000.0,2108.97,2115.95,2107.18,2110.17,2023.4669
1779237900.0,2110.17,2112.36,2109.13,2111.29,1019.293
1779238800.0,2111.29,2116.94,2108.36,2115.42,1489.1147
1779239700.0,2115.41,2115.41,2103.29,2103.83,1787.841
1779240600.0,2103.84,2109.48,2103.42,2107.1,1638.3173
1779241500.0,2107.1,2119.24,2106.36,2115.28,2063.5208
1779242400.0,2115.28,2116.26,2111.47,2113.53,809.7428
1779243300.0,2113.54,2117.14,2112.28,2112.36,716.3811
1779244200.0,2112.35,2112.36,2106.01,2107.43,1098.7039
1779245100.0,2107.42,2110.09,2106.5,2109.43,569.8557
1779246000.0,2109.42,2109.42,2106.1,2107.75,702.7438
1779246900.0,2107.75,2116.3,2107.59,2115.29,1163.7445
1779247800.0,2115.3,2115.3,2111.73,2112.4,783.7145
1779248700.0,2112.4,2112.66,2110.45,2111.6,511.2815
1779249600.0,2111.6,2114.71,2111.6,2114.59,980.6535
1779250500.0,2114.59,2114.78,2112.65,2113.0,918.9916
1779251400.0,2113.0,2113.29,2107.3,2110.82,1526.107
1779252300.0,2110.82,2113.21,2110.81,2113.2,434.0975
1779253200.0,2113.2,2127.01,2113.2,2124.58,7870.0858
1779254100.0,2124.59,2125.66,2122.15,2124.22,2249.4675
1779255000.0,2124.23,2130.38,2124.23,2126.33,2797.4827
1779255900.0,2126.34,2127.14,2124.76,2125.63,1292.9716
1779256800.0,2125.63,2127.99,2125.62,2127.12,813.4422
1779257700.0,2127.13,2133.0,2127.13,2129.41,5381.6308
1779258600.0,2129.41,2131.74,2126.83,2131.5,1784.0502
1779259500.0,2131.5,2134.41,2129.26,2133.75,2076.2306
1779260400.0,2133.76,2134.5,2130.31,2131.66,1415.8495
1779261300.0,2131.67,2136.5,2129.84,2134.37,3160.6528
1779262200.0,2134.37,2134.79,2131.85,2133.07,1142.4518
1779263100.0,2133.06,2133.34,2128.51,2129.74,1270.1243
1779264000.0,2129.75,2132.5,2128.87,2130.26,1890.5287
1779264900.0,2130.26,2131.93,2128.91,2131.49,1388.1538
1779265800.0,2131.49,2138.0,2131.35,2136.65,3332.4683
1779266700.0,2136.65,2137.0,2131.36,2131.91,1504.4854
1779267600.0,2131.91,2132.57,2128.53,2129.48,1510.4885
1779268500.0,2129.48,2132.13,2127.7,2131.64,1048.414
1779269400.0,2131.64,2133.0,2131.04,2131.05,754.3879
1779270300.0,2131.05,2131.05,2128.5,2129.36,1024.1239
1779271200.0,2129.36,2134.18,2129.36,2132.49,1277.3398
1779272100.0,2132.49,2134.12,2131.58,2133.34,990.6503
1779273000.0,2133.33,2137.02,2132.18,2132.59,1702.38
1779273900.0,2132.6,2133.64,2130.81,2130.82,836.5989
1779274800.0,2130.82,2132.24,2129.59,2129.59,721.1557
1779275700.0,2129.59,2130.69,2128.09,2128.11,931.5206
1779276600.0,2128.11,2130.48,2125.0,2126.53,2051.9919
1779277500.0,2126.53,2128.48,2124.28,2128.3,1218.737
1779278400.0,2128.31,2132.31,2127.02,2130.88,1282.7871
1779279300.0,2130.89,2133.13,2127.36,2131.14,1431.5412
1779280200.0,2131.13,2133.48,2131.13,2132.03,998.696
1779281100.0,2132.03,2140.0,2131.44,2134.01,2129.3392
1779282000.0,2134.02,2135.73,2130.35,2131.13,1101.2431
1779282900.0,2131.14,2131.5,2124.71,2126.74,2917.0443
1779283800.0,2126.74,2128.02,2115.69,2121.15,7854.6668
1779284700.0,2121.15,2128.6,2117.67,2120.61,4536.1067
1779285600.0,2120.62,2126.3,2113.87,2122.69,4033.8967
1779286500.0,2122.7,2139.63,2122.7,2131.31,6530.959
1779287400.0,2131.32,2136.72,2128.64,2133.53,4124.4642
1779288300.0,2133.53,2138.57,2132.66,2135.25,4822.6776
1779289200.0,2135.24,2136.01,2129.02,2129.67,1787.7963
1779290100.0,2129.67,2149.0,2129.67,2138.99,10051.5013
1779291000.0,2138.99,2140.98,2132.79,2135.69,2243.3058
1779291900.0,2135.68,2140.73,2134.21,2136.75,3070.9584
1779292800.0,2136.76,2140.51,2136.69,2138.18,1826.8505
1779293700.0,2138.17,2138.17,2124.1,2127.0,3547.7523
1779294600.0,2127.0,2136.26,2125.21,2135.52,2106.9247
1779295500.0,2135.53,2137.78,2133.16,2135.46,1856.1004
1779296400.0,2135.46,2140.88,2132.14,2138.97,2765.8909
1779297300.0,2138.97,2148.7,2137.24,2145.3,3705.7125
1779298200.0,2145.3,2148.77,2141.98,2144.63,2503.066
1779299100.0,2144.63,2146.05,2139.81,2140.5,1804.4432
1779300000.0,2140.5,2140.95,2137.0,2137.91,2016.7453
1779300900.0,2137.91,2140.42,2133.54,2135.74,1817.1154
1779301800.0,2135.74,2137.48,2133.99,2134.76,965.6222
1779302700.0,2134.75,2134.94,2131.3,2132.1,1223.9658
1779303600.0,2132.1,2133.69,2129.11,2131.94,1450.8853
1779304500.0,2131.93,2137.63,2131.04,2137.62,1505.9114
1779305400.0,2137.63,2141.45,2136.79,2140.22,1868.2248
1779306300.0,2140.22,2141.17,2137.55,2139.12,1190.4533
1779307200.0,2139.12,2140.76,2135.72,2140.25,908.9047
1779308100.0,2140.25,2140.5,2129.51,2136.57,2447.0912
1779309000.0,2136.57,2137.02,2133.83,2135.57,793.548
1779309900.0,2135.57,2137.03,2134.54,2135.93,808.3054
1779310800.0,2135.92,2138.59,2134.0,2137.78,430.6305
1779311700.0,2137.77,2137.93,2133.02,2133.05,739.4307
1779312600.0,2133.04,2134.03,2131.59,2132.57,979.3745
1779313500.0,2132.56,2133.95,2130.61,2130.62,897.183
1779314400.0,2130.61,2130.61,2119.58,2122.1,4983.6731
1779315300.0,2122.1,2126.98,2118.45,2126.43,3291.0436
1779316200.0,2126.44,2128.58,2123.22,2125.84,812.8948
1779317100.0,2125.85,2128.39,2125.7,2128.32,602.1832
1779318000.0,2128.32,2128.32,2124.1,2125.24,1205.605
1779318900.0,2125.24,2125.94,2122.59,2125.51,914.9794
1779319800.0,2125.52,2128.17,2124.84,2127.28,794.402
1779320700.0,2127.27,2130.37,2126.11,2129.44,794.2036
1779321600.0,2129.44,2133.0,2128.59,2132.56,1270.7784
1779322500.0,2132.56,2135.19,2130.94,2135.18,1778.1108
1779323400.0,2135.19,2137.47,2133.9,2136.82,1152.4858
1779324300.0,2136.82,2145.32,2136.55,2142.92,3445.0995
1779325200.0,2142.93,2148.74,2142.93,2148.73,2599.1484
1779326100.0,2148.74,2157.5,2142.05,2143.25,6135.2473
1779327000.0,2143.25,2144.73,2140.0,2142.11,1484.2353
1779327900.0,2142.12,2146.59,2139.31,2141.07,1606.8712
1779328800.0,2141.08,2142.98,2139.5,2141.55,851.8473
1779329700.0,2141.55,2148.04,2140.98,2145.31,2137.8868
1779330600.0,2145.31,2146.59,2143.85,2144.76,824.1254
1779331500.0,2144.75,2144.75,2141.49,2141.5,955.0248
1779332400.0,2141.5,2143.58,2140.85,2142.23,1203.1667
1779333300.0,2142.24,2146.42,2141.04,2145.55,1121.1006
1779334200.0,2145.55,2145.99,2144.68,2145.87,398.282
1779335100.0,2145.87,2146.85,2144.69,2145.76,801.5644
1779336000.0,2145.76,2148.75,2144.27,2144.79,1326.2428
1779336900.0,2144.79,2146.63,2144.0,2145.28,721.5077
1779337800.0,2145.29,2146.05,2142.7,2143.58,674.2044
1779338700.0,2143.57,2145.62,2142.71,2145.0,830.7421
1779339600.0,2145.0,2148.19,2141.97,2142.33,1267.4857
1779340500.0,2142.33,2144.67,2141.28,2141.7,887.9253
1779341400.0,2141.7,2141.79,2139.45,2140.16,1698.0266
1779342300.0,2140.15,2140.62,2133.21,2136.3,2438.1649
1779343200.0,2136.31,2138.61,2134.01,2135.0,1459.9733
1779344100.0,2135.01,2138.13,2132.83,2135.28,2214.8326
1779345000.0,2135.29,2136.96,2131.02,2131.57,1897.3165
1779345900.0,2131.57,2131.76,2127.64,2128.57,3025.5874
1779346800.0,2128.58,2130.93,2126.81,2129.15,2930.9831
1779347700.0,2129.15,2129.89,2124.25,2128.78,1875.1627
1779348600.0,2128.78,2132.14,2128.76,2131.83,1577.5465
1779349500.0,2131.82,2137.0,2131.82,2135.06,2342.8511
1779350400.0,2135.07,2146.35,2135.01,2146.35,3179.6976
1779351300.0,2146.35,2148.33,2138.54,2141.48,2409.5911
1779352200.0,2141.49,2141.57,2136.27,2137.35,1501.3929
1779353100.0,2137.36,2138.95,2135.88,2138.26,1192.2677
1779354000.0,2138.26,2140.94,2136.53,2138.11,1787.8494
1779354900.0,2138.11,2139.35,2137.06,2137.67,680.5471
1779355800.0,2137.67,2138.32,2128.0,2128.79,2741.6577
1779356700.0,2128.79,2130.74,2127.96,2127.98,1372.2254
1779357600.0,2127.97,2129.47,2127.02,2128.49,2166.3177
1779358500.0,2128.49,2130.09,2111.86,2116.87,9870.7567
1779359400.0,2116.87,2120.42,2110.0,2116.14,5426.3873
1779360300.0,2116.13,2116.54,2111.9,2114.19,1638.0851
1779361200.0,2114.2,2118.42,2112.17,2118.01,2188.5157
1779362100.0,2118.01,2119.69,2116.0,2117.96,1871.8077
1779363000.0,2117.96,2119.94,2115.32,2116.43,2065.9034
1779363900.0,2116.43,2117.67,2115.27,2115.27,1573.6162
1779364800.0,2115.28,2116.8,2112.81,2113.45,1386.5332
1779365700.0,2113.45,2115.63,2112.44,2113.28,3058.7435
1779366600.0,2113.29,2119.7,2112.1,2117.55,4933.9781
1779367500.0,2117.54,2119.91,2117.08,2117.22,2283.14
1779368400.0,2117.22,2120.0,2116.46,2117.68,2412.7872
1779369300.0,2117.68,2119.35,2115.3,2119.35,1042.9435
1779370200.0,2119.36,2119.62,2105.15,2106.59,9147.5911
1779371100.0,2106.59,2124.09,2106.52,2120.46,5503.4239
1779372000.0,2120.47,2124.87,2117.46,2120.59,3637.655
1779372900.0,2120.6,2120.75,2110.68,2120.21,2951.755
1779373800.0,2120.2,2125.59,2118.0,2119.24,3826.8806
1779374700.0,2119.23,2123.2,2115.87,2121.96,4500.4646
1779375600.0,2121.97,2134.26,2119.44,2130.22,5231.6092
1779376500.0,2130.23,2137.35,2129.24,2135.86,5640.3093
1779377400.0,2135.87,2136.42,2126.49,2131.51,5789.6668
1779378300.0,2131.52,2138.05,2130.37,2132.65,4524.1969
1779379200.0,2132.64,2136.66,2131.53,2133.39,3996.0324
1779380100.0,2133.39,2134.01,2128.36,2130.85,1937.7018
1779381000.0,2130.85,2134.26,2123.66,2123.93,2624.1202
1779381900.0,2123.93,2127.92,2122.82,2127.79,1529.4293
1779382800.0,2127.8,2139.0,2126.0,2135.75,4915.6017
1779383700.0,2135.76,2148.0,2135.24,2147.41,10214.2526
1779384600.0,2147.4,2151.73,2144.21,2147.0,4400.5601
1779385500.0,2147.0,2153.75,2142.39,2146.6,3654.0372
1779386400.0,2146.6,2148.0,2139.41,2140.29,3796.2727
1779387300.0,2140.29,2144.04,2138.61,2139.57,1529.5742
1779388200.0,2139.56,2141.26,2138.19,2139.39,1005.1963
1779389100.0,2139.39,2139.68,2121.79,2126.87,6947.9032
1779390000.0,2126.87,2134.81,2126.48,2132.93,2925.1826
1779390900.0,2132.94,2135.15,2132.21,2133.36,1280.8465
1779391800.0,2133.37,2138.94,2133.37,2137.33,1496.2415
1779392700.0,2137.33,2145.78,2137.2,2142.83,3719.055
1779393600.0,2142.84,2143.46,2139.73,2140.96,1557.5974
1779394500.0,2140.96,2141.2,2138.15,2138.49,1188.7205
1779395400.0,2138.49,2141.35,2137.13,2138.55,1637.5453
1779396300.0,2138.56,2141.87,2137.4,2138.62,1026.669
1779397200.0,2138.63,2141.0,2137.88,2138.55,665.0956
1779398100.0,2138.55,2138.97,2137.67,2138.9,457.8261
1779399000.0,2138.89,2139.15,2136.28,2136.87,574.8349
1779399900.0,2136.88,2136.88,2134.21,2135.42,629.9293
1779400800.0,2135.43,2136.87,2132.84,2134.75,997.8093
1779401700.0,2134.74,2135.07,2132.98,2134.76,682.5312
1779402600.0,2134.75,2135.95,2131.03,2132.79,603.1877
1779403500.0,2132.8,2133.52,2131.35,2131.85,465.139
1779404400.0,2131.84,2134.3,2128.83,2129.19,922.4263
1779405300.0,2129.2,2133.39,2127.27,2132.86,990.6011
1779406200.0,2132.87,2136.77,2132.67,2135.78,1010.1739
1779407100.0,2135.79,2136.56,2133.14,2133.76,1035.1938
1779408000.0,2133.77,2134.22,2130.25,2130.66,852.1083
1779408900.0,2130.66,2133.87,2129.93,2131.46,727.382
1779409800.0,2131.47,2134.99,2130.02,2131.6,629.9767
1779410700.0,2131.6,2132.9,2129.28,2129.33,639.2138
1779411600.0,2129.32,2133.71,2127.56,2133.39,1154.6886
1779412500.0,2133.39,2133.87,2128.55,2129.72,917.8518
1779413400.0,2129.71,2131.66,2125.68,2131.66,1665.8809
1779414300.0,2131.66,2137.0,2131.66,2135.88,1215.1386
1779415200.0,2135.89,2139.08,2135.89,2137.99,937.3453
1779416100.0,2137.99,2140.01,2135.42,2136.87,731.5896
1779417000.0,2136.86,2137.98,2134.47,2136.76,1070.7904
1779417900.0,2136.76,2139.56,2135.58,2137.98,1158.9906
1779418800.0,2137.97,2141.39,2136.41,2136.69,735.1681
1779419700.0,2136.69,2138.11,2135.29,2137.69,548.3471
1779420600.0,2137.69,2139.03,2137.18,2137.6,720.8963
1779421500.0,2137.61,2138.88,2137.1,2137.88,333.7343
1779422400.0,2137.89,2140.94,2137.89,2140.54,579.082
1779423300.0,2140.54,2141.34,2137.62,2137.62,504.0794
1779424200.0,2137.62,2137.88,2134.48,2134.48,373.9669
1779425100.0,2134.48,2135.11,2132.56,2134.0,937.7673
1779426000.0,2134.01,2135.95,2131.73,2134.56,1082.6405
1779426900.0,2134.57,2135.51,2130.84,2132.24,954.7291
1779427800.0,2132.24,2133.1,2128.06,2131.36,1322.7693
1779428700.0,2131.35,2134.0,2127.39,2129.21,1084.5057
1779429600.0,2129.21,2130.86,2127.28,2130.2,1740.7743
1779430500.0,2130.19,2130.67,2126.84,2127.96,1784.3961
1779431400.0,2127.96,2128.39,2125.8,2127.75,1739.9442
1779432300.0,2127.75,2128.29,2123.95,2125.68,1899.8372
1779433200.0,2125.68,2128.66,2122.22,2127.44,1977.7048
1779434100.0,2127.44,2132.08,2127.44,2131.37,1844.8316
1779435000.0,2131.37,2132.73,2129.28,2130.85,2397.8704
1779435900.0,2130.84,2130.95,2128.69,2128.7,3209.964
1779436800.0,2128.7,2130.15,2125.99,2128.29,4656.6952
1779437700.0,2128.29,2133.34,2128.29,2132.11,2475.1408
1779438600.0,2132.11,2132.39,2119.94,2124.18,6051.3217
1779439500.0,2124.18,2125.71,2121.62,2122.3,1801.2717
1779440400.0,2122.29,2123.78,2120.22,2120.66,2419.4134
1779441300.0,2120.66,2124.45,2119.18,2122.23,1294.0617
1779442200.0,2122.23,2123.99,2119.82,2123.38,1031.5812
1779443100.0,2123.38,2125.24,2120.96,2123.98,926.3443
1779444000.0,2123.97,2124.96,2121.99,2123.6,618.3538
1779444900.0,2123.59,2124.4,2120.81,2124.27,881.6927
1779445800.0,2124.27,2125.4,2122.18,2124.41,685.7307
1779446700.0,2124.41,2124.46,2122.43,2123.0,829.1671
1779447600.0,2123.0,2125.0,2122.8,2123.0,935.2062
1779448500.0,2122.99,2125.19,2120.1,2124.61,1724.5953
1779449400.0,2124.61,2127.67,2124.52,2126.36,1468.9385
1779450300.0,2126.37,2131.01,2125.86,2130.78,3033.7023
1779451200.0,2130.78,2137.2,2129.31,2135.42,2617.1602
1779452100.0,2135.42,2138.0,2131.11,2131.63,2907.4976
1779453000.0,2131.62,2132.67,2130.14,2132.55,1113.5888
1779453900.0,2132.55,2135.42,2132.54,2134.99,967.3537
1779454800.0,2135.0,2135.75,2131.91,2133.96,2354.4862
1779455700.0,2133.96,2135.75,2129.66,2129.66,2304.9085
1779456600.0,2129.66,2132.71,2124.01,2128.37,4749.4057
1779457500.0,2128.38,2130.72,2126.38,2130.23,2535.2861
1779458400.0,2130.23,2130.23,2120.68,2123.99,6939.406
1779459300.0,2124.0,2125.31,2112.58,2118.24,5482.2217
1779460200.0,2118.24,2121.58,2117.43,2119.77,1611.2344
1779461100.0,2119.77,2120.43,2116.21,2116.94,1810.9999
1779462000.0,2116.94,2123.08,2114.93,2117.07,1684.7961
1779462900.0,2117.07,2121.0,2112.47,2121.0,1882.3916
1779463800.0,2121.0,2125.49,2117.0,2118.11,2151.9079
1779464700.0,2118.12,2121.03,2116.23,2119.48,1273.3141
1779465600.0,2119.49,2122.6,2118.39,2120.7,2172.4602
1779466500.0,2120.69,2122.22,2118.11,2120.76,1331.0625
1779467400.0,2120.77,2122.51,2119.2,2119.66,731.5906
1779468300.0,2119.67,2124.0,2119.67,2122.78,890.6395
1779469200.0,2122.78,2127.28,2122.78,2125.28,1211.9413
1779470100.0,2125.29,2129.32,2119.43,2128.69,3506.0413
1779471000.0,2128.7,2130.0,2124.1,2126.38,1309.6836
1779471900.0,2126.38,2126.38,2119.43,2119.6,1871.7677
1779472800.0,2119.61,2119.92,2115.04,2119.7,2031.7494
1779473700.0,2119.7,2121.57,2118.22,2118.63,849.3516
1779474600.0,2118.62,2118.85,2107.75,2108.05,4148.4284
1779475500.0,2108.05,2108.05,2084.51,2099.99,14275.856
1779476400.0,2099.99,2103.1,2086.58,2089.58,5292.6353
1779477300.0,2089.58,2093.58,2083.01,2085.52,3220.1476
1779478200.0,2085.53,2086.01,2058.0,2065.59,24413.9813
1779479100.0,2065.59,2069.7,2061.61,2065.54,4267.3216
1779480000.0,2065.54,2075.92,2064.31,2071.91,2808.2309
1779480900.0,2071.91,2074.72,2069.32,2072.85,2468.3924
1779481800.0,2072.84,2074.2,2066.58,2072.29,4397.276
1779482700.0,2072.28,2078.85,2070.1,2073.4,3268.3043
1779483600.0,2073.4,2075.03,2071.52,2072.7,2134.3846
1779484500.0,2072.71,2075.63,2071.75,2075.62,1185.9846
1779485400.0,2075.63,2079.03,2075.01,2076.47,1497.6957
1779486300.0,2076.47,2079.59,2076.47,2078.18,1156.906
1779487200.0,2078.17,2079.58,2075.62,2077.22,1950.366
1779488100.0,2077.22,2077.31,2072.27,2072.83,1320.6862
1779489000.0,2072.84,2074.75,2066.55,2069.29,3456.2012
1779489900.0,2069.3,2073.7,2068.8,2072.71,1806.7894
1779490800.0,2072.72,2077.24,2072.72,2077.17,963.3341
1779491700.0,2077.18,2077.18,2069.11,2069.11,1755.2981
1779492600.0,2069.11,2074.62,2068.0,2073.41,1706.0236
1779493500.0,2073.41,2073.41,2057.79,2065.85,7689.5835
1779494400.0,2065.86,2070.61,2063.32,2066.76,4232.8829
1779495300.0,2066.77,2068.73,2063.58,2068.18,4463.4756
1779496200.0,2068.18,2068.18,2053.0,2060.55,10543.1474
1779497100.0,2060.55,2066.09,2060.17,2064.63,2411.1035
1779498000.0,2064.63,2069.42,2063.53,2064.13,2946.7996
1779498900.0,2064.13,2068.68,2062.67,2068.57,1540.4045
1779499800.0,2068.57,2068.75,2066.0,2067.42,743.063
1779500700.0,2067.42,2069.92,2063.72,2068.93,1372.1243
1779501600.0,2068.93,2070.37,2066.19,2066.53,1359.9924
1779502500.0,2066.53,2068.52,2065.66,2066.51,592.6782
1779503400.0,2066.52,2067.56,2064.9,2066.92,989.3885
1779504300.0,2066.92,2069.16,2066.71,2068.52,656.3652
1779505200.0,2068.52,2069.9,2068.21,2069.75,1258.5559
1779506100.0,2069.75,2070.31,2068.92,2069.89,906.6491
1779507000.0,2069.9,2071.53,2069.74,2071.34,641.9089
1779507900.0,2071.34,2072.0,2070.4,2070.78,1015.0085
1779508800.0,2070.78,2071.19,2069.8,2071.03,506.3622
1779509700.0,2071.03,2071.03,2066.8,2067.31,961.7806
1779510600.0,2067.3,2069.65,2065.55,2065.74,551.452
1779511500.0,2065.75,2067.7,2065.75,2067.3,694.9765
1779512400.0,2067.29,2068.0,2065.37,2065.92,996.2147
1779513300.0,2065.92,2067.59,2061.9,2063.69,5568.1295
1779514200.0,2063.69,2066.23,2063.48,2066.23,810.505
1779515100.0,2066.23,2066.41,2064.0,2064.85,768.016
1779516000.0,2064.85,2065.81,2063.33,2064.1,552.6937
1779516900.0,2064.09,2064.62,2062.18,2062.26,1097.6451
1779517800.0,2062.26,2064.0,2061.42,2063.04,1637.8281
1779518700.0,2063.05,2063.27,2060.71,2061.69,2777.6327
1779519600.0,2061.7,2063.06,2057.0,2060.64,2409.7617
1779520500.0,2060.64,2060.64,2056.94,2058.12,1473.5013
1779521400.0,2058.12,2060.0,2053.89,2057.75,2996.5443
1779522300.0,2057.75,2057.76,2009.3,2028.59,51996.1693
1779523200.0,2028.58,2032.1,2022.76,2029.68,6328.8737
1779524100.0,2029.68,2031.92,2027.31,2027.48,3739.1626
1779525000.0,2027.48,2028.0,2021.07,2023.82,3701.6491
1779525900.0,2023.83,2030.67,2022.83,2030.32,2375.0735
1779526800.0,2030.32,2031.0,2028.31,2028.33,1478.4661
1779527700.0,2028.32,2030.55,2028.32,2029.16,885.545
1779528600.0,2029.17,2030.32,2027.1,2029.17,1479.8596
1779529500.0,2029.16,2030.52,2027.12,2027.29,1734.1777
1779530400.0,2027.29,2030.55,2027.11,2030.05,1255.2164
1779531300.0,2030.06,2030.76,2028.49,2029.9,791.946
1779532200.0,2029.9,2032.6,2029.19,2032.53,1538.5727
1779533100.0,2032.53,2033.79,2030.95,2031.57,1324.6438
1779534000.0,2031.56,2036.01,2030.86,2033.45,3259.8268
1779534900.0,2033.46,2035.3,2033.23,2033.92,1087.102
1779535800.0,2033.93,2034.08,2030.84,2031.41,2680.3715
1779536700.0,2031.41,2033.1,2030.94,2031.48,664.8851
1779537600.0,2031.48,2032.07,2028.81,2029.18,2942.8538
1779538500.0,2029.19,2030.25,2027.35,2029.29,1154.7872
1779539400.0,2029.29,2031.4,2029.29,2030.68,1779.2961
1779540300.0,2030.68,2031.47,2029.88,2031.07,1330.3155
1779541200.0,2031.08,2039.85,2031.07,2039.06,6079.9038
1779542100.0,2039.05,2046.1,2039.05,2042.8,5451.6419
1779543000.0,2042.81,2044.41,2038.3,2039.95,1736.6035
1779543900.0,2039.96,2045.91,2039.96,2044.89,4379.2241
1779544800.0,2044.88,2046.93,2041.12,2046.08,3324.0969
1779545700.0,2046.09,2047.5,2044.88,2046.68,3008.737
1779546600.0,2046.68,2053.9,2046.06,2053.32,4272.6568
1779547500.0,2053.32,2065.32,2052.54,2061.64,6015.7714
1779548400.0,2061.64,2068.68,2060.16,2067.28,4497.8517
1779549300.0,2067.28,2067.66,2060.75,2061.58,3239.1425
1779550200.0,2061.58,2061.59,2055.67,2057.38,3396.1862
1779551100.0,2057.38,2061.13,2057.38,2060.27,1981.1997
1779552000.0,2060.27,2065.0,2059.23,2059.3,2218.5064
1779552900.0,2059.3,2060.8,2057.25,2058.98,1223.0606
1779553800.0,2058.99,2064.16,2058.63,2062.16,1215.1739
1779554700.0,2062.16,2064.7,2060.17,2061.65,2256.7574
1779555600.0,2061.66,2063.48,2059.28,2063.23,1649.8037
1779556500.0,2063.23,2064.68,2060.8,2064.15,1431.4975
1779557400.0,2064.15,2065.17,2061.78,2062.45,1082.9395
1779558300.0,2062.45,2065.87,2060.59,2063.98,1382.7664
1779559200.0,2063.98,2079.93,2063.74,2074.59,4734.9309
1779560100.0,2074.58,2083.64,2072.51,2076.17,5422.5966
1779561000.0,2076.18,2082.06,2076.18,2078.18,2595.346
1779561900.0,2078.17,2078.42,2073.39,2074.27,2147.9948
1779562800.0,2074.27,2074.93,2069.86,2071.99,1577.6475
1779563700.0,2071.98,2080.6,2071.98,2079.34,3364.8005
1779564600.0,2079.34,2081.0,2075.83,2077.14,3821.491
1779565500.0,2077.14,2078.99,2075.62,2077.33,3737.0724
1779566400.0,2077.34,2083.32,2074.84,2080.09,2840.4199
1779567300.0,2080.09,2083.35,2077.21,2077.21,2804.7976
1779568200.0,2077.21,2132.45,2076.43,2130.59,32162.3947
1779569100.0,2130.59,2147.0,2124.85,2146.3,22239.3131
1779570000.0,2146.3,2149.95,2126.58,2126.87,13836.6322
1779570900.0,2126.88,2131.1,2115.91,2115.91,7473.148
1779571800.0,2115.91,2124.11,2106.27,2114.48,9098.3421
1779572700.0,2114.48,2118.7,2109.94,2116.84,3174.8613
1779573600.0,2116.84,2120.28,2115.36,2115.57,2318.036
1779574500.0,2115.58,2117.0,2111.04,2112.13,1968.2852
1779575400.0,2112.13,2114.55,2102.65,2114.03,4740.3462
1779576300.0,2114.04,2118.0,2111.94,2116.83,1855.6872
1779577200.0,2116.84,2119.69,2114.42,2118.17,1786.8277
1779578100.0,2118.16,2120.67,2116.38,2116.98,1395.3174
1779579000.0,2116.98,2121.84,2116.97,2119.16,1502.8305
1779579900.0,2119.16,2120.33,2117.16,2117.68,1098.2048
1779580800.0,2117.69,2118.7,2115.21,2115.89,1313.0207
1779581700.0,2115.88,2117.43,2113.1,2115.71,1129.6322
1779582600.0,2115.71,2120.21,2115.46,2116.73,1055.7294
1779583500.0,2116.73,2121.5,2116.28,2119.45,1767.3528
1779584400.0,2119.45,2121.44,2118.31,2120.49,2012.3436
1779585300.0,2120.5,2125.51,2119.14,2123.12,2388.7135
1779586200.0,2123.12,2124.0,2119.69,2120.5,2577.2996
1779587100.0,2120.51,2122.88,2119.96,2122.56,853.3982
1779588000.0,2122.56,2125.16,2120.96,2123.96,2890.2768
1779588900.0,2123.97,2125.45,2118.3,2120.21,2933.022
1779589800.0,2120.22,2124.03,2120.01,2123.52,806.44
1779590700.0,2123.52,2125.09,2122.35,2122.53,2361.7824
1779591600.0,2122.54,2127.28,2121.36,2123.9,3344.0351
1779592500.0,2123.91,2124.01,2122.6,2123.81,427.8305
1779593400.0,2123.81,2123.82,2116.74,2117.63,1886.1157
1779594300.0,2117.63,2120.03,2117.62,2119.04,1356.0584
1779595200.0,2119.05,2122.91,2119.05,2122.69,1169.7357
1779596100.0,2122.7,2123.86,2121.02,2121.07,998.754
1779597000.0,2121.08,2122.34,2120.32,2121.58,627.4021
1779597900.0,2121.58,2121.65,2119.76,2120.21,571.6154
1779598800.0,2120.22,2120.33,2118.3,2118.97,1205.9213
1779599700.0,2118.97,2118.97,2114.69,2116.55,1931.9859
1779600600.0,2116.55,2117.38,2113.65,2113.79,3300.5379
1779601500.0,2113.79,2121.39,2113.71,2119.98,1824.9906
1779602400.0,2119.98,2123.06,2119.81,2122.0,938.0643
1779603300.0,2122.0,2122.0,2118.47,2118.9,1779.1613
1779604200.0,2118.9,2121.51,2117.6,2120.69,5008.0087
1779605100.0,2120.7,2129.93,2120.5,2128.13,4081.6553
1779606000.0,2128.13,2129.79,2124.36,2124.61,1343.6049
1779606900.0,2124.62,2125.34,2122.8,2123.55,750.3183
1779607800.0,2123.56,2123.88,2121.52,2122.01,1423.6895
1779608700.0,2122.02,2122.25,2119.49,2121.01,1507.9028
1779609600.0,2121.02,2122.0,2119.35,2119.35,915.364
1779610500.0,2119.35,2123.23,2119.25,2121.46,906.6998
1779611400.0,2121.47,2123.23,2120.19,2120.19,857.0787
1779612300.0,2120.18,2121.41,2119.91,2120.32,583.5384
1779613200.0,2120.33,2123.0,2119.05,2121.11,600.7499
1779614100.0,2121.11,2124.37,2119.82,2121.35,1755.9917
1779615000.0,2121.35,2124.33,2119.86,2122.98,1425.8275
1779615900.0,2122.98,2123.73,2122.0,2123.41,848.2282
1779616800.0,2123.42,2123.5,2119.46,2120.45,997.1485
1779617700.0,2120.45,2132.14,2119.38,2125.51,4713.283
1779618600.0,2125.52,2125.52,2120.01,2120.9,1627.3729
1779619500.0,2120.89,2122.66,2119.75,2122.35,787.154
1779620400.0,2122.34,2126.96,2122.23,2125.76,1734.6465
1779621300.0,2125.76,2127.82,2124.04,2125.12,1381.2088
1779622200.0,2125.12,2127.35,2124.44,2125.51,782.2911
1779623100.0,2125.51,2127.32,2124.36,2126.18,1061.6159
1779624000.0,2126.19,2126.58,2122.52,2124.14,1464.3246
1779624900.0,2124.15,2124.35,2118.69,2118.69,2467.0179
1779625800.0,2118.68,2121.76,2117.32,2121.49,2335.943
1779626700.0,2121.49,2121.6,2119.37,2119.97,823.0109
1779627600.0,2119.97,2121.05,2118.17,2118.87,721.3283
1779628500.0,2118.86,2120.87,2116.0,2117.98,1744.937
1779629400.0,2117.98,2120.62,2115.4,2119.13,1692.9415
1779630300.0,2119.13,2119.86,2105.79,2110.14,8539.7347
1779631200.0,2110.14,2112.52,2091.17,2095.36,11095.3204
1779632100.0,2095.35,2100.92,2079.52,2094.17,13683.946
1779633000.0,2094.18,2097.8,2093.31,2095.2,2552.1148
1779633900.0,2095.2,2098.95,2094.1,2097.98,1446.5377
1779634800.0,2097.98,2100.0,2096.1,2099.05,1345.4641
1779635700.0,2099.05,2099.94,2094.75,2097.25,1053.5665
1779636600.0,2097.25,2099.0,2094.22,2095.89,786.7229
1779637500.0,2095.9,2097.52,2094.14,2095.84,1428.5762
1779638400.0,2095.83,2103.69,2095.22,2103.37,3229.505
1779639300.0,2103.36,2109.0,2100.13,2102.1,2038.4967
1779640200.0,2102.1,2102.16,2095.6,2098.11,1198.4077
1779641100.0,2098.11,2105.0,2097.65,2103.62,926.9208
1779642000.0,2103.61,2106.01,2102.67,2103.42,887.4223
1779642900.0,2103.42,2104.63,2101.54,2102.1,806.6383
1779643800.0,2102.11,2105.76,2101.4,2105.59,449.6349
1779644700.0,2105.59,2106.68,2102.88,2102.88,882.4984
1779645600.0,2102.89,2104.5,2102.15,2103.32,640.5046
1779646500.0,2103.33,2104.78,2100.54,2100.54,816.6787
1779647400.0,2100.54,2101.8,2097.8,2099.41,711.2771
1779648300.0,2099.41,2100.5,2097.8,2099.97,796.3671
1779649200.0,2099.97,2102.58,2098.64,2098.64,791.4998
1779650100.0,2098.64,2100.39,2096.58,2097.17,1297.38
1779651000.0,2097.17,2098.86,2096.34,2098.11,421.0269
1779651900.0,2098.12,2101.69,2097.84,2100.87,495.7435
1779652800.0,2100.87,2102.11,2093.79,2095.37,1921.3038
1779653700.0,2095.36,2096.88,2091.51,2094.8,1177.246
1779654600.0,2094.81,2096.53,2093.4,2095.26,1891.6826
1779655500.0,2095.26,2096.77,2091.6,2093.15,2074.2087
1779656400.0,2093.15,2098.63,2092.82,2098.63,838.9526
1779657300.0,2098.62,2098.63,2086.74,2088.92,2276.1454
1779658200.0,2088.91,2090.6,2067.08,2069.48,9758.6364
1779659100.0,2069.49,2075.0,2063.0,2070.59,6133.3288
1779660000.0,2070.59,2099.47,2070.56,2097.99,8354.9778
1779660900.0,2097.98,2099.08,2093.34,2095.63,1621.7612
1779661800.0,2095.63,2099.49,2086.77,2091.38,2915.3153
1779662700.0,2091.38,2098.2,2091.19,2092.37,2174.027
1779663600.0,2092.38,2097.13,2092.38,2094.93,1513.292
1779664500.0,2094.92,2096.67,2091.67,2093.06,1091.2294
1779665400.0,2093.07,2107.0,2093.07,2105.93,3966.866
1779666300.0,2105.93,2106.0,2099.6,2099.85,1923.7014
1779667200.0,2099.86,2107.93,2099.7,2105.0,2113.964
1779668100.0,2104.99,2107.15,2103.09,2106.24,1100.8068
1779669000.0,2106.24,2109.0,2104.15,2104.87,980.1625
1779669900.0,2104.88,2109.4,2103.12,2104.95,1228.377
1779670800.0,2104.96,2106.49,2102.15,2106.39,1086.5241
1779671700.0,2106.39,2107.99,2104.59,2105.89,697.6921
1779672600.0,2105.89,2106.6,2102.16,2102.43,747.8878
1779673500.0,2102.43,2103.77,2093.22,2094.13,1462.447
1779674400.0,2094.13,2113.25,2094.13,2108.12,4825.111
1779675300.0,2108.12,2108.12,2096.72,2100.26,2512.236
1779676200.0,2100.26,2101.81,2096.43,2099.17,1495.2169
1779677100.0,2099.17,2099.94,2097.02,2098.35,793.18
1779678000.0,2098.35,2100.0,2094.76,2096.02,1670.5365
1779678900.0,2096.03,2097.53,2094.56,2095.59,1241.3822
1779679800.0,2095.6,2097.34,2092.57,2096.75,1045.898
1779680700.0,2096.76,2097.18,2093.76,2095.58,1129.6861
1779681600.0,2095.59,2097.03,2093.23,2094.15,1226.9533
1779682500.0,2094.15,2098.57,2092.26,2098.56,1043.0412
1779683400.0,2098.57,2103.14,2097.71,2103.12,2283.0194
1779684300.0,2103.13,2108.14,2102.25,2105.83,2319.5583
1779685200.0,2105.83,2111.0,2104.39,2109.91,3037.5056
1779686100.0,2109.9,2111.7,2108.32,2109.18,1581.8374
1779687000.0,2109.18,2110.98,2108.14,2110.3,1142.6728
1779687900.0,2110.3,2110.46,2107.77,2108.22,919.7365
1779688800.0,2108.21,2111.42,2102.88,2103.02,2887.2131
1779689700.0,2103.02,2103.64,2099.27,2101.27,4225.1677
1779690600.0,2101.27,2108.0,2101.19,2106.57,3863.6875
1779691500.0,2106.56,2109.67,2105.9,2108.99,2318.3213
1779692400.0,2109.0,2117.55,2109.0,2111.89,5810.391
1779693300.0,2111.9,2114.27,2106.5,2107.67,2302.2744
1779694200.0,2107.66,2111.45,2106.61,2110.05,4198.5097
1779695100.0,2110.04,2116.5,2109.75,2116.28,2840.4413
1779696000.0,2116.29,2116.29,2111.86,2112.24,1396.007
1779696900.0,2112.24,2113.43,2111.7,2112.52,927.8884
1779697800.0,2112.53,2115.69,2112.53,2115.14,1094.3091
1779698700.0,2115.13,2117.79,2114.06,2116.82,1087.6291
1779699600.0,2116.83,2121.88,2116.17,2118.66,2225.2507
1779700500.0,2118.66,2119.81,2117.5,2119.53,1107.3305
1779701400.0,2119.54,2124.1,2118.08,2118.54,2342.4155
1779702300.0,2118.53,2120.82,2117.02,2117.02,1211.8474
1779703200.0,2117.03,2119.15,2115.74,2118.86,1030.3534
1779704100.0,2118.86,2121.23,2115.48,2117.18,1291.9179
1779705000.0,2117.18,2118.05,2115.62,2116.2,588.2393
1779705900.0,2116.21,2117.64,2114.86,2117.03,807.5413
1779706800.0,2117.02,2117.13,2115.0,2115.9,875.3946
1779707700.0,2115.91,2116.45,2115.08,2115.92,691.3974
1779708600.0,2115.92,2120.3,2115.65,2118.94,2591.5407
1779709500.0,2118.94,2120.29,2114.26,2114.95,2397.9693
1779710400.0,2114.95,2115.16,2112.25,2115.12,1633.0555
1779711300.0,2115.12,2118.37,2113.84,2117.9,1539.8826
1779712200.0,2117.9,2118.82,2116.28,2117.52,848.2284
1779713100.0,2117.53,2119.61,2114.52,2117.34,1431.6922
1779714000.0,2117.35,2120.0,2114.75,2115.97,1308.6553
1779714900.0,2115.97,2117.06,2114.27,2115.11,921.3875
1779715800.0,2115.12,2116.82,2115.12,2116.8,852.0577
1779716700.0,2116.81,2117.07,2115.27,2116.28,937.0253
1779717600.0,2116.28,2122.67,2115.77,2119.83,2240.9171
1779718500.0,2119.84,2127.77,2118.87,2127.77,3707.0537
1779719400.0,2127.76,2127.77,2122.65,2124.55,1541.8561
1779720300.0,2124.55,2130.24,2124.54,2128.34,2251.7727
1779721200.0,2128.35,2138.28,2127.77,2130.27,4734.5344
1779722100.0,2130.28,2131.71,2124.45,2125.04,2046.7302
1779723000.0,2125.04,2127.59,2122.9,2125.47,1469.7432
1779723900.0,2125.48,2128.72,2123.0,2127.12,2223.3936
1779724800.0,2127.13,2127.85,2125.14,2125.14,1001.9684
1779725700.0,2125.15,2128.37,2125.14,2127.49,1248.8353
1779726600.0,2127.49,2130.49,2126.65,2130.0,1509.3823
1779727500.0,2129.99,2141.98,2129.37,2136.4,3992.8339
1779728400.0,2136.4,2140.52,2134.46,2134.51,2718.6451
1779729300.0,2134.52,2135.29,2131.47,2135.28,1240.7834
1779730200.0,2135.28,2136.0,2131.51,2132.31,805.7823
1779731100.0,2132.31,2132.31,2128.24,2128.55,987.5008
1779732000.0,2128.54,2133.81,2128.24,2131.87,1084.2521
1779732900.0,2131.87,2132.28,2129.87,2131.89,609.7977
1779733800.0,2131.89,2131.89,2127.28,2128.38,824.4535
1779734700.0,2128.38,2128.89,2126.64,2126.85,997.5036
1779735600.0,2126.86,2126.86,2122.1,2125.33,1841.9546
1779736500.0,2125.33,2125.59,2123.37,2125.42,996.0823
1779737400.0,2125.43,2125.65,2116.55,2119.97,2654.9565
1779738300.0,2119.97,2121.76,2119.79,2121.43,991.7325
1779739200.0,2121.42,2123.16,2120.54,2121.33,586.479
1779740100.0,2121.33,2122.38,2118.77,2118.78,815.182
1779741000.0,2118.78,2119.72,2110.42,2112.68,3537.049
1779741900.0,2112.68,2115.85,2107.38,2108.64,3846.1201
1779742800.0,2108.64,2113.04,2108.0,2111.36,2302.483
1779743700.0,2111.36,2111.93,2108.6,2111.91,1560.155
1779744600.0,2111.92,2112.38,2108.61,2109.37,1176.7523
1779745500.0,2109.37,2111.84,2108.71,2110.9,884.3381
1779746400.0,2110.9,2115.68,2107.9,2113.8,1834.766
1779747300.0,2113.79,2115.2,2109.91,2110.85,1634.24
1779748200.0,2110.85,2110.85,2102.35,2106.95,3526.3317
1779749100.0,2106.94,2109.13,2103.59,2103.61,954.0606
1779750000.0,2103.6,2109.46,2102.62,2108.88,665.8228
1779750900.0,2108.89,2110.07,2107.85,2108.61,781.8641
1779751800.0,2108.6,2112.85,2108.08,2111.59,623.2664
1779752700.0,2111.59,2113.85,2110.9,2113.01,706.7679
1779753600.0,2113.01,2113.89,2110.28,2110.86,827.4726
1779754500.0,2110.85,2111.93,2106.5,2106.5,1130.4683
1779755400.0,2106.5,2109.0,2094.8,2096.35,4525.6896
1779756300.0,2096.35,2099.78,2084.83,2097.75,6844.0373
1779757200.0,2097.74,2100.5,2090.58,2098.98,2256.7069
1779758100.0,2098.98,2100.3,2094.59,2097.14,1343.812
1779759000.0,2097.14,2097.14,2088.03,2090.83,2955.956
1779759900.0,2090.84,2096.37,2090.65,2094.35,1467.4934
1779760800.0,2094.36,2095.8,2090.03,2093.73,2221.1027
1779761700.0,2093.73,2094.04,2088.82,2089.26,2306.4955
1779762600.0,2089.27,2092.1,2087.49,2087.81,1632.9091
1779763500.0,2087.82,2091.45,2084.79,2088.83,2316.1062
1779764400.0,2088.83,2089.83,2085.3,2085.48,1334.5954
1779765300.0,2085.48,2088.25,2084.52,2088.25,1605.7182
1779766200.0,2088.26,2093.84,2087.58,2092.12,1470.0327
1779767100.0,2092.12,2093.47,2091.08,2093.12,456.5018
1779768000.0,2093.11,2094.88,2089.87,2090.83,974.392
1779768900.0,2090.84,2094.44,2088.82,2093.94,559.8076
1779769800.0,2093.95,2095.69,2093.38,2094.93,624.5311
1779770700.0,2094.93,2096.45,2093.59,2093.67,1490.4243
1779771600.0,2093.68,2095.82,2092.05,2095.17,1430.8354
1779772500.0,2095.16,2099.31,2095.16,2098.69,1401.2764
1779773400.0,2098.68,2103.65,2098.25,2102.67,1992.551
1779774300.0,2102.67,2102.67,2098.31,2100.91,1104.4028
1779775200.0,2100.9,2101.34,2098.19,2100.19,732.8134
1779776100.0,2100.19,2100.55,2094.78,2096.98,1495.6875
1779777000.0,2096.99,2104.65,2096.99,2102.7,1267.404
1779777900.0,2102.7,2103.13,2101.26,2101.73,915.041
1779778800.0,2101.73,2102.63,2093.47,2094.07,988.8348
1779779700.0,2094.08,2097.71,2090.65,2097.31,2440.5224
1779780600.0,2097.31,2097.7,2093.11,2095.83,2585.9012
1779781500.0,2095.84,2101.35,2093.61,2095.61,2933.5357
1779782400.0,2095.61,2099.63,2095.13,2098.62,965.6827
1779783300.0,2098.62,2100.14,2097.23,2098.62,1480.3867
1779784200.0,2098.61,2100.14,2096.4,2099.48,1047.4024
1779785100.0,2099.47,2099.49,2095.6,2097.25,1045.0406
1779786000.0,2097.26,2097.94,2095.13,2095.53,1609.1874
1779786900.0,2095.53,2099.62,2094.1,2097.84,1903.9905
1779787800.0,2097.85,2099.13,2095.54,2096.73,1238.6085
1779788700.0,2096.72,2097.8,2095.11,2096.81,684.5544
1779789600.0,2096.8,2100.63,2094.23,2099.95,949.7578
1779790500.0,2099.95,2122.68,2099.95,2121.3,6033.6155
1779791400.0,2121.29,2137.29,2121.15,2134.29,10721.0545
1779792300.0,2134.29,2135.54,2127.0,2127.56,5069.977
1779793200.0,2127.57,2130.6,2125.91,2126.2,2647.527
1779794100.0,2126.19,2126.19,2118.84,2120.09,5726.2995
1779795000.0,2120.09,2123.64,2118.6,2121.68,2293.93
1779795900.0,2121.68,2123.06,2120.85,2121.01,1171.5661
1779796800.0,2121.0,2123.0,2111.01,2117.75,7274.2064
1779797700.0,2117.74,2119.3,2113.22,2116.62,2183.4894
1779798600.0,2116.62,2120.86,2115.61,2119.34,1871.2641
1779799500.0,2119.35,2126.93,2119.32,2126.2,2863.1664
1779800400.0,2126.2,2126.44,2122.08,2123.02,1221.1409
1779801300.0,2123.02,2123.11,2115.46,2115.84,2785.036
1779802200.0,2115.84,2120.71,2109.62,2117.76,4546.3516
1779803100.0,2117.76,2131.5,2117.76,2125.3,5532.3476
1779804000.0,2125.3,2131.57,2123.98,2131.56,3427.3027
1779804900.0,2131.55,2140.49,2129.51,2138.03,9428.5378
1779805800.0,2138.03,2138.95,2105.85,2111.63,13920.9178
1779806700.0,2111.66,2118.57,2107.15,2109.29,6431.8978
1779807600.0,2109.3,2112.2,2099.01,2110.89,7377.0135
1779808500.0,2110.9,2111.5,2095.05,2098.8,5960.8836
1779809400.0,2098.81,2099.62,2086.47,2092.05,11504.5755
1779810300.0,2092.05,2092.05,2078.75,2087.36,7356.7808
1779811200.0,2087.36,2089.97,2073.48,2078.8,7468.8586
1779812100.0,2078.81,2085.29,2078.19,2082.48,4549.353
1779813000.0,2082.47,2085.02,2076.04,2080.06,7124.7656
1779813900.0,2080.06,2082.13,2074.35,2079.56,3163.9306
1779814800.0,2079.56,2083.84,2077.61,2079.87,2323.0561
1779815700.0,2079.87,2079.92,2064.33,2064.51,6889.8933
1779816600.0,2064.5,2067.33,2055.06,2066.24,8929.8731
1779817500.0,2066.24,2073.95,2065.52,2070.84,5217.6893
1779818400.0,2070.84,2077.44,2068.6,2075.6,4056.329
1779819300.0,2075.6,2081.21,2075.12,2075.9,3034.2419
1779820200.0,2075.9,2076.52,2067.52,2067.65,3856.6408
1779821100.0,2067.66,2072.16,2066.8,2068.59,1840.9254
1779822000.0,2068.6,2070.54,2067.09,2067.41,1595.9974
1779822900.0,2067.41,2072.1,2065.72,2071.1,1906.8879
1779823800.0,2071.1,2076.24,2071.1,2075.49,1914.0854
1779824700.0,2075.5,2076.85,2073.71,2074.29,2037.0003
1779825600.0,2074.3,2076.97,2074.21,2076.24,1049.4046
1779826500.0,2076.24,2078.0,2074.0,2077.72,1816.4209
1779827400.0,2077.72,2078.48,2073.9,2076.43,1262.3342
1779828300.0,2076.42,2078.51,2076.15,2078.35,774.7958
1779829200.0,2078.35,2078.52,2069.45,2071.44,1419.64
1779830100.0,2071.45,2075.67,2071.01,2075.59,1139.7325
1779831000.0,2075.6,2078.78,2074.53,2077.21,1334.2222
1779831900.0,2077.22,2078.63,2071.32,2072.85,1676.9002
1779832800.0,2072.85,2076.52,2069.43,2071.92,1963.2927
1779833700.0,2071.92,2072.32,2069.9,2070.34,1330.2138
1779834600.0,2070.33,2071.81,2067.9,2068.3,1163.3333
1779835500.0,2068.3,2069.65,2065.98,2068.79,1054.7091
1779836400.0,2068.79,2074.33,2068.79,2073.66,1832.3367
1779837300.0,2073.65,2074.16,2072.21,2073.55,775.752
1779838200.0,2073.55,2076.85,2073.55,2075.98,1567.9953
1779839100.0,2075.98,2076.75,2073.0,2073.77,576.1478
1779840000.0,2073.77,2080.42,2073.77,2078.85,1861.5953
1779840900.0,2078.85,2078.86,2074.27,2077.79,1082.3689
1779841800.0,2077.79,2082.5,2076.74,2079.46,1727.0889
1779842700.0,2079.45,2084.23,2079.45,2083.36,1614.9061
1779843600.0,2083.35,2083.93,2080.0,2081.39,931.0579
1779844500.0,2081.4,2081.4,2072.73,2074.65,1810.4978
1779845400.0,2074.66,2076.13,2071.86,2073.67,1293.0304
1779846300.0,2073.68,2077.19,2073.46,2074.53,1093.703
1779847200.0,2074.53,2075.59,2071.33,2074.19,1123.2689
1779848100.0,2074.19,2075.02,2069.11,2071.64,1552.3434
1779849000.0,2071.64,2074.29,2069.23,2070.16,1139.5133
1779849900.0,2070.17,2076.26,2070.17,2076.26,1070.592
1779850800.0,2076.25,2080.0,2075.41,2077.14,1455.1293
1779851700.0,2077.14,2077.98,2075.23,2077.07,1071.4978
1779852600.0,2077.06,2078.05,2073.06,2073.43,959.7956
1779853500.0,2073.44,2073.68,2068.9,2070.0,2200.6178
1779854400.0,2070.01,2071.16,2068.45,2068.46,1849.6664
1779855300.0,2068.45,2068.87,2063.0,2064.85,1796.6423
1779856200.0,2064.84,2065.33,2056.31,2063.44,4070.4369
1779857100.0,2063.44,2073.08,2063.44,2072.21,1872.7515
1779858000.0,2072.21,2073.77,2071.9,2073.0,1192.1267
1779858900.0,2072.99,2077.45,2071.62,2075.87,1293.5799
1779859800.0,2075.87,2077.51,2073.19,2074.57,1787.075
1779860700.0,2074.57,2079.2,2074.01,2077.37,2485.7849
1779861600.0,2077.38,2079.46,2075.75,2076.12,1841.7434
1779862500.0,2076.11,2078.19,2075.01,2077.8,770.2699
1779863400.0,2077.8,2080.98,2077.76,2080.66,1479.7429
1779864300.0,2080.67,2081.46,2077.55,2079.62,1116.44
1779865200.0,2079.62,2080.65,2076.07,2077.41,1314.0638
1779866100.0,2077.42,2080.0,2076.44,2080.0,1263.3851
1779867000.0,2080.0,2082.64,2078.34,2079.75,1380.2542
1779867900.0,2079.75,2084.16,2079.75,2083.78,1681.7288
1779868800.0,2083.77,2087.47,2083.56,2085.95,2481.5736
1779869700.0,2085.95,2096.71,2083.91,2093.89,3067.8407
1779870600.0,2093.89,2094.37,2091.58,2092.82,2465.7064
1779871500.0,2092.82,2093.0,2083.98,2085.05,2805.7747
1779872400.0,2085.06,2085.43,2079.24,2080.71,2338.8579
1779873300.0,2080.72,2084.1,2078.26,2081.36,1532.6183
1779874200.0,2081.36,2087.78,2080.77,2086.27,1364.5556
1779875100.0,2086.28,2086.89,2082.07,2083.36,1489.0297
1779876000.0,2083.36,2086.71,2081.16,2086.52,1464.5914
1779876900.0,2086.53,2087.9,2084.84,2085.52,1758.9234
1779877800.0,2085.52,2086.55,2081.16,2081.48,1345.036
1779878700.0,2081.49,2082.04,2079.47,2079.5,1167.599
1779879600.0,2079.51,2084.51,2078.88,2082.21,1101.2495
1779880500.0,2082.22,2085.29,2081.59,2083.14,1720.3417
1779881400.0,2083.14,2085.0,2078.88,2082.34,1423.3517
1779882300.0,2082.34,2082.34,2079.6,2080.55,1219.5062
1779883200.0,2080.56,2080.8,2073.84,2076.42,2564.8254
1779884100.0,2076.42,2097.4,2075.34,2084.96,9081.3953
1779885000.0,2084.96,2088.2,2083.38,2085.08,2732.5539
1779885900.0,2085.08,2085.08,2078.51,2078.76,2071.4413
1779886800.0,2078.76,2080.64,2072.15,2075.04,2638.2862
1779887700.0,2075.04,2075.78,2068.01,2068.75,3598.3983
1779888600.0,2068.74,2072.25,2051.96,2053.35,17701.2088
1779889500.0,2053.35,2065.35,2053.35,2064.53,6511.6787
1779890400.0,2064.52,2071.86,2060.97,2062.23,4366.8938
1779891300.0,2062.24,2067.99,2054.99,2057.34,3623.8472
1779892200.0,2057.33,2063.31,2054.84,2060.04,4365.674
1779893100.0,2060.03,2064.1,2059.64,2062.62,2413.4008
1779894000.0,2062.62,2068.86,2061.21,2066.81,3221.4868
1779894900.0,2066.8,2076.51,2066.41,2073.08,4555.9028
1779895800.0,2073.08,2079.73,2068.8,2070.21,4719.7157
1779896700.0,2070.21,2076.38,2067.98,2071.38,4855.4077
1779897600.0,2071.39,2074.5,2067.65,2071.02,2827.6662
1779898500.0,2071.02,2071.02,2062.26,2065.4,2964.8218
1779899400.0,2065.39,2067.05,2060.0,2065.67,1987.3268
1779900300.0,2065.67,2071.1,2064.54,2070.15,1952.8725
1779901200.0,2070.14,2070.3,2055.0,2056.99,3628.7645
1779902100.0,2057.0,2061.95,2054.38,2058.83,4307.2066
1779903000.0,2058.82,2059.64,2052.44,2054.66,3342.71
1779903900.0,2054.65,2058.04,2044.08,2052.28,7172.4219
1779904800.0,2052.27,2054.09,2043.31,2046.43,3921.5431
1779905700.0,2046.44,2052.83,2045.0,2052.22,2659.8166
1779906600.0,2052.21,2055.52,2050.01,2054.46,1874.8484
1779907500.0,2054.47,2056.92,2053.81,2056.71,1230.963
1779908400.0,2056.72,2058.66,2054.69,2058.24,1787.6563
1779909300.0,2058.24,2060.43,2055.62,2058.09,1767.5277
1779910200.0,2058.09,2061.16,2056.03,2056.99,2107.5324
1779911100.0,2057.0,2058.47,2054.42,2057.47,1861.7893
1779912000.0,2057.47,2063.51,2057.22,2063.41,2908.533
1779912900.0,2063.42,2066.14,2059.49,2060.87,1964.4202
1779913800.0,2060.88,2062.26,2058.67,2062.26,1039.6531
1779914700.0,2062.26,2064.5,2062.26,2063.29,936.2033
1779915600.0,2063.3,2063.3,2058.65,2059.27,1373.3262
1779916500.0,2059.27,2060.37,2056.35,2056.35,957.9053
1779917400.0,2056.35,2056.35,2024.5,2032.92,10647.8261
1779918300.0,2032.92,2034.59,2016.0,2021.04,14285.0392
1779919200.0,2021.04,2035.0,2016.27,2025.11,8481.9042
1779920100.0,2025.11,2030.63,2020.0,2029.04,4525.2972
1779921000.0,2029.04,2033.06,2025.6,2030.17,3299.4975
1779921900.0,2030.17,2031.07,2025.05,2025.34,2124.9251
1779922800.0,2025.34,2027.08,2023.17,2026.67,2778.1342
1779923700.0,2026.67,2030.19,2018.17,2019.34,5054.1946
1779924600.0,2019.34,2024.11,2019.0,2022.76,2371.9884
1779925500.0,2022.76,2026.14,2020.62,2024.84,2867.472
1779926400.0,2024.83,2026.62,2021.63,2021.93,2230.2582
1779927300.0,2021.94,2027.99,2020.7,2024.59,2506.7666
1779928200.0,2024.6,2027.92,2023.89,2027.68,1341.9124
1779929100.0,2027.68,2029.2,2024.36,2028.23,1181.2002
1779930000.0,2028.23,2029.2,2024.65,2026.67,1007.1551
1779930900.0,2026.67,2028.01,2012.7,2017.13,5409.7397
1779931800.0,2017.12,2022.65,2013.8,2019.48,3654.4114
1779932700.0,2019.48,2023.59,2018.63,2020.32,1581.217
1779933600.0,2020.32,2021.99,2016.21,2021.08,1861.2152
1779934500.0,2021.08,2021.85,2016.0,2017.73,1699.6269
1779935400.0,2017.73,2019.96,2014.77,2018.01,1964.7715
1779936300.0,2018.01,2020.43,2017.0,2017.75,829.3975
1779937200.0,2017.75,2020.96,2010.37,2013.96,2764.8302
1779938100.0,2013.96,2014.66,1972.0,1988.6,39177.9041
1779939000.0,1988.59,1993.2,1983.26,1984.68,10786.3973
1779939900.0,1984.68,1989.08,1977.47,1981.55,12610.774
1779940800.0,1981.55,1986.39,1967.0,1979.22,16888.4407
1779941700.0,1979.22,1980.79,1973.93,1980.39,5866.2053
1779942600.0,1980.39,1985.38,1979.33,1982.68,3754.2847
1779943500.0,1982.68,1982.68,1979.03,1982.33,2578.0412
1779944400.0,1982.33,1983.55,1979.06,1980.0,3464.9796
1779945300.0,1980.01,1980.47,1975.78,1975.92,4766.4534
1779946200.0,1975.92,1980.88,1975.66,1980.09,4187.6965
1779947100.0,1980.1,1980.83,1975.72,1978.52,2710.1378
1779948000.0,1978.52,1980.0,1977.5,1979.28,2562.3248
1779948900.0,1979.27,1981.0,1976.0,1977.87,2442.9669
1779949800.0,1977.87,1978.27,1972.5,1976.44,4824.8054
1779950700.0,1976.44,1984.83,1976.43,1984.07,3500.3387
1779951600.0,1984.07,1987.23,1982.41,1987.11,2430.5235
1779952500.0,1987.11,1991.61,1986.97,1989.23,3244.5754
1779953400.0,1989.23,1996.78,1989.23,1995.6,5858.2604
1779954300.0,1995.61,1995.87,1992.51,1995.56,5680.3956
1779955200.0,1995.56,1996.23,1990.38,1993.02,4165.4757
1779956100.0,1993.02,1993.02,1985.48,1986.91,3025.5479
1779957000.0,1986.91,1991.06,1985.0,1989.25,1998.7983
1779957900.0,1989.25,1991.68,1987.26,1988.26,1612.6505
1779958800.0,1988.27,1991.19,1984.85,1987.97,1886.4211
1779959700.0,1987.96,1991.36,1987.79,1991.18,1236.1051
1779960600.0,1991.17,1993.77,1989.74,1993.61,2492.4733
1779961500.0,1993.61,1995.51,1993.23,1994.04,1567.5256
1779962400.0,1994.04,1998.4,1993.9,1995.74,2361.5125
1779963300.0,1995.74,1996.37,1990.11,1992.85,2657.8579
1779964200.0,1992.86,1995.24,1992.16,1994.1,792.7126
1779965100.0,1994.11,1995.22,1988.71,1990.32,2572.374
1779966000.0,1990.32,1992.72,1988.11,1990.95,2697.9345
1779966900.0,1990.96,1991.95,1987.14,1987.89,2117.2837
1779967800.0,1987.88,1990.89,1986.53,1990.88,931.0034
1779968700.0,1990.89,1991.05,1987.72,1989.89,838.2668
1779969600.0,1989.88,1990.86,1986.53,1986.8,1270.5195
1779970500.0,1986.79,1987.66,1981.57,1985.89,2540.5102
1779971400.0,1985.89,1993.35,1985.89,1991.19,2717.1796
1779972300.0,1991.19,1994.58,1990.75,1991.89,1742.3219
1779973200.0,1991.88,1995.0,1986.56,1986.91,2531.347
1779974100.0,1986.9,1988.5,1979.31,1986.84,3979.6576
1779975000.0,1986.84,1987.23,1975.35,1976.23,6851.8328
1779975900.0,1976.24,1985.5,1976.24,1981.55,6373.5366
1779976800.0,1981.55,1994.51,1967.38,1993.72,13924.3478
1779977700.0,1993.71,2002.5,1986.86,1989.71,10295.4214
1779978600.0,1989.71,1992.65,1981.35,1984.36,6207.9438
1779979500.0,1984.36,1994.1,1981.97,1993.62,4922.8075
1779980400.0,1993.61,1999.4,1988.92,1989.29,4378.2834
1779981300.0,1989.28,1992.95,1983.84,1992.81,3030.0897
1779982200.0,1992.81,1993.1,1987.5,1992.54,2469.7017
1779983100.0,1992.53,1995.8,1989.0,1990.65,2752.6859
1779984000.0,1990.65,1998.0,1985.22,1995.87,4723.7368
1779984900.0,1995.86,2004.81,1993.7,1998.8,5420.2917
1779985800.0,1998.8,2007.11,1998.8,2007.11,4893.2547
1779986700.0,2007.11,2015.0,2005.92,2013.19,6713.5115
1779987600.0,2013.18,2016.41,2009.26,2015.59,3202.52
1779988500.0,2015.59,2016.97,2012.03,2014.62,3654.8827
1779989400.0,2014.61,2021.98,2013.89,2017.98,3641.4673
1779990300.0,2017.97,2027.14,2017.97,2019.51,4667.2517
1779991200.0,2019.51,2027.3,2018.24,2023.97,4919.777
1779992100.0,2023.97,2026.7,2020.16,2021.78,2536.722
1779993000.0,2021.77,2024.98,2021.77,2023.81,1948.9053
1779993900.0,2023.8,2030.0,2023.25,2025.0,2771.3854
1779994800.0,2025.0,2025.01,2018.11,2020.13,2915.8646
1779995700.0,2020.13,2023.44,2018.32,2023.32,1608.8857
1779996600.0,2023.32,2024.35,2018.44,2018.6,1436.4688
1779997500.0,2018.59,2020.6,2014.04,2014.55,2243.4522
1779998400.0,2014.54,2016.5,2006.44,2013.29,4427.5939
1779999300.0,2013.28,2020.03,2012.68,2019.74,1711.8152
1780000200.0,2019.74,2020.03,2016.04,2019.26,1596.953
1780001100.0,2019.26,2019.26,2013.42,2014.11,1045.8349
1780002000.0,2014.12,2021.45,2013.42,2020.22,1830.7016
1780002900.0,2020.22,2023.58,2019.55,2021.22,5045.6101
1780003800.0,2021.21,2024.63,2020.84,2023.51,2313.3949
1780004700.0,2023.5,2023.59,2020.0,2020.17,1616.5593
1780005600.0,2020.17,2022.9,2015.41,2016.19,1800.7499
1780006500.0,2016.19,2016.2,2011.8,2011.8,1359.1892
1780007400.0,2011.8,2011.98,2005.49,2006.24,1658.2913
1780008300.0,2006.23,2010.39,2005.43,2005.6,2126.4395
1780009200.0,2005.6,2008.59,2005.6,2008.45,1358.2747
1780010100.0,2008.46,2011.22,2006.62,2010.71,1264.7524
1780011000.0,2010.71,2011.96,2007.47,2009.02,1269.301
1780011900.0,2009.01,2010.57,2006.45,2009.9,1800.9463
1780012800.0,2009.89,2016.73,2009.89,2015.06,1952.1779
1780013700.0,2015.05,2016.88,2012.79,2014.79,2226.9059
1780014600.0,2014.78,2017.17,2013.03,2016.8,1066.1259
1780015500.0,2016.79,2016.8,2011.47,2012.46,1035.0874
1780016400.0,2012.45,2016.47,2012.45,2013.4,1126.3184
1780017300.0,2013.39,2014.78,2007.25,2007.87,1395.456
1780018200.0,2007.87,2008.94,2006.14,2008.6,1163.4347
1780019100.0,2008.6,2010.77,2005.9,2008.23,1300.8402
1780020000.0,2008.23,2010.62,2006.92,2009.51,1582.1377
1780020900.0,2009.52,2010.21,2001.07,2001.56,2496.5574
1780021800.0,2001.56,2006.07,1999.87,2000.67,2653.2717
1780022700.0,2000.67,2002.72,1997.24,1999.22,2433.0682
1780023600.0,1999.23,2007.86,1999.23,2007.06,1646.7049
1780024500.0,2007.06,2007.07,2003.95,2004.69,668.7027
1780025400.0,2004.69,2005.25,2002.14,2003.45,940.3905
1780026300.0,2003.44,2004.41,2001.2,2002.78,623.3952
1780027200.0,2002.79,2004.85,1998.4,2000.69,2065.399
1780028100.0,2000.7,2004.84,1999.81,2004.72,1304.1357
1780029000.0,2004.72,2007.32,2004.54,2006.08,1043.4187
1780029900.0,2006.08,2008.51,2006.08,2008.51,1242.1413
1780030800.0,2008.51,2015.3,2008.0,2012.45,2692.4858
1780031700.0,2012.45,2013.1,2010.25,2011.31,955.1706
1780032600.0,2011.31,2011.32,2008.25,2009.66,1660.7955
1780033500.0,2009.65,2015.0,2009.31,2014.56,1472.3597
1780034400.0,2014.56,2015.48,2012.17,2015.33,1867.0885
1780035300.0,2015.33,2021.51,2015.33,2015.34,2155.0184
1780036200.0,2015.33,2016.47,2013.92,2014.96,1148.2165
1780037100.0,2014.96,2018.85,2014.67,2018.09,1677.8208
1780038000.0,2018.09,2019.81,2017.07,2019.27,1335.3318
1780038900.0,2019.27,2019.32,2015.23,2016.14,1285.66
1780039800.0,2016.15,2016.15,2003.94,2004.46,6645.2147
1780040700.0,2004.47,2007.93,2003.46,2007.62,5859.6612
1780041600.0,2007.61,2011.9,2007.15,2008.05,1955.2158
1780042500.0,2008.05,2013.91,2007.46,2010.0,3270.8021
1780043400.0,2010.0,2010.63,2008.53,2009.4,5977.5887
1780044300.0,2009.4,2009.7,2005.45,2006.11,989.6236
1780045200.0,2006.11,2013.47,2006.11,2013.28,2043.9069
1780046100.0,2013.29,2015.9,2013.18,2015.77,1487.0809
1780047000.0,2015.76,2016.11,2011.28,2012.89,731.29
1780047900.0,2012.89,2015.0,2011.76,2014.85,1961.8564
1780048800.0,2014.84,2014.85,2013.0,2013.73,1070.0221
1780049700.0,2013.72,2013.73,2011.3,2011.81,1913.7323
1780050600.0,2011.82,2014.18,2009.77,2010.99,914.3132
1780051500.0,2010.99,2012.57,2010.31,2011.1,540.2729
1780052400.0,2011.11,2013.13,2009.41,2012.01,1271.9486
1780053300.0,2012.01,2014.29,2009.5,2010.2,813.9078
1780054200.0,2010.19,2010.77,2005.84,2007.34,1428.3206
1780055100.0,2007.34,2008.15,2002.35,2007.58,2354.1966
1780056000.0,2007.58,2007.58,2000.01,2001.71,2454.6287
1780056900.0,2001.71,2004.35,1999.65,2001.49,1869.5799
1780057800.0,2001.48,2003.16,1995.1,1998.67,3483.6629
1780058700.0,1998.67,2002.26,1995.34,1999.78,1436.1065
1780059600.0,1999.78,1999.78,1994.3,1996.16,1457.6706
1780060500.0,1996.16,1997.29,1993.68,1996.9,1408.8775
1780061400.0,1996.9,2002.89,1988.14,2002.89,8186.7908
1780062300.0,2002.89,2006.16,1997.2,1999.53,3063.9487
1780063200.0,1999.53,2001.89,1992.15,1995.36,4572.996
1780064100.0,1995.37,1996.75,1976.48,1987.26,9302.7639
1780065000.0,1987.27,1993.79,1983.32,1985.8,4533.8145
1780065900.0,1985.79,2004.31,1984.41,2001.84,6983.1352
1780066800.0,2001.85,2022.4,1999.45,2019.93,9488.8807
1780067700.0,2019.94,2026.89,2013.01,2025.23,12110.9732
1780068600.0,2025.24,2046.59,2025.14,2031.33,24559.6948
1780069500.0,2031.33,2034.32,2027.1,2031.62,6154.2261
1780070400.0,2031.62,2040.7,2031.16,2036.95,4650.1961
1780071300.0,2036.95,2037.67,2022.24,2025.18,4917.3355
1780072200.0,2025.18,2043.0,2025.08,2042.21,7615.7259
1780073100.0,2042.2,2042.73,2035.76,2040.45,4462.4862
1780074000.0,2040.46,2043.45,2033.76,2042.48,5082.9365
1780074900.0,2042.49,2044.29,2037.92,2039.86,5282.1461
1780075800.0,2039.86,2041.33,2038.02,2038.35,2418.6709
1780076700.0,2038.36,2038.36,2026.21,2028.27,3581.0696
1780077600.0,2028.28,2031.64,2026.02,2029.82,2044.1972
1780078500.0,2029.83,2030.04,2022.8,2024.26,8510.1028
1780079400.0,2024.26,2027.4,2022.57,2025.27,2720.6089
1780080300.0,2025.27,2025.27,2006.21,2011.41,7157.9551
1780081200.0,2011.41,2016.89,2009.17,2013.0,1874.6021
1780082100.0,2013.01,2013.31,2005.0,2010.83,2340.4968
1780083000.0,2010.83,2022.2,2010.83,2021.01,3375.9813
1780083900.0,2021.01,2021.58,2016.9,2016.96,1325.9056
1780084800.0,2016.96,2020.67,2015.0,2019.11,1309.0991
1780085700.0,2019.1,2023.84,2017.3,2021.01,1682.1142
1780086600.0,2021.01,2022.69,2019.49,2020.91,827.7868
1780087500.0,2020.91,2021.85,2016.24,2018.17,856.638
1780088400.0,2018.17,2023.99,2017.3,2021.69,1265.3613
1780089300.0,2021.7,2021.7,2010.59,2012.22,2277.1663
1780090200.0,2012.22,2015.67,2010.45,2015.38,1384.8229
1780091100.0,2015.38,2016.17,2008.23,2009.4,1870.2829
1780092000.0,2009.41,2011.4,2007.78,2010.06,2291.9673
1780092900.0,2010.05,2017.24,2009.64,2014.94,2167.0505
1780093800.0,2014.95,2016.09,2012.01,2014.15,1352.923
1780094700.0,2014.15,2015.68,2011.18,2013.83,1303.9973
1780095600.0,2013.83,2014.44,2009.85,2010.74,3452.1252
1780096500.0,2010.75,2012.69,2007.73,2009.12,2766.9173
1780097400.0,2009.12,2012.47,2007.0,2012.47,1160.0109
1780098300.0,2012.46,2015.6,2011.29,2014.54,1304.694
1780099200.0,2014.54,2015.97,2011.98,2014.2,904.8359
1780100100.0,2014.19,2016.08,2012.69,2012.79,629.3427
1780101000.0,2012.79,2014.86,2010.69,2013.83,714.7933
1780101900.0,2013.83,2016.18,2013.59,2014.74,879.7564
1780102800.0,2014.75,2018.75,2013.67,2017.6,890.1915
1780103700.0,2017.6,2020.35,2016.5,2020.35,651.4637
1780104600.0,2020.34,2021.55,2017.08,2017.48,2294.5456
1780105500.0,2017.48,2019.7,2017.35,2019.46,886.6614
1780106400.0,2019.46,2021.11,2019.45,2020.02,723.4556
1780107300.0,2020.02,2020.75,2017.12,2017.79,462.5005
1780108200.0,2017.79,2020.61,2017.79,2020.16,686.2582
1780109100.0,2020.15,2021.34,2019.28,2021.34,386.3128
1780110000.0,2021.34,2022.79,2019.0,2022.6,1191.6719
1780110900.0,2022.59,2023.55,2019.91,2019.92,813.7282
1780111800.0,2019.92,2019.92,2014.74,2015.52,1720.6652
1780112700.0,2015.52,2017.48,2015.51,2016.83,809.1085
1780113600.0,2016.83,2018.44,2010.0,2015.2,1561.508
1780114500.0,2015.2,2015.21,2008.45,2009.11,1206.2453
1780115400.0,2009.1,2009.58,2002.0,2007.29,4318.3908
1780116300.0,2007.3,2010.81,2006.04,2010.8,1268.2592
1780117200.0,2010.81,2019.5,2008.02,2014.76,4109.7133
1780118100.0,2014.76,2015.97,2013.26,2013.39,574.6144
1780119000.0,2013.39,2015.66,2013.0,2015.65,527.891
1780119900.0,2015.66,2017.29,2015.25,2015.95,494.6267
1780120800.0,2015.95,2015.95,2012.86,2014.54,343.7847
1780121700.0,2014.53,2017.15,2014.02,2016.92,1246.9878
1780122600.0,2016.92,2020.56,2016.92,2019.26,2446.6175
1780123500.0,2019.26,2019.82,2016.27,2016.98,2054.2575
1780124400.0,2016.99,2017.1,2015.0,2015.93,770.2033
1780125300.0,2015.93,2017.88,2015.12,2017.43,522.6857
1780126200.0,2017.42,2017.58,2013.81,2013.82,694.4622
1780127100.0,2013.82,2016.32,2013.62,2016.32,610.399
1780128000.0,2016.32,2016.32,2014.46,2014.8,247.9322
1780128900.0,2014.8,2016.11,2013.92,2015.16,444.2175
1780129800.0,2015.16,2015.75,2014.24,2014.7,373.5335
1780130700.0,2014.7,2015.39,2014.0,2014.16,351.843
1780131600.0,2014.16,2015.97,2013.92,2015.83,431.1424
1780132500.0,2015.82,2017.05,2014.53,2016.25,401.1125
1780133400.0,2016.25,2016.53,2015.07,2015.9,341.7279
1780134300.0,2015.9,2017.27,2015.9,2016.79,430.4178
1780135200.0,2016.79,2018.0,2016.34,2017.47,589.3492
1780136100.0,2017.47,2022.0,2017.46,2018.94,2908.3658
1780137000.0,2018.94,2020.46,2018.93,2020.31,450.1571
1780137900.0,2020.31,2020.32,2017.45,2017.98,429.5662
1780138800.0,2017.99,2018.03,2016.55,2016.83,438.139
1780139700.0,2016.83,2017.08,2015.19,2016.67,649.9751
1780140600.0,2016.67,2019.05,2016.66,2018.69,380.0765
1780141500.0,2018.7,2018.7,2017.09,2017.4,461.7557
1780142400.0,2017.4,2017.77,2017.14,2017.15,321.6251
1780143300.0,2017.15,2019.71,2017.15,2018.99,759.5477
1780144200.0,2019.0,2019.6,2017.68,2017.9,523.3877
1780145100.0,2017.91,2020.35,2017.14,2019.86,634.6139
1780146000.0,2019.85,2021.49,2019.62,2020.22,689.4853
1780146900.0,2020.22,2022.77,2018.95,2020.62,1131.7885
1780147800.0,2020.63,2020.63,2017.44,2019.81,840.1243
1780148700.0,2019.82,2020.78,2018.88,2020.73,504.9039
1780149600.0,2020.73,2026.02,2020.61,2023.43,1758.6056
1780150500.0,2023.42,2029.2,2022.07,2027.67,3069.0792
1780151400.0,2027.68,2030.62,2027.0,2028.62,4320.8826
1780152300.0,2028.62,2028.62,2025.38,2026.6,892.7909
1780153200.0,2026.59,2032.0,2024.47,2031.03,2307.2765
1780154100.0,2031.03,2031.19,2024.75,2026.74,2113.9901
1780155000.0,2026.75,2027.3,2024.2,2024.75,1038.1678
1780155900.0,2024.75,2027.74,2024.65,2026.61,1839.6973
1780156800.0,2026.63,2028.13,2024.35,2027.52,900.3503
1780157700.0,2027.51,2027.8,2024.96,2025.64,753.8455
1780158600.0,2025.64,2028.33,2025.63,2026.7,1255.2377
1780159500.0,2026.71,2027.26,2025.35,2027.09,492.1873
1780160400.0,2027.09,2027.22,2024.57,2026.19,856.5622
1780161300.0,2026.2,2029.01,2025.51,2026.4,637.3946
1780162200.0,2026.4,2026.4,2019.5,2024.37,3291.6361
1780163100.0,2024.37,2027.52,2024.37,2027.17,1016.1492
1780164000.0,2027.17,2028.32,2026.22,2026.8,1471.0881
1780164900.0,2026.81,2029.32,2024.56,2024.87,848.3169
1780165800.0,2024.87,2029.23,2024.86,2029.23,503.6824
1780166700.0,2029.23,2030.01,2026.51,2027.59,973.3972
1780167600.0,2027.59,2027.59,2025.63,2026.22,641.1197
1780168500.0,2026.22,2027.85,2025.3,2025.3,359.6013
1780169400.0,2025.31,2027.46,2024.54,2027.12,915.4472
1780170300.0,2027.12,2029.12,2027.12,2028.76,754.4057
1780171200.0,2028.77,2029.68,2027.54,2028.59,545.2134
1780172100.0,2028.59,2029.19,2028.0,2028.01,506.571
1780173000.0,2028.0,2028.01,2026.11,2026.52,566.8129
1780173900.0,2026.52,2027.73,2025.7,2027.05,2648.9564
1780174800.0,2027.05,2029.87,2027.05,2029.52,421.6566
1780175700.0,2029.52,2031.0,2028.92,2030.42,933.1148
1780176600.0,2030.41,2031.41,2029.01,2029.58,543.3238
1780177500.0,2029.57,2030.81,2027.85,2028.15,835.2873
1780178400.0,2028.15,2028.15,2021.59,2024.66,1779.1422
1780179300.0,2024.66,2026.4,2023.37,2024.52,653.5594
1780180200.0,2024.52,2024.69,2020.94,2020.94,677.6869
1780181100.0,2020.95,2023.69,2020.94,2023.57,526.629
1780182000.0,2023.56,2026.1,2021.2,2021.24,715.977
1780182900.0,2021.23,2023.23,2020.48,2022.19,510.3973
1780183800.0,2022.19,2022.2,2020.35,2020.53,406.2607
1780184700.0,2020.53,2022.68,2020.53,2022.44,565.3092
1780185600.0,2022.44,2023.83,2020.83,2022.68,780.5596
1780186500.0,2022.67,2027.83,2022.28,2025.21,871.3977
1780187400.0,2025.2,2026.45,2024.15,2024.88,422.9528
1780188300.0,2024.87,2027.3,2023.83,2027.12,473.4129
1780189200.0,2027.11,2029.41,2026.85,2028.69,695.2126
1780190100.0,2028.7,2034.23,2028.7,2030.07,2430.4351
1780191000.0,2030.06,2033.62,2028.79,2029.05,848.464
1780191900.0,2029.05,2031.68,2028.6,2029.11,422.3228
1780192800.0,2029.11,2033.18,2029.1,2033.18,1292.4507
1780193700.0,2033.17,2038.0,2027.81,2027.95,2951.1359
1780194600.0,2027.96,2033.09,2027.95,2030.21,2024.812
1780195500.0,2030.2,2035.18,2029.0,2034.36,1521.4715
1780196400.0,2034.35,2035.54,2032.12,2034.03,671.9331
1780197300.0,2034.03,2036.88,2032.72,2036.21,1274.7796
1780198200.0,2036.21,2036.56,2033.85,2034.86,579.0978
1780199100.0,2034.86,2035.48,2033.41,2033.41,445.9693
1780200000.0,2033.41,2034.12,2031.36,2031.51,518.3741
1780200900.0,2031.52,2034.99,2031.27,2033.55,450.8318
1780201800.0,2033.56,2034.04,2032.12,2033.54,634.8861
1780202700.0,2033.54,2034.42,2032.26,2033.91,361.1723
1780203600.0,2033.9,2033.9,2032.12,2032.12,425.6157
1780204500.0,2032.12,2032.61,2030.88,2032.18,615.9358
1780205400.0,2032.19,2032.92,2030.34,2030.56,585.6789
1780206300.0,2030.57,2030.93,2029.29,2030.18,1178.6575
1780207200.0,2030.18,2030.18,2028.52,2029.21,748.2584
1780208100.0,2029.21,2030.9,2029.19,2029.47,596.5622
1780209000.0,2029.46,2030.66,2028.88,2030.3,343.6003
1780209900.0,2030.31,2030.93,2029.42,2029.87,893.2351
1780210800.0,2029.87,2029.87,2025.59,2026.43,1046.7796
1780211700.0,2026.43,2027.31,2024.65,2025.31,772.9105
1780212600.0,2025.31,2025.32,2022.78,2023.39,1165.8097
1780213500.0,2023.39,2025.4,2023.0,2024.01,823.7672
1780214400.0,2024.02,2028.42,2024.01,2026.0,1064.1477
1780215300.0,2026.0,2027.76,2026.0,2026.95,1691.44
1780216200.0,2026.95,2026.95,2022.85,2023.93,1423.8416
1780217100.0,2023.93,2029.11,2023.2,2027.63,1946.0907
1780218000.0,2027.64,2027.83,2025.0,2025.42,955.3889
1780218900.0,2025.41,2028.06,2024.65,2026.89,1233.4082
1780219800.0,2026.89,2028.6,2026.09,2027.22,595.837
1780220700.0,2027.21,2028.26,2018.35,2021.13,2533.6718
1780221600.0,2021.13,2021.65,2018.05,2020.04,2544.3223
1780222500.0,2020.05,2020.09,2015.34,2018.56,2434.4391
1780223400.0,2018.56,2019.46,2017.31,2018.27,820.3722
1780224300.0,2018.27,2021.23,2017.24,2021.05,881.1011
1780225200.0,2021.05,2024.12,2021.04,2021.97,809.2967
1780226100.0,2021.96,2023.2,2021.24,2023.19,274.451
1780227000.0,2023.2,2023.99,2021.95,2023.01,703.3556
1780227900.0,2023.02,2023.78,2022.03,2023.27,1087.9758
1780228800.0,2023.28,2023.99,2019.69,2022.08,1144.1683
1780229700.0,2022.07,2025.16,2022.07,2023.53,1038.6444
1780230600.0,2023.53,2024.9,2022.55,2024.88,821.7073
1780231500.0,2024.88,2025.05,2021.35,2022.35,504.5687
1780232400.0,2022.35,2024.74,2021.42,2023.87,1107.887
1780233300.0,2023.86,2026.5,2023.3,2024.44,749.107
1780234200.0,2024.45,2025.31,2022.2,2022.57,871.5572
1780235100.0,2022.56,2023.58,2019.78,2020.5,1369.0997
1780236000.0,2020.5,2021.69,2011.85,2015.81,2961.6925
1780236900.0,2015.8,2018.3,2005.83,2011.24,7031.2135
1780237800.0,2011.24,2013.5,2007.73,2009.03,2498.0667
1780238700.0,2009.03,2012.35,2006.13,2008.06,2016.5776
1780239600.0,2008.06,2011.37,2007.57,2011.32,1810.17
1780240500.0,2011.32,2015.22,2010.72,2013.54,1309.63
1780241400.0,2013.54,2014.6,2008.5,2009.57,1963.8637
1780242300.0,2009.57,2013.34,2009.57,2010.52,1935.9745
1780243200.0,2010.52,2012.42,2006.46,2007.14,2025.1543
1780244100.0,2007.13,2009.26,2003.61,2007.15,2846.6212
1780245000.0,2007.16,2007.16,1997.72,2000.69,6747.178
1780245900.0,2000.68,2003.18,1999.05,2002.09,2451.6011
1780246800.0,2002.09,2003.9,1996.21,2000.36,3891.6733
1780247700.0,2000.36,2002.81,1999.64,2002.6,2088.4284
1780248600.0,2002.59,2007.33,2002.59,2005.35,2576.4834
1780249500.0,2005.35,2007.69,2004.86,2006.0,1951.6701
1780250400.0,2006.0,2006.07,2002.0,2002.7,2335.4057
1780251300.0,2002.71,2003.97,2001.02,2002.84,1838.7247
1780252200.0,2002.84,2005.0,2000.9,2000.9,1585.0597
1780253100.0,2000.9,2001.15,1999.0,2000.68,1861.401
1780254000.0,2000.69,2002.49,1998.41,1998.57,1593.2098
1780254900.0,1998.56,2000.2,1994.48,1997.38,2639.3185
1780255800.0,1997.38,1998.78,1993.75,1997.96,2486.1278
1780256700.0,1997.97,2000.0,1997.57,1999.59,1726.428
1780257600.0,1999.58,2003.62,1999.58,2001.5,2864.6303
1780258500.0,2001.5,2004.86,2000.97,2002.92,1517.677
1780259400.0,2002.92,2004.04,2002.29,2003.26,1312.1414
1780260300.0,2003.26,2008.25,2003.26,2007.09,1908.8642
1780261200.0,2007.09,2007.43,2005.0,2006.44,2115.4434
1780262100.0,2006.44,2010.0,2006.41,2007.04,2209.664
1780263000.0,2007.04,2010.11,2006.48,2009.2,1812.5041
1780263900.0,2009.2,2014.28,2009.2,2012.18,5118.1239
1780264800.0,2012.18,2014.42,2004.47,2011.72,3913.9283
1780265700.0,2011.72,2013.7,2007.46,2009.88,2432.0801
1780266600.0,2009.88,2014.17,2009.82,2011.27,2090.6165
1780267500.0,2011.28,2014.17,2011.28,2012.43,2198.9663
1780268400.0,2012.43,2023.0,2012.42,2013.91,5218.714
1780269300.0,2013.91,2015.27,2008.29,2008.86,2610.5955
1780270200.0,2008.86,2009.16,2000.11,2003.1,4213.9622
1780271100.0,2003.11,2007.74,2002.95,2007.01,2551.5492
1780272000.0,2007.02,2015.42,1997.0,2011.6,20376.0786
1780272900.0,2011.6,2017.49,2008.36,2016.96,3907.3157
1780273800.0,2016.97,2021.5,2012.07,2016.01,4253.6941
1780274700.0,2016.01,2019.57,2014.7,2015.44,3138.0155
1780275600.0,2015.44,2016.73,2004.61,2005.26,3862.3352
1780276500.0,2005.27,2007.84,2002.15,2004.29,3501.7977
1780277400.0,2004.29,2006.91,2000.0,2001.72,3185.8382
1780278300.0,2001.72,2004.85,1994.12,1994.7,4102.2441
1780279200.0,1994.7,2006.08,1991.31,2005.26,4765.6047
1780280100.0,2005.26,2005.75,2002.36,2004.59,2251.1144
1780281000.0,2004.58,2017.89,2001.9,2012.55,5030.9576
1780281900.0,2012.54,2014.57,2010.3,2011.47,2921.3987
1780282800.0,2011.47,2018.09,2011.31,2013.41,3836.2486
1780283700.0,2013.42,2016.81,2010.93,2015.01,3127.5782
1780284600.0,2015.02,2016.98,2010.93,2012.33,2575.5086
1780285500.0,2012.34,2014.25,2008.66,2009.09,2323.3906
1780286400.0,2009.09,2011.97,2002.35,2003.21,2415.4301
1780287300.0,2003.21,2004.35,1995.38,1995.81,3883.4535
1780288200.0,1995.82,2000.11,1995.4,1999.9,2198.6697
1780289100.0,1999.91,2002.4,1993.91,1999.99,1937.0602
1780290000.0,1999.98,2001.27,1997.78,2000.0,1205.3177
1780290900.0,2000.0,2001.27,1993.21,1993.3,1908.7495
1780291800.0,1993.31,1996.7,1991.65,1996.5,4546.1745
1780292700.0,1996.49,1998.14,1994.09,1994.55,976.1031
1780293600.0,1994.56,1995.34,1988.71,1992.06,2263.0789
1780294500.0,1992.07,1993.42,1984.35,1986.4,3135.205
1780295400.0,1986.4,1989.2,1982.12,1982.13,2899.7682
1780296300.0,1982.12,1988.92,1980.14,1988.07,3418.6142
1780297200.0,1988.08,1990.62,1985.0,1989.12,1798.9728
1780298100.0,1989.12,1990.1,1985.23,1985.69,1695.2868
1780299000.0,1985.68,1985.69,1979.16,1983.28,3492.2632
1780299900.0,1983.28,1984.28,1971.7,1976.43,5815.9529
1780300800.0,1976.42,1979.98,1975.48,1978.6,2973.1096
1780301700.0,1978.6,1979.59,1973.72,1975.76,4478.7905
1780302600.0,1975.76,1982.37,1969.9,1979.02,13698.8285
1780303500.0,1979.02,1985.07,1978.31,1983.96,2909.0726
1780304400.0,1983.96,1987.03,1983.94,1985.95,1942.1749
1780305300.0,1985.94,1990.11,1985.39,1986.98,2044.7182
1780306200.0,1986.98,1988.76,1985.01,1987.82,1519.1134
1780307100.0,1987.83,1989.8,1986.24,1987.53,3780.2696
1780308000.0,1987.53,1988.92,1984.49,1984.9,2177.9612
1780308900.0,1984.9,1986.39,1981.88,1983.67,1403.4313
1780309800.0,1983.66,1987.05,1980.99,1985.09,2892.9805
1780310700.0,1985.1,1987.04,1983.68,1984.49,2095.3085
1780311600.0,1984.49,1985.93,1983.03,1984.08,986.7616
1780312500.0,1984.07,1986.12,1983.56,1984.0,777.9733
1780313400.0,1983.99,1986.1,1981.88,1985.9,1622.2596
1780314300.0,1985.9,1986.89,1977.07,1981.44,3827.7267
1780315200.0,1981.44,1984.77,1967.51,1976.67,7515.8312
1780316100.0,1976.67,1988.73,1976.01,1987.18,4062.8051
1780317000.0,1987.19,1993.35,1984.58,1992.95,3181.3999
1780317900.0,1992.94,1994.39,1987.27,1989.55,2078.7451
1780318800.0,1989.55,1990.29,1971.62,1975.79,6610.1183
1780319700.0,1975.79,1981.42,1972.9,1976.97,4283.1098
1780320600.0,1976.98,1983.46,1973.37,1974.67,6985.5628
1780321500.0,1974.67,1980.96,1956.04,1971.22,17506.4128
1780322400.0,1971.22,1977.34,1964.64,1969.29,8595.2559
1780323300.0,1969.28,1972.24,1966.37,1968.4,6039.2948
1780324200.0,1968.4,1970.67,1965.06,1967.84,3882.8983
1780325100.0,1967.84,1971.69,1965.1,1968.63,3290.5808
1780326000.0,1968.64,1974.65,1968.09,1970.41,2932.8065
1780326900.0,1970.41,1970.82,1960.25,1961.61,4417.4734
1780327800.0,1961.6,1980.24,1961.29,1974.42,6878.97
1780328700.0,1974.42,1975.52,1967.13,1968.45,2684.9096
1780329600.0,1968.45,1971.9,1958.79,1967.19,6432.9518
1780330500.0,1967.19,1971.18,1964.08,1971.18,4908.0818
1780331400.0,1971.17,1974.16,1969.8,1971.95,3066.4745
1780332300.0,1971.94,1978.97,1971.94,1978.15,5429.0966
1780333200.0,1978.14,1985.0,1977.72,1983.74,5870.2301
1780334100.0,1983.73,1992.27,1981.81,1991.16,6194.0129
1780335000.0,1991.15,1994.12,1986.46,1993.46,6891.4594
1780335900.0,1993.46,1996.73,1990.3,1990.62,3031.7531
1780336800.0,1990.62,1992.23,1983.45,1985.0,2559.7738
1780337700.0,1984.99,1992.16,1983.72,1992.15,2212.8008
1780338600.0,1992.16,1995.32,1991.11,1992.62,2634.0679
1780339500.0,1992.61,1996.0,1991.32,1992.72,4768.1187
1780340400.0,1992.72,1995.51,1992.21,1994.88,4511.0555
1780341300.0,1994.88,2002.6,1992.23,2002.41,4083.1645
1780342200.0,2002.41,2008.83,2001.42,2006.52,4622.8662
1780343100.0,2006.51,2006.69,2003.23,2004.53,2692.6302
1780344000.0,2004.53,2005.06,2001.36,2002.88,1930.1449
1780344900.0,2002.88,2006.69,2001.14,2005.16,2373.2303
1780345800.0,2005.16,2008.7,2004.64,2007.78,1792.5231
1780346700.0,2007.78,2007.94,2003.63,2005.57,1618.7058
1780347600.0,2005.56,2009.2,1995.0,1999.65,8673.8956
1780348500.0,1999.65,2000.22,1992.94,1995.21,2162.3946
1780349400.0,1995.2,1995.86,1992.59,1993.38,2380.4784
1780350300.0,1993.37,1999.34,1992.86,1994.57,3041.7763
1780351200.0,1994.57,1994.57,1984.5,1990.37,3355.4533
1780352100.0,1990.36,2003.0,1989.33,1999.79,3823.5077
1780353000.0,1999.8,2001.31,1992.34,1995.85,1767.6851
1780353900.0,1995.85,2006.0,1995.85,2004.43,3477.5919
1780354800.0,2004.42,2006.91,2001.2,2002.8,4245.1561
1780355700.0,2002.8,2007.59,1998.52,1998.67,2426.7463
1780356600.0,1998.67,2008.38,1998.13,2004.98,2825.5008
1780357500.0,2004.98,2007.88,2003.7,2006.73,1799.0808
1780358400.0,2006.73,2006.78,2003.06,2003.8,2055.3744
1780359300.0,2003.79,2005.23,1998.0,2000.8,2649.2
1780360200.0,2000.8,2002.39,1995.38,1997.93,1281.005
1780361100.0,1997.93,2000.09,1996.18,1996.44,756.0794
1780362000.0,1996.43,1998.65,1992.47,1998.65,1742.418
1780362900.0,1998.64,1999.0,1991.65,1992.3,1624.5088
1780363800.0,1992.29,1993.5,1982.47,1986.48,4047.8284
1780364700.0,1986.49,1986.58,1979.49,1980.15,2678.3987
1780365600.0,1980.15,1981.31,1962.76,1972.68,6364.4064
1780366500.0,1972.68,1990.0,1968.56,1988.78,5431.7149
1780367400.0,1988.77,1994.52,1985.0,1985.52,3944.9384
1780368300.0,1985.51,1997.08,1984.71,1997.07,3537.3952
1780369200.0,1997.08,2002.67,1995.14,1998.72,3470.1559
1780370100.0,1998.72,2002.0,1996.14,2001.08,2485.4773
1780371000.0,2001.08,2005.0,1999.49,2004.12,3057.6092
1780371900.0,2004.12,2004.97,2002.09,2003.94,1565.7307
1780372800.0,2003.94,2005.9,1996.91,1998.25,3073.4237
1780373700.0,1998.25,2006.44,1998.25,2004.46,2223.0027
1780374600.0,2004.46,2005.41,2001.08,2002.2,1693.6632
1780375500.0,2002.2,2002.2,1995.95,1996.85,2036.6503
1780376400.0,1996.86,2001.23,1990.11,2000.11,3259.6209
1780377300.0,2000.11,2000.58,1991.61,1992.09,2365.9201
1780378200.0,1992.1,1995.92,1987.51,1991.91,3001.2216
1780379100.0,1991.92,1992.08,1985.0,1985.01,4786.5399
1780380000.0,1985.01,1988.65,1980.37,1982.23,3806.7755
1780380900.0,1982.23,1985.49,1979.4,1985.0,1888.1561
1780381800.0,1985.01,1988.88,1984.25,1984.3,2611.9133
1780382700.0,1984.3,1987.4,1978.14,1982.38,4095.2754
1780383600.0,1982.39,1984.0,1973.88,1981.42,3292.0127
1780384500.0,1981.42,1990.0,1977.11,1978.76,3362.6844
1780385400.0,1978.77,1989.27,1978.46,1986.43,3778.9726
1780386300.0,1986.43,1986.44,1981.88,1981.88,2257.1196
1780387200.0,1981.89,1984.93,1979.09,1983.98,2108.9371
1780388100.0,1983.96,1989.0,1980.0,1985.71,3619.1806
1780389000.0,1985.71,1988.67,1980.72,1980.73,1349.7199
1780389900.0,1980.72,1982.68,1977.0,1979.21,1905.7202
1780390800.0,1979.22,1979.78,1970.99,1972.72,4023.7777
1780391700.0,1972.72,1973.27,1966.69,1969.27,3828.7513
1780392600.0,1969.27,1976.05,1967.9,1972.63,2486.077
1780393500.0,1972.63,1976.54,1969.96,1975.28,5933.1687
1780394400.0,1975.27,1980.0,1971.75,1978.01,10556.7136
1780395300.0,1978.01,1980.27,1976.5,1979.53,1911.0044
1780396200.0,1979.53,1980.74,1975.5,1976.04,1856.9758
1780397100.0,1976.04,1983.88,1976.0,1983.49,1808.5157
1780398000.0,1983.49,1983.72,1979.27,1981.19,1328.2016
1780398900.0,1981.2,1981.2,1977.2,1977.62,1163.7353
1780399800.0,1977.62,1979.92,1975.8,1978.41,2318.4668
1780400700.0,1978.41,1981.89,1978.08,1978.53,1418.5285
1780401600.0,1978.53,1981.96,1975.34,1977.73,2134.4028
1780402500.0,1977.74,1982.75,1975.57,1979.99,1452.3303
1780403400.0,1979.99,1980.09,1972.57,1979.15,9443.5805
1780404300.0,1979.15,1980.0,1975.34,1976.27,1643.9498
1780405200.0,1976.28,1979.92,1973.19,1973.32,3437.9406
1780406100.0,1973.32,1981.0,1973.32,1979.69,3372.8273
1780407000.0,1979.69,1981.79,1970.5,1976.62,4204.0942
1780407900.0,1976.61,1979.44,1971.93,1974.33,2768.0224
1780408800.0,1974.34,1975.22,1960.0,1967.9,5498.9587
1780409700.0,1967.9,1968.18,1925.8,1936.77,34521.1992
1780410600.0,1936.76,1948.0,1932.03,1936.28,11648.6827
1780411500.0,1936.28,1945.62,1936.05,1941.36,5017.1227
1780412400.0,1941.35,1941.59,1931.85,1934.83,11582.2949
1780413300.0,1934.83,1934.86,1907.03,1912.75,30186.2371
1780414200.0,1912.75,1912.99,1890.0,1909.19,30559.5103
1780415100.0,1909.19,1918.64,1906.41,1914.81,7748.1317
1780416000.0,1914.81,1934.05,1909.57,1933.4,11604.7724
1780416900.0,1933.4,1943.87,1928.24,1931.29,10233.3883
1780417800.0,1931.28,1931.94,1923.01,1925.0,6063.8253
1780418700.0,1925.0,1930.0,1919.83,1920.59,4563.659
1780419600.0,1920.59,1927.51,1919.59,1925.35,4015.5337
1780420500.0,1925.35,1931.53,1923.03,1928.07,2727.8481
1780421400.0,1928.07,1931.19,1922.93,1923.89,2438.0175
1780422300.0,1923.89,1924.69,1920.9,1924.18,3112.9769
1780423200.0,1924.18,1928.0,1922.52,1922.64,2243.0125
1780424100.0,1922.65,1923.76,1912.3,1913.55,3073.187
1780425000.0,1913.56,1915.36,1909.11,1912.36,3897.1667
1780425900.0,1912.37,1913.93,1903.38,1913.11,4687.3794
1780426800.0,1913.11,1916.47,1910.73,1915.03,2938.0642
1780427700.0,1915.02,1915.44,1903.08,1904.26,4710.6673
1780428600.0,1904.27,1905.68,1881.01,1902.48,22976.4404
1780429500.0,1902.49,1917.8,1900.15,1912.28,6736.4618
1780430400.0,1912.28,1919.01,1907.14,1914.5,5347.6344
1780431300.0,1914.5,1914.85,1895.53,1896.48,4440.8665
1780432200.0,1896.48,1905.32,1896.18,1901.0,4030.8596
1780433100.0,1900.99,1911.25,1900.0,1906.74,4677.5024
1780434000.0,1906.75,1911.45,1900.1,1901.9,4054.2475
1780434900.0,1901.9,1910.76,1901.47,1909.68,3013.1726
1780435800.0,1909.67,1910.46,1903.92,1904.88,2803.6272
1780436700.0,1904.89,1905.46,1897.23,1900.34,2073.1058
1780437600.0,1900.35,1900.35,1888.74,1888.99,5191.8921
1780438500.0,1889.0,1909.59,1873.92,1901.03,20891.122
1780439400.0,1901.02,1901.91,1888.49,1892.43,6823.3393
1780440300.0,1892.42,1892.42,1862.23,1868.77,20306.7017
1780441200.0,1868.78,1872.74,1855.61,1872.16,16839.3413
1780442100.0,1872.17,1873.37,1839.02,1848.35,29152.7647
1780443000.0,1848.35,1856.03,1839.79,1855.57,14577.8845
1780443900.0,1855.56,1862.49,1853.17,1859.84,9577.1276
1780444800.0,1859.84,1868.9,1854.62,1867.95,9200.4045
1780445700.0,1867.95,1874.11,1863.38,1863.89,7937.3353
1780446600.0,1863.9,1872.82,1860.51,1870.19,3653.7727
1780447500.0,1870.19,1871.75,1867.34,1867.35,6013.645
1780448400.0,1867.35,1867.86,1855.59,1859.02,4263.4862
1780449300.0,1859.03,1868.48,1858.37,1867.93,3030.3916
1780450200.0,1867.93,1870.01,1850.0,1851.38,4774.9366
1780451100.0,1851.39,1867.22,1851.39,1864.51,5160.6867
1780452000.0,1864.52,1864.94,1857.41,1859.59,7333.6774
1780452900.0,1859.59,1862.56,1852.21,1853.64,3812.4477
1780453800.0,1853.64,1859.64,1852.35,1855.5,11187.224
1780454700.0,1855.51,1856.68,1851.2,1854.09,3351.0599
1780455600.0,1854.09,1856.71,1845.41,1851.99,5672.1341
1780456500.0,1851.99,1855.46,1841.47,1843.64,10891.8899
1780457400.0,1843.64,1847.99,1823.78,1824.35,19139.5709
1780458300.0,1824.35,1835.0,1816.92,1828.24,17367.7606
1780459200.0,1828.24,1846.55,1827.65,1840.31,8040.9479
1780460100.0,1840.31,1847.54,1838.25,1844.78,3912.7191
1780461000.0,1844.78,1845.34,1838.94,1844.42,5258.3804
1780461900.0,1844.42,1852.0,1840.8,1850.84,7511.4559
1780462800.0,1850.84,1873.62,1849.99,1868.37,16569.2955
1780463700.0,1868.37,1874.22,1865.67,1870.46,4665.0708
1780464600.0,1870.46,1870.46,1858.82,1865.6,3947.2788
1780465500.0,1865.6,1876.12,1864.74,1873.45,6435.9099
1780466400.0,1873.44,1875.54,1871.14,1874.62,2943.7972
1780467300.0,1874.61,1875.48,1872.01,1872.49,3262.6129
1780468200.0,1872.49,1884.41,1871.3,1880.82,7216.5646
1780469100.0,1880.82,1881.88,1870.28,1871.87,6743.4165
1780470000.0,1871.87,1876.5,1867.97,1873.66,3511.0576
1780470900.0,1873.66,1879.81,1871.97,1877.14,3048.1879
1780471800.0,1877.13,1879.79,1873.32,1876.81,3585.5407
1780472700.0,1876.81,1880.38,1876.64,1878.39,3784.4154
1780473600.0,1878.39,1880.0,1874.84,1874.85,2057.903
1780474500.0,1874.85,1876.65,1873.32,1875.33,2468.66
1780475400.0,1875.33,1881.0,1874.4,1879.43,3248.2033
1780476300.0,1879.43,1883.43,1878.09,1880.02,3820.9541
1780477200.0,1880.01,1882.96,1878.7,1879.0,2399.8116
1780478100.0,1879.01,1880.64,1876.82,1877.06,3918.9006
1780479000.0,1877.06,1877.79,1872.17,1872.43,4353.6755
1780479900.0,1872.44,1886.58,1869.95,1876.28,7625.6673
1780480800.0,1876.28,1893.07,1875.01,1885.01,6627.0996
1780481700.0,1885.0,1886.92,1882.02,1886.5,2320.482
1780482600.0,1886.5,1888.27,1882.87,1883.45,2045.7236
1780483500.0,1883.45,1885.24,1882.22,1884.79,2137.0047
1780484400.0,1884.79,1888.0,1882.93,1888.0,2064.178
1780485300.0,1887.99,1888.29,1884.5,1886.84,2478.4353
1780486200.0,1886.83,1886.83,1879.39,1881.17,2676.833
1780487100.0,1881.17,1881.17,1876.12,1878.16,3000.5058
1780488000.0,1878.17,1879.29,1872.95,1874.69,2530.5516
1780488900.0,1874.68,1874.68,1868.02,1873.59,5428.8896
1780489800.0,1873.58,1880.0,1868.26,1872.62,4007.0797
1780490700.0,1872.62,1879.57,1871.6,1876.4,2413.3583
1780491600.0,1876.41,1879.68,1869.34,1874.38,4255.7586
1780492500.0,1874.38,1878.3,1867.67,1867.83,2755.6989
1780493400.0,1867.84,1877.0,1863.01,1864.49,6231.5698
1780494300.0,1864.49,1872.56,1861.35,1867.64,5532.4651
1780495200.0,1867.64,1868.72,1862.0,1865.54,3729.7459
1780496100.0,1865.55,1866.47,1854.53,1858.26,5871.9497
1780497000.0,1858.26,1862.09,1852.8,1853.81,3543.7889
1780497900.0,1853.81,1859.22,1852.82,1858.51,2431.8585
1780498800.0,1858.51,1859.75,1847.84,1851.32,5776.4957
1780499700.0,1851.32,1856.56,1844.47,1853.7,9381.0096
1780500600.0,1853.7,1856.0,1843.09,1845.0,5362.6461
1780501500.0,1845.0,1846.55,1836.21,1837.21,9239.3895
1780502400.0,1837.22,1844.08,1831.35,1836.63,10844.7753
1780503300.0,1836.63,1838.64,1811.15,1819.16,16247.8548
1780504200.0,1819.16,1829.08,1816.8,1828.5,7072.6225
1780505100.0,1828.5,1833.3,1826.24,1832.68,4704.6205
1780506000.0,1832.68,1833.93,1818.14,1820.6,4576.8446
1780506900.0,1820.59,1830.09,1820.59,1829.62,3442.1339
1780507800.0,1829.62,1839.53,1826.63,1836.01,3640.1941
1780508700.0,1836.01,1836.26,1823.48,1828.11,3690.2646
1780509600.0,1828.12,1832.69,1825.46,1829.27,2994.7321
1780510500.0,1829.26,1829.27,1821.65,1825.66,3107.0591
1780511400.0,1825.65,1832.3,1822.41,1830.22,2028.58
1780512300.0,1830.23,1834.41,1830.23,1832.25,2083.6457
1780513200.0,1832.25,1833.64,1826.24,1827.93,2223.3778
1780514100.0,1827.93,1829.31,1814.47,1815.8,7095.1897
1780515000.0,1815.79,1823.66,1813.35,1820.01,4364.7478
1780515900.0,1820.0,1823.17,1795.23,1803.41,26278.0974
1780516800.0,1803.41,1813.11,1792.66,1811.36,12016.5759
1780517700.0,1811.35,1811.46,1796.87,1810.5,7785.5089
1780518600.0,1810.5,1810.51,1793.22,1793.79,6102.2507
1780519500.0,1793.8,1796.0,1769.62,1781.44,22223.7299
1780520400.0,1781.44,1803.6,1777.67,1797.85,7209.7586
1780521300.0,1797.85,1803.77,1797.49,1801.8,3447.8936
1780522200.0,1801.8,1839.42,1800.48,1829.42,16216.7575
1780523100.0,1829.42,1850.29,1825.44,1850.1,13977.143
1780524000.0,1850.1,1852.2,1836.6,1838.51,10695.5279
1780524900.0,1838.51,1838.51,1827.11,1829.58,6592.4472
1780525800.0,1829.57,1836.49,1822.77,1830.88,5745.402
1780526700.0,1830.87,1831.59,1823.43,1829.0,3048.5289
1780527600.0,1829.01,1830.93,1816.54,1823.56,7051.0677
1780528500.0,1823.56,1825.31,1816.53,1822.35,4068.9012
1780529400.0,1822.35,1825.48,1814.42,1816.5,5626.0007
1780530300.0,1816.51,1820.73,1812.84,1813.05,3594.8811
1780531200.0,1813.05,1820.5,1810.3,1817.01,4392.1554
1780532100.0,1817.01,1819.9,1784.08,1784.18,11292.3317
1780533000.0,1784.18,1804.32,1782.6,1800.72,14569.9031
1780533900.0,1800.72,1800.79,1785.4,1793.85,6439.7582
1780534800.0,1793.86,1801.06,1784.75,1786.91,6672.4043
1780535700.0,1786.92,1787.6,1765.0,1773.6,14248.4606
1780536600.0,1773.61,1789.74,1772.77,1781.55,6568.5163
1780537500.0,1781.54,1782.54,1755.0,1759.77,17904.9102
1780538400.0,1759.76,1762.18,1717.28,1745.53,49769.1514
1780539300.0,1745.53,1772.49,1736.48,1766.55,17870.1744
1780540200.0,1766.55,1776.9,1763.12,1774.1,9403.1629
1780541100.0,1774.09,1778.93,1765.82,1766.82,7171.6326
1780542000.0,1766.83,1797.6,1766.6,1793.53,12449.0844
1780542900.0,1793.53,1801.22,1793.06,1794.83,6809.1531
1780543800.0,1794.83,1812.52,1794.42,1808.59,9939.9855
1780544700.0,1808.59,1812.09,1806.22,1809.24,4545.2747
1780545600.0,1809.24,1817.45,1808.0,1814.0,4357.1929
1780546500.0,1813.99,1818.0,1809.42,1810.93,3960.0804
1780547400.0,1810.93,1812.8,1803.23,1807.41,4669.7968
1780548300.0,1807.41,1807.92,1802.69,1805.49,3969.0863
1780549200.0,1805.49,1805.49,1783.4,1792.72,9049.8113
1780550100.0,1792.72,1795.05,1783.72,1784.54,8053.11
1780551000.0,1784.55,1794.89,1780.59,1793.99,6338.8277
1780551900.0,1793.98,1793.98,1781.33,1784.06,4139.3724
1780552800.0,1784.05,1791.03,1782.07,1790.69,5141.3761
1780553700.0,1790.69,1802.06,1788.84,1797.43,5003.4695
1780554600.0,1797.44,1801.78,1791.29,1798.15,3769.8379
1780555500.0,1798.14,1798.14,1786.85,1789.95,4816.456
1780556400.0,1789.96,1790.72,1776.89,1783.39,5916.7466
1780557300.0,1783.39,1784.38,1773.52,1778.02,5553.556
1780558200.0,1778.02,1787.3,1777.41,1784.53,4435.9505
1780559100.0,1784.53,1785.24,1777.05,1777.45,3810.8811
1780560000.0,1777.44,1783.27,1767.46,1767.73,5353.6653
1780560900.0,1767.74,1774.2,1763.98,1771.59,6869.7862
1780561800.0,1771.59,1778.96,1766.94,1769.04,5049.6776
1780562700.0,1769.04,1777.34,1768.85,1773.63,4649.745
1780563600.0,1773.63,1774.14,1758.51,1761.25,7261.6024
1780564500.0,1761.25,1761.84,1746.32,1749.18,15448.6483
1780565400.0,1749.18,1753.92,1744.53,1752.76,8713.9578
1780566300.0,1752.75,1766.76,1752.64,1766.52,9487.5977
1780567200.0,1766.58,1767.22,1753.35,1755.9,5735.4002
1780568100.0,1755.9,1761.0,1751.98,1755.01,4912.1362
1780569000.0,1755.0,1763.31,1752.61,1752.84,5695.452
1780569900.0,1752.85,1753.89,1730.13,1736.86,27646.1431
1780570800.0,1736.86,1744.26,1732.53,1736.38,10388.9247
1780571700.0,1736.38,1752.09,1735.01,1747.83,10985.9462
1780572600.0,1747.83,1754.67,1738.04,1741.12,7359.4621
1780573500.0,1741.12,1751.85,1741.12,1751.51,5828.716
1780574400.0,1751.51,1757.43,1744.29,1747.14,6946.0187
1780575300.0,1747.13,1769.0,1746.76,1767.68,12058.9412
1780576200.0,1767.67,1782.91,1765.16,1775.18,9892.9557
1780577100.0,1775.17,1782.52,1772.0,1778.16,7721.318
1780578000.0,1778.17,1780.49,1773.27,1773.28,6867.8368
1780578900.0,1773.27,1775.13,1755.65,1763.13,8164.316
1780579800.0,1763.14,1790.0,1762.02,1778.74,12332.1312
1780580700.0,1778.74,1787.15,1774.91,1785.52,5070.1076
1780581600.0,1785.53,1794.43,1777.99,1789.5,8074.8431
1780582500.0,1789.51,1791.3,1780.23,1782.16,5242.1583
1780583400.0,1782.15,1782.15,1770.5,1772.3,6773.274
1780584300.0,1772.3,1775.69,1766.33,1774.38,4567.5415
1780585200.0,1774.37,1791.29,1771.14,1789.03,5708.4434
1780586100.0,1789.02,1790.0,1773.72,1778.88,4551.2957
1780587000.0,1778.89,1780.45,1774.32,1775.31,3660.1288
1780587900.0,1775.31,1780.1,1770.64,1777.02,3873.0867
1780588800.0,1777.03,1778.27,1771.07,1772.34,3210.8838
1780589700.0,1772.34,1778.05,1769.6,1770.11,3154.0696
1780590600.0,1770.11,1779.08,1766.13,1777.9,4183.1338
1780591500.0,1777.9,1781.25,1768.9,1772.2,2931.0248
1780592400.0,1772.2,1776.03,1768.47,1772.59,2628.2269
1780593300.0,1772.6,1772.6,1762.38,1764.58,3895.5514
1780594200.0,1764.58,1766.05,1754.0,1757.91,5624.5981
1780595100.0,1757.91,1774.93,1754.38,1768.05,6137.8108
1780596000.0,1768.06,1770.09,1760.01,1760.43,2925.5514
1780596900.0,1760.44,1779.57,1760.44,1779.57,5248.9491
1780597800.0,1779.57,1783.64,1773.15,1774.87,4906.7965
1780598700.0,1774.85,1781.2,1772.53,1776.28,3515.6364
1780599600.0,1776.27,1777.53,1771.0,1777.51,2422.1004
1780600500.0,1777.5,1787.11,1776.5,1784.96,4503.0515
1780601400.0,1784.96,1785.91,1777.68,1778.51,2723.618
1780602300.0,1778.5,1779.38,1773.57,1776.94,2533.5714
1780603200.0,1776.93,1777.52,1764.66,1772.59,3072.8597
1780604100.0,1772.59,1775.0,1767.35,1770.25,2001.3058
1780605000.0,1770.25,1774.88,1769.5,1772.54,1884.4378
1780605900.0,1772.53,1774.88,1768.97,1774.88,1781.1746
1780606800.0,1774.87,1783.02,1772.79,1778.31,4372.6717
1780607700.0,1778.31,1778.78,1768.44,1769.94,2474.3393
1780608600.0,1769.93,1770.53,1757.11,1767.77,5280.8596
1780609500.0,1767.77,1769.47,1760.79,1761.2,2612.6544
1780610400.0,1761.2,1768.6,1753.29,1756.8,6767.0092
1780611300.0,1756.8,1762.86,1756.69,1759.75,2931.9146
1780612200.0,1759.75,1764.09,1752.46,1760.46,3969.4814
1780613100.0,1760.46,1770.26,1756.75,1768.73,3520.8875
1780614000.0,1768.74,1777.02,1767.62,1770.17,3194.3432
1780614900.0,1770.17,1770.17,1757.35,1760.92,3081.8168
1780615800.0,1760.93,1770.54,1760.48,1769.87,2132.7105
1780616700.0,1769.88,1772.45,1766.65,1770.77,2760.1973
1780617600.0,1770.76,1770.76,1763.39,1763.97,2585.4399
1780618500.0,1763.98,1772.96,1760.39,1772.78,2738.3591
1780619400.0,1772.77,1774.99,1767.5,1768.8,2795.6655
1780620300.0,1768.79,1772.11,1758.51,1759.42,3214.7935
1780621200.0,1759.43,1759.57,1746.52,1756.24,6346.6982
1780622100.0,1756.25,1759.37,1748.22,1755.35,5471.206
1780623000.0,1755.36,1764.07,1752.12,1757.66,3523.6719
1780623900.0,1757.66,1757.79,1752.0,1753.33,2679.8844
1780624800.0,1753.34,1754.9,1742.95,1747.38,8266.0948
1780625700.0,1747.38,1750.85,1736.28,1736.41,10248.244
1780626600.0,1736.42,1742.09,1727.65,1735.64,11132.216
1780627500.0,1735.65,1740.35,1730.02,1730.24,5484.9612
1780628400.0,1730.24,1731.69,1722.36,1724.54,6872.2437
1780629300.0,1724.54,1739.43,1724.54,1730.43,9427.8899
1780630200.0,1730.43,1739.5,1728.71,1731.46,3160.5894
1780631100.0,1731.46,1735.85,1728.0,1729.71,4223.2397
1780632000.0,1729.72,1734.9,1718.25,1726.89,11801.0034
1780632900.0,1726.9,1736.62,1718.27,1736.57,9610.2189
1780633800.0,1736.57,1736.57,1727.97,1730.35,3463.885
1780634700.0,1730.34,1746.05,1725.01,1744.64,4690.997
1780635600.0,1744.64,1747.8,1731.94,1732.78,5311.6719
1780636500.0,1732.78,1737.97,1726.44,1734.98,7426.5075
1780637400.0,1734.97,1735.6,1698.0,1699.45,31863.3907
1780638300.0,1699.45,1703.9,1681.29,1684.16,35634.2892
1780639200.0,1684.16,1689.5,1666.66,1671.7,34663.0841
1780640100.0,1671.69,1676.96,1625.78,1644.91,57011.5043
1780641000.0,1644.92,1669.71,1643.31,1664.95,23315.0154
1780641900.0,1664.95,1666.4,1652.45,1656.52,13271.4264
1780642800.0,1656.52,1658.07,1633.45,1638.02,18519.7518
1780643700.0,1638.02,1663.0,1637.93,1657.45,13589.2481
1780644600.0,1657.44,1674.34,1653.18,1674.22,24383.689
1780645500.0,1674.22,1680.0,1671.01,1679.21,19119.5448
1780646400.0,1679.22,1679.64,1667.03,1669.52,12691.8664
1780647300.0,1669.52,1673.77,1662.99,1673.16,9014.2967
1780648200.0,1673.16,1676.43,1666.9,1667.05,7677.6353
1780649100.0,1667.05,1669.32,1659.43,1663.87,8873.7151
1780650000.0,1663.88,1687.7,1662.85,1687.1,12221.2671
1780650900.0,1687.1,1690.07,1676.65,1684.94,9623.0095
1780651800.0,1684.94,1685.78,1677.03,1678.41,5679.371
1780652700.0,1678.41,1685.56,1678.09,1682.72,5092.6303
1780653600.0,1682.73,1685.03,1672.27,1677.53,8334.9157
1780654500.0,1677.53,1678.25,1672.05,1676.64,3915.2517
1780655400.0,1676.64,1682.19,1672.39,1680.07,4863.712
1780656300.0,1680.07,1680.07,1672.55,1676.87,5627.6302
1780657200.0,1676.86,1677.4,1668.11,1670.32,4764.9133
1780658100.0,1670.32,1681.8,1668.45,1677.9,9364.812
1780659000.0,1677.9,1678.96,1667.65,1667.66,5302.4164
1780659900.0,1667.66,1671.34,1663.0,1663.44,6371.2276
1780660800.0,1663.43,1669.15,1652.0,1660.52,14337.4596
1780661700.0,1660.51,1671.47,1660.49,1664.25,5842.2613
1780662600.0,1664.26,1671.31,1646.1,1656.55,14152.8283
1780663500.0,1656.55,1659.39,1651.75,1657.28,6277.4905
1780664400.0,1657.28,1672.26,1656.88,1666.91,10532.4343
1780665300.0,1666.9,1674.33,1663.97,1665.41,8160.5848
1780666200.0,1665.4,1677.7,1652.15,1655.28,16421.4678
1780667100.0,1655.31,1657.07,1612.35,1615.04,32874.0962
1780668000.0,1615.05,1624.56,1590.8,1615.77,54198.8153
1780668900.0,1615.77,1622.61,1596.5,1603.42,21074.3328
1780669800.0,1603.41,1623.18,1596.63,1609.84,19799.1578
1780670700.0,1609.84,1618.27,1595.48,1600.96,23145.2987
1780671600.0,1600.96,1603.01,1579.03,1584.2,30224.0943
1780672500.0,1584.2,1604.6,1580.0,1594.77,16299.8506
1780673400.0,1594.76,1599.15,1572.22,1584.87,20248.1322
1780674300.0,1584.88,1589.06,1575.71,1583.29,10744.7165
1780675200.0,1583.29,1593.09,1547.01,1587.28,45619.1948
1780676100.0,1587.27,1608.59,1581.42,1593.81,29715.2203
1780677000.0,1593.8,1597.12,1578.95,1583.07,11330.4925
1780677900.0,1583.06,1612.44,1582.79,1608.49,14129.265
1780678800.0,1608.48,1612.89,1595.2,1599.46,11790.5126
1780679700.0,1599.46,1600.09,1588.0,1589.42,10273.259
1780680600.0,1589.42,1603.7,1588.37,1592.92,6954.684
1780681500.0,1592.93,1595.65,1589.04,1594.28,6152.2555
1780682400.0,1594.28,1598.66,1588.78,1589.37,6491.0929
1780683300.0,1589.37,1590.21,1563.0,1565.25,17105.3338
1780684200.0,1565.25,1576.41,1555.0,1564.95,19576.1981
1780685100.0,1564.95,1566.02,1544.68,1553.26,22400.6721
1780686000.0,1553.26,1560.83,1543.33,1551.36,17086.532
1780686900.0,1551.35,1561.59,1540.19,1560.99,17075.0781
1780687800.0,1560.98,1561.59,1545.14,1553.11,14654.8668
1780688700.0,1553.11,1580.3,1553.05,1574.06,17053.4215
1780689600.0,1574.07,1591.06,1557.36,1584.09,17238.9378
1780690500.0,1584.09,1601.01,1580.67,1594.94,17071.4251
1780691400.0,1594.95,1603.2,1590.68,1599.0,10981.0472
1780692300.0,1599.01,1608.5,1595.6,1603.38,11610.5851
1780693200.0,1603.38,1615.5,1602.45,1613.24,10344.6469
1780694100.0,1613.24,1616.41,1607.73,1611.42,22428.875
1780695000.0,1611.41,1616.51,1607.1,1613.94,4363.3333
1780695900.0,1613.94,1619.3,1609.13,1609.8,3277.4456
1780696800.0,1609.81,1610.25,1589.68,1594.12,10261.0681
1780697700.0,1594.11,1603.75,1591.34,1594.67,8875.6812
1780698600.0,1594.68,1605.44,1591.8,1599.11,7137.8597
1780699500.0,1599.11,1602.6,1592.37,1597.14,6773.9893
1780700400.0,1597.14,1603.89,1592.33,1592.49,7602.6356
1780701300.0,1592.48,1592.79,1570.37,1574.66,13722.157
1780702200.0,1574.65,1575.48,1561.07,1571.91,8573.6985
1780703100.0,1571.91,1584.3,1568.01,1583.4,3743.5804
1780704000.0,1583.4,1601.22,1582.71,1598.36,6344.6823
1780704900.0,1598.36,1600.73,1590.29,1595.75,4421.117
1780705800.0,1595.75,1599.72,1592.02,1593.25,3078.4059
1780706700.0,1593.25,1598.59,1591.29,1593.03,3476.5281
1780707600.0,1593.04,1596.77,1584.58,1585.4,2779.7491
1780708500.0,1585.39,1592.98,1578.15,1592.78,4054.8056
1780709400.0,1592.77,1592.77,1582.51,1584.41,2769.4568
1780710300.0,1584.4,1588.14,1580.0,1583.16,3084.5447
1780711200.0,1583.16,1583.57,1575.62,1575.65,4437.2627
1780712100.0,1575.66,1578.96,1566.66,1572.86,5440.0329
1780713000.0,1572.85,1581.11,1571.2,1576.8,5909.6621
1780713900.0,1576.8,1585.84,1574.59,1576.2,3809.9591
1780714800.0,1576.2,1576.73,1568.37,1570.78,4577.5641
1780715700.0,1570.78,1572.47,1562.85,1566.64,4593.0737
1780716600.0,1566.64,1566.74,1555.28,1562.72,6049.8542
1780717500.0,1562.72,1567.86,1559.41,1563.34,3777.6988
1780718400.0,1563.34,1569.57,1538.69,1541.83,14896.983
1780719300.0,1541.83,1548.55,1528.88,1533.79,13650.3055
1780720200.0,1533.79,1535.5,1510.43,1520.5,17581.0181
1780721100.0,1520.5,1530.58,1515.67,1522.56,7255.3139
1780722000.0,1522.57,1531.37,1505.68,1518.97,19454.6051
1780722900.0,1518.96,1565.3,1517.9,1549.6,18054.1126
1780723800.0,1549.59,1563.65,1549.1,1560.39,11663.9102
1780724700.0,1560.38,1569.17,1557.16,1566.71,11089.1931
1780725600.0,1566.72,1577.72,1566.65,1576.25,11003.8256
1780726500.0,1576.25,1581.62,1571.2,1574.73,8388.1663
1780727400.0,1574.72,1578.9,1563.52,1563.53,7636.8363
1780728300.0,1563.52,1566.84,1556.01,1560.16,11241.3572
1780729200.0,1560.1,1575.5,1556.07,1574.45,10311.0097
1780730100.0,1574.44,1580.22,1566.07,1567.99,9921.4769
1780731000.0,1568.0,1577.63,1567.01,1576.85,7041.5317
1780731900.0,1576.85,1578.37,1574.66,1575.14,2846.1493
1780732800.0,1575.14,1578.97,1570.01,1578.3,2631.5624
1780733700.0,1578.29,1588.32,1573.26,1585.85,5476.9119
1780734600.0,1585.84,1593.04,1583.66,1587.61,5786.0793
1780735500.0,1587.6,1588.24,1581.57,1582.57,3571.9813
1780736400.0,1582.56,1587.2,1577.42,1580.93,4210.4812
1780737300.0,1580.92,1587.64,1576.71,1587.17,4001.5893
1780738200.0,1587.17,1588.53,1578.22,1579.47,3378.8262
1780739100.0,1579.47,1580.68,1565.97,1570.69,6490.4635
1780740000.0,1570.7,1570.7,1555.49,1556.36,10481.905
1780740900.0,1556.36,1561.59,1552.71,1554.44,6115.1393
1780741800.0,1554.44,1555.26,1536.44,1544.39,14938.8549
1780742700.0,1544.4,1549.33,1535.68,1548.27,7723.457
1780743600.0,1548.26,1557.42,1547.24,1554.64,5178.2179
1780744500.0,1554.64,1564.92,1553.14,1564.21,8482.7383
1780745400.0,1564.21,1566.21,1559.55,1560.78,4554.9227
1780746300.0,1560.78,1567.4,1556.21,1558.89,3711.5999
1780747200.0,1558.9,1565.86,1558.68,1563.78,5483.0123
1780748100.0,1563.77,1565.17,1554.92,1554.92,6180.5334
1780749000.0,1554.91,1563.54,1551.56,1562.21,4931.1728
1780749900.0,1562.2,1575.82,1560.6,1571.32,9390.9965
1780750800.0,1571.32,1573.36,1567.06,1568.36,2838.4977
1780751700.0,1568.36,1571.77,1561.0,1561.78,6679.5768
1780752600.0,1561.78,1563.96,1553.92,1563.83,16906.4597
1780753500.0,1563.83,1567.91,1555.62,1557.03,6104.6847
1780754400.0,1557.04,1563.97,1556.09,1561.11,8571.8145
1780755300.0,1561.1,1566.43,1557.77,1561.04,5961.5264
1780756200.0,1561.03,1565.34,1558.65,1563.42,5775.5111
1780757100.0,1563.42,1566.96,1557.03,1557.7,6672.9719
1780758000.0,1557.71,1561.52,1549.4,1551.81,7915.6113
1780758900.0,1551.81,1558.12,1544.87,1555.79,7401.7676
1780759800.0,1555.79,1564.99,1553.17,1563.6,4703.5206
1780760700.0,1563.6,1565.84,1558.52,1560.45,2430.0316
1780761600.0,1560.45,1565.81,1557.08,1560.74,3043.7131
1780762500.0,1560.73,1561.85,1555.0,1556.47,3629.7889
1780763400.0,1556.47,1562.47,1553.36,1561.8,4891.4286
1780764300.0,1561.8,1566.0,1560.12,1563.57,3686.416
1780765200.0,1563.58,1566.51,1558.14,1562.37,2474.9408
1780766100.0,1562.36,1563.29,1556.72,1559.99,3584.8801
1780767000.0,1560.0,1564.65,1551.81,1556.24,7173.1223
1780767900.0,1556.23,1557.85,1547.05,1553.54,7371.7845
1780768800.0,1553.53,1555.89,1550.01,1552.0,5093.1557
1780769700.0,1552.0,1566.25,1550.54,1563.82,7244.8416
1780770600.0,1563.81,1563.81,1556.06,1557.45,2079.8423
1780771500.0,1557.46,1558.51,1552.65,1556.58,2178.5119
1780772400.0,1556.59,1563.51,1554.93,1560.36,2832.6125
1780773300.0,1560.35,1560.45,1555.88,1556.14,2029.028
1780774200.0,1556.14,1557.02,1553.52,1555.25,1774.3816
1780775100.0,1555.25,1558.35,1554.23,1554.56,1766.4668
1780776000.0,1554.55,1556.14,1551.09,1553.12,2696.1294
1780776900.0,1553.12,1555.12,1551.13,1552.65,2066.9419
1780777800.0,1552.64,1559.54,1550.85,1559.3,4532.7902
1780778700.0,1559.29,1559.99,1555.43,1557.61,1873.0889
1780779600.0,1557.62,1563.14,1557.62,1561.0,3021.2017
1780780500.0,1561.0,1564.12,1559.44,1561.52,2678.8488
1780781400.0,1561.52,1565.21,1560.21,1561.18,1553.6136
1780782300.0,1561.19,1562.55,1557.91,1558.2,1112.139
1780783200.0,1558.2,1560.9,1553.21,1555.9,3377.8527
1780784100.0,1555.91,1561.93,1551.57,1553.48,3260.5028
1780785000.0,1553.48,1558.01,1553.22,1557.47,1716.1699
1780785900.0,1557.48,1561.76,1557.48,1558.33,1704.7543
1780786800.0,1558.33,1564.0,1558.0,1562.68,2017.092
1780787700.0,1562.68,1562.68,1556.86,1560.62,1595.5086
1780788600.0,1560.62,1569.71,1560.27,1567.71,6168.3897
1780789500.0,1567.71,1570.06,1566.63,1569.69,2905.8184
1780790400.0,1569.68,1572.42,1565.52,1566.07,2964.1319
1780791300.0,1566.07,1569.46,1564.1,1566.53,1521.6154
1780792200.0,1566.53,1572.09,1565.57,1565.75,2452.6472
1780793100.0,1565.74,1567.36,1565.0,1565.03,1415.5284
1780794000.0,1565.03,1587.68,1564.16,1586.63,6836.6974
1780794900.0,1586.63,1596.54,1583.52,1596.16,9475.7201
1780795800.0,1596.17,1596.35,1585.6,1588.99,3364.8033
1780796700.0,1589.0,1592.12,1585.42,1590.12,3334.7038
1780797600.0,1590.12,1593.89,1587.93,1589.72,2747.2674
1780798500.0,1589.72,1589.86,1582.97,1585.25,2814.9302
1780799400.0,1585.26,1586.82,1582.39,1586.82,2059.1138
1780800300.0,1586.83,1594.92,1586.6,1592.67,5161.0541
1780801200.0,1592.67,1593.6,1589.72,1593.51,2326.5704
1780802100.0,1593.51,1600.51,1591.61,1595.91,4501.3701
1780803000.0,1595.91,1597.99,1590.89,1594.72,2703.7117
1780803900.0,1594.72,1595.5,1591.83,1595.01,3103.2518
1780804800.0,1595.0,1595.67,1587.74,1589.33,3278.6597
1780805700.0,1589.33,1591.13,1585.0,1586.81,2738.1425
1780806600.0,1586.8,1599.1,1586.29,1596.06,2851.1004
1780807500.0,1596.07,1598.24,1593.99,1597.0,3642.3221
1780808400.0,1597.0,1606.88,1593.25,1600.17,5476.1947
1780809300.0,1600.16,1609.96,1597.7,1603.63,7311.1563
1780810200.0,1603.64,1608.42,1600.0,1608.06,3085.7274
1780811100.0,1608.06,1608.16,1602.64,1604.02,2678.471
1780812000.0,1604.02,1604.39,1598.54,1600.25,3276.6511
1780812900.0,1600.25,1622.0,1598.58,1618.24,12713.5858
1780813800.0,1618.23,1623.52,1613.22,1614.45,9294.2051
1780814700.0,1614.45,1615.92,1610.69,1612.01,9893.4842
1780815600.0,1612.01,1615.34,1606.99,1610.21,12126.1503
1780816500.0,1610.21,1613.96,1608.42,1613.72,2919.1013
1780817400.0,1613.72,1615.43,1610.36,1612.33,3454.3759
1780818300.0,1612.33,1616.46,1611.19,1615.18,3732.8785
1780819200.0,1615.18,1616.21,1608.39,1613.31,2642.3547
1780820100.0,1613.32,1619.0,1610.08,1618.26,3061.1615
1780821000.0,1618.27,1622.15,1615.48,1621.95,4525.7086
1780821900.0,1621.94,1642.27,1621.74,1641.35,16832.1848
1780822800.0,1641.35,1643.26,1637.03,1642.98,7053.4064
1780823700.0,1642.98,1648.7,1636.3,1641.63,8586.251
1780824600.0,1641.63,1641.64,1633.18,1634.28,3516.3113
1780825500.0,1634.28,1636.67,1627.9,1633.52,4446.7188
1780826400.0,1633.53,1634.92,1627.98,1628.89,2869.147
1780827300.0,1628.9,1635.71,1628.75,1633.58,2348.9004
1780828200.0,1633.57,1635.73,1628.63,1630.01,3763.8701
1780829100.0,1630.01,1630.01,1624.78,1625.7,7282.3283
1780830000.0,1625.7,1628.08,1622.22,1626.64,6101.4886
1780830900.0,1626.64,1630.4,1625.59,1628.51,2343.6646
1780831800.0,1628.51,1633.33,1626.01,1632.9,2245.2494
1780832700.0,1632.9,1633.99,1629.35,1630.12,2186.547
1780833600.0,1630.12,1631.24,1609.77,1612.92,7742.1432
1780834500.0,1612.91,1618.42,1609.1,1610.93,6302.7062
1780835400.0,1610.92,1618.0,1607.0,1616.02,8142.0813
1780836300.0,1616.02,1622.37,1615.73,1620.17,3426.4352
1780837200.0,1620.17,1621.34,1613.36,1620.59,3417.5382
1780838100.0,1620.58,1623.0,1615.58,1621.21,2582.34
1780839000.0,1621.21,1622.39,1615.57,1617.56,2236.7006
1780839900.0,1617.56,1619.79,1615.0,1617.46,1974.9489
1780840800.0,1617.46,1621.12,1616.91,1618.54,3673.51
1780841700.0,1618.55,1633.69,1617.55,1630.47,8346.811
1780842600.0,1630.46,1640.0,1625.0,1626.34,8158.3761
1780843500.0,1626.35,1628.61,1621.76,1628.13,3095.0709
1780844400.0,1628.12,1628.12,1620.85,1627.15,2933.8353
1780845300.0,1627.15,1632.33,1623.48,1632.02,3680.5385
1780846200.0,1632.02,1636.12,1629.98,1632.78,4507.3426
1780847100.0,1632.78,1633.05,1627.04,1630.07,2815.4117
1780848000.0,1630.07,1631.13,1623.37,1630.25,4369.7782
1780848900.0,1630.26,1633.0,1627.29,1628.26,4258.0915
1780849800.0,1628.25,1631.99,1627.51,1629.62,2347.8627
1780850700.0,1629.62,1633.52,1625.82,1628.52,2476.1394
1780851600.0,1628.52,1636.7,1627.65,1635.25,3503.899
1780852500.0,1635.26,1637.56,1632.87,1635.33,6489.6884
1780853400.0,1635.33,1638.0,1633.05,1633.63,4228.7715
1780854300.0,1633.62,1633.64,1629.01,1631.35,2574.9702
1780855200.0,1631.34,1635.54,1630.35,1634.83,1388.6677
1780856100.0,1634.84,1634.98,1629.0,1633.11,1400.9483
1780857000.0,1633.11,1636.74,1633.03,1634.26,1754.1073
1780857900.0,1634.25,1635.82,1629.46,1630.36,1561.0433
1780858800.0,1630.37,1630.56,1613.78,1616.73,6731.0026
1780859700.0,1616.73,1616.73,1604.0,1611.07,9942.1812
1780860600.0,1611.07,1611.93,1607.13,1607.88,3276.8168
1780861500.0,1607.88,1617.65,1605.36,1613.11,3900.4783
1780862400.0,1613.1,1623.01,1609.43,1620.96,3154.2624
1780863300.0,1620.96,1631.65,1618.32,1624.93,4139.0006
1780864200.0,1624.94,1627.1,1622.6,1624.71,1765.4967
1780865100.0,1624.7,1630.77,1624.2,1628.14,1881.4072
1780866000.0,1628.14,1632.34,1623.72,1630.85,1887.7289
1780866900.0,1630.85,1631.75,1627.2,1628.36,2113.7768
1780867800.0,1628.36,1630.5,1625.21,1625.72,1580.0113
1780868700.0,1625.72,1634.57,1625.72,1634.53,1711.7315
1780869600.0,1634.53,1707.42,1629.05,1700.95,24840.645
1780870500.0,1701.46,1721.93,1669.68,1676.15,21717.4116
1780871400.0,1676.15,1689.55,1669.75,1681.98,6960.273
1780872300.0,1682.0,1687.0,1671.49,1672.56,6815.6642
1780873200.0,1672.55,1681.27,1670.76,1680.14,6352.8098
1780874100.0,1680.15,1685.48,1672.36,1685.2,5024.3933
1780875000.0,1685.19,1685.44,1679.03,1684.7,2370.6083
1780875900.0,1684.69,1691.93,1680.32,1690.51,7664.5184
1780876800.0,1690.5,1691.84,1683.24,1686.75,4234.5493
1780877700.0,1686.75,1698.48,1683.94,1698.47,6467.2929
1780878600.0,1698.48,1711.58,1694.76,1702.68,10626.5635
1780879500.0,1702.68,1707.73,1693.75,1697.59,7126.4828
1780880400.0,1697.6,1700.2,1683.34,1683.34,6676.1634
1780881300.0,1683.35,1684.05,1673.04,1674.68,7284.719
1780882200.0,1674.69,1684.0,1670.94,1683.22,5104.6556
1780883100.0,1683.23,1688.4,1680.0,1687.34,4325.6078
1780884000.0,1687.34,1689.5,1680.62,1685.61,2937.4641
1780884900.0,1685.6,1688.06,1679.84,1685.22,3097.7718
1780885800.0,1685.22,1686.92,1678.07,1684.01,3796.8502
1780886700.0,1684.01,1685.07,1679.92,1683.9,2484.8393
1780887600.0,1683.91,1692.62,1678.85,1688.06,3799.0153
1780888500.0,1688.05,1688.62,1680.56,1680.94,2561.3322
1780889400.0,1680.93,1683.41,1677.26,1678.66,2507.3699
1780890300.0,1678.67,1680.38,1677.0,1680.01,1439.3614
1780891200.0,1680.02,1681.0,1665.04,1669.21,5630.0974
1780892100.0,1669.21,1670.0,1662.71,1666.86,3367.2044
1780893000.0,1666.86,1668.22,1655.95,1657.26,5901.6114
1780893900.0,1657.25,1664.54,1657.05,1657.05,4102.9477
1780894800.0,1657.05,1659.87,1648.31,1649.09,6257.3489
1780895700.0,1649.1,1658.57,1647.11,1656.86,5170.44
1780896600.0,1656.86,1656.97,1645.0,1647.5,3577.9229
1780897500.0,1647.5,1654.0,1647.02,1653.68,2364.174
1780898400.0,1653.68,1664.65,1652.78,1663.63,4739.2224
1780899300.0,1663.63,1669.99,1660.73,1667.92,5042.5887
1780900200.0,1667.92,1668.15,1662.48,1666.89,2057.3107
1780901100.0,1666.89,1667.66,1663.78,1666.53,1500.5352
1780902000.0,1666.54,1672.78,1661.63,1668.56,3366.5738
1780902900.0,1668.57,1676.5,1665.47,1673.61,5087.991
1780903800.0,1673.61,1682.07,1671.56,1672.34,6456.372
1780904700.0,1672.34,1683.49,1671.49,1673.47,9059.6788
1780905600.0,1673.46,1673.46,1665.21,1669.39,6839.2083
1780906500.0,1669.39,1670.42,1662.67,1667.06,3861.9915
1780907400.0,1667.07,1669.7,1663.11,1665.32,2738.539
1780908300.0,1665.32,1665.78,1658.76,1661.17,4684.6883
1780909200.0,1661.17,1666.2,1657.69,1665.07,4473.4653
1780910100.0,1665.06,1671.5,1662.03,1662.83,3964.4839
1780911000.0,1662.84,1667.09,1657.21,1663.32,5899.5077
1780911900.0,1663.31,1672.0,1662.61,1671.1,4241.0034
1780912800.0,1671.09,1672.7,1667.47,1669.79,2693.4837
1780913700.0,1669.79,1670.44,1663.93,1665.53,2107.9038
1780914600.0,1665.53,1676.95,1663.32,1671.65,4851.2272
1780915500.0,1671.64,1672.97,1669.3,1672.36,2126.5868
1780916400.0,1672.37,1681.59,1667.81,1681.44,6932.1611
1780917300.0,1681.43,1695.44,1680.7,1688.77,8595.6362
1780918200.0,1688.77,1696.77,1685.0,1688.8,6313.739
1780919100.0,1688.81,1689.47,1681.9,1683.76,3421.7767
1780920000.0,1683.77,1689.51,1667.46,1668.37,10642.5482
1780920900.0,1668.37,1679.53,1668.29,1679.41,6579.04
1780921800.0,1679.41,1695.84,1678.09,1692.6,7442.2363
1780922700.0,1692.6,1698.9,1687.77,1695.61,5830.0618
1780923600.0,1695.6,1696.36,1690.58,1691.99,3464.4515
1780924500.0,1691.99,1696.82,1687.08,1688.89,5028.1848
1780925400.0,1688.88,1692.55,1681.29,1682.95,16997.9389
1780926300.0,1682.96,1689.66,1678.44,1681.59,11414.6431
1780927200.0,1681.59,1689.16,1676.55,1687.31,6620.9838
1780928100.0,1687.3,1687.84,1680.72,1684.75,6291.9039
1780929000.0,1684.75,1689.85,1682.54,1686.73,5968.6237
1780929900.0,1686.74,1694.46,1683.6,1691.25,16498.4353
1780930800.0,1691.24,1705.26,1690.82,1704.08,8083.3667
1780931700.0,1704.08,1706.22,1694.25,1695.71,7590.7194
1780932600.0,1695.72,1696.19,1690.02,1694.19,5142.0095
1780933500.0,1694.19,1700.64,1688.69,1691.59,5610.1515
1780934400.0,1691.59,1698.32,1687.97,1695.13,3650.8799
1780935300.0,1695.13,1703.88,1695.12,1697.57,7617.01
1780936200.0,1697.58,1697.74,1690.49,1692.78,5272.5996
1780937100.0,1692.77,1693.36,1682.69,1682.7,5395.1356
1780938000.0,1682.7,1684.36,1675.8,1678.64,7238.7577
1780938900.0,1678.64,1687.86,1678.64,1686.67,4194.5855
1780939800.0,1686.67,1686.7,1677.42,1680.59,3703.027
1780940700.0,1680.58,1686.89,1680.41,1686.8,3164.0065
1780941600.0,1686.81,1692.54,1685.82,1687.82,3843.4309
1780942500.0,1687.82,1688.79,1684.81,1688.06,2446.3585
1780943400.0,1688.06,1690.08,1681.1,1683.54,3348.1621
1780944300.0,1683.54,1686.64,1678.69,1684.71,2585.9721
1780945200.0,1684.71,1688.83,1681.14,1684.17,4478.5862
1780946100.0,1684.16,1690.45,1681.77,1687.51,5109.5365
1780947000.0,1687.52,1690.32,1685.0,1689.2,4118.2998
1780947900.0,1689.21,1691.76,1682.97,1684.78,6474.7237
1780948800.0,1684.78,1688.79,1681.41,1682.94,2923.1418
1780949700.0,1682.95,1685.98,1679.28,1679.63,3483.3555
1780950600.0,1679.62,1689.15,1679.25,1687.01,2084.5305
1780951500.0,1687.01,1689.71,1686.0,1689.71,2271.7513
1780952400.0,1689.71,1714.05,1689.71,1709.17,9806.9526
1780953300.0,1709.17,1712.91,1705.05,1709.44,3873.6355
1780954200.0,1709.44,1714.5,1707.72,1714.08,2912.4103
1780955100.0,1714.08,1714.15,1703.51,1703.52,2627.6615
1780956000.0,1703.51,1703.51,1691.0,1691.28,4333.4744
1780956900.0,1691.28,1697.12,1688.36,1694.96,2866.6338
1780957800.0,1694.96,1697.21,1692.0,1696.64,2032.6762
1780958700.0,1696.63,1704.19,1695.16,1703.22,1651.0814
1780959600.0,1703.21,1714.45,1702.38,1712.19,3164.489
1780960500.0,1712.18,1712.19,1694.87,1697.66,2664.195
1780961400.0,1697.65,1700.09,1693.21,1696.82,1731.8069
1780962300.0,1696.83,1696.89,1686.72,1690.49,7855.6867
1780963200.0,1690.48,1692.04,1683.92,1685.68,3846.4154
1780964100.0,1685.68,1696.88,1672.64,1675.52,10342.6562
1780965000.0,1675.53,1676.91,1664.53,1672.03,7090.6651
1780965900.0,1672.04,1672.1,1660.0,1663.26,7423.7215
1780966800.0,1663.26,1667.88,1658.8,1664.27,4869.9538
1780967700.0,1664.27,1673.92,1663.53,1670.32,3638.6987
1780968600.0,1670.32,1674.27,1667.65,1669.63,1673.1306
1780969500.0,1669.64,1672.48,1666.51,1669.02,1452.0251
1780970400.0,1669.01,1672.19,1667.43,1667.44,1921.1148
1780971300.0,1667.43,1667.52,1660.89,1665.37,5094.3384
1780972200.0,1665.36,1666.84,1654.63,1661.74,4512.7165
1780973100.0,1661.74,1668.56,1659.67,1667.89,5083.9276
1780974000.0,1667.88,1669.5,1665.18,1668.9,2487.9807
1780974900.0,1668.9,1671.68,1666.96,1668.65,2203.7817
1780975800.0,1668.65,1670.1,1663.83,1668.49,1890.0485
1780976700.0,1668.49,1670.03,1665.19,1669.44,2085.3338
1780977600.0,1669.44,1672.47,1665.01,1669.96,2582.5905
1780978500.0,1669.95,1670.37,1666.04,1666.18,2087.2938
1780979400.0,1666.18,1691.41,1664.33,1685.79,7664.8324
1780980300.0,1685.78,1696.41,1683.41,1686.35,5332.2124
1780981200.0,1686.36,1688.88,1681.53,1687.47,2208.489
1780982100.0,1687.47,1691.63,1687.15,1687.96,2816.8463
1780983000.0,1687.98,1695.23,1686.89,1690.65,3144.7414
1780983900.0,1690.64,1692.54,1687.44,1688.25,2280.9424
1780984800.0,1688.25,1691.0,1685.74,1689.26,3135.1367
1780985700.0,1689.26,1695.49,1687.8,1692.61,4523.1343
1780986600.0,1692.62,1693.51,1687.49,1688.66,2115.1121
1780987500.0,1688.65,1690.49,1684.06,1685.98,2522.7757
1780988400.0,1685.99,1691.59,1685.99,1686.43,1443.003
1780989300.0,1686.42,1689.95,1675.2,1675.89,5751.3743
1780990200.0,1675.9,1681.74,1675.9,1681.23,4312.2092
1780991100.0,1681.23,1681.9,1677.67,1679.86,3774.3375
1780992000.0,1679.86,1680.64,1668.16,1675.43,7604.8821
1780992900.0,1675.43,1677.29,1671.35,1674.98,1686.9511
1780993800.0,1674.97,1679.51,1673.77,1677.87,1727.7279
1780994700.0,1677.87,1679.25,1674.42,1675.28,2014.1094
1780995600.0,1675.28,1677.23,1672.99,1677.09,1153.7102
1780996500.0,1677.09,1680.16,1675.0,1675.0,2407.0554
1780997400.0,1675.01,1675.12,1665.0,1669.21,4624.7514
1780998300.0,1669.22,1671.3,1669.11,1670.61,1792.2295
1780999200.0,1670.6,1673.42,1667.11,1672.89,3728.3787
1781000100.0,1672.9,1674.68,1670.56,1673.29,1331.3265
1781001000.0,1673.29,1673.54,1669.15,1671.64,910.7189
1781001900.0,1671.64,1676.41,1670.16,1674.72,2315.2942
1781002800.0,1674.72,1675.46,1668.58,1668.59,2061.4535
1781003700.0,1668.59,1670.09,1666.12,1668.73,1310.7355
1781004600.0,1668.72,1672.92,1667.43,1671.21,1395.562
1781005500.0,1671.2,1673.68,1669.14,1671.96,2974.6759
1781006400.0,1671.96,1683.32,1671.04,1681.52,7172.6111
1781007300.0,1681.51,1681.75,1675.86,1677.1,1903.8331
1781008200.0,1677.1,1679.09,1673.98,1674.04,1487.2405
1781009100.0,1674.05,1678.07,1671.58,1676.9,5051.9467
1781010000.0,1676.9,1680.63,1674.93,1675.88,3997.5519
1781010900.0,1675.88,1676.86,1667.37,1670.57,4571.8029
1781011800.0,1670.56,1675.77,1664.05,1673.13,7585.1713
1781012700.0,1673.13,1678.47,1666.58,1666.71,6371.6444
1781013600.0,1666.71,1670.84,1656.58,1657.04,9297.7035
1781014500.0,1657.04,1659.68,1638.52,1639.58,15905.3665
1781015400.0,1639.56,1646.19,1635.36,1636.98,9902.1092
1781016300.0,1636.98,1646.03,1633.84,1645.9,8835.1393
1781017200.0,1645.9,1653.89,1641.34,1651.36,9009.9346
1781018100.0,1651.35,1653.02,1639.36,1639.95,5555.5307
1781019000.0,1639.94,1645.0,1637.08,1641.28,6815.9797
1781019900.0,1641.29,1644.3,1634.45,1636.4,6287.3361
1781020800.0,1636.4,1639.35,1625.36,1629.37,10180.7218
1781021700.0,1629.37,1633.44,1622.36,1630.47,7407.8169
1781022600.0,1630.46,1635.25,1614.02,1628.76,12205.8227
1781023500.0,1628.75,1634.57,1624.72,1632.27,6586.7087
1781024400.0,1632.28,1644.69,1632.18,1641.52,7062.614
1781025300.0,1641.51,1649.76,1640.86,1645.03,5653.4058
1781026200.0,1645.03,1649.2,1642.68,1643.84,3616.5028
1781027100.0,1643.85,1646.05,1639.51,1643.04,3366.7144
1781028000.0,1643.03,1647.31,1639.87,1645.61,3529.6376
1781028900.0,1645.6,1655.49,1644.35,1648.93,5049.7094
1781029800.0,1648.93,1653.32,1646.74,1646.98,2038.0847
1781030700.0,1646.99,1653.65,1646.99,1652.28,1322.6878
1781031600.0,1652.27,1655.3,1648.9,1649.43,2083.8827
1781032500.0,1649.44,1653.08,1648.24,1652.24,2565.7748
1781033400.0,1652.24,1658.5,1648.0,1652.65,5427.2389
1781034300.0,1652.65,1658.64,1647.82,1657.33,3724.9132
1781035200.0,1657.33,1662.28,1655.5,1662.27,3433.3105
1781036100.0,1662.27,1663.77,1655.99,1658.33,1467.0364
1781037000.0,1658.32,1662.73,1655.34,1660.5,1509.1889
1781037900.0,1660.51,1660.81,1658.21,1660.59,1486.8326
1781038800.0,1660.59,1661.69,1657.94,1659.75,1428.2119
1781039700.0,1659.76,1660.22,1650.96,1651.39,2585.0703
1781040600.0,1651.4,1653.18,1650.06,1650.85,1255.8261
1781041500.0,1650.85,1652.24,1647.29,1650.33,1384.6247
1781042400.0,1650.32,1652.36,1645.41,1652.27,1352.9648
1781043300.0,1652.26,1655.0,1647.53,1648.44,1453.3359
1781044200.0,1648.44,1650.95,1644.6,1646.02,1677.745
1781045100.0,1646.02,1646.92,1639.52,1640.0,2149.831
1781046000.0,1640.01,1641.88,1636.24,1639.05,1920.2412
1781046900.0,1639.05,1642.87,1635.01,1635.47,3219.1848
1781047800.0,1635.47,1637.35,1630.36,1637.32,3451.3615
1781048700.0,1637.33,1641.2,1636.01,1639.52,2448.23
1781049600.0,1639.52,1645.12,1638.23,1642.59,2097.1929
1781050500.0,1642.59,1643.99,1638.94,1643.5,879.233
1781051400.0,1643.5,1644.09,1629.52,1632.33,2315.6168
1781052300.0,1632.33,1646.83,1631.25,1645.74,2826.1701
1781053200.0,1645.75,1646.91,1638.78,1642.88,2343.2955
1781054100.0,1642.88,1645.78,1640.56,1642.27,2072.4598
1781055000.0,1642.26,1643.88,1633.55,1635.18,1689.0428
1781055900.0,1635.19,1642.23,1634.41,1638.98,1071.9589
1781056800.0,1638.99,1642.5,1633.92,1634.02,1223.1528
1781057700.0,1634.03,1634.57,1625.5,1631.33,3109.8993
1781058600.0,1631.33,1632.59,1622.51,1625.58,2791.0817
1781059500.0,1625.58,1626.15,1621.77,1624.22,1092.4047
1781060400.0,1624.21,1630.0,1623.52,1628.22,1264.3454
1781061300.0,1628.22,1636.53,1626.11,1636.32,1508.9715
1781062200.0,1636.32,1636.42,1629.15,1631.09,988.1779
1781063100.0,1631.09,1632.99,1629.03,1630.82,662.831
1781064000.0,1630.82,1631.59,1626.22,1630.25,938.3578
1781064900.0,1630.26,1632.92,1629.09,1630.46,760.9821
1781065800.0,1630.47,1630.47,1622.45,1624.3,1817.3545
1781066700.0,1624.31,1627.95,1623.07,1625.98,1074.6336
1781067600.0,1625.99,1627.96,1621.77,1622.48,1246.3951
1781068500.0,1622.48,1626.0,1616.33,1625.99,3428.6593
1781069400.0,1626.0,1627.14,1621.77,1625.28,1764.4408
1781070300.0,1625.29,1630.0,1622.23,1627.99,1563.3123
1781071200.0,1628.0,1630.75,1625.96,1628.71,2364.5361
1781072100.0,1628.7,1632.0,1627.45,1628.84,1948.4378
1781073000.0,1628.83,1633.32,1622.76,1631.49,2486.3221
1781073900.0,1631.49,1634.41,1630.0,1632.08,1242.4966
1781074800.0,1632.08,1635.24,1630.73,1633.82,1704.9354
1781075700.0,1633.82,1638.69,1633.01,1636.78,2454.8044
1781076600.0,1636.78,1643.58,1636.14,1641.07,2052.9365
1781077500.0,1641.08,1642.63,1637.94,1640.09,1913.8803
1781078400.0,1640.1,1640.89,1635.32,1636.55,2430.7399
1781079300.0,1636.56,1639.76,1632.42,1633.86,1955.3753
1781080200.0,1633.86,1635.69,1621.92,1622.2,3438.5824
1781081100.0,1622.19,1623.39,1618.18,1621.34,6925.8491
1781082000.0,1621.35,1623.54,1613.35,1613.75,3246.8816
1781082900.0,1613.75,1620.09,1606.01,1618.95,4988.9131
1781083800.0,1618.94,1623.74,1618.03,1621.04,1815.7298
1781084700.0,1621.05,1626.44,1616.48,1623.67,2555.4671
1781085600.0,1623.67,1624.0,1619.17,1620.72,1784.2245
1781086500.0,1620.73,1625.8,1618.1,1624.71,1129.5115
1781087400.0,1624.71,1629.09,1624.34,1626.14,1206.0209
1781088300.0,1626.14,1629.99,1625.0,1628.23,1381.0692
1781089200.0,1628.23,1630.22,1612.0,1621.57,8941.9574
1781090100.0,1621.58,1624.91,1612.6,1616.88,3790.4553
1781091000.0,1616.88,1621.89,1615.31,1620.21,3098.4119
1781091900.0,1620.2,1623.81,1619.0,1620.05,1988.3352
1781092800.0,1620.06,1625.03,1615.91,1623.76,3265.4291
1781093700.0,1623.75,1625.79,1620.04,1625.44,3026.3671
1781094600.0,1625.43,1645.46,1624.5,1639.42,10941.5496
1781095500.0,1639.41,1641.81,1635.4,1635.4,3499.5477
1781096400.0,1635.4,1636.87,1632.58,1634.16,2211.2239
1781097300.0,1634.16,1638.66,1632.0,1637.14,2029.5974
1781098200.0,1637.13,1667.5,1635.2,1666.61,11894.8434
1781099100.0,1666.61,1667.96,1650.32,1651.81,5673.8002
1781100000.0,1651.82,1655.64,1646.61,1647.04,5198.5907
1781100900.0,1647.05,1651.46,1642.22,1646.59,3544.5004
1781101800.0,1646.58,1648.92,1638.16,1643.07,3410.4928
1781102700.0,1643.05,1646.96,1637.27,1646.72,3483.9412
1781103600.0,1646.72,1653.33,1635.85,1639.46,4506.6148
1781104500.0,1639.45,1651.34,1636.31,1648.92,4035.7337
1781105400.0,1648.92,1654.98,1647.18,1654.51,3700.0703
1781106300.0,1654.52,1665.05,1642.23,1657.97,8570.8342
1781107200.0,1657.98,1658.73,1651.2,1651.51,4529.2363
1781108100.0,1651.52,1654.38,1643.15,1648.9,3624.1271
1781109000.0,1648.9,1652.0,1643.96,1645.0,3310.9003
1781109900.0,1645.0,1645.0,1632.5,1641.99,5741.9478
1781110800.0,1641.99,1647.59,1637.78,1639.57,3126.5622
1781111700.0,1639.56,1643.04,1627.66,1628.07,5167.3708
1781112600.0,1628.08,1631.75,1622.51,1624.27,6824.6188
1781113500.0,1624.28,1636.21,1623.48,1632.32,4775.5194
1781114400.0,1632.32,1635.8,1628.59,1631.02,1973.6505
1781115300.0,1631.02,1636.88,1626.91,1636.31,3163.2437
1781116200.0,1636.31,1636.32,1625.46,1626.63,3258.7598
1781117100.0,1626.64,1631.54,1622.52,1631.13,2188.5488
1781118000.0,1631.13,1633.16,1626.47,1626.98,1393.6368
1781118900.0,1626.99,1629.0,1623.13,1627.41,1400.7718
1781119800.0,1627.42,1633.69,1626.79,1632.22,1690.663
1781120700.0,1632.21,1633.09,1625.66,1630.15,3083.4479
1781121600.0,1630.15,1630.32,1623.15,1626.87,2200.2185
1781122500.0,1626.87,1636.21,1623.75,1632.91,3256.38
1781123400.0,1632.91,1632.99,1629.66,1629.66,1662.2385
1781124300.0,1629.66,1631.27,1625.74,1630.65,1629.687
1781125200.0,1630.64,1630.64,1615.5,1618.58,5942.6125
1781126100.0,1618.59,1624.11,1616.31,1618.96,1672.815
1781127000.0,1618.95,1625.0,1618.51,1624.0,1219.2804
1781127900.0,1624.0,1624.27,1603.44,1611.44,6464.3106
1781128800.0,1611.45,1613.01,1604.68,1610.96,3138.4943
1781129700.0,1610.97,1614.3,1604.62,1610.67,3496.157
1781130600.0,1610.66,1622.38,1610.36,1620.54,4815.5656
1781131500.0,1620.54,1620.54,1616.51,1616.52,2145.1406
1781132400.0,1616.52,1617.22,1611.77,1612.55,2400.4037
1781133300.0,1612.56,1622.53,1609.39,1622.03,5968.9182
1781134200.0,1622.02,1625.09,1619.04,1623.06,1917.243
1781135100.0,1623.06,1624.0,1620.26,1621.59,1239.8325
1781136000.0,1621.6,1627.48,1621.6,1626.09,1677.1605
1781136900.0,1626.1,1634.72,1626.09,1630.84,3725.4835
1781137800.0,1630.84,1631.5,1626.62,1627.63,1725.16
1781138700.0,1627.63,1631.82,1627.39,1628.64,596.6255
1781139600.0,1628.63,1639.95,1628.57,1638.27,1836.553
1781140500.0,1638.27,1641.94,1636.99,1640.55,1578.3879
1781141400.0,1640.54,1647.88,1638.79,1644.48,2633.579
1781142300.0,1644.48,1646.4,1642.17,1642.83,1026.1439
1781143200.0,1642.83,1644.57,1639.89,1640.62,800.3195
1781144100.0,1640.63,1642.56,1634.47,1634.77,1090.1094
1781145000.0,1634.77,1636.05,1630.9,1635.18,1171.1478
1781145900.0,1635.17,1645.5,1633.23,1641.07,2849.0566
1781146800.0,1641.06,1643.41,1636.09,1637.44,1365.1552
1781147700.0,1637.43,1640.6,1636.28,1639.72,1437.0155
1781148600.0,1639.73,1651.19,1639.73,1645.61,4119.9663
1781149500.0,1645.61,1661.3,1645.49,1653.95,8656.17
1781150400.0,1653.94,1654.8,1650.93,1652.22,2416.9984
1781151300.0,1652.22,1654.08,1650.82,1651.28,1145.4395
1781152200.0,1651.28,1657.27,1650.0,1655.73,1375.8015
1781153100.0,1655.73,1659.72,1655.49,1656.89,1948.4199
1781154000.0,1656.89,1656.9,1650.44,1651.3,2313.3909
1781154900.0,1651.3,1653.29,1647.63,1649.26,1474.3434
1781155800.0,1649.26,1652.03,1648.09,1651.68,2019.5623
1781156700.0,1651.67,1652.02,1647.92,1647.95,2166.8965
1781157600.0,1647.96,1657.26,1646.2,1657.03,3894.4139
1781158500.0,1657.03,1662.28,1657.03,1658.87,6512.253
1781159400.0,1658.87,1663.14,1658.29,1660.33,4193.2401
1781160300.0,1660.33,1660.59,1654.63,1654.82,1622.0658
1781161200.0,1654.81,1655.47,1652.23,1654.03,1582.3081
1781162100.0,1654.03,1658.3,1653.85,1656.98,1410.3579
1781163000.0,1656.98,1658.22,1651.7,1652.79,1489.9891
1781163900.0,1652.79,1655.15,1652.79,1654.41,997.4863
1781164800.0,1654.4,1659.6,1654.33,1658.25,1688.9114
1781165700.0,1658.24,1661.91,1656.91,1660.92,2233.1743
1781166600.0,1660.92,1663.72,1660.77,1660.8,1806.7561
1781167500.0,1660.81,1664.14,1659.03,1659.96,1890.4453
1781168400.0,1659.97,1661.57,1657.32,1658.73,1363.3833
1781169300.0,1658.72,1658.99,1656.47,1657.23,1641.8572
1781170200.0,1657.23,1661.0,1657.23,1659.9,827.0662
1781171100.0,1659.89,1662.0,1658.88,1658.98,1084.2726
1781172000.0,1658.97,1660.27,1657.6,1657.92,1227.372
1781172900.0,1657.92,1658.73,1654.28,1656.67,1480.6835
1781173800.0,1656.66,1658.99,1656.46,1656.87,914.1952
1781174700.0,1656.87,1661.58,1656.58,1658.85,2998.5189
1781175600.0,1658.85,1662.45,1656.43,1662.43,2580.8352
1781176500.0,1662.42,1664.58,1659.63,1663.29,1578.8681
1781177400.0,1663.29,1666.39,1660.98,1662.7,2330.6562
1781178300.0,1662.7,1673.5,1662.44,1666.84,4755.707
1781179200.0,1666.84,1666.88,1659.35,1661.37,3492.9494
1781180100.0,1661.36,1661.87,1646.13,1648.58,7746.9556
1781181000.0,1648.58,1653.82,1642.12,1652.55,6096.6271
1781181900.0,1652.54,1654.49,1649.49,1651.84,2900.3476
1781182800.0,1651.85,1651.85,1648.24,1649.55,1062.9325
1781183700.0,1649.55,1654.49,1647.24,1648.79,2217.8022
1781184600.0,1648.78,1652.7,1644.45,1650.71,3026.2017
1781185500.0,1650.71,1659.52,1650.09,1653.24,4874.2157
1781186400.0,1653.24,1655.28,1643.0,1644.46,3329.802
1781187300.0,1644.45,1649.89,1638.95,1649.67,4564.1716
1781188200.0,1649.66,1653.64,1645.74,1651.27,2458.8358
1781189100.0,1651.21,1655.4,1643.04,1643.04,2858.7292
1781190000.0,1643.04,1648.48,1636.19,1645.15,5246.4126
1781190900.0,1645.14,1649.9,1643.18,1646.15,1490.953
1781191800.0,1646.15,1650.83,1642.02,1644.68,2475.0486
1781192700.0,1644.67,1645.64,1641.06,1645.55,1967.1175
1781193600.0,1645.56,1649.19,1643.12,1649.14,1470.3873
1781194500.0,1649.14,1649.5,1639.53,1641.82,2381.2466
1781195400.0,1641.81,1648.19,1638.35,1643.11,2371.5307
1781196300.0,1643.11,1643.96,1639.31,1639.75,1446.7208
1781197200.0,1639.74,1641.5,1634.13,1636.81,3925.4382
1781198100.0,1636.81,1654.48,1632.71,1654.23,6956.2365
1781199000.0,1654.22,1682.27,1654.15,1677.44,19924.2224
1781199900.0,1677.44,1693.59,1674.07,1688.66,14985.9602
1781200800.0,1688.65,1691.85,1676.98,1683.69,6072.9107
1781201700.0,1683.69,1688.0,1677.6,1680.74,6587.7834
1781202600.0,1680.75,1686.97,1680.02,1686.96,2640.5253
1781203500.0,1686.97,1687.0,1683.43,1683.98,2172.417
1781204400.0,1683.97,1686.38,1675.98,1678.82,3388.2878
1781205300.0,1678.81,1684.17,1678.18,1679.98,1755.3743
1781206200.0,1679.97,1693.55,1679.97,1685.9,5374.6054
1781207100.0,1685.9,1685.9,1680.75,1681.26,3761.9999
1781208000.0,1681.26,1683.01,1678.21,1679.53,2084.018
1781208900.0,1679.52,1679.83,1668.97,1670.64,3711.6664
1781209800.0,1670.64,1672.95,1667.18,1668.32,4569.8668
1781210700.0,1668.32,1672.42,1668.31,1672.37,1110.6741
1781211600.0,1672.37,1683.29,1672.14,1681.71,2104.862
1781212500.0,1681.7,1682.62,1677.97,1678.78,2809.6055
1781213400.0,1678.79,1680.95,1677.82,1680.25,1622.6029
1781214300.0,1680.25,1680.77,1676.0,1677.0,1767.7321
1781215200.0,1676.99,1682.96,1676.59,1681.02,3339.6681
1781216100.0,1681.02,1683.21,1675.91,1677.84,2066.3338
1781217000.0,1677.85,1682.01,1675.94,1676.32,1514.8633
1781217900.0,1676.32,1678.88,1675.43,1676.17,1030.7008
1781218800.0,1676.16,1676.16,1671.15,1673.57,1327.898
1781219700.0,1673.56,1673.91,1670.19,1670.34,1449.168
1781220600.0,1670.35,1679.25,1670.35,1676.88,2154.2062
1781221500.0,1676.88,1677.5,1672.12,1673.46,1565.4031
1781222400.0,1673.46,1677.74,1670.36,1675.98,1513.3999
1781223300.0,1675.94,1675.94,1669.86,1672.92,1307.7994
1781224200.0,1672.91,1677.4,1671.76,1674.65,826.7224
1781225100.0,1674.65,1676.49,1672.71,1672.74,633.9239
1781226000.0,1672.74,1672.74,1668.15,1669.29,1634.4111
1781226900.0,1669.29,1671.73,1660.93,1663.14,3895.4168
1781227800.0,1663.14,1665.6,1662.08,1664.79,1623.2668
1781228700.0,1664.79,1667.09,1664.79,1667.09,722.8314
1781229600.0,1667.08,1677.6,1666.87,1675.47,2192.6935
1781230500.0,1675.46,1675.92,1671.97,1673.0,801.0963
1781231400.0,1673.0,1678.42,1672.6,1677.46,948.6913
1781232300.0,1677.46,1677.7,1674.93,1675.59,1028.3735
1781233200.0,1675.6,1676.6,1673.47,1674.02,1151.025
1781234100.0,1674.01,1674.01,1668.81,1671.64,1060.4359
1781235000.0,1671.64,1674.41,1670.58,1671.87,674.0965
1781235900.0,1671.87,1673.34,1671.26,1673.25,645.266
1781236800.0,1673.25,1673.42,1669.29,1670.46,429.6448
1781237700.0,1670.45,1679.27,1670.45,1677.39,2273.2104
1781238600.0,1677.39,1682.0,1677.24,1678.84,1813.7507
1781239500.0,1678.84,1679.99,1677.11,1677.47,924.9096
1781240400.0,1677.48,1677.86,1667.26,1667.86,2279.8454
1781241300.0,1667.86,1671.44,1667.49,1668.66,1694.1634
1781242200.0,1668.67,1669.58,1662.92,1664.76,2089.5379
1781243100.0,1664.76,1665.64,1662.31,1664.23,1737.613
1781244000.0,1664.23,1666.82,1662.0,1662.77,1255.5671
1781244900.0,1662.78,1662.93,1658.62,1660.32,2179.7174
1781245800.0,1660.31,1660.31,1652.09,1654.81,3044.1479
1781246700.0,1654.81,1659.36,1654.76,1657.34,2170.0323
1781247600.0,1657.35,1661.32,1657.12,1657.13,2083.1693
1781248500.0,1657.13,1659.93,1656.23,1658.82,1041.314
1781249400.0,1658.83,1661.62,1658.7,1660.62,2203.0812
1781250300.0,1660.62,1664.99,1659.61,1662.12,3003.8708
1781251200.0,1662.12,1668.44,1662.12,1667.59,4174.1451
1781252100.0,1667.59,1678.22,1667.1,1674.97,7654.3188
1781253000.0,1674.98,1675.89,1670.85,1671.04,1968.2785
1781253900.0,1671.04,1674.28,1669.84,1673.53,1621.9593
1781254800.0,1673.53,1675.55,1671.48,1675.39,1397.1269
1781255700.0,1675.4,1680.49,1675.13,1680.03,2050.0045
1781256600.0,1680.03,1683.6,1680.0,1682.44,2415.9576
1781257500.0,1682.43,1685.65,1680.16,1680.16,2333.9133
1781258400.0,1680.16,1683.35,1678.0,1679.63,2421.4214
1781259300.0,1679.62,1679.62,1671.91,1673.01,2109.7035
1781260200.0,1673.01,1677.05,1672.98,1675.0,762.1664
1781261100.0,1674.99,1676.78,1674.05,1674.85,880.6962
1781262000.0,1674.85,1678.11,1674.32,1676.33,961.5567
1781262900.0,1676.33,1678.51,1674.32,1676.21,705.4948
1781263800.0,1676.21,1676.22,1672.1,1675.21,953.0127
1781264700.0,1675.22,1677.22,1673.88,1673.89,743.1551
1781265600.0,1673.88,1673.88,1669.48,1670.86,1192.1875
1781266500.0,1670.86,1671.84,1666.81,1666.87,1106.6549
1781267400.0,1666.87,1670.04,1664.1,1666.02,2212.9944
1781268300.0,1666.02,1668.34,1663.07,1666.54,1955.3689
1781269200.0,1666.55,1667.86,1664.28,1667.43,1210.3961
1781270100.0,1667.43,1668.91,1663.9,1666.28,1206.2275
1781271000.0,1666.28,1667.53,1653.74,1657.01,5850.3671
1781271900.0,1657.01,1659.99,1654.31,1657.6,3443.1637
1781272800.0,1657.6,1669.1,1656.26,1666.36,4619.9587
1781273700.0,1666.35,1671.99,1662.32,1670.55,2269.1736
1781274600.0,1670.54,1676.5,1666.94,1668.83,3195.7279
1781275500.0,1668.82,1685.93,1666.95,1685.64,6419.4883
1781276400.0,1685.65,1691.07,1680.0,1690.1,8983.078
1781277300.0,1690.09,1691.07,1682.35,1682.54,6232.1704
1781278200.0,1682.54,1682.55,1669.19,1671.54,7447.963
1781279100.0,1671.54,1672.29,1658.75,1660.08,6049.7173
1781280000.0,1660.08,1674.62,1657.38,1671.33,6143.6256
1781280900.0,1671.33,1675.34,1666.35,1670.54,4267.0818
1781281800.0,1670.55,1675.81,1666.14,1668.68,3538.0416
1781282700.0,1668.68,1672.91,1666.79,1672.9,2310.9719
1781283600.0,1672.91,1678.1,1670.35,1671.71,3132.4866
1781284500.0,1671.71,1672.37,1667.37,1670.47,3386.7393
1781285400.0,1670.47,1672.18,1667.98,1669.15,1980.8059
1781286300.0,1669.15,1670.72,1667.73,1668.84,874.8178
1781287200.0,1668.84,1671.66,1663.71,1667.69,2785.5993
1781288100.0,1667.69,1668.29,1663.6,1667.01,1374.7396
1781289000.0,1667.01,1673.57,1665.78,1671.7,2253.6519
1781289900.0,1671.7,1672.48,1666.52,1666.87,1418.5324
1781290800.0,1666.86,1670.2,1666.68,1669.22,2065.7461
1781291700.0,1669.21,1671.0,1667.56,1669.53,1505.0634
1781292600.0,1669.53,1672.47,1665.31,1666.56,3149.7693
1781293500.0,1666.57,1668.28,1664.9,1665.92,2004.1949
1781294400.0,1665.92,1667.85,1664.18,1667.53,1558.5366
1781295300.0,1667.54,1667.75,1665.15,1666.37,635.7359
1781296200.0,1666.36,1667.44,1665.75,1666.11,834.0656
1781297100.0,1666.12,1666.37,1662.02,1664.92,930.5278
1781298000.0,1664.93,1668.01,1663.36,1666.96,1224.8456
1781298900.0,1666.96,1667.83,1666.16,1666.17,416.73
1781299800.0,1666.17,1667.18,1665.37,1665.8,607.2624
1781300700.0,1665.79,1666.09,1663.21,1664.19,775.3707
1781301600.0,1664.18,1665.13,1663.09,1663.93,697.0232
1781302500.0,1663.93,1667.49,1663.3,1665.11,487.5332
1781303400.0,1665.11,1665.79,1661.56,1662.54,730.8176
1781304300.0,1662.55,1662.9,1661.46,1662.6,460.6823
1781305200.0,1662.6,1662.94,1659.02,1661.2,1099.6708
1781306100.0,1661.2,1663.03,1660.41,1662.23,534.4479
1781307000.0,1662.23,1665.04,1661.42,1663.0,821.7969
1781307900.0,1663.0,1666.41,1663.0,1666.41,450.5233
1781308800.0,1666.42,1667.96,1665.31,1667.96,593.7672
1781309700.0,1667.95,1669.34,1666.49,1666.64,899.4522
1781310600.0,1666.63,1668.89,1666.22,1666.93,711.8962
1781311500.0,1666.92,1668.55,1665.88,1667.47,715.0098
1781312400.0,1667.47,1670.0,1667.21,1668.84,618.3568
1781313300.0,1668.85,1669.51,1666.53,1668.09,720.8258
1781314200.0,1668.09,1675.9,1667.6,1672.76,3061.2023
1781315100.0,1672.75,1675.4,1672.48,1674.03,1222.8852
1781316000.0,1674.03,1674.52,1671.91,1672.65,1234.6369
1781316900.0,1672.65,1673.11,1669.84,1670.07,978.5921
1781317800.0,1670.07,1670.48,1667.06,1667.28,1667.6073
1781318700.0,1667.29,1668.43,1665.69,1668.02,987.1554
1781319600.0,1668.03,1669.57,1667.9,1667.92,614.0995
1781320500.0,1667.91,1668.43,1663.36,1664.7,1368.4163
1781321400.0,1664.69,1665.5,1664.17,1665.31,537.5465
1781322300.0,1665.32,1666.14,1665.03,1665.25,468.1434
1781323200.0,1665.25,1666.26,1663.52,1664.36,806.0199
1781324100.0,1664.35,1666.87,1663.68,1665.52,512.9659
1781325000.0,1665.51,1668.28,1665.51,1667.63,546.1697
1781325900.0,1667.63,1668.02,1664.46,1664.51,370.391
1781326800.0,1664.52,1665.37,1663.52,1664.43,502.1806
1781327700.0,1664.44,1665.61,1663.52,1664.39,943.0354
1781328600.0,1664.4,1665.55,1664.14,1664.49,511.01
1781329500.0,1664.49,1665.22,1662.2,1665.22,1044.5981
1781330400.0,1665.22,1666.42,1664.22,1664.61,798.7177
1781331300.0,1664.62,1666.78,1663.88,1666.78,1097.0866
1781332200.0,1666.78,1667.67,1666.18,1667.09,576.784
1781333100.0,1667.09,1670.25,1667.08,1669.7,818.2893
1781334000.0,1669.71,1670.74,1668.47,1669.87,637.6709
1781334900.0,1669.88,1675.0,1668.87,1673.79,1950.217
1781335800.0,1673.79,1674.11,1672.66,1673.46,1379.1329
1781336700.0,1673.46,1677.74,1673.45,1676.38,3549.4589
1781337600.0,1676.38,1679.92,1673.63,1675.47,3882.1906
1781338500.0,1675.47,1676.9,1674.25,1675.31,1507.2442
1781339400.0,1675.31,1678.07,1674.83,1676.46,1590.3287
1781340300.0,1676.47,1676.61,1674.19,1674.57,598.8647
1781341200.0,1674.57,1676.3,1674.56,1674.95,487.1942
1781342100.0,1674.95,1676.01,1673.33,1673.76,588.718
1781343000.0,1673.77,1675.22,1673.61,1674.9,1781.7801
1781343900.0,1674.9,1675.06,1672.93,1673.7,1040.9827
1781344800.0,1673.7,1674.57,1672.8,1673.77,452.4987
1781345700.0,1673.77,1674.72,1672.94,1673.57,777.1125
1781346600.0,1673.56,1675.7,1673.56,1675.12,1150.3992
1781347500.0,1675.13,1676.37,1672.96,1674.18,759.3123
1781348400.0,1674.19,1677.27,1673.55,1677.23,1609.2711
1781349300.0,1677.23,1678.96,1677.03,1678.43,1025.4241
1781350200.0,1678.43,1678.56,1677.01,1677.26,722.9655
1781351100.0,1677.25,1678.49,1677.15,1678.34,517.7295
1781352000.0,1678.33,1678.34,1677.16,1677.17,571.3667
1781352900.0,1677.16,1678.51,1676.99,1677.03,595.6338
1781353800.0,1677.03,1679.57,1677.02,1678.31,977.3417
1781354700.0,1678.32,1683.77,1678.2,1680.53,2493.461
1781355600.0,1680.52,1680.77,1678.27,1679.53,1113.8114
1781356500.0,1679.53,1681.31,1678.65,1680.74,652.7249
1781357400.0,1680.73,1681.58,1679.0,1679.68,855.4224
1781358300.0,1679.68,1681.58,1676.69,1678.02,1800.2785
1781359200.0,1678.02,1681.47,1677.82,1680.18,1351.0145
1781360100.0,1680.18,1681.0,1678.06,1678.85,676.8858
1781361000.0,1678.85,1680.97,1678.85,1679.5,552.8843
1781361900.0,1679.5,1680.75,1678.97,1679.97,615.311
1781362800.0,1679.98,1681.41,1678.5,1681.17,1058.6162
1781363700.0,1681.17,1683.97,1680.58,1683.31,1407.8126
1781364600.0,1683.31,1686.56,1679.45,1679.76,3747.8774
1781365500.0,1679.75,1683.29,1679.0,1682.15,1459.9952
1781366400.0,1682.14,1682.48,1674.67,1675.44,2907.403
1781367300.0,1675.43,1675.58,1671.44,1673.07,5345.1925
1781368200.0,1673.07,1675.06,1672.0,1674.4,1001.6755
1781369100.0,1674.41,1680.38,1673.33,1676.74,3067.8976
1781370000.0,1676.74,1677.42,1673.87,1675.04,1076.2922
1781370900.0,1675.05,1677.59,1674.07,1677.59,704.2324
1781371800.0,1677.59,1678.4,1676.76,1677.62,598.7623
1781372700.0,1677.62,1678.15,1673.23,1674.31,1205.9711
1781373600.0,1674.31,1676.98,1674.2,1676.77,353.1644
1781374500.0,1676.77,1679.86,1676.0,1679.82,491.8614
1781375400.0,1679.82,1682.63,1679.78,1682.09,1172.8964
1781376300.0,1682.08,1682.4,1676.05,1678.53,706.6627
1781377200.0,1678.53,1679.44,1677.91,1678.28,372.6986
1781378100.0,1678.28,1678.28,1675.86,1676.89,455.4475
1781379000.0,1676.89,1679.87,1676.69,1679.61,1127.8427
1781379900.0,1679.62,1680.0,1678.29,1678.29,781.354
1781380800.0,1678.3,1678.3,1676.2,1677.33,679.0299
1781381700.0,1677.33,1678.22,1676.15,1676.26,529.7368
1781382600.0,1676.26,1676.5,1675.11,1675.44,429.7305
1781383500.0,1675.44,1676.7,1675.18,1676.53,429.1655
1781384400.0,1676.53,1677.25,1674.91,1675.41,575.8963
1781385300.0,1675.41,1677.34,1675.08,1676.4,518.8528
1781386200.0,1676.4,1697.28,1676.4,1687.77,3707.9676
1781387100.0,1687.77,1689.29,1684.43,1686.44,1874.5766
1781388000.0,1686.44,1686.65,1682.85,1683.5,1203.9346
1781388900.0,1683.5,1685.08,1682.29,1684.83,876.1723
1781389800.0,1684.83,1685.64,1683.2,1683.2,826.6397
1781390700.0,1683.21,1683.67,1681.62,1681.63,417.4158
1781391600.0,1681.62,1682.03,1680.83,1681.61,374.6939
1781392500.0,1681.61,1684.2,1680.1,1680.14,515.476
1781393400.0,1680.14,1681.61,1680.0,1680.01,594.4884
1781394300.0,1680.0,1681.18,1678.1,1681.18,962.7024
1781395200.0,1681.19,1681.19,1679.24,1679.67,658.3627
1781396100.0,1679.68,1681.64,1678.83,1680.01,493.2877
1781397000.0,1680.01,1683.52,1679.8,1682.7,550.705
1781397900.0,1682.7,1683.47,1681.19,1681.91,933.1643
1781398800.0,1681.9,1685.99,1680.3,1684.61,787.2866
1781399700.0,1684.62,1690.36,1684.62,1686.71,1345.0236
1781400600.0,1686.71,1686.72,1684.61,1684.61,422.4756
1781401500.0,1684.61,1686.56,1683.54,1683.99,963.2556
1781402400.0,1683.98,1685.69,1683.2,1685.29,440.2748
1781403300.0,1685.29,1685.7,1682.44,1683.07,473.4639
1781404200.0,1683.06,1684.0,1681.92,1682.1,578.3384
1781405100.0,1682.11,1683.23,1681.59,1682.47,437.3268
1781406000.0,1682.46,1683.28,1681.51,1682.16,442.4786
1781406900.0,1682.16,1683.19,1682.0,1682.71,442.6888
1781407800.0,1682.7,1683.01,1679.85,1680.06,921.8682
1781408700.0,1680.07,1682.11,1680.06,1681.73,517.8997
1781409600.0,1681.74,1682.66,1680.16,1681.02,364.0569
1781410500.0,1681.01,1682.0,1680.6,1680.62,554.5746
1781411400.0,1680.63,1680.63,1676.72,1677.31,1349.1895
1781412300.0,1677.3,1678.95,1676.35,1677.95,1267.185
1781413200.0,1677.95,1679.14,1677.2,1677.91,851.9016
1781414100.0,1677.91,1677.91,1675.0,1675.67,1316.9025
1781415000.0,1675.68,1678.58,1674.0,1678.06,1227.3702
1781415900.0,1678.05,1678.95,1677.92,1678.13,665.7773
1781416800.0,1678.13,1682.5,1678.13,1681.68,931.3464
1781417700.0,1681.68,1681.68,1676.62,1679.3,1834.1271
1781418600.0,1679.3,1679.44,1676.51,1676.84,858.0967
1781419500.0,1676.84,1677.33,1675.3,1676.39,1442.993
1781420400.0,1676.4,1676.59,1673.72,1674.65,925.8523
1781421300.0,1674.66,1677.55,1674.5,1676.84,847.3674
1781422200.0,1676.84,1676.84,1674.0,1674.01,656.8706
1781423100.0,1674.01,1676.69,1674.0,1675.91,497.5933
1781424000.0,1675.91,1676.97,1674.73,1676.42,816.9087
1781424900.0,1676.42,1678.68,1676.41,1677.97,1079.8397
1781425800.0,1677.98,1678.92,1677.0,1677.28,786.7324
1781426700.0,1677.29,1677.67,1675.13,1675.58,405.464
1781427600.0,1675.58,1676.68,1674.41,1674.79,889.1153
1781428500.0,1674.79,1674.84,1669.15,1671.15,4397.1055
1781429400.0,1671.15,1677.69,1670.86,1677.53,1484.9241
1781430300.0,1677.53,1679.0,1676.52,1678.49,659.1991
1781431200.0,1678.48,1678.5,1675.41,1675.97,539.4945
1781432100.0,1675.96,1678.55,1675.52,1676.6,527.3549
1781433000.0,1676.59,1677.7,1676.16,1676.17,469.3613
1781433900.0,1676.16,1676.18,1673.13,1673.13,359.8606
1781434800.0,1673.13,1674.79,1672.36,1674.66,787.9215
1781435700.0,1674.67,1675.48,1672.9,1674.94,526.7734
1781436600.0,1674.94,1677.15,1674.87,1675.89,772.9859
1781437500.0,1675.9,1675.93,1673.64,1673.73,313.2321
1781438400.0,1673.73,1674.58,1672.81,1673.09,730.7895
1781439300.0,1673.09,1674.52,1672.96,1672.98,736.9325
1781440200.0,1672.99,1673.24,1666.62,1668.69,1439.6965
1781441100.0,1668.7,1668.86,1665.35,1666.9,1652.8311
1781442000.0,1666.9,1669.01,1666.2,1667.99,915.8164
1781442900.0,1667.99,1669.12,1665.53,1666.12,1007.3158
1781443800.0,1666.11,1668.43,1664.5,1668.07,1630.6594
1781444700.0,1668.07,1669.15,1665.47,1666.54,736.2973
1781445600.0,1666.53,1666.99,1664.5,1666.52,1129.137
1781446500.0,1666.51,1670.2,1663.57,1665.13,2020.7656
1781447400.0,1665.12,1665.18,1654.9,1656.27,5362.2244
1781448300.0,1656.27,1659.77,1655.83,1659.76,2234.6919
1781449200.0,1659.76,1664.35,1659.6,1662.9,1717.3358
1781450100.0,1662.9,1664.37,1661.21,1663.23,1314.8462
1781451000.0,1663.24,1664.51,1661.25,1663.01,915.7253
1781451900.0,1663.0,1664.67,1662.13,1662.95,387.4997
1781452800.0,1662.95,1666.66,1662.58,1665.38,924.1108
1781453700.0,1665.39,1668.3,1665.0,1667.3,726.0208
1781454600.0,1667.3,1668.57,1666.81,1666.94,718.2239
1781455500.0,1666.93,1667.25,1659.36,1661.38,4147.0135
1781456400.0,1661.37,1665.0,1660.92,1664.75,2157.2593
1781457300.0,1664.75,1666.22,1664.2,1664.2,673.5092
1781458200.0,1664.21,1666.52,1661.63,1664.37,1164.9608
1781459100.0,1664.38,1665.21,1661.36,1662.09,1155.6755
1781460000.0,1662.09,1663.27,1660.97,1662.29,802.9957
1781460900.0,1662.29,1662.9,1658.95,1659.94,1072.9167
1781461800.0,1659.94,1661.44,1659.24,1660.87,605.5187
1781462700.0,1660.88,1662.32,1660.34,1662.08,575.6792
1781463600.0,1662.07,1665.47,1661.13,1665.19,776.3002
1781464500.0,1665.18,1667.93,1665.18,1666.34,699.5888
1781465400.0,1666.34,1667.84,1665.05,1665.74,1305.8864
1781466300.0,1665.73,1665.76,1664.99,1665.43,437.3192
1781467200.0,1665.44,1666.85,1662.67,1663.3,1043.2758
1781468100.0,1663.3,1668.0,1663.29,1667.17,947.0072
1781469000.0,1667.17,1673.72,1667.17,1671.54,1640.9365
1781469900.0,1671.55,1672.55,1670.38,1670.48,727.2908
1781470800.0,1670.48,1672.48,1669.97,1672.48,303.1671
1781471700.0,1672.47,1713.0,1672.47,1700.99,20551.4881
1781472600.0,1701.04,1724.93,1699.23,1716.44,14291.2038
1781473500.0,1716.44,1732.28,1715.81,1718.67,13635.3926
1781474400.0,1718.68,1729.1,1712.34,1721.0,13959.6792
1781475300.0,1720.99,1724.67,1716.17,1721.16,5426.1933
1781476200.0,1721.17,1728.8,1718.13,1725.86,4948.2356
1781477100.0,1725.87,1727.67,1720.5,1722.62,3709.3716
1781478000.0,1722.62,1725.91,1716.79,1724.42,3834.5284
1781478900.0,1724.43,1726.43,1720.51,1723.72,3686.9786
1781479800.0,1723.73,1726.08,1719.52,1719.52,3463.9873
1781480700.0,1719.53,1726.3,1719.28,1725.62,3150.2974
1781481600.0,1725.63,1733.04,1724.07,1731.51,6623.4691
1781482500.0,1731.51,1731.51,1723.93,1725.64,4029.567
1781483400.0,1725.63,1726.0,1720.0,1720.99,2622.9103
1781484300.0,1721.0,1722.29,1719.78,1720.83,1295.0348
1781485200.0,1720.83,1721.2,1712.34,1717.65,3450.7995
1781486100.0,1717.65,1717.7,1709.66,1711.79,3421.9666
1781487000.0,1711.79,1721.91,1710.83,1721.8,3153.2024
1781487900.0,1721.79,1721.79,1715.24,1715.79,2072.0113
1781488800.0,1715.8,1721.0,1714.23,1720.67,2571.3422
1781489700.0,1720.67,1726.96,1720.65,1720.9,2681.6404
1781490600.0,1720.9,1722.48,1719.49,1719.76,1557.0154
1781491500.0,1719.76,1720.16,1716.02,1716.78,2156.2602
1781492400.0,1716.78,1723.5,1715.55,1722.99,2665.9362
1781493300.0,1722.99,1723.26,1719.68,1721.11,2547.2
1781494200.0,1721.11,1723.62,1719.71,1722.96,2571.0211
1781495100.0,1722.97,1724.17,1720.23,1720.78,3371.7078
1781496000.0,1720.78,1720.78,1717.38,1718.6,3293.2315
1781496900.0,1718.59,1720.28,1717.24,1718.83,2021.2122
1781497800.0,1718.84,1719.15,1717.25,1718.0,1346.7359
