timestamp,open,high,low,close,volume
1771131600.0,2076.31,2096.11,2075.12,2088.68,13517.585
1771135200.0,2088.67,2094.71,2082.61,2085.85,9082.319
1771138800.0,2085.85,2103.32,2082.47,2091.41,34761.7286
1771142400.0,2091.41,2096.82,2055.92,2069.2,27316.0929
1771146000.0,2069.2,2078.86,2066.02,2068.7,9469.0133
1771149600.0,2068.7,2070.26,2054.36,2061.57,10415.5493
1771153200.0,2061.56,2067.01,2058.61,2061.96,4891.9191
1771156800.0,2061.96,2068.63,2011.0,2011.0,27452.0817
1771160400.0,2011.0,2028.34,1994.05,2002.46,48992.1893
1771164000.0,2002.45,2012.43,1993.3,2010.32,23471.8499
1771167600.0,2010.32,2015.07,2002.5,2011.29,15790.3985
1771171200.0,2011.29,2011.3,1993.35,2006.27,52142.1239
1771174800.0,2006.27,2009.05,1957.9,1971.3,39397.2103
1771178400.0,1971.3,1981.36,1952.62,1959.24,86430.6925
1771182000.0,1959.24,1961.96,1928.88,1942.23,111713.6846
1771185600.0,1942.22,1958.54,1933.77,1950.11,16989.637
1771189200.0,1950.11,1965.77,1950.0,1958.55,9995.153
1771192800.0,1958.55,1974.51,1956.58,1970.27,9431.4963
1771196400.0,1970.27,1970.89,1944.36,1966.58,18853.9236
1771200000.0,1966.59,1979.3,1963.35,1969.11,17601.4525
1771203600.0,1969.11,1981.2,1957.0,1963.06,11795.9275
1771207200.0,1963.06,1966.79,1952.3,1957.0,8676.6599
1771210800.0,1957.01,1959.81,1948.76,1958.78,9328.3216
1771214400.0,1958.78,1973.19,1958.34,1973.06,9289.7666
1771218000.0,1973.05,1974.17,1952.91,1958.0,10870.1372
1771221600.0,1957.99,1967.58,1955.94,1966.69,6224.5302
1771225200.0,1966.69,1978.64,1964.32,1971.13,12111.0474
1771228800.0,1971.14,1978.51,1970.0,1977.31,7824.2263
1771232400.0,1977.31,1993.35,1976.16,1987.67,19499.8904
1771236000.0,1987.66,1988.91,1977.51,1978.88,7219.1525
1771239600.0,1978.88,1983.87,1957.12,1976.15,17076.6315
1771243200.0,1976.16,2009.52,1972.46,2006.24,17839.9282
1771246800.0,2006.25,2023.51,1961.23,1967.7,39101.6427
1771250400.0,1967.69,1983.45,1954.97,1973.13,18232.334
1771254000.0,1973.13,1986.12,1937.24,1956.65,35682.8156
1771257600.0,1956.65,1980.04,1956.31,1973.75,22180.4766
1771261200.0,1973.75,1988.4,1964.48,1978.99,16573.7081
1771264800.0,1978.99,1985.68,1967.1,1968.93,10273.7227
1771268400.0,1968.94,1979.74,1966.22,1974.04,8089.6023
1771272000.0,1974.04,1994.34,1971.1,1993.2,13720.2978
1771275600.0,1993.2,2004.02,1986.2,1999.14,12003.6883
1771279200.0,1999.13,2002.54,1984.39,1990.19,11617.8339
1771282800.0,1990.19,2002.52,1988.72,1998.33,8514.1495
1771286400.0,1998.34,2005.77,1993.41,1998.44,7247.1782
1771290000.0,1998.45,2008.05,1991.0,1991.82,7619.5607
1771293600.0,1991.8,2008.58,1979.7,1998.59,16392.9806
1771297200.0,1998.6,1999.22,1984.73,1985.7,8720.5727
1771300800.0,1985.69,1998.48,1982.23,1989.44,9943.1886
1771304400.0,1989.44,1991.05,1964.72,1975.68,17831.9284
1771308000.0,1975.68,1985.07,1975.67,1981.02,6772.8404
1771311600.0,1981.02,1988.22,1973.32,1985.91,10442.2239
1771315200.0,1985.91,1990.88,1973.95,1977.08,13060.6464
1771318800.0,1977.07,1979.99,1969.79,1976.16,13678.9128
1771322400.0,1976.15,1978.77,1961.71,1966.93,13184.1419
1771326000.0,1966.92,1972.5,1964.28,1968.47,7332.665
1771329600.0,1968.47,1977.02,1967.21,1969.76,11194.8099
1771333200.0,1969.76,1999.72,1964.74,1990.53,19708.1928
1771336800.0,1990.53,2002.7,1944.3,1948.49,50708.5711
1771340400.0,1948.5,1969.66,1941.66,1968.58,35993.6945
1771344000.0,1968.59,2010.47,1967.65,1980.36,43955.8094
1771347600.0,1980.37,1984.05,1954.03,1966.27,24967.607
1771351200.0,1966.28,2007.02,1961.73,1998.69,25370.9819
1771354800.0,1998.7,2015.33,1995.07,1998.14,23332.8204
1771358400.0,1998.15,2001.5,1987.57,1994.71,14385.5431
1771362000.0,1994.71,2002.79,1992.34,1999.74,6350.1913
1771365600.0,1999.74,2004.0,1992.39,1993.92,6910.2358
1771369200.0,1993.91,1998.19,1989.67,1991.66,11141.6459
1771372800.0,1991.67,1997.89,1981.18,1981.54,10638.9469
1771376400.0,1981.54,1984.18,1968.68,1978.07,16454.555
1771380000.0,1978.08,1992.83,1977.57,1987.61,12379.751
1771383600.0,1987.61,2000.56,1986.86,1997.07,9221.4102
1771387200.0,1997.08,2002.78,1993.35,1999.15,10445.9513
1771390800.0,1999.18,2002.91,1996.0,1996.49,5731.646
1771394400.0,1996.5,2008.62,1995.56,2002.06,5869.8955
1771398000.0,2002.06,2023.52,1996.71,2018.07,15598.0276
1771401600.0,2018.06,2039.05,2017.17,2020.7,19799.3854
1771405200.0,2020.69,2022.75,2015.82,2016.69,8508.1525
1771408800.0,2016.69,2018.28,1995.55,1997.27,13627.4399
1771412400.0,1997.27,1998.3,1976.57,1981.43,18516.9861
1771416000.0,1981.44,1989.38,1971.66,1982.47,17377.6175
1771419600.0,1982.48,1991.91,1961.56,1970.68,18828.9728
1771423200.0,1970.67,1976.85,1954.3,1974.66,38349.6129
1771426800.0,1974.65,2010.3,1973.58,1985.48,33886.8033
1771430400.0,1985.48,1985.67,1965.0,1971.78,24137.2433
1771434000.0,1971.78,1987.89,1970.81,1974.57,10635.9022
1771437600.0,1974.58,1977.59,1949.21,1952.62,25111.7124
1771441200.0,1952.62,1961.57,1923.78,1941.03,35636.1392
1771444800.0,1941.04,1952.79,1935.82,1939.67,16433.1338
1771448400.0,1939.68,1948.37,1935.94,1942.0,9781.7132
1771452000.0,1941.96,1950.14,1939.92,1948.24,5923.7736
1771455600.0,1948.24,1956.79,1944.62,1955.91,10744.237
1771459200.0,1955.9,1961.22,1950.5,1956.54,5924.9446
1771462800.0,1956.54,1974.73,1956.42,1967.01,9009.3842
1771466400.0,1967.01,1973.0,1962.77,1968.06,6281.322
1771470000.0,1968.06,1973.44,1963.14,1972.33,4860.7223
1771473600.0,1972.32,1979.84,1969.21,1969.5,10857.5236
1771477200.0,1969.51,1972.72,1964.2,1970.33,7950.2114
1771480800.0,1970.32,1985.0,1970.04,1982.92,7290.369
1771484400.0,1982.93,1987.55,1979.05,1981.76,8023.7906
1771488000.0,1981.76,1982.54,1966.35,1970.5,9542.8548
1771491600.0,1970.5,1980.51,1961.64,1963.79,9144.5692
1771495200.0,1963.8,1968.65,1957.45,1959.64,10708.9231
1771498800.0,1959.65,1964.56,1948.16,1949.58,13812.2789
1771502400.0,1949.59,1956.18,1945.09,1947.3,10698.5402
1771506000.0,1947.3,1948.22,1911.49,1921.4,31694.4831
1771509600.0,1921.4,1948.52,1912.07,1936.87,29110.3982
1771513200.0,1936.87,1947.78,1913.24,1926.3,31392.0646
1771516800.0,1926.29,1929.93,1907.0,1922.07,18684.1929
1771520400.0,1922.08,1944.57,1910.77,1920.72,19336.2092
1771524000.0,1920.71,1944.67,1916.59,1939.99,14820.3373
1771527600.0,1940.0,1947.52,1927.84,1941.34,10603.4617
1771531200.0,1941.33,1952.0,1934.79,1950.29,11823.375
1771534800.0,1950.29,1952.57,1945.77,1948.5,6871.6141
1771538400.0,1948.5,1948.82,1937.09,1943.96,6898.7347
1771542000.0,1943.96,1951.33,1942.29,1949.08,4916.7686
1771545600.0,1949.08,1964.54,1947.41,1957.56,9537.7165
1771549200.0,1957.57,1961.56,1950.03,1953.76,5450.5448
1771552800.0,1953.77,1956.7,1948.17,1949.69,6151.3061
1771556400.0,1949.69,1960.64,1949.69,1954.85,7546.8054
1771560000.0,1954.85,1956.15,1931.01,1939.17,17059.9424
1771563600.0,1939.17,1965.5,1936.21,1955.23,13605.4302
1771567200.0,1955.23,1960.36,1949.82,1958.47,11046.3006
1771570800.0,1958.47,1968.55,1956.98,1960.97,14254.4493
1771574400.0,1960.93,1966.32,1957.12,1960.0,8987.2822
1771578000.0,1960.0,1972.27,1959.91,1968.15,17267.7588
1771581600.0,1968.15,1973.86,1956.55,1957.54,13226.2033
1771585200.0,1957.53,1957.58,1940.58,1943.98,19265.1571
1771588800.0,1943.99,1951.65,1942.39,1949.82,14375.6202
1771592400.0,1949.82,1949.83,1922.97,1934.11,25969.8241
1771596000.0,1934.11,1954.28,1933.07,1943.7,18771.1565
1771599600.0,1943.7,1980.49,1935.4,1963.95,62826.6743
1771603200.0,1963.96,1973.5,1953.86,1968.62,31207.2409
1771606800.0,1968.62,1970.94,1939.21,1966.57,28092.6734
1771610400.0,1966.56,1981.18,1959.89,1975.56,26074.1518
1771614000.0,1975.55,1978.15,1961.67,1963.69,9581.1465
1771617600.0,1963.69,1971.36,1961.6,1971.05,5525.9052
1771621200.0,1971.04,1975.27,1967.19,1974.38,5270.0343
1771624800.0,1974.37,1974.37,1964.4,1971.4,7586.0404
1771628400.0,1971.39,1973.27,1963.54,1968.88,7574.1914
1771632000.0,1968.88,1969.47,1961.47,1963.22,3689.9173
1771635600.0,1963.23,1969.09,1963.0,1966.24,4693.7026
1771639200.0,1966.25,1970.7,1964.83,1965.69,2629.8557
1771642800.0,1965.69,1966.0,1955.62,1959.03,5567.7217
1771646400.0,1959.03,1963.29,1956.21,1962.4,4120.7006
1771650000.0,1962.4,1964.43,1961.2,1962.86,3515.3606
1771653600.0,1962.86,1966.09,1960.52,1961.5,4038.7432
1771657200.0,1961.5,1964.84,1960.0,1962.71,2646.7788
1771660800.0,1962.7,1971.18,1962.0,1969.0,7080.4819
1771664400.0,1969.01,1977.66,1967.2,1970.28,12055.1318
1771668000.0,1970.28,1974.88,1969.09,1974.17,6008.2394
1771671600.0,1974.17,1988.6,1973.85,1977.02,15667.8925
1771675200.0,1977.02,1978.17,1969.49,1975.99,6999.5633
1771678800.0,1975.99,1981.4,1972.63,1981.18,6317.4235
1771682400.0,1981.18,1995.56,1978.09,1987.52,24404.4209
1771686000.0,1987.51,1993.0,1984.25,1988.13,11101.6253
1771689600.0,1988.13,1989.64,1976.41,1986.33,13460.1335
1771693200.0,1986.34,1992.1,1984.26,1988.95,6840.0562
1771696800.0,1988.95,1995.31,1987.77,1991.97,7986.1033
1771700400.0,1991.97,1994.77,1987.86,1988.35,5053.466
1771704000.0,1988.34,1990.41,1973.53,1974.14,9505.7552
1771707600.0,1974.14,1982.79,1970.0,1982.04,6233.462
1771711200.0,1982.04,1982.47,1972.02,1974.4,6109.6367
1771714800.0,1974.39,1977.78,1971.08,1973.35,3447.6736
1771718400.0,1973.35,1975.6,1967.75,1972.87,6008.3015
1771722000.0,1972.87,1979.87,1972.61,1977.37,5083.1373
1771725600.0,1977.38,1982.99,1972.21,1972.23,4860.7958
1771729200.0,1972.23,1976.26,1967.4,1974.71,4955.8985
1771732800.0,1974.71,1976.16,1970.2,1973.62,4191.9092
1771736400.0,1973.63,1975.11,1971.06,1974.97,3675.8565
1771740000.0,1974.97,1979.54,1974.29,1976.05,4322.9772
1771743600.0,1976.06,1978.78,1974.58,1975.88,4020.6584
1771747200.0,1975.87,1977.05,1970.58,1973.39,3464.4699
1771750800.0,1973.4,1976.26,1971.72,1975.83,3255.7516
1771754400.0,1975.83,1980.01,1975.02,1977.5,4793.5056
1771758000.0,1977.51,1983.13,1977.51,1980.78,6265.0842
1771761600.0,1980.79,1981.6,1961.84,1966.37,12687.4759
1771765200.0,1966.37,1968.69,1945.0,1950.95,17873.0243
1771768800.0,1950.95,1954.6,1943.53,1950.64,10915.5928
1771772400.0,1950.65,1958.72,1945.86,1953.98,8948.8048
1771776000.0,1953.99,1955.56,1947.53,1952.53,10039.4499
1771779600.0,1952.52,1953.6,1935.0,1940.27,12200.5295
1771783200.0,1940.27,1944.11,1938.39,1942.95,4324.0072
1771786800.0,1942.95,1945.92,1940.05,1943.74,2450.5043
1771790400.0,1943.73,1945.98,1939.81,1940.99,2422.2064
1771794000.0,1941.0,1952.27,1941.0,1950.39,5948.999
1771797600.0,1950.4,1960.89,1946.61,1958.54,6012.482
1771801200.0,1958.53,1960.95,1948.62,1957.82,6604.2264
1771804800.0,1957.82,1958.33,1928.71,1929.42,18435.2398
1771808400.0,1929.42,1929.42,1847.46,1856.88,107679.144
1771812000.0,1856.88,1868.67,1851.39,1863.24,24157.7376
1771815600.0,1863.25,1871.98,1856.17,1862.87,17198.7699
1771819200.0,1862.88,1864.94,1853.34,1860.17,11872.4387
1771822800.0,1860.17,1870.67,1860.0,1866.08,15346.9253
1771826400.0,1866.08,1883.2,1864.29,1879.52,17881.7123
1771830000.0,1879.52,1888.71,1876.93,1885.5,21104.9996
1771833600.0,1885.5,1889.77,1877.23,1880.62,12507.7469
1771837200.0,1880.63,1918.82,1880.63,1918.0,18360.4707
1771840800.0,1917.99,1928.19,1912.29,1913.94,23296.5445
1771844400.0,1913.95,1920.59,1911.1,1915.3,15298.7991
1771848000.0,1915.29,1926.53,1905.71,1919.99,29364.5385
1771851600.0,1920.0,1935.52,1918.78,1921.9,16082.054
1771855200.0,1921.9,1925.48,1895.0,1906.92,25345.2872
1771858800.0,1906.92,1913.23,1892.68,1895.65,17508.2211
1771862400.0,1895.65,1900.18,1881.2,1884.72,27144.3534
1771866000.0,1884.73,1888.17,1837.13,1863.92,49519.889
1771869600.0,1863.92,1874.12,1854.6,1857.75,23279.0907
1771873200.0,1857.75,1864.75,1847.2,1857.19,18636.5723
1771876800.0,1857.19,1862.49,1846.8,1860.56,14636.3465
1771880400.0,1860.55,1869.31,1858.56,1863.59,8570.3931
1771884000.0,1863.59,1870.0,1859.72,1859.93,6871.8835
1771887600.0,1859.94,1866.95,1850.95,1856.3,7260.3292
1771891200.0,1856.3,1869.58,1855.34,1867.96,9157.3062
1771894800.0,1867.95,1867.99,1811.81,1840.95,40396.0586
1771898400.0,1840.95,1854.46,1837.15,1843.54,12161.91
1771902000.0,1843.54,1843.54,1823.24,1832.03,18172.7946
1771905600.0,1832.03,1833.82,1813.77,1830.81,19146.1198
1771909200.0,1830.8,1840.79,1814.01,1826.26,22890.475
1771912800.0,1826.25,1831.35,1817.99,1820.86,12662.403
1771916400.0,1820.87,1831.89,1815.23,1825.7,18837.2692
1771920000.0,1825.7,1836.18,1818.52,1831.57,15506.6159
1771923600.0,1831.56,1834.69,1815.22,1827.14,15818.8683
1771927200.0,1827.15,1829.68,1820.57,1825.88,13127.0018
1771930800.0,1825.88,1827.36,1818.08,1826.75,19078.3384
1771934400.0,1826.75,1830.29,1821.07,1823.92,11156.188
1771938000.0,1823.92,1827.5,1800.0,1815.73,27668.2331
1771941600.0,1815.72,1847.99,1803.48,1834.73,40891.5399
1771945200.0,1834.73,1850.29,1828.46,1847.59,31496.7887
1771948800.0,1847.59,1863.33,1838.36,1858.56,27165.2043
1771952400.0,1858.57,1865.38,1849.55,1855.43,25214.2916
1771956000.0,1855.43,1860.67,1845.46,1855.08,12199.6586
1771959600.0,1855.08,1862.63,1847.05,1852.46,9800.1897
1771963200.0,1852.47,1862.36,1849.5,1858.58,6842.4044
1771966800.0,1858.57,1858.57,1845.41,1854.17,8846.6793
1771970400.0,1854.17,1864.11,1852.92,1860.56,7923.1468
1771974000.0,1860.56,1860.61,1851.63,1851.94,11904.5432
1771977600.0,1851.95,1856.68,1846.74,1851.98,5821.5512
1771981200.0,1851.98,1924.84,1850.49,1918.34,52073.9922
1771984800.0,1918.34,1944.86,1918.12,1920.97,30910.282
1771988400.0,1920.97,1922.81,1903.35,1906.14,16453.4618
1771992000.0,1906.14,1914.35,1894.37,1906.3,16090.4173
1771995600.0,1906.31,1908.3,1878.02,1887.98,18671.3654
1771999200.0,1887.98,1896.71,1884.83,1885.05,9969.6751
1772002800.0,1885.06,1895.58,1882.44,1893.31,10031.5014
1772006400.0,1893.32,1913.9,1890.27,1910.29,13325.2926
1772010000.0,1910.29,1917.83,1907.49,1915.19,12124.8111
1772013600.0,1915.18,1923.43,1910.22,1912.61,10393.5316
1772017200.0,1912.62,1928.45,1907.76,1926.48,13682.7133
1772020800.0,1926.48,1956.79,1922.28,1953.43,28466.2433
1772024400.0,1953.44,1976.89,1952.47,1964.57,29844.2399
1772028000.0,1964.57,2001.65,1962.14,1997.38,46629.0012
1772031600.0,1997.38,2028.7,1986.72,2013.73,54106.0004
1772035200.0,2013.69,2049.18,2013.36,2046.33,41815.8619
1772038800.0,2046.34,2086.17,2044.28,2073.9,52395.6223
1772042400.0,2073.9,2081.2,2056.93,2074.12,30666.6317
1772046000.0,2074.11,2074.9,2060.05,2071.1,20148.6445
1772049600.0,2071.1,2083.99,2058.37,2075.0,28425.5492
1772053200.0,2074.99,2148.39,2065.84,2100.33,72931.0504
1772056800.0,2100.33,2115.41,2073.79,2083.15,34986.5886
1772060400.0,2083.14,2087.0,2034.39,2057.48,33015.4094
1772064000.0,2057.48,2076.6,2047.83,2062.36,22284.1984
1772067600.0,2062.36,2066.95,2049.74,2058.34,15006.9545
1772071200.0,2058.35,2059.06,2039.37,2053.28,12368.7859
1772074800.0,2053.28,2059.35,2047.35,2054.55,9377.3741
1772078400.0,2054.55,2082.81,2051.92,2075.01,23573.5254
1772082000.0,2075.0,2075.55,2056.7,2066.13,11872.4705
1772085600.0,2066.13,2076.5,2059.54,2062.54,12915.98
1772089200.0,2062.54,2068.29,2051.55,2053.37,12926.6351
1772092800.0,2053.36,2059.0,2044.36,2054.43,18628.8111
1772096400.0,2054.43,2078.24,2052.79,2074.94,16397.1081
1772100000.0,2074.93,2083.33,2062.19,2065.31,11777.5046
1772103600.0,2065.31,2067.45,2053.46,2057.66,10700.8354
1772107200.0,2057.65,2071.76,2055.53,2070.0,8818.2351
1772110800.0,2069.99,2073.95,2061.09,2065.23,10459.4668
1772114400.0,2065.22,2077.81,2034.63,2051.19,38526.4365
1772118000.0,2051.19,2053.43,2011.56,2033.34,53604.6883
1772121600.0,2033.34,2037.78,1978.77,1983.8,46583.7566
1772125200.0,1983.8,1998.98,1982.3,1988.43,22310.0391
1772128800.0,1988.42,2009.45,1975.35,2004.23,23771.1683
1772132400.0,2004.23,2034.4,2003.58,2030.14,26957.7929
1772136000.0,2030.13,2042.75,2021.64,2023.67,16050.133
1772139600.0,2023.67,2034.99,2018.33,2030.36,5486.3481
1772143200.0,2030.36,2037.51,2027.26,2033.29,4396.4027
1772146800.0,2033.29,2033.64,2024.38,2027.68,4988.7061
1772150400.0,2027.68,2030.86,2008.34,2014.79,7570.5945
1772154000.0,2014.79,2022.6,2000.02,2021.9,28681.5096
1772157600.0,2021.89,2034.52,2019.37,2026.0,8985.7077
1772161200.0,2026.01,2049.48,2019.5,2045.39,9221.7961
1772164800.0,2045.39,2063.52,2039.84,2042.64,21685.0635
1772168400.0,2042.64,2049.43,2038.71,2041.61,7895.433
1772172000.0,2041.6,2042.95,2027.53,2035.91,13142.5053
1772175600.0,2035.92,2041.43,2022.16,2032.69,20364.8805
1772179200.0,2032.69,2045.93,2028.08,2033.38,12966.0015
1772182800.0,2033.39,2042.43,2008.41,2010.01,15280.4844
1772186400.0,2010.0,2013.69,1978.39,1980.8,32169.5442
1772190000.0,1980.8,1984.12,1953.37,1962.08,32125.2552
1772193600.0,1962.08,1969.0,1949.32,1959.92,21054.2631
1772197200.0,1959.91,1967.71,1938.82,1963.35,29787.9554
1772200800.0,1963.35,1964.3,1940.03,1942.95,27171.0123
1772204400.0,1942.94,1959.24,1940.62,1948.59,27110.3189
1772208000.0,1948.59,1948.86,1924.61,1927.15,24245.9106
1772211600.0,1927.14,1934.98,1907.48,1932.35,22942.9984
1772215200.0,1932.35,1933.06,1915.81,1918.02,9761.7661
1772218800.0,1918.02,1923.46,1912.32,1921.1,7072.2831
1772222400.0,1921.11,1926.78,1920.43,1923.14,6910.1811
1772226000.0,1923.16,1933.64,1917.11,1921.26,9233.3802
1772229600.0,1921.26,1927.72,1887.0,1921.4,25905.3838
1772233200.0,1921.39,1933.55,1919.96,1929.84,7403.0055
1772236800.0,1929.84,1937.17,1924.45,1932.4,7134.0355
1772240400.0,1932.41,1936.18,1919.8,1924.61,6271.2326
1772244000.0,1924.61,1932.54,1922.64,1930.36,3152.5186
1772247600.0,1930.36,1931.27,1920.61,1924.49,4541.7686
1772251200.0,1924.49,1931.62,1914.73,1925.12,6577.6595
1772254800.0,1925.12,1928.2,1914.56,1919.94,5792.2643
1772258400.0,1919.95,1920.25,1835.36,1842.45,78375.9636
1772262000.0,1842.46,1885.0,1835.55,1866.73,44514.7202
1772265600.0,1866.73,1868.76,1848.48,1852.48,20274.7632
1772269200.0,1852.47,1863.51,1845.05,1854.98,15840.9953
1772272800.0,1854.99,1868.45,1849.15,1865.09,14486.7513
1772276400.0,1865.09,1881.0,1861.68,1863.31,15745.2742
1772280000.0,1863.32,1874.2,1862.47,1868.53,8483.7575
1772283600.0,1868.53,1910.2,1865.25,1905.58,30939.71
1772287200.0,1905.58,1915.95,1883.2,1887.75,32925.6259
1772290800.0,1887.76,1903.91,1873.83,1898.88,19462.8901
1772294400.0,1898.87,1910.2,1891.72,1903.98,9989.0348
1772298000.0,1903.97,1911.62,1886.02,1906.91,15394.3456
1772301600.0,1906.9,1947.0,1901.27,1936.08,23930.6935
1772305200.0,1936.08,1955.04,1920.38,1947.02,23857.5031
1772308800.0,1947.03,1972.44,1938.76,1965.96,23243.334
1772312400.0,1965.96,1967.76,1945.39,1957.69,17733.4068
1772316000.0,1957.7,1984.99,1955.75,1965.48,25696.4941
1772319600.0,1965.48,1969.97,1956.84,1964.51,7316.2412
1772323200.0,1964.51,1969.28,1954.64,1962.66,8007.1719
1772326800.0,1962.67,2023.4,1943.58,2012.36,40313.9255
1772330400.0,2012.37,2054.8,2008.61,2033.05,62449.7848
1772334000.0,2033.04,2039.25,2017.0,2023.29,18009.6845
1772337600.0,2023.29,2030.3,1998.68,2015.7,21842.9912
1772341200.0,2015.71,2022.9,2009.7,2011.24,8628.2986
1772344800.0,2011.24,2012.67,1989.0,1998.41,24589.1007
1772348400.0,1998.41,2009.63,1993.0,2007.24,14865.8116
1772352000.0,2007.23,2010.18,1981.03,1986.0,15134.2925
1772355600.0,1986.01,1996.12,1974.83,1980.69,16432.5029
1772359200.0,1980.69,1993.03,1972.24,1984.81,13791.3785
1772362800.0,1984.81,1989.48,1981.96,1983.32,5850.3998
1772366400.0,1983.32,1988.0,1976.39,1978.2,6988.714
1772370000.0,1978.21,2024.4,1968.6,2006.58,30654.946
1772373600.0,2006.58,2028.0,1993.37,2000.1,26685.2477
1772377200.0,2000.11,2016.23,1992.35,1993.38,16085.6658
1772380800.0,1993.38,2009.38,1960.23,1974.03,32651.4422
1772384400.0,1974.02,1975.92,1953.3,1961.17,18424.6109
1772388000.0,1961.17,1997.53,1961.03,1975.82,27496.181
1772391600.0,1975.82,1976.37,1946.55,1953.9,21414.9113
1772395200.0,1953.89,1955.01,1907.41,1914.26,34457.2373
1772398800.0,1914.27,1932.34,1912.61,1928.98,15745.294
1772402400.0,1928.98,1971.01,1914.69,1924.86,30768.4361
1772406000.0,1924.86,1948.15,1918.7,1939.71,17908.8176
1772409600.0,1939.71,1967.49,1937.42,1960.86,15733.7356
1772413200.0,1960.87,1989.23,1959.64,1963.71,20874.0317
1772416800.0,1963.71,1966.16,1939.79,1955.63,17187.5317
1772420400.0,1955.63,1979.82,1948.35,1972.3,15261.3339
1772424000.0,1972.3,1980.32,1968.31,1972.94,9531.0325
1772427600.0,1972.94,1983.6,1961.61,1970.84,11376.1341
1772431200.0,1970.9,1971.2,1937.55,1943.31,19103.7064
1772434800.0,1943.31,1944.99,1925.53,1941.66,18656.5057
1772438400.0,1941.65,1951.14,1920.0,1949.34,20244.5196
1772442000.0,1949.33,1967.13,1946.85,1947.79,21443.5499
1772445600.0,1947.78,1956.18,1944.0,1952.25,7114.2423
1772449200.0,1952.24,1954.81,1935.54,1947.81,13102.9698
1772452800.0,1947.8,1948.98,1930.4,1938.12,8789.8769
1772456400.0,1938.11,1944.5,1922.55,1927.71,15816.2783
1772460000.0,1927.71,1985.48,1921.7,1979.75,58183.5923
1772463600.0,1979.75,2065.48,1974.36,2047.33,99017.374
1772467200.0,2047.33,2090.0,2043.36,2064.33,60174.2489
1772470800.0,2064.33,2066.0,2025.58,2041.01,27258.717
1772474400.0,2041.01,2041.12,2024.24,2029.4,16184.3755
1772478000.0,2029.4,2049.39,2017.15,2043.57,18799.5712
1772481600.0,2043.56,2057.7,2024.98,2035.5,20820.4038
1772485200.0,2035.5,2047.87,2029.35,2043.01,13737.182
1772488800.0,2043.01,2058.59,2041.41,2053.82,11782.1316
1772492400.0,2053.82,2055.75,2024.32,2027.35,37213.3302
1772496000.0,2027.34,2038.94,2018.76,2035.46,28632.0074
1772499600.0,2035.46,2041.48,2019.53,2020.01,12962.5833
1772503200.0,2020.01,2022.89,1998.0,2013.67,21831.7657
1772506800.0,2013.68,2015.88,2005.33,2008.88,8961.6112
1772510400.0,2008.88,2013.66,1998.49,1999.82,10046.0129
1772514000.0,1999.81,2019.4,1987.5,1993.36,23376.1215
1772517600.0,1993.35,2001.86,1987.82,1999.27,9807.2108
1772521200.0,1999.28,2003.49,1993.43,1996.33,11518.4682
1772524800.0,1996.32,2000.53,1947.93,1953.1,36423.8703
1772528400.0,1953.1,1968.89,1939.1,1951.58,29942.9589
1772532000.0,1951.57,1964.08,1945.24,1958.05,14868.4866
1772535600.0,1958.05,1966.97,1952.11,1961.28,13420.8223
1772539200.0,1961.28,1990.07,1960.85,1967.57,23995.6503
1772542800.0,1967.58,1968.77,1943.73,1952.14,20300.8927
1772546400.0,1952.13,1977.31,1929.56,1942.78,56182.4604
1772550000.0,1942.78,1972.71,1932.04,1969.22,38417.9879
1772553600.0,1969.21,2014.12,1958.76,1983.98,54907.2008
1772557200.0,1983.98,1985.6,1959.38,1980.6,20094.3938
1772560800.0,1980.59,2000.32,1969.7,1988.2,17019.0589
1772564400.0,1988.21,1994.37,1976.97,1986.02,20447.2398
1772568000.0,1986.03,1989.8,1969.83,1978.34,9339.9793
1772571600.0,1978.34,1978.4,1959.35,1968.46,8093.7901
1772575200.0,1968.46,1988.2,1968.25,1983.31,7331.0526
1772578800.0,1983.3,2001.63,1981.25,1982.8,11408.2277
1772582400.0,1982.81,1986.79,1961.88,1976.68,13652.3461
1772586000.0,1976.69,1998.66,1970.18,1981.73,15208.224
1772589600.0,1981.72,1982.79,1969.1,1979.24,9101.0568
1772593200.0,1979.23,1980.18,1945.08,1960.9,24378.1016
1772596800.0,1960.89,1964.65,1950.65,1960.25,10698.7788
1772600400.0,1960.26,1977.84,1955.79,1971.14,10275.531
1772604000.0,1971.14,1986.49,1963.33,1980.33,12984.2822
1772607600.0,1980.34,2010.0,1974.64,2006.55,18528.9939
1772611200.0,2006.55,2066.66,2000.47,2063.71,60466.9033
1772614800.0,2063.71,2089.55,2055.18,2075.23,59530.1723
1772618400.0,2075.24,2092.9,2067.36,2072.34,35518.5851
1772622000.0,2072.33,2078.22,2046.77,2054.97,31815.4116
1772625600.0,2054.97,2059.29,2036.37,2054.33,34637.6336
1772629200.0,2054.34,2068.53,2052.79,2064.49,14580.9958
1772632800.0,2064.48,2110.0,2062.82,2080.0,64561.6428
1772636400.0,2079.99,2157.67,2079.09,2150.23,89214.3086
1772640000.0,2150.23,2165.75,2129.13,2142.39,58873.9925
1772643600.0,2142.39,2156.83,2130.17,2146.07,43422.743
1772647200.0,2146.07,2164.38,2138.13,2163.18,20006.596
1772650800.0,2163.18,2199.0,2161.01,2177.51,49507.3799
1772654400.0,2177.51,2179.66,2149.31,2150.13,18222.5848
1772658000.0,2150.13,2155.77,2142.25,2149.86,11687.011
1772661600.0,2149.85,2164.16,2127.42,2132.11,15161.2618
1772665200.0,2132.11,2136.84,2116.67,2127.28,15610.2787
1772668800.0,2127.28,2135.36,2121.5,2128.13,14409.8472
1772672400.0,2128.14,2141.93,2107.57,2113.73,18721.1804
1772676000.0,2113.72,2134.09,2112.82,2121.85,12365.0321
1772679600.0,2121.85,2126.07,2107.5,2120.15,8560.3435
1772683200.0,2120.15,2144.2,2118.59,2137.36,15809.5877
1772686800.0,2137.35,2139.32,2114.03,2119.65,11146.2593
1772690400.0,2119.66,2130.92,2110.15,2128.23,8734.2192
1772694000.0,2128.22,2132.53,2095.71,2104.96,18349.1464
1772697600.0,2104.96,2118.82,2093.63,2117.64,17772.7303
1772701200.0,2117.64,2137.71,2116.54,2125.45,17983.0238
1772704800.0,2125.45,2163.66,2119.99,2156.15,21391.5276
1772708400.0,2156.14,2159.31,2133.5,2137.92,13375.4536
1772712000.0,2137.92,2142.95,2123.58,2138.25,15735.6277
1772715600.0,2138.25,2139.72,2109.18,2117.6,19573.7557
1772719200.0,2117.6,2131.65,2096.73,2119.17,30762.7829
1772722800.0,2119.18,2121.93,2067.54,2086.96,58446.5912
1772726400.0,2086.95,2087.42,2056.7,2080.17,28768.1394
1772730000.0,2080.17,2093.7,2054.75,2059.88,25380.2189
1772733600.0,2059.88,2078.38,2056.99,2076.59,12902.8648
1772737200.0,2076.6,2093.69,2072.38,2074.36,22325.8576
1772740800.0,2074.37,2098.67,2070.09,2092.43,15608.8619
1772744400.0,2092.42,2099.36,2075.77,2080.6,11396.4401
1772748000.0,2080.61,2085.0,2077.6,2080.11,4816.1385
1772751600.0,2080.11,2084.45,2069.72,2072.86,7822.1828
1772755200.0,2072.86,2080.39,2067.7,2075.02,9180.2101
1772758800.0,2075.03,2091.38,2061.79,2087.65,13630.6414
1772762400.0,2087.66,2093.33,2080.66,2083.89,7620.4022
1772766000.0,2083.89,2088.75,2075.28,2083.8,8645.163
1772769600.0,2083.81,2085.88,2058.84,2070.86,14588.3921
1772773200.0,2070.87,2074.19,2059.36,2068.94,10611.9387
1772776800.0,2068.93,2080.53,2063.58,2074.03,7652.8744
1772780400.0,2074.04,2087.66,2068.79,2082.83,12517.3472
1772784000.0,2082.83,2082.83,2074.33,2075.96,7247.9481
1772787600.0,2075.96,2077.5,2045.79,2060.0,21572.2567
1772791200.0,2060.0,2069.43,2058.72,2063.4,8988.1836
1772794800.0,2063.41,2067.34,2049.85,2051.03,12852.7139
1772798400.0,2051.03,2055.0,2037.22,2048.52,19883.338
1772802000.0,2048.52,2062.12,2019.35,2019.88,37363.7986
1772805600.0,2019.89,2024.35,1972.0,1981.55,77975.8063
1772809200.0,1981.55,1998.0,1966.24,1978.01,36805.7997
1772812800.0,1978.0,1984.97,1966.27,1971.29,26399.6306
1772816400.0,1971.28,1982.13,1955.95,1966.76,23860.4367
1772820000.0,1966.76,1983.46,1966.61,1974.62,15172.6068
1772823600.0,1974.62,1993.3,1974.62,1983.75,9611.9432
1772827200.0,1983.75,1988.69,1969.26,1978.63,14596.4669
1772830800.0,1978.64,1984.64,1971.51,1983.77,4970.5242
1772834400.0,1983.76,1989.91,1981.58,1987.22,4312.4784
1772838000.0,1987.23,1987.75,1977.03,1978.68,5536.8561
1772841600.0,1978.68,1983.27,1976.97,1981.45,3668.8535
1772845200.0,1981.45,1983.7,1976.25,1980.68,7091.5619
1772848800.0,1980.67,1984.63,1971.79,1983.52,7690.4614
1772852400.0,1983.53,1996.04,1979.83,1980.21,9533.4524
1772856000.0,1980.22,1980.22,1964.34,1975.35,9092.372
1772859600.0,1975.35,1979.87,1972.46,1979.01,6131.9838
1772863200.0,1979.01,1979.01,1968.81,1971.76,9083.1526
1772866800.0,1971.77,1984.19,1967.07,1982.94,16455.6679
1772870400.0,1982.94,1987.62,1975.5,1978.03,9725.3345
1772874000.0,1978.02,1989.42,1975.38,1986.35,9442.4762
1772877600.0,1986.35,1988.68,1983.32,1984.36,4111.341
1772881200.0,1984.36,1994.98,1982.19,1988.91,6240.1404
1772884800.0,1988.92,1990.95,1979.84,1982.51,4069.8213
1772888400.0,1982.51,1984.19,1977.64,1981.83,9076.3795
1772892000.0,1981.83,1990.25,1970.47,1987.0,9828.667
1772895600.0,1987.01,1987.41,1976.22,1981.04,6476.3298
1772899200.0,1981.03,1981.03,1974.48,1977.26,5663.86
1772902800.0,1977.26,1983.47,1976.19,1977.59,3883.3234
1772906400.0,1977.59,1977.59,1965.78,1971.23,7635.9597
1772910000.0,1971.22,1971.23,1948.09,1955.2,17780.5108
1772913600.0,1955.2,1968.78,1954.89,1966.42,5668.1403
1772917200.0,1966.42,1971.73,1963.97,1970.63,3666.4606
1772920800.0,1970.62,1971.03,1958.36,1966.46,4432.0022
1772924400.0,1966.47,1974.27,1965.49,1969.59,8011.5678
1772928000.0,1969.6,1977.35,1966.66,1968.91,6916.061
1772931600.0,1968.92,1971.9,1963.51,1968.95,4903.0232
1772935200.0,1968.94,1969.98,1935.73,1942.34,30383.2688
1772938800.0,1942.34,1951.74,1941.54,1947.67,10074.5213
1772942400.0,1947.67,1953.37,1930.0,1938.4,34723.4901
1772946000.0,1938.4,1952.54,1938.0,1949.0,5846.9549
1772949600.0,1949.0,1952.33,1943.05,1948.05,5507.1103
1772953200.0,1948.05,1960.41,1947.19,1955.23,7266.6162
1772956800.0,1955.22,1960.59,1949.1,1959.73,5926.3635
1772960400.0,1959.73,1970.1,1956.77,1963.54,10306.8601
1772964000.0,1963.54,1979.8,1963.36,1974.18,41737.9695
1772967600.0,1974.17,1974.32,1944.85,1951.38,12980.4562
1772971200.0,1951.39,1954.67,1926.13,1946.29,43903.3569
1772974800.0,1946.28,1948.18,1925.06,1944.29,24068.546
1772978400.0,1944.29,1950.58,1937.66,1945.52,8687.2684
1772982000.0,1945.52,1947.83,1937.5,1943.32,7003.0693
1772985600.0,1943.32,1944.97,1934.34,1936.87,5289.182
1772989200.0,1936.87,1946.65,1933.1,1935.77,5606.9174
1772992800.0,1935.78,1937.04,1928.08,1930.27,12761.0118
1772996400.0,1930.28,1970.58,1928.24,1964.91,24494.582
1773000000.0,1964.91,1971.95,1953.81,1958.86,7830.7886
1773003600.0,1958.87,1962.24,1944.53,1953.95,6632.1837
1773007200.0,1953.94,1953.94,1916.14,1943.2,58211.1708
1773010800.0,1943.2,1955.2,1935.58,1937.1,10128.9597
1773014400.0,1937.11,1966.14,1929.65,1950.99,17896.3422
1773018000.0,1950.99,1963.2,1942.72,1946.0,14979.5243
1773021600.0,1946.0,1963.2,1938.33,1959.66,12927.8319
1773025200.0,1959.66,2006.01,1959.08,1977.48,58780.551
1773028800.0,1977.48,1989.56,1973.52,1977.31,10238.8798
1773032400.0,1977.31,2014.26,1976.39,2010.6,43830.6334
1773036000.0,2010.6,2012.7,1983.36,1985.0,15733.8756
1773039600.0,1985.01,1985.91,1963.45,1983.9,13845.4139
1773043200.0,1983.91,2000.0,1978.92,1996.81,15655.8201
1773046800.0,1996.81,2022.0,1986.77,2004.48,22759.616
1773050400.0,2004.49,2007.05,1992.56,1995.41,17147.8872
1773054000.0,1995.41,1999.99,1980.93,1992.2,12567.4869
1773057600.0,1992.2,2013.74,1992.2,2002.19,12668.2488
1773061200.0,2002.19,2030.0,2001.13,2018.16,41754.9438
1773064800.0,2018.15,2032.84,2007.82,2022.29,39674.1034
1773068400.0,2022.27,2029.25,2013.97,2022.63,21397.2501
1773072000.0,2022.64,2039.29,2018.93,2027.53,18205.4291
1773075600.0,2027.54,2032.5,2005.76,2016.94,20457.1836
1773079200.0,2016.94,2022.9,2006.15,2012.1,12319.782
1773082800.0,2012.11,2053.52,2010.0,2033.91,30136.5564
1773086400.0,2033.91,2037.3,2018.77,2025.89,9526.1172
1773090000.0,2025.89,2035.39,2022.19,2028.35,6364.9871
1773093600.0,2028.33,2031.32,1997.87,2002.53,56062.1881
1773097200.0,2002.52,2007.67,1989.12,1992.98,25894.8364
1773100800.0,1992.97,2022.5,1991.0,2015.37,30631.7801
1773104400.0,2015.37,2024.99,2006.23,2019.21,11925.195
1773108000.0,2019.2,2054.19,2014.01,2042.4,27247.3611
1773111600.0,2042.4,2047.88,2022.63,2026.8,13229.4664
1773115200.0,2026.8,2047.31,2026.36,2045.7,10644.7886
1773118800.0,2045.69,2054.2,2039.75,2043.99,23562.7807
1773122400.0,2044.0,2049.34,2036.25,2043.76,11948.6825
1773126000.0,2043.77,2059.69,2040.09,2051.0,14222.0333
1773129600.0,2051.0,2070.5,2051.0,2057.27,23588.6304
1773133200.0,2057.27,2074.0,2055.72,2068.18,13752.4454
1773136800.0,2068.17,2069.22,2055.56,2062.86,8922.8527
1773140400.0,2062.86,2067.78,2051.16,2061.69,14186.1361
1773144000.0,2061.7,2062.09,2047.36,2049.82,12900.4331
1773147600.0,2049.82,2060.27,2024.04,2033.63,29276.7718
1773151200.0,2033.63,2080.27,2008.65,2075.19,55294.6468
1773154800.0,2075.19,2085.73,2059.23,2079.35,42497.3487
1773158400.0,2079.34,2088.19,2069.45,2080.72,18680.3037
1773162000.0,2080.71,2085.19,2058.33,2071.67,20761.3728
1773165600.0,2071.67,2073.13,2035.74,2039.68,30444.7151
1773169200.0,2039.68,2044.31,2027.16,2037.02,15745.2154
1773172800.0,2037.02,2047.45,2035.45,2042.56,7714.4161
1773176400.0,2042.56,2048.31,2018.0,2029.2,10882.7716
1773180000.0,2029.2,2032.82,2021.14,2027.64,8497.767
1773183600.0,2027.63,2037.3,2027.55,2036.51,6853.9595
1773187200.0,2036.5,2041.71,2028.81,2037.68,10130.8412
1773190800.0,2037.68,2041.0,2028.62,2036.1,7117.2212
1773194400.0,2036.1,2039.05,2018.7,2026.71,11516.9943
1773198000.0,2026.7,2029.35,2018.13,2021.17,7998.2934
1773201600.0,2021.17,2041.39,2018.25,2039.08,8679.2646
1773205200.0,2039.08,2041.49,2011.37,2014.63,10074.1241
1773208800.0,2014.63,2026.0,2014.0,2024.3,8491.4641
1773212400.0,2024.31,2025.7,2007.17,2012.54,8583.0701
1773216000.0,2012.54,2025.72,2009.48,2023.76,14252.3433
1773219600.0,2023.75,2027.4,2014.51,2017.87,6669.7704
1773223200.0,2017.87,2031.3,2017.24,2028.68,6527.2329
1773226800.0,2028.68,2033.96,2015.83,2017.8,8797.7518
1773230400.0,2017.8,2035.5,2012.81,2023.09,16532.0046
1773234000.0,2023.09,2082.66,2021.67,2050.72,48997.1427
1773237600.0,2050.72,2077.59,2042.93,2062.68,42234.0784
1773241200.0,2062.68,2065.45,2030.03,2049.73,24389.6368
1773244800.0,2049.75,2072.43,2046.46,2067.01,18164.7212
1773248400.0,2067.02,2085.58,2057.69,2068.15,26324.514
1773252000.0,2068.15,2079.66,2064.18,2076.51,16458.5948
1773255600.0,2076.5,2077.9,2068.58,2076.06,15265.9144
1773259200.0,2076.05,2076.19,2065.09,2068.4,7066.8836
1773262800.0,2068.41,2074.94,2063.46,2073.07,5855.3663
1773266400.0,2073.08,2084.53,2058.98,2061.76,10814.3045
1773270000.0,2061.76,2064.99,2045.2,2051.97,9119.7233
1773273600.0,2051.97,2058.16,2047.97,2055.78,5298.1446
1773277200.0,2055.78,2056.14,2042.95,2046.24,9032.4424
1773280800.0,2046.23,2047.93,2021.87,2024.67,16962.6509
1773284400.0,2024.66,2035.08,2017.59,2023.38,13070.2965
1773288000.0,2023.39,2029.73,2021.27,2023.09,6284.3323
1773291600.0,2023.08,2028.3,2019.33,2026.85,9624.648
1773295200.0,2026.86,2031.8,2024.64,2030.38,6083.881
1773298800.0,2030.38,2042.26,2025.66,2040.7,14231.7957
1773302400.0,2040.69,2052.59,2038.42,2047.8,13262.4913
1773306000.0,2047.79,2065.61,2038.49,2055.65,13504.8279
1773309600.0,2055.66,2075.49,2052.5,2069.86,16520.1267
1773313200.0,2069.87,2076.65,2058.21,2062.83,13187.2747
1773316800.0,2062.83,2071.08,2057.81,2065.37,9232.6706
1773320400.0,2065.37,2080.0,2051.44,2065.35,28335.1322
1773324000.0,2065.35,2095.0,2037.79,2045.35,48417.0953
1773327600.0,2045.34,2082.0,2039.05,2072.33,26030.9069
1773331200.0,2072.33,2078.09,2056.33,2069.63,22858.0253
1773334800.0,2069.62,2075.24,2055.32,2058.4,11673.4778
1773338400.0,2058.41,2062.1,2046.78,2048.78,16647.0399
1773342000.0,2048.77,2073.5,2045.42,2069.59,12389.2923
1773345600.0,2069.6,2073.81,2060.35,2062.57,5651.4674
1773349200.0,2062.58,2069.19,2057.28,2062.61,19369.7965
1773352800.0,2062.62,2067.54,2054.99,2065.3,25410.584
1773356400.0,2065.3,2093.45,2064.64,2073.52,37429.413
1773360000.0,2073.51,2148.8,2070.12,2119.19,85178.5833
1773363600.0,2119.19,2130.4,2111.72,2124.76,15741.654
1773367200.0,2124.75,2127.12,2102.42,2105.81,13893.892
1773370800.0,2105.81,2123.58,2102.2,2118.85,11965.2095
1773374400.0,2118.86,2120.06,2109.63,2111.68,5461.6899
1773378000.0,2111.67,2115.24,2103.54,2110.47,7222.6564
1773381600.0,2110.47,2113.0,2090.0,2095.94,20205.6324
1773385200.0,2095.95,2104.87,2092.75,2099.38,12306.283
1773388800.0,2099.38,2117.0,2091.45,2100.05,17816.1641
1773392400.0,2100.05,2116.93,2096.04,2113.55,17352.7715
1773396000.0,2113.55,2133.3,2112.83,2126.87,20325.9546
1773399600.0,2126.88,2130.0,2118.18,2121.02,11322.5835
1773403200.0,2121.02,2153.17,2120.52,2146.63,32311.9748
1773406800.0,2146.64,2200.0,2141.61,2185.52,79297.7431
1773410400.0,2185.53,2209.03,2145.59,2151.14,69709.4065
1773414000.0,2151.15,2165.93,2125.14,2128.01,53218.5441
1773417600.0,2128.01,2143.33,2111.36,2133.91,29674.2412
1773421200.0,2133.91,2141.29,2090.28,2102.75,26775.0726
1773424800.0,2102.75,2108.87,2091.04,2100.93,17729.8676
1773428400.0,2100.92,2106.3,2096.5,2102.48,10276.3128
1773432000.0,2102.48,2114.0,2101.15,2111.37,5980.6806
1773435600.0,2111.37,2116.66,2101.47,2103.07,6766.9247
1773439200.0,2103.08,2104.72,2078.5,2088.97,24012.1641
1773442800.0,2088.96,2093.9,2085.54,2092.22,5111.0336
1773446400.0,2092.21,2095.21,2082.82,2085.32,10862.9162
1773450000.0,2085.32,2095.46,2081.39,2092.55,8566.592
1773453600.0,2092.55,2095.91,2089.19,2092.39,3951.9658
1773457200.0,2092.39,2103.42,2092.38,2101.16,7940.3097
1773460800.0,2101.15,2106.09,2087.87,2090.42,9319.7759
1773464400.0,2090.43,2094.39,2085.71,2092.46,7074.9803
1773468000.0,2092.46,2092.46,2068.28,2078.02,15662.8888
1773471600.0,2078.02,2080.4,2075.65,2077.46,6134.1971
1773475200.0,2077.46,2081.64,2072.71,2074.34,6236.0466
1773478800.0,2074.35,2077.64,2063.73,2067.33,9384.4378
1773482400.0,2067.33,2068.88,2061.6,2066.24,5875.7597
1773486000.0,2066.24,2076.65,2065.85,2073.67,5365.3022
1773489600.0,2073.67,2077.87,2069.99,2075.44,5477.3079
1773493200.0,2075.44,2080.65,2073.0,2078.51,5090.1256
1773496800.0,2078.5,2080.52,2069.8,2071.22,7563.1166
1773500400.0,2071.23,2077.73,2070.0,2074.72,4297.1614
1773504000.0,2074.72,2078.79,2069.19,2077.54,4257.8346
1773507600.0,2077.54,2078.14,2073.5,2075.14,2302.5926
1773511200.0,2075.13,2078.14,2072.71,2076.91,1926.7755
1773514800.0,2076.91,2079.47,2074.77,2077.49,2284.875
1773518400.0,2077.5,2087.27,2076.2,2086.01,4998.7446
1773522000.0,2086.01,2088.92,2081.65,2086.68,3530.6553
1773525600.0,2086.68,2088.3,2082.3,2084.45,3321.8129
1773529200.0,2084.45,2099.69,2084.19,2096.16,11074.4081
1773532800.0,2096.16,2096.77,2085.49,2088.0,5680.9896
1773536400.0,2088.0,2091.18,2083.35,2088.32,3987.6479
1773540000.0,2088.32,2107.91,2088.32,2101.99,13602.8655
1773543600.0,2101.99,2105.05,2093.53,2096.15,5347.8134
1773547200.0,2096.15,2104.34,2096.13,2104.34,3355.9252
1773550800.0,2104.34,2115.95,2102.01,2107.91,9171.6989
1773554400.0,2107.91,2111.28,2103.0,2107.76,3352.8652
1773558000.0,2107.76,2113.49,2103.46,2105.64,6266.7978
1773561600.0,2105.64,2113.0,2105.64,2112.93,4131.6464
1773565200.0,2112.93,2123.44,2112.83,2117.2,10018.3924
1773568800.0,2117.2,2121.49,2114.32,2119.14,3826.0329
1773572400.0,2119.14,2121.27,2115.04,2119.63,3043.6351
1773576000.0,2119.63,2119.83,2108.2,2109.59,4978.9406
1773579600.0,2109.6,2112.76,2086.34,2097.4,27709.343
1773583200.0,2097.39,2099.2,2086.6,2096.99,7654.676
1773586800.0,2096.99,2097.15,2090.02,2093.79,5532.4587
1773590400.0,2093.79,2098.86,2088.84,2091.56,4230.6156
1773594000.0,2091.57,2117.86,2091.2,2110.77,12688.5845
1773597600.0,2110.77,2113.53,2094.32,2099.14,7844.0554
1773601200.0,2099.15,2114.35,2096.47,2113.49,6704.3386
1773604800.0,2113.49,2139.0,2110.0,2129.05,14299.0754
1773608400.0,2129.06,2144.76,2123.75,2139.07,10594.8838
1773612000.0,2139.08,2192.49,2125.31,2184.35,52207.2025
1773615600.0,2184.36,2202.87,2165.2,2178.3,54595.4533
1773619200.0,2178.29,2187.33,2164.73,2171.23,18053.2391
1773622800.0,2171.23,2190.48,2165.0,2185.89,12499.7225
1773626400.0,2185.88,2189.43,2170.02,2180.49,12116.1894
1773630000.0,2180.48,2253.48,2177.38,2235.67,91298.9481
1773633600.0,2235.67,2278.0,2235.67,2263.3,74574.0343
1773637200.0,2263.3,2288.63,2256.8,2280.47,50113.0247
1773640800.0,2280.46,2281.31,2260.64,2261.7,26844.5155
1773644400.0,2261.7,2269.0,2245.63,2248.95,35430.2232
1773648000.0,2248.95,2258.83,2234.92,2243.54,27741.6638
1773651600.0,2243.54,2265.37,2239.82,2260.51,16719.2804
1773655200.0,2260.51,2279.0,2256.2,2278.3,28633.6751
1773658800.0,2278.3,2280.0,2266.0,2269.94,16228.0755
1773662400.0,2269.94,2303.64,2269.93,2279.28,51358.9156
1773666000.0,2279.28,2308.54,2272.35,2288.79,44699.8576
1773669600.0,2288.8,2304.81,2255.04,2288.0,50578.4164
1773673200.0,2287.99,2299.35,2270.17,2273.88,31399.4323
1773676800.0,2273.88,2300.22,2270.0,2297.03,21757.2974
1773680400.0,2297.03,2323.0,2293.49,2314.74,35717.6299
1773684000.0,2314.75,2346.16,2313.6,2321.46,45602.6551
1773687600.0,2321.46,2348.06,2318.43,2330.92,24597.7302
1773691200.0,2330.92,2347.53,2323.68,2345.31,13876.1783
1773694800.0,2345.31,2376.34,2343.63,2361.05,47279.3304
1773698400.0,2361.04,2386.02,2355.33,2357.83,37418.6029
1773702000.0,2357.83,2361.47,2330.0,2352.97,31354.1379
1773705600.0,2352.97,2376.66,2340.21,2357.62,56259.723
1773709200.0,2357.62,2375.65,2346.72,2361.21,48190.3209
1773712800.0,2361.2,2361.88,2344.79,2351.3,20865.153
1773716400.0,2351.31,2355.99,2308.03,2320.0,33726.4226
1773720000.0,2320.01,2330.0,2294.15,2311.5,42398.8148
1773723600.0,2311.49,2318.43,2297.91,2307.37,14141.1701
1773727200.0,2307.37,2325.13,2298.24,2315.34,14746.8686
1773730800.0,2315.35,2337.86,2315.35,2327.7,15496.423
1773734400.0,2327.71,2335.35,2316.05,2320.66,12844.343
1773738000.0,2320.67,2329.34,2307.0,2315.79,18557.2102
1773741600.0,2315.78,2317.09,2304.0,2312.94,13150.6623
1773745200.0,2312.94,2332.92,2311.77,2326.82,15268.0948
1773748800.0,2326.81,2335.0,2312.77,2315.42,14896.7218
1773752400.0,2315.42,2346.48,2313.41,2328.65,26349.2284
1773756000.0,2328.66,2348.94,2318.94,2343.45,29242.0135
1773759600.0,2343.45,2357.73,2304.27,2315.98,34576.0959
1773763200.0,2315.98,2336.96,2312.44,2326.84,17283.2355
1773766800.0,2326.85,2342.64,2320.6,2340.04,12222.797
1773770400.0,2340.04,2342.7,2328.11,2332.98,10802.8868
1773774000.0,2332.98,2340.0,2317.0,2320.22,10125.5071
1773777600.0,2320.22,2330.39,2317.68,2327.88,7920.3514
1773781200.0,2327.88,2344.69,2327.88,2338.45,8452.162
1773784800.0,2338.45,2342.11,2318.39,2329.54,8924.0082
1773788400.0,2329.54,2333.11,2316.78,2317.39,7390.8877
1773792000.0,2317.38,2325.66,2307.0,2324.24,11666.4174
1773795600.0,2324.24,2335.33,2323.17,2325.02,7119.2733
1773799200.0,2325.03,2341.3,2324.74,2331.49,8007.8454
1773802800.0,2331.48,2350.0,2328.65,2340.61,12961.3324
1773806400.0,2340.61,2342.0,2326.62,2327.51,6998.1637
1773810000.0,2327.5,2330.97,2313.81,2318.42,11045.5592
1773813600.0,2318.42,2331.14,2318.18,2322.73,7129.4966
1773817200.0,2322.73,2323.22,2311.53,2317.74,7584.7659
1773820800.0,2317.73,2325.5,2317.3,2322.59,4961.8445
1773824400.0,2322.59,2333.62,2321.87,2329.27,7538.4614
1773828000.0,2329.27,2331.99,2309.42,2312.83,14463.1891
1773831600.0,2312.83,2319.16,2263.43,2269.34,43820.6483
1773835200.0,2269.33,2270.5,2235.45,2237.49,41031.3103
1773838800.0,2237.5,2244.9,2223.69,2235.68,31025.6691
1773842400.0,2235.69,2237.21,2186.93,2190.27,51230.1483
1773846000.0,2190.26,2196.23,2168.97,2187.66,47106.9921
1773849600.0,2187.67,2190.93,2166.87,2181.0,25173.853
1773853200.0,2181.0,2211.7,2176.99,2204.02,25927.7863
1773856800.0,2204.02,2220.0,2176.0,2181.2,32888.1753
1773860400.0,2181.2,2196.57,2178.81,2185.85,15080.6564
1773864000.0,2185.85,2194.78,2153.21,2187.36,33883.3554
1773867600.0,2187.36,2206.87,2185.66,2202.49,12999.5184
1773871200.0,2202.5,2203.5,2187.58,2194.41,10013.8603
1773874800.0,2194.41,2206.88,2188.77,2203.39,18382.5666
1773878400.0,2203.39,2208.28,2190.86,2193.34,12225.727
1773882000.0,2193.33,2201.98,2187.24,2196.92,10063.2321
1773885600.0,2196.93,2205.0,2188.94,2196.68,6192.2136
1773889200.0,2196.69,2233.72,2196.69,2212.29,24098.4539
1773892800.0,2212.29,2213.11,2190.83,2193.61,9828.265
1773896400.0,2193.62,2198.5,2186.67,2189.14,6929.8877
1773900000.0,2189.14,2195.7,2177.79,2180.64,16389.5626
1773903600.0,2180.65,2182.0,2143.14,2166.68,46063.5714
1773907200.0,2166.68,2170.99,2158.09,2160.66,14135.1619
1773910800.0,2160.65,2191.16,2159.99,2189.42,34822.2119
1773914400.0,2189.43,2192.07,2172.48,2172.76,8226.4387
1773918000.0,2172.76,2177.58,2165.83,2166.92,8602.233
1773921600.0,2166.92,2167.48,2130.16,2132.45,24789.6612
1773925200.0,2132.45,2143.16,2110.9,2137.49,61210.5376
1773928800.0,2137.5,2147.26,2102.16,2121.68,44113.7835
1773932400.0,2121.67,2136.79,2099.38,2118.81,35200.3392
1773936000.0,2118.81,2121.95,2106.44,2115.09,34288.2759
1773939600.0,2115.08,2131.7,2104.87,2126.96,15221.908
1773943200.0,2126.97,2129.48,2114.31,2125.04,7902.9561
1773946800.0,2125.04,2156.92,2125.04,2141.19,28980.1593
1773950400.0,2141.18,2152.8,2139.39,2146.35,8053.483
1773954000.0,2146.35,2155.62,2145.16,2149.95,9694.9183
1773957600.0,2149.95,2152.36,2133.08,2140.08,12230.9541
1773961200.0,2140.08,2147.48,2130.57,2137.81,11527.744
1773964800.0,2137.82,2149.0,2134.72,2145.6,9477.5198
1773968400.0,2145.61,2160.78,2145.1,2150.88,15224.7082
1773972000.0,2150.89,2151.77,2132.69,2144.44,12247.0988
1773975600.0,2144.45,2157.08,2143.61,2151.38,7545.4335
1773979200.0,2151.38,2159.24,2139.18,2148.38,10683.1639
1773982800.0,2148.39,2151.92,2137.73,2140.37,6696.9482
1773986400.0,2140.38,2141.78,2132.06,2136.61,7941.355
1773990000.0,2136.61,2153.4,2121.25,2150.54,17958.4824
1773993600.0,2150.53,2176.84,2146.71,2164.2,21588.2621
1773997200.0,2164.19,2164.19,2134.95,2141.21,16374.6285
1774000800.0,2141.21,2151.27,2131.56,2148.38,10311.9047
1774004400.0,2148.38,2158.69,2135.0,2141.5,13415.6096
1774008000.0,2141.49,2152.74,2135.37,2141.13,8711.1423
1774011600.0,2141.13,2152.64,2123.18,2127.39,18804.5296
1774015200.0,2127.39,2147.74,2116.88,2129.3,25684.6291
1774018800.0,2129.3,2138.78,2120.33,2134.01,15282.994
1774022400.0,2134.0,2144.76,2130.58,2137.31,10515.1938
1774026000.0,2137.32,2141.16,2119.72,2136.69,9903.9451
1774029600.0,2136.7,2137.67,2117.41,2123.29,12289.6719
1774033200.0,2123.29,2134.97,2117.5,2132.91,12300.9312
1774036800.0,2132.91,2137.0,2123.96,2133.25,6221.3872
1774040400.0,2133.25,2157.25,2130.83,2147.53,13961.4019
1774044000.0,2147.53,2168.0,2147.53,2154.71,12246.0432
1774047600.0,2154.7,2155.72,2143.16,2146.22,4769.1938
1774051200.0,2146.21,2156.77,2144.24,2153.3,6542.3128
1774054800.0,2153.3,2159.87,2147.35,2147.55,4294.0714
1774058400.0,2147.54,2156.32,2146.35,2154.9,2628.7681
1774062000.0,2154.89,2155.95,2150.99,2153.6,2251.5862
1774065600.0,2153.59,2158.19,2150.36,2151.75,4075.4141
1774069200.0,2151.76,2160.0,2151.75,2153.39,6665.2561
1774072800.0,2153.39,2156.49,2152.28,2155.8,2211.7065
1774076400.0,2155.81,2161.34,2153.72,2155.67,3541.8064
1774080000.0,2155.67,2157.22,2149.57,2154.0,3571.4994
1774083600.0,2153.99,2159.0,2153.8,2158.77,4558.6368
1774087200.0,2158.77,2159.52,2153.05,2154.34,2279.3326
1774090800.0,2154.34,2157.91,2153.0,2157.37,1630.6651
1774094400.0,2157.37,2160.62,2156.76,2157.98,2567.7216
1774098000.0,2157.98,2159.79,2155.0,2155.86,1853.6867
1774101600.0,2155.86,2168.27,2150.61,2152.13,8218.2346
1774105200.0,2152.13,2157.58,2146.45,2155.12,7311.5105
1774108800.0,2155.13,2155.58,2144.67,2146.65,5011.8088
1774112400.0,2146.64,2150.61,2142.01,2148.56,3222.349
1774116000.0,2148.56,2155.64,2147.79,2151.46,2747.2698
1774119600.0,2151.47,2153.03,2149.06,2152.16,2984.2132
1774123200.0,2152.17,2156.59,2150.41,2155.67,2702.1336
1774126800.0,2155.67,2157.0,2152.21,2153.7,2883.6209
1774130400.0,2153.69,2153.69,2149.36,2149.94,2656.0382
1774134000.0,2149.93,2149.93,2070.78,2084.87,46149.8222
1774137600.0,2084.86,2095.43,2050.12,2087.67,60906.6793
1774141200.0,2087.68,2094.49,2082.0,2091.36,19598.971
1774144800.0,2091.37,2109.36,2088.0,2102.29,14239.972
1774148400.0,2102.29,2127.21,2098.09,2113.83,14776.026
1774152000.0,2113.83,2122.94,2106.36,2119.39,12384.6709
1774155600.0,2119.39,2120.94,2112.71,2113.0,6294.291
1774159200.0,2113.01,2113.34,2106.99,2108.76,5445.3323
1774162800.0,2108.76,2112.05,2092.35,2093.38,8519.3386
1774166400.0,2093.4,2095.89,2074.36,2086.5,19423.7011
1774170000.0,2086.5,2096.82,2079.9,2085.09,8961.7476
1774173600.0,2085.1,2086.95,2077.33,2081.45,4126.7486
1774177200.0,2081.44,2083.8,2066.97,2069.98,10550.3382
1774180800.0,2069.97,2088.44,2068.37,2082.44,9735.6395
1774184400.0,2082.44,2092.63,2072.77,2078.71,10405.0132
1774188000.0,2078.71,2085.19,2071.67,2078.14,8042.3438
1774191600.0,2078.14,2084.58,2075.67,2083.1,6131.2916
1774195200.0,2083.1,2084.45,2077.88,2082.09,4105.4424
1774198800.0,2082.1,2084.35,2077.41,2079.61,4053.7866
1774202400.0,2079.6,2080.41,2057.0,2072.27,10621.5786
1774206000.0,2072.26,2072.7,2054.35,2063.21,9191.561
1774209600.0,2063.22,2072.25,2056.35,2058.58,7564.978
1774213200.0,2058.58,2060.51,2026.0,2045.96,28928.4862
1774216800.0,2045.96,2065.65,2032.57,2062.67,18597.5679
1774220400.0,2062.68,2074.16,2051.27,2053.89,10465.0518
1774224000.0,2053.9,2063.08,2035.69,2043.31,16767.3544
1774227600.0,2043.31,2062.38,2039.46,2047.69,10349.8409
1774231200.0,2047.7,2070.24,2046.72,2063.42,13332.4456
1774234800.0,2063.42,2072.33,2051.67,2052.54,5643.8482
1774238400.0,2052.53,2066.21,2050.64,2065.47,5965.3924
1774242000.0,2065.47,2072.11,2060.71,2069.27,10766.366
1774245600.0,2069.26,2069.26,2028.47,2037.3,19415.6757
1774249200.0,2037.31,2050.0,2023.04,2044.72,21368.5951
1774252800.0,2044.73,2059.16,2044.2,2048.02,12995.6197
1774256400.0,2048.01,2049.13,2028.2,2043.63,9832.2152
1774260000.0,2043.64,2054.04,2040.39,2049.04,7896.0738
1774263600.0,2049.04,2198.57,2049.04,2134.78,161423.301
1774267200.0,2134.78,2147.85,2107.43,2144.27,57914.7074
1774270800.0,2144.27,2189.0,2140.11,2185.64,55730.5571
1774274400.0,2185.65,2192.44,2169.28,2181.16,41862.2559
1774278000.0,2181.16,2188.09,2124.75,2128.45,43736.4088
1774281600.0,2128.46,2142.72,2117.77,2135.88,35608.735
1774285200.0,2135.88,2158.54,2124.57,2152.71,21257.7461
1774288800.0,2152.71,2171.76,2145.71,2168.72,17410.1043
1774292400.0,2168.72,2178.74,2150.48,2154.46,18734.4909
1774296000.0,2154.45,2166.81,2150.71,2161.49,6247.911
1774299600.0,2161.49,2163.8,2154.57,2157.7,5220.5419
1774303200.0,2157.7,2159.61,2143.94,2152.81,7290.3082
1774306800.0,2152.8,2155.21,2140.71,2152.03,7737.9423
1774310400.0,2152.03,2156.22,2130.1,2143.22,12914.7135
1774314000.0,2143.22,2149.78,2124.26,2137.56,11048.7345
1774317600.0,2137.57,2145.92,2132.64,2135.86,9521.6474
1774321200.0,2135.87,2143.3,2130.7,2141.59,9582.5512
1774324800.0,2141.59,2152.03,2131.83,2136.33,7953.9518
1774328400.0,2136.32,2138.49,2128.84,2133.64,8181.0069
1774332000.0,2133.64,2146.35,2132.0,2145.3,7279.1789
1774335600.0,2145.3,2170.65,2144.13,2165.61,22660.9203
1774339200.0,2165.61,2167.37,2152.17,2155.06,11529.4386
1774342800.0,2155.07,2167.9,2147.36,2164.97,8784.8573
1774346400.0,2164.97,2164.98,2155.27,2161.25,6223.981
1774350000.0,2161.25,2175.16,2152.13,2165.9,13602.4726
1774353600.0,2165.89,2170.52,2158.89,2162.44,7154.9327
1774357200.0,2162.43,2165.53,2130.46,2138.38,24657.5804
1774360800.0,2138.37,2148.31,2120.0,2133.98,32739.9775
1774364400.0,2133.98,2147.74,2131.5,2135.15,15780.5169
1774368000.0,2135.15,2140.57,2120.9,2127.2,14879.4807
1774371600.0,2127.2,2128.7,2103.02,2109.17,26735.3285
1774375200.0,2109.18,2127.9,2105.07,2118.92,11372.5355
1774378800.0,2118.92,2127.84,2114.37,2116.87,6567.4339
1774382400.0,2116.86,2154.5,2115.63,2148.48,21481.8724
1774386000.0,2148.48,2151.8,2140.46,2148.88,7038.7354
1774389600.0,2148.89,2155.82,2140.67,2145.61,9245.4086
1774393200.0,2145.6,2163.7,2143.0,2156.23,9766.2163
1774396800.0,2156.22,2168.63,2146.35,2161.77,13790.3182
1774400400.0,2161.76,2167.37,2156.94,2156.94,9043.8783
1774404000.0,2156.95,2161.5,2153.58,2155.5,6096.798
1774407600.0,2155.51,2160.53,2147.0,2158.54,6297.5654
1774411200.0,2158.53,2167.75,2156.83,2166.32,5251.7081
1774414800.0,2166.31,2179.73,2164.46,2169.03,15481.4201
1774418400.0,2169.03,2173.19,2163.43,2163.81,9234.8675
1774422000.0,2163.82,2177.49,2159.81,2164.57,8969.4241
1774425600.0,2164.57,2191.93,2164.57,2176.64,20328.6038
1774429200.0,2176.64,2188.9,2175.16,2186.64,8039.8234
1774432800.0,2186.64,2189.04,2181.24,2185.27,7397.7632
1774436400.0,2185.26,2199.02,2179.48,2186.41,21000.8278
1774440000.0,2186.41,2195.09,2165.02,2183.31,25113.0694
1774443600.0,2183.31,2198.16,2179.71,2184.37,17244.4583
1774447200.0,2184.38,2188.02,2173.19,2174.14,14284.2214
1774450800.0,2174.14,2176.9,2147.67,2162.56,19968.0967
1774454400.0,2162.56,2186.85,2155.93,2173.83,21914.3342
1774458000.0,2173.83,2176.24,2160.66,2164.1,8858.8443
1774461600.0,2164.1,2173.35,2157.85,2162.38,7378.6972
1774465200.0,2162.37,2176.38,2159.48,2172.69,7961.6315
1774468800.0,2172.68,2173.03,2159.42,2166.49,3973.5562
1774472400.0,2166.49,2169.53,2161.79,2164.04,3328.5822
1774476000.0,2164.05,2183.5,2161.87,2174.53,8143.8898
1774479600.0,2174.54,2177.14,2164.74,2169.02,6539.1464
1774483200.0,2169.02,2172.19,2162.53,2166.69,7373.5614
1774486800.0,2166.69,2169.27,2160.0,2164.84,5711.0159
1774490400.0,2164.83,2165.79,2144.05,2149.97,9295.5409
1774494000.0,2149.96,2155.56,2144.65,2153.21,7146.5402
1774497600.0,2153.22,2154.58,2147.9,2149.71,3871.0484
1774501200.0,2149.71,2150.9,2113.63,2119.55,22710.7501
1774504800.0,2119.54,2125.01,2112.17,2121.86,9522.1412
1774508400.0,2121.86,2124.78,2112.87,2123.64,13110.8309
1774512000.0,2123.64,2126.89,2114.22,2119.64,9646.7853
1774515600.0,2119.65,2121.87,2074.96,2082.64,35575.4026
1774519200.0,2082.63,2083.89,2072.73,2078.65,13682.0773
1774522800.0,2078.65,2081.41,2062.94,2068.44,17572.4382
1774526400.0,2068.45,2075.66,2066.12,2073.6,14899.6263
1774530000.0,2073.6,2093.79,2069.46,2081.22,22740.718
1774533600.0,2081.22,2085.84,2067.25,2076.27,15174.3947
1774537200.0,2076.28,2076.72,2052.01,2070.4,21444.2828
1774540800.0,2070.4,2070.95,2059.94,2060.9,11049.5835
1774544400.0,2060.9,2070.51,2045.17,2049.41,26059.4246
1774548000.0,2049.41,2055.83,2034.54,2047.17,18682.7943
1774551600.0,2047.18,2054.0,2039.59,2049.12,9753.3951
1774555200.0,2049.11,2080.42,2046.54,2064.89,22015.3882
1774558800.0,2064.89,2077.84,2060.29,2068.37,8042.055
1774562400.0,2068.38,2072.91,2054.88,2065.88,7356.9624
1774566000.0,2065.89,2069.6,2056.35,2060.43,5573.8665
1774569600.0,2060.43,2067.66,2056.8,2065.03,5963.0913
1774573200.0,2065.03,2074.59,2063.33,2074.2,6464.4824
1774576800.0,2074.2,2077.19,2067.45,2068.28,4095.9082
1774580400.0,2068.28,2069.2,2059.33,2061.48,6219.8423
1774584000.0,2061.49,2062.01,2043.49,2053.12,11778.6836
1774587600.0,2053.11,2066.31,2052.28,2061.2,5500.9736
1774591200.0,2061.2,2068.07,2058.5,2062.71,8150.6366
1774594800.0,2062.71,2072.36,2059.99,2066.23,26687.905
1774598400.0,2066.24,2069.6,2034.33,2047.93,27583.5801
1774602000.0,2047.91,2051.68,2036.48,2041.08,9816.3689
1774605600.0,2041.08,2044.52,1986.3,1991.67,50935.0055
1774609200.0,1991.67,1998.44,1983.02,1991.8,30939.9204
1774612800.0,1991.8,1994.85,1982.19,1989.44,20580.1889
1774616400.0,1989.45,1997.42,1971.0,1979.22,27609.0871
1774620000.0,1979.22,1989.54,1970.93,1989.39,26084.8695
1774623600.0,1989.39,2010.45,1983.42,1991.32,34599.2282
1774627200.0,1991.32,1992.27,1980.25,1986.5,15765.1869
1774630800.0,1986.5,1997.6,1974.9,1977.27,13776.895
1774634400.0,1977.28,1986.29,1974.48,1984.43,11147.8167
1774638000.0,1984.43,1997.73,1978.94,1991.71,29660.8329
1774641600.0,1991.7,1996.31,1980.0,1986.04,9603.2605
1774645200.0,1986.05,1991.08,1984.36,1985.73,3983.907
1774648800.0,1985.74,1987.23,1981.95,1985.52,2720.8642
1774652400.0,1985.51,1993.85,1980.54,1992.75,5204.99
1774656000.0,1992.76,1995.16,1989.68,1992.59,4009.8013
1774659600.0,1992.6,1992.7,1984.93,1990.43,7775.3214
1774663200.0,1990.43,1993.69,1983.17,1987.32,3538.7191
1774666800.0,1987.32,1991.25,1987.13,1989.19,2671.978
1774670400.0,1989.19,1992.51,1987.3,1990.8,2365.1314
1774674000.0,1990.8,1994.9,1988.32,1994.23,3194.6928
1774677600.0,1994.22,2007.0,1993.39,2000.95,8339.4358
1774681200.0,2000.95,2008.35,2000.68,2007.07,4419.207
1774684800.0,2007.07,2008.34,1998.26,1999.24,4158.2227
1774688400.0,1999.24,1999.76,1995.6,1999.52,5307.5426
1774692000.0,1999.51,2004.57,1992.77,1996.69,5539.4669
1774695600.0,1996.69,2000.56,1995.86,1997.64,3232.3907
1774699200.0,1997.64,2004.5,1992.25,1999.67,6475.126
1774702800.0,1999.67,2047.45,1999.3,2026.4,30427.1641
1774706400.0,2026.39,2028.99,2016.14,2020.84,13682.392
1774710000.0,2020.83,2040.26,2018.4,2026.84,14625.4102
1774713600.0,2026.84,2030.23,2021.68,2024.78,4889.927
1774717200.0,2024.79,2027.15,2016.5,2020.84,4857.7136
1774720800.0,2020.84,2024.66,2020.37,2021.8,1630.6404
1774724400.0,2021.79,2022.81,2017.01,2020.56,1332.2694
1774728000.0,2020.57,2026.48,2020.56,2024.59,2446.6779
1774731600.0,2024.6,2025.56,2006.69,2009.61,5915.671
1774735200.0,2009.61,2013.14,2005.38,2011.89,4426.194
1774738800.0,2011.88,2011.88,1989.64,1994.74,9570.7102
1774742400.0,1994.74,2000.0,1991.52,1999.16,4042.0247
1774746000.0,1999.16,2007.61,1997.78,2005.08,4379.1952
1774749600.0,2005.09,2010.55,2002.55,2008.93,3658.554
1774753200.0,2008.93,2019.65,2007.04,2011.1,4533.4869
1774756800.0,2011.1,2012.72,2004.23,2005.85,2975.6975
1774760400.0,2005.84,2007.27,1997.67,2005.31,3321.9747
1774764000.0,2005.31,2008.33,2000.02,2004.98,2453.5988
1774767600.0,2004.98,2009.91,2000.04,2006.14,4077.1887
1774771200.0,2006.14,2007.5,2002.66,2004.26,2585.1682
1774774800.0,2004.26,2005.42,1994.5,1999.21,5200.9549
1774778400.0,1999.2,1999.2,1991.9,1995.89,3429.4306
1774782000.0,1995.9,2008.16,1995.22,2003.78,3852.2694
1774785600.0,2003.78,2004.9,1997.82,2001.68,2722.399
1774789200.0,2001.68,2002.14,1983.56,1987.09,9261.1
1774792800.0,1987.09,2002.35,1983.99,1994.17,6745.9691
1774796400.0,1994.17,1998.98,1986.32,1992.97,6503.2005
1774800000.0,1992.98,2003.61,1992.03,1997.82,6490.8616
1774803600.0,1997.82,2000.21,1987.6,1995.1,4682.23
1774807200.0,1995.11,2002.0,1991.58,1997.33,3514.9668
1774810800.0,1997.33,2000.11,1994.36,1995.89,2275.9774
1774814400.0,1995.89,2009.48,1995.84,2002.5,4264.0169
1774818000.0,2002.49,2007.24,2001.5,2006.51,2530.3863
1774821600.0,2006.51,2006.51,1938.82,1973.99,50023.8155
1774825200.0,1973.99,1994.67,1973.63,1984.64,23202.2715
1774828800.0,1984.65,2023.73,1980.28,1997.25,27492.0563
1774832400.0,1997.27,2016.33,1997.19,2010.43,9665.3439
1774836000.0,2010.44,2043.5,2007.53,2029.93,23530.7528
1774839600.0,2029.93,2042.07,2027.5,2035.88,9341.4332
1774843200.0,2035.88,2053.0,2035.88,2048.39,12455.1914
1774846800.0,2048.39,2058.96,2045.14,2047.84,16018.9397
1774850400.0,2047.84,2052.0,2041.19,2042.46,8504.2301
1774854000.0,2042.46,2068.28,2041.54,2059.58,15282.5522
1774857600.0,2059.58,2075.0,2058.15,2062.33,16805.7939
1774861200.0,2062.32,2063.13,2053.87,2055.16,7642.1111
1774864800.0,2055.16,2058.3,2048.14,2057.78,6886.6689
1774868400.0,2057.78,2081.65,2057.78,2071.28,19292.8948
1774872000.0,2071.29,2078.89,2069.07,2074.54,8194.5125
1774875600.0,2074.54,2085.0,2058.17,2060.92,19118.9469
1774879200.0,2060.93,2076.16,2044.25,2071.64,27666.5752
1774882800.0,2071.65,2079.92,2061.91,2074.53,15215.1476
1774886400.0,2074.53,2074.99,2058.95,2066.18,10790.1379
1774890000.0,2066.18,2072.18,2032.0,2041.8,21395.3507
1774893600.0,2041.79,2044.11,2028.04,2032.61,13461.8263
1774897200.0,2032.6,2032.65,2013.33,2023.7,14591.0916
1774900800.0,2023.7,2027.78,2021.14,2023.2,5851.3163
1774904400.0,2023.19,2049.1,2021.16,2036.0,14400.4068
1774908000.0,2036.0,2044.22,2029.51,2033.08,5673.4119
1774911600.0,2033.07,2033.07,2013.92,2026.48,9027.7424
1774915200.0,2026.48,2041.04,2016.29,2036.65,11575.7993
1774918800.0,2036.65,2092.34,2032.27,2073.0,37952.0065
1774922400.0,2072.99,2082.92,2067.25,2073.09,9808.7704
1774926000.0,2073.08,2076.61,2061.87,2066.71,7165.564
1774929600.0,2066.71,2072.24,2057.06,2060.87,9767.5865
1774933200.0,2060.87,2069.0,2054.77,2064.31,6966.4614
1774936800.0,2064.32,2064.95,2055.2,2062.33,7104.4897
1774940400.0,2062.33,2062.91,2042.31,2055.97,11011.0442
1774944000.0,2055.98,2059.2,2036.03,2040.1,10274.3456
1774947600.0,2040.11,2044.5,2012.64,2018.37,22808.2373
1774951200.0,2018.37,2030.28,2017.18,2026.5,9753.183
1774954800.0,2026.5,2044.51,2023.0,2041.2,19943.7718
1774958400.0,2041.21,2057.92,2035.02,2047.78,15267.3566
1774962000.0,2047.78,2079.88,2047.78,2075.37,20810.5927
1774965600.0,2075.37,2092.0,2037.58,2045.94,38453.8525
1774969200.0,2045.94,2077.81,2045.65,2054.85,21417.6464
1774972800.0,2054.85,2108.52,2054.29,2091.7,46551.3832
1774976400.0,2091.7,2124.03,2088.88,2093.36,50852.9773
1774980000.0,2093.35,2115.14,2093.35,2099.89,18730.7612
1774983600.0,2099.88,2104.0,2092.23,2096.54,9937.1431
1774987200.0,2096.54,2111.01,2096.32,2107.66,9394.9389
1774990800.0,2107.66,2109.03,2093.12,2102.63,9418.0037
1774994400.0,2102.64,2104.27,2088.35,2096.51,8199.1651
1774998000.0,2096.52,2108.66,2093.21,2105.43,8732.8219
1775001600.0,2105.43,2117.79,2096.89,2114.72,11320.4724
1775005200.0,2114.73,2115.83,2091.4,2092.95,10566.2532
1775008800.0,2092.94,2096.38,2082.08,2088.45,8502.6779
1775012400.0,2088.46,2106.88,2088.46,2102.91,7586.5948
1775016000.0,2102.91,2116.46,2100.35,2111.26,7709.7695
1775019600.0,2111.26,2137.35,2106.42,2122.67,20075.223
1775023200.0,2122.67,2156.23,2122.57,2151.23,30648.667
1775026800.0,2151.24,2158.0,2130.2,2131.0,19745.3623
1775030400.0,2131.0,2142.93,2125.0,2136.96,18385.7683
1775034000.0,2136.95,2140.46,2128.12,2136.39,13657.7192
1775037600.0,2136.4,2137.93,2126.28,2132.65,7710.0182
1775041200.0,2132.64,2139.37,2130.71,2135.32,6480.7467
1775044800.0,2135.32,2152.0,2121.95,2130.82,21417.4613
1775048400.0,2130.82,2135.31,2108.72,2119.28,28757.3299
1775052000.0,2119.27,2130.6,2114.05,2126.81,16662.6582
1775055600.0,2126.82,2137.72,2122.2,2135.04,10423.5636
1775059200.0,2135.04,2152.51,2125.0,2146.09,19652.133
1775062800.0,2146.1,2167.85,2133.96,2137.21,28614.9498
1775066400.0,2137.21,2137.87,2123.58,2129.23,14904.4013
1775070000.0,2129.23,2145.48,2128.0,2141.43,11467.5825
1775073600.0,2141.43,2147.67,2130.7,2143.92,8588.3705
1775077200.0,2143.92,2165.42,2143.32,2156.89,33515.885
1775080800.0,2156.89,2158.8,2137.4,2139.95,36336.0172
1775084400.0,2139.96,2146.0,2135.5,2140.35,6497.7531
1775088000.0,2140.35,2159.37,2136.09,2156.14,12242.365
1775091600.0,2156.14,2156.15,2090.0,2100.03,50106.9533
1775095200.0,2100.02,2100.02,2065.0,2073.89,25331.829
1775098800.0,2073.9,2076.67,2046.48,2056.33,21103.372
1775102400.0,2056.33,2058.45,2041.77,2044.56,12765.2209
1775106000.0,2044.57,2051.38,2038.63,2050.21,11421.8962
1775109600.0,2050.21,2053.71,2045.56,2050.09,11368.962
1775113200.0,2050.09,2056.76,2044.29,2056.09,10318.0667
1775116800.0,2056.09,2056.09,2045.36,2046.29,7587.7213
1775120400.0,2046.3,2048.14,2039.27,2044.0,9339.0191
1775124000.0,2044.0,2045.05,2032.54,2038.79,9437.2718
1775127600.0,2038.8,2040.28,2024.73,2033.01,8412.9595
1775131200.0,2033.02,2034.03,2024.42,2026.98,11287.8209
1775134800.0,2026.98,2041.02,2017.04,2038.81,21851.0601
1775138400.0,2038.81,2072.22,2032.99,2063.82,38683.3619
1775142000.0,2063.82,2067.89,2048.6,2059.6,16999.3052
1775145600.0,2059.59,2077.64,2052.52,2063.31,19595.7382
1775149200.0,2063.32,2072.0,2044.5,2047.23,11148.0191
1775152800.0,2047.22,2063.0,2043.65,2058.32,8327.3195
1775156400.0,2058.33,2066.66,2054.97,2065.34,5853.874
1775160000.0,2065.35,2074.16,2061.06,2068.19,7110.0845
1775163600.0,2068.2,2070.46,2056.11,2062.98,6195.6446
1775167200.0,2062.99,2064.94,2053.54,2060.03,5345.387
1775170800.0,2060.04,2061.89,2054.0,2057.17,5039.5805
1775174400.0,2057.18,2059.63,2050.04,2053.01,3658.558
1775178000.0,2053.01,2062.49,2045.4,2050.61,5957.6794
1775181600.0,2050.61,2059.73,2040.66,2052.48,13641.7647
1775185200.0,2052.47,2057.22,2050.08,2054.23,4604.5788
1775188800.0,2054.22,2057.8,2048.89,2054.53,3535.1092
1775192400.0,2054.52,2064.58,2047.35,2057.12,6946.4533
1775196000.0,2057.12,2066.61,2054.98,2063.66,6719.2857
1775199600.0,2063.66,2075.17,2062.2,2065.85,7270.4093
1775203200.0,2065.84,2072.0,2058.89,2060.96,9649.3893
1775206800.0,2060.97,2064.06,2057.03,2061.35,4821.5571
1775210400.0,2061.35,2061.35,2053.46,2059.9,4051.9902
1775214000.0,2059.91,2064.76,2057.94,2062.64,2874.6916
1775217600.0,2062.64,2081.76,2045.08,2049.84,15335.5297
1775221200.0,2049.85,2051.18,2041.65,2048.17,7950.3394
1775224800.0,2048.17,2057.12,2045.32,2054.59,6038.137
1775228400.0,2054.59,2057.77,2049.34,2051.26,5407.9689
1775232000.0,2051.26,2056.54,2049.84,2054.7,4063.9595
1775235600.0,2054.7,2055.4,2043.78,2050.36,4212.2581
1775239200.0,2050.36,2053.34,2048.06,2049.26,1876.5841
1775242800.0,2049.26,2054.11,2045.21,2052.68,2549.0412
1775246400.0,2052.69,2055.0,2052.0,2052.75,2868.2806
1775250000.0,2052.75,2060.92,2052.67,2058.42,4888.6892
1775253600.0,2058.41,2059.72,2049.58,2051.79,3624.057
1775257200.0,2051.8,2054.1,2049.23,2053.83,3720.328
1775260800.0,2053.83,2053.86,2051.5,2052.26,1675.1923
1775264400.0,2052.26,2053.8,2049.57,2051.27,1681.6241
1775268000.0,2051.27,2053.3,2047.92,2050.13,2584.5202
1775271600.0,2050.13,2052.08,2049.77,2050.05,1091.4606
1775275200.0,2050.05,2051.62,2048.41,2051.21,1310.6356
1775278800.0,2051.21,2054.89,2050.38,2053.79,1818.1301
1775282400.0,2053.79,2058.0,2052.81,2056.46,3204.6663
1775286000.0,2056.46,2057.37,2051.6,2053.82,2841.9482
1775289600.0,2053.82,2055.44,2049.84,2050.57,2363.4539
1775293200.0,2050.57,2051.9,2049.42,2050.43,2862.9701
1775296800.0,2050.43,2054.92,2047.89,2054.32,3612.058
1775300400.0,2054.32,2055.03,2051.3,2051.84,2783.2612
1775304000.0,2051.84,2053.17,2048.26,2050.15,2573.9912
1775307600.0,2050.15,2055.0,2050.0,2053.59,6453.8102
1775311200.0,2053.58,2054.68,2044.63,2053.1,4750.0024
1775314800.0,2053.1,2062.02,2052.35,2056.29,7667.3607
1775318400.0,2056.29,2062.1,2053.38,2055.75,4189.8173
1775322000.0,2055.75,2058.29,2053.07,2056.98,2934.0725
1775325600.0,2056.98,2058.34,2055.01,2055.15,1692.2754
1775329200.0,2055.15,2084.0,2055.14,2064.71,16701.0527
1775332800.0,2064.71,2064.89,2059.6,2062.81,3522.6088
1775336400.0,2062.8,2071.75,2062.63,2068.83,3423.6933
1775340000.0,2068.84,2072.15,2067.99,2069.14,2168.2004
1775343600.0,2069.14,2069.24,2062.64,2065.52,2597.6351
1775347200.0,2065.51,2065.63,2060.33,2062.1,1941.3568
1775350800.0,2062.1,2062.46,2057.17,2057.37,2413.2758
1775354400.0,2057.37,2059.91,2054.15,2059.86,2686.18
1775358000.0,2059.86,2060.55,2055.37,2056.64,1326.4416
1775361600.0,2056.64,2058.09,2054.11,2055.16,1157.1356
1775365200.0,2055.16,2056.83,2047.21,2048.6,4342.6995
1775368800.0,2048.6,2048.93,2027.75,2038.32,11035.0462
1775372400.0,2038.32,2042.59,2034.48,2037.29,3661.4989
1775376000.0,2037.29,2039.94,2035.91,2039.16,1960.877
1775379600.0,2039.17,2046.0,2038.87,2044.42,2359.0432
1775383200.0,2044.41,2052.53,2042.44,2044.74,3003.5878
1775386800.0,2044.74,2045.83,2040.52,2042.32,1592.5427
1775390400.0,2042.31,2042.31,2021.5,2028.36,9845.9831
1775394000.0,2028.37,2037.75,2025.71,2036.63,4872.8393
1775397600.0,2036.63,2043.32,2035.19,2038.49,5390.7783
1775401200.0,2038.49,2069.89,2034.58,2053.85,17245.054
1775404800.0,2053.85,2059.3,2050.29,2052.15,4008.3159
1775408400.0,2052.15,2062.54,2048.69,2062.53,7871.2374
1775412000.0,2062.54,2066.6,2057.1,2062.99,4214.3547
1775415600.0,2062.99,2069.95,2058.25,2062.37,5296.4634
1775419200.0,2062.38,2075.11,2062.0,2068.91,6169.0852
1775422800.0,2068.9,2069.12,2056.73,2060.01,6449.9069
1775426400.0,2060.01,2088.0,2050.0,2085.79,16148.6882
1775430000.0,2085.78,2123.49,2082.35,2110.17,32360.9284
1775433600.0,2110.17,2135.39,2110.17,2121.99,21652.178
1775437200.0,2122.0,2124.53,2112.48,2115.12,12502.5681
1775440800.0,2115.11,2147.24,2114.59,2133.59,22030.8613
1775444400.0,2133.59,2137.27,2126.59,2129.35,9676.807
1775448000.0,2129.35,2134.77,2125.12,2131.06,9092.357
1775451600.0,2131.06,2134.62,2128.42,2131.29,5374.9136
1775455200.0,2131.29,2139.0,2120.04,2127.53,13310.8525
1775458800.0,2127.53,2141.0,2122.83,2134.9,12354.0352
1775462400.0,2134.91,2147.95,2133.42,2138.48,11262.7856
1775466000.0,2138.48,2174.79,2138.47,2150.97,36268.1446
1775469600.0,2150.97,2157.5,2149.36,2153.27,9506.3097
1775473200.0,2153.27,2153.7,2146.61,2151.53,7937.8489
1775476800.0,2151.53,2154.52,2142.31,2143.59,9671.6099
1775480400.0,2143.59,2149.41,2137.91,2145.99,15191.1911
1775484000.0,2146.0,2165.74,2137.76,2156.71,33151.5114
1775487600.0,2156.72,2169.6,2155.5,2164.65,17897.0008
1775491200.0,2164.65,2168.72,2140.45,2140.62,16868.2349
1775494800.0,2140.62,2141.0,2123.6,2134.95,22223.3552
1775498400.0,2134.96,2148.51,2131.6,2144.84,9169.6397
1775502000.0,2144.84,2145.94,2135.94,2144.25,8437.4677
1775505600.0,2144.25,2155.06,2140.45,2148.81,5786.1548
1775509200.0,2148.8,2148.8,2137.73,2139.54,4290.0762
1775512800.0,2139.54,2140.95,2105.41,2105.41,16021.2598
1775516400.0,2105.41,2110.39,2087.5,2107.16,26377.1264
1775520000.0,2107.16,2120.14,2105.63,2112.66,12222.8926
1775523600.0,2112.66,2120.1,2097.3,2099.51,11345.2191
1775527200.0,2099.51,2111.63,2093.64,2106.84,8048.4942
1775530800.0,2106.84,2109.89,2103.77,2108.37,3191.6287
1775534400.0,2108.37,2119.21,2103.68,2114.22,5021.8324
1775538000.0,2114.23,2114.61,2103.73,2105.52,4524.1773
1775541600.0,2105.53,2106.58,2096.69,2104.25,7241.3761
1775545200.0,2104.26,2106.29,2098.9,2104.04,7285.9935
1775548800.0,2104.03,2117.37,2103.29,2114.84,8502.548
1775552400.0,2114.85,2133.83,2114.13,2128.26,12479.3051
1775556000.0,2128.26,2131.38,2085.79,2089.32,18999.8253
1775559600.0,2089.31,2094.03,2082.35,2089.58,12699.7988
1775563200.0,2089.58,2093.17,2074.09,2086.99,19553.8314
1775566800.0,2086.99,2093.17,2074.5,2074.97,13582.9174
1775570400.0,2074.98,2081.46,2060.24,2069.44,25857.808
1775574000.0,2069.44,2083.75,2064.76,2080.06,17554.4056
1775577600.0,2080.07,2090.14,2077.52,2083.76,10529.9894
1775581200.0,2083.75,2115.17,2079.8,2099.5,16296.7087
1775584800.0,2099.49,2101.39,2082.43,2086.3,7595.3585
1775588400.0,2086.29,2116.65,2084.04,2113.39,20780.0757
1775592000.0,2113.39,2125.59,2110.68,2115.53,14390.7585
1775595600.0,2115.52,2153.0,2115.52,2145.04,30017.5265
1775599200.0,2145.05,2219.88,2145.05,2219.77,80299.7826
1775602800.0,2219.78,2273.87,2215.73,2240.01,92072.5559
1775606400.0,2240.01,2251.39,2228.24,2236.08,30356.804
1775610000.0,2236.09,2242.77,2230.45,2234.06,13860.1381
1775613600.0,2234.07,2247.42,2230.76,2237.28,18487.9076
1775617200.0,2237.28,2239.46,2232.0,2234.68,8578.4772
1775620800.0,2234.68,2252.5,2234.68,2240.77,17282.8755
1775624400.0,2240.76,2245.1,2238.3,2240.7,8255.3009
1775628000.0,2240.7,2253.86,2235.49,2246.01,15941.3222
1775631600.0,2246.01,2260.76,2244.63,2253.76,18276.5112
1775635200.0,2253.76,2259.51,2250.44,2256.48,13992.2559
1775638800.0,2256.47,2263.35,2245.99,2249.59,19365.3909
1775642400.0,2249.59,2253.86,2242.39,2242.67,7002.8262
1775646000.0,2242.66,2254.72,2237.12,2247.23,11966.1372
1775649600.0,2247.23,2259.33,2242.67,2255.88,15657.0421
1775653200.0,2255.88,2270.55,2231.58,2236.06,38245.6158
1775656800.0,2236.05,2240.94,2186.61,2195.22,55465.7011
1775660400.0,2195.23,2218.35,2193.46,2215.45,20114.6724
1775664000.0,2215.44,2225.41,2211.23,2220.76,13088.3114
1775667600.0,2220.77,2239.5,2213.03,2231.88,14675.7031
1775671200.0,2231.87,2232.65,2199.32,2201.41,15484.3027
1775674800.0,2201.4,2211.74,2197.7,2211.04,10287.9908
1775678400.0,2211.03,2216.66,2205.84,2209.81,5117.0171
1775682000.0,2209.81,2222.55,2207.9,2214.53,7141.0016
1775685600.0,2214.54,2215.15,2186.97,2189.87,12489.3456
1775689200.0,2189.86,2193.95,2179.78,2190.0,13584.9815
1775692800.0,2190.0,2193.79,2179.3,2183.03,9626.2087
1775696400.0,2183.03,2185.27,2162.0,2178.69,15127.9165
1775700000.0,2178.68,2185.5,2174.01,2181.69,5982.5838
1775703600.0,2181.69,2183.98,2175.6,2182.49,4172.2635
1775707200.0,2182.49,2182.49,2176.42,2177.64,4180.2073
1775710800.0,2177.64,2188.99,2175.6,2182.17,7702.8529
1775714400.0,2182.18,2186.13,2175.6,2181.51,4273.8514
1775718000.0,2181.52,2185.78,2180.02,2181.14,8099.1789
1775721600.0,2181.14,2190.72,2176.37,2186.37,8257.8256
1775725200.0,2186.36,2197.7,2179.72,2194.14,8927.176
1775728800.0,2194.13,2196.22,2188.08,2190.7,8945.7665
1775732400.0,2190.69,2193.13,2178.31,2180.26,7213.8148
1775736000.0,2180.26,2186.98,2174.27,2183.34,9640.0717
1775739600.0,2183.33,2186.54,2158.19,2165.22,16119.3672
1775743200.0,2165.23,2182.19,2157.31,2177.63,13247.797
1775746800.0,2177.64,2225.0,2169.51,2217.99,37016.1247
1775750400.0,2218.0,2229.4,2193.0,2208.33,19736.8531
1775754000.0,2208.33,2225.47,2206.43,2222.75,16732.2496
1775757600.0,2222.75,2223.69,2200.64,2206.86,9466.94
1775761200.0,2206.86,2224.52,2204.39,2216.42,11262.9973
1775764800.0,2216.42,2222.0,2210.31,2213.08,9292.9452
1775768400.0,2213.08,2226.34,2207.54,2210.78,7702.1243
1775772000.0,2210.79,2246.0,2197.5,2197.69,20803.3917
1775775600.0,2197.69,2201.09,2183.33,2190.2,11787.4426
1775779200.0,2190.17,2197.39,2181.95,2195.17,8145.1058
1775782800.0,2195.17,2204.1,2176.1,2194.7,12958.4122
1775786400.0,2194.69,2198.62,2187.01,2189.12,5478.4437
1775790000.0,2189.11,2192.38,2182.68,2186.06,6591.333
1775793600.0,2186.05,2199.34,2185.95,2195.71,8449.6804
1775797200.0,2195.71,2203.11,2192.49,2196.9,6931.587
1775800800.0,2196.91,2198.44,2184.0,2186.2,7494.4417
1775804400.0,2186.21,2188.57,2176.4,2179.28,8738.2884
1775808000.0,2179.27,2190.11,2177.13,2185.86,7505.4562
1775811600.0,2185.85,2197.58,2185.83,2196.03,7897.3355
1775815200.0,2196.04,2198.29,2190.66,2197.24,5030.0878
1775818800.0,2197.25,2224.28,2197.22,2215.65,27238.3539
1775822400.0,2215.66,2228.51,2208.18,2218.9,21377.2433
1775826000.0,2218.9,2225.51,2208.4,2223.08,13705.7194
1775829600.0,2223.08,2254.27,2220.43,2242.76,39205.5195
1775833200.0,2242.76,2257.99,2220.36,2224.27,21462.2655
1775836800.0,2224.28,2247.42,2221.46,2245.36,14371.2053
1775840400.0,2245.37,2249.45,2239.29,2248.42,8726.5575
1775844000.0,2248.41,2251.9,2239.06,2249.33,8296.7903
1775847600.0,2249.32,2256.0,2243.52,2253.17,6307.8692
1775851200.0,2253.17,2257.14,2243.03,2255.33,10016.3472
1775854800.0,2255.33,2255.68,2242.34,2254.87,6229.9527
1775858400.0,2254.88,2255.49,2235.41,2242.24,7568.2712
1775862000.0,2242.25,2245.66,2239.31,2245.05,3172.8191
1775865600.0,2245.06,2245.06,2235.92,2238.77,5000.1618
1775869200.0,2238.77,2246.5,2234.81,2244.2,5117.0379
1775872800.0,2244.2,2252.15,2242.2,2248.19,4262.1507
1775876400.0,2248.19,2250.78,2235.77,2237.17,4975.7554
1775880000.0,2237.18,2242.93,2235.45,2240.97,5020.1024
1775883600.0,2240.98,2241.71,2229.0,2232.79,8378.0091
1775887200.0,2232.79,2236.73,2229.62,2235.66,5777.1398
1775890800.0,2235.68,2236.51,2230.58,2232.6,3302.0889
1775894400.0,2232.6,2235.43,2232.14,2232.9,4658.7629
1775898000.0,2232.89,2249.31,2232.24,2243.83,10245.6974
1775901600.0,2243.84,2245.12,2237.7,2240.46,3647.1528
1775905200.0,2240.42,2247.0,2238.67,2246.11,4110.2145
1775908800.0,2246.12,2246.71,2241.16,2245.5,2702.3559
1775912400.0,2245.49,2245.5,2233.72,2239.76,6483.544
1775916000.0,2239.75,2244.1,2238.39,2242.1,2755.4128
1775919600.0,2242.1,2256.11,2241.39,2249.54,7055.5261
1775923200.0,2249.54,2274.42,2246.53,2258.68,12794.9999
1775926800.0,2258.68,2265.49,2253.87,2260.01,7292.9373
1775930400.0,2260.01,2311.53,2257.34,2305.44,37997.9082
1775934000.0,2305.43,2329.93,2305.31,2315.96,31171.2632
1775937600.0,2315.96,2317.14,2288.32,2298.32,18271.8949
1775941200.0,2298.32,2304.13,2292.35,2299.36,7471.7
1775944800.0,2299.35,2308.0,2289.03,2296.88,7556.8034
1775948400.0,2296.89,2296.89,2276.47,2284.99,8736.7846
1775952000.0,2285.0,2288.24,2273.0,2285.72,11950.9632
1775955600.0,2285.72,2288.57,2209.14,2219.05,47252.7935
1775959200.0,2219.05,2234.35,2207.06,2223.43,16377.1274
1775962800.0,2223.42,2227.15,2211.99,2213.71,15756.5771
1775966400.0,2213.7,2216.5,2209.08,2212.16,11540.8392
1775970000.0,2212.17,2219.96,2208.32,2217.28,7916.3233
1775973600.0,2217.28,2220.87,2214.71,2216.07,3635.7662
1775977200.0,2216.08,2220.48,2212.2,2218.02,4551.117
1775980800.0,2218.02,2219.04,2211.92,2214.0,5164.478
1775984400.0,2214.0,2216.08,2211.44,2214.19,5214.3202
1775988000.0,2214.2,2217.24,2194.32,2201.66,10789.8651
1775991600.0,2201.65,2207.41,2197.54,2204.62,5559.1
1775995200.0,2204.62,2208.22,2188.0,2194.76,12882.0071
1775998800.0,2194.76,2199.17,2185.17,2186.98,15286.3697
1776002400.0,2186.98,2193.53,2178.69,2180.86,16800.0145
1776006000.0,2180.88,2188.89,2175.0,2186.47,8622.2898
1776009600.0,2186.47,2190.43,2183.09,2187.09,4674.3927
1776013200.0,2187.09,2205.0,2187.09,2203.17,7545.5178
1776016800.0,2203.18,2207.23,2199.56,2200.6,5588.7032
1776020400.0,2200.6,2205.2,2197.4,2198.27,3607.8964
1776024000.0,2198.27,2218.13,2193.34,2213.53,8794.3235
1776027600.0,2213.54,2217.71,2205.19,2211.24,4865.707
1776031200.0,2211.24,2211.26,2183.99,2199.37,16989.2668
1776034800.0,2199.36,2199.36,2186.35,2191.65,6791.1234
1776038400.0,2191.64,2208.32,2187.2,2205.18,10357.5572
1776042000.0,2205.18,2209.05,2200.55,2203.69,5431.0629
1776045600.0,2203.68,2205.84,2192.49,2194.22,5454.4607
1776049200.0,2194.23,2195.8,2190.1,2194.36,5212.3977
1776052800.0,2194.36,2199.14,2187.58,2190.26,4948.9015
1776056400.0,2190.25,2191.35,2182.22,2191.34,7155.0899
1776060000.0,2191.34,2201.45,2190.32,2198.49,11369.6534
1776063600.0,2198.49,2199.76,2183.11,2186.56,9718.1181
1776067200.0,2186.57,2189.65,2180.0,2185.28,7895.1899
1776070800.0,2185.28,2195.34,2185.28,2188.08,3884.4226
1776074400.0,2188.08,2188.78,2179.0,2183.41,4548.1763
1776078000.0,2183.41,2190.96,2182.45,2187.33,4289.7666
1776081600.0,2187.33,2200.0,2175.68,2192.25,16772.6337
1776085200.0,2192.3,2215.62,2181.4,2215.47,30435.3799
1776088800.0,2215.46,2235.03,2203.45,2234.18,31071.8324
1776092400.0,2234.18,2236.43,2199.52,2209.28,25979.5165
1776096000.0,2209.28,2234.62,2200.0,2225.86,16260.3153
1776099600.0,2225.85,2242.9,2222.5,2225.13,12050.6755
1776103200.0,2225.12,2233.63,2218.53,2232.23,6657.7952
1776106800.0,2232.22,2268.88,2227.72,2262.33,29841.8728
1776110400.0,2262.33,2263.48,2247.5,2252.49,14180.552
1776114000.0,2252.49,2266.66,2249.62,2260.07,8155.7034
1776117600.0,2260.07,2363.94,2259.81,2352.74,95874.8042
1776121200.0,2352.74,2394.71,2341.53,2369.46,86324.9515
1776124800.0,2369.46,2375.9,2359.55,2361.0,27078.1045
1776128400.0,2361.01,2373.42,2354.6,2368.7,21849.8271
1776132000.0,2368.7,2378.06,2366.22,2367.62,14924.9864
1776135600.0,2367.62,2370.53,2361.55,2365.5,10579.9345
1776139200.0,2365.5,2368.38,2361.81,2364.33,7975.3935
1776142800.0,2364.34,2369.55,2354.76,2355.49,15577.023
1776146400.0,2355.49,2376.68,2355.49,2373.08,13857.3449
1776150000.0,2373.08,2389.99,2370.59,2377.91,26446.3596
1776153600.0,2377.92,2396.03,2374.04,2387.61,24928.2101
1776157200.0,2387.62,2394.73,2382.82,2387.14,13416.5833
1776160800.0,2387.14,2387.85,2373.0,2375.08,13047.6141
1776164400.0,2375.08,2377.91,2367.61,2374.53,14778.9188
1776168000.0,2374.54,2377.74,2368.56,2373.94,12278.3595
1776171600.0,2373.95,2395.97,2372.67,2391.5,37056.2013
1776175200.0,2391.51,2415.5,2352.59,2353.05,64481.5343
1776178800.0,2353.05,2372.12,2332.72,2364.63,41191.3033
1776182400.0,2364.62,2371.48,2329.56,2334.0,20715.8534
1776186000.0,2334.0,2345.49,2323.66,2338.37,14195.9839
1776189600.0,2338.37,2344.69,2309.28,2313.89,22655.0283
1776193200.0,2313.89,2322.73,2302.9,2313.32,15604.0232
1776196800.0,2313.32,2322.73,2308.53,2315.1,6539.0735
1776200400.0,2315.1,2326.21,2314.87,2323.72,6233.4385
1776204000.0,2323.72,2332.35,2311.75,2314.99,9731.0497
1776207600.0,2314.99,2326.65,2314.32,2322.44,4965.2354
1776211200.0,2322.44,2342.76,2321.63,2333.81,10921.3059
1776214800.0,2333.8,2342.6,2331.18,2335.66,7454.8421
1776218400.0,2335.66,2338.02,2317.56,2324.77,6851.7801
1776222000.0,2324.78,2329.39,2320.57,2328.81,3673.6185
1776225600.0,2328.82,2334.7,2328.0,2333.44,4920.3218
1776229200.0,2333.43,2338.23,2314.0,2319.45,8570.8757
1776232800.0,2319.44,2321.02,2314.99,2317.37,6070.7059
1776236400.0,2317.37,2323.53,2308.5,2316.62,11943.6405
1776240000.0,2316.62,2333.0,2314.07,2327.4,16606.8901
1776243600.0,2327.4,2329.62,2318.47,2319.95,4819.8486
1776247200.0,2319.95,2328.52,2312.15,2316.64,7926.8066
1776250800.0,2316.65,2339.42,2316.65,2337.43,10421.2382
1776254400.0,2337.42,2340.0,2329.66,2332.98,8755.6666
1776258000.0,2332.97,2334.76,2317.54,2326.94,11829.0249
1776261600.0,2326.93,2344.88,2321.94,2338.4,16587.6534
1776265200.0,2338.41,2349.46,2320.77,2332.04,18184.4927
1776268800.0,2332.03,2349.87,2329.1,2341.48,11622.9701
1776272400.0,2341.48,2358.82,2339.65,2348.66,16815.8182
1776276000.0,2348.66,2359.96,2346.34,2358.66,10732.0648
1776279600.0,2358.66,2385.61,2357.37,2375.05,20867.7512
1776283200.0,2375.05,2376.31,2353.72,2362.95,11389.336
1776286800.0,2362.95,2363.5,2348.58,2361.3,9619.6481
1776290400.0,2361.29,2380.45,2360.33,2363.45,17952.2343
1776294000.0,2363.46,2363.46,2349.6,2359.95,13652.1034
1776297600.0,2359.94,2363.54,2349.93,2360.58,5089.6025
1776301200.0,2360.58,2360.58,2345.04,2352.06,5778.7342
1776304800.0,2352.06,2369.59,2350.01,2356.68,8626.0775
1776308400.0,2356.67,2365.88,2355.91,2357.86,4878.3062
1776312000.0,2357.85,2364.0,2348.38,2354.13,6478.9831
1776315600.0,2354.14,2361.79,2349.59,2356.86,7640.4611
1776319200.0,2356.86,2360.57,2349.77,2356.01,6083.5709
1776322800.0,2356.02,2357.56,2335.72,2341.52,12827.0905
1776326400.0,2341.52,2345.98,2334.65,2339.11,9100.1126
1776330000.0,2339.12,2348.4,2337.79,2338.09,10880.1782
1776333600.0,2338.09,2340.21,2328.64,2332.42,12442.8726
1776337200.0,2332.42,2336.26,2329.8,2335.67,6294.7818
1776340800.0,2335.68,2349.45,2334.99,2340.44,8984.2195
1776344400.0,2340.44,2351.8,2290.57,2308.29,42907.1349
1776348000.0,2308.28,2316.34,2285.1,2309.97,39904.1263
1776351600.0,2309.96,2349.84,2308.5,2339.01,30320.2111
1776355200.0,2339.01,2348.69,2309.96,2316.76,22375.2714
1776358800.0,2316.77,2329.48,2310.0,2325.79,11322.7343
1776362400.0,2325.8,2346.66,2320.4,2343.1,19719.0157
1776366000.0,2343.11,2361.96,2334.66,2359.7,19102.8217
1776369600.0,2359.69,2364.68,2341.51,2350.23,17899.2598
1776373200.0,2350.23,2356.53,2336.25,2341.17,7555.301
1776376800.0,2341.18,2350.56,2339.3,2342.6,7404.2463
1776380400.0,2342.59,2355.0,2341.61,2348.17,5345.8245
1776384000.0,2348.16,2350.9,2341.0,2344.4,5096.9585
1776387600.0,2344.39,2349.0,2327.34,2335.38,9065.6351
1776391200.0,2335.37,2338.74,2324.93,2331.75,3963.8143
1776394800.0,2331.75,2331.77,2323.83,2325.52,3875.5735
1776398400.0,2325.53,2333.73,2324.21,2328.96,3921.1627
1776402000.0,2328.96,2329.36,2317.43,2319.29,10909.5799
1776405600.0,2319.29,2332.4,2317.49,2331.09,8766.8731
1776409200.0,2331.1,2342.02,2330.09,2334.16,7881.1481
1776412800.0,2334.15,2359.27,2332.98,2354.87,14930.4864
1776416400.0,2354.87,2377.0,2348.28,2359.1,22969.8945
1776420000.0,2359.1,2361.1,2336.45,2344.01,18019.5018
1776423600.0,2344.01,2356.96,2343.08,2354.99,9954.5648
1776427200.0,2355.0,2382.66,2349.4,2371.97,25552.7435
1776430800.0,2371.97,2440.45,2366.8,2437.05,108132.4591
1776434400.0,2437.05,2456.93,2426.31,2447.25,58878.8986
1776438000.0,2447.25,2449.99,2433.16,2441.96,28271.7852
1776441600.0,2441.96,2464.91,2441.49,2451.3,25909.3116
1776445200.0,2451.31,2452.5,2422.08,2440.42,21460.1278
1776448800.0,2440.42,2442.68,2415.41,2419.99,18100.8743
1776452400.0,2420.0,2432.92,2417.17,2427.92,11328.0538
1776456000.0,2427.92,2435.29,2417.01,2426.78,7432.0733
1776459600.0,2426.76,2433.48,2418.71,2429.49,10249.1991
1776463200.0,2429.49,2444.34,2422.78,2433.52,41952.2647
1776466800.0,2433.52,2433.52,2415.47,2419.0,15108.3778
1776470400.0,2419.0,2423.58,2410.06,2420.99,9442.6515
1776474000.0,2420.99,2427.64,2416.8,2420.99,6314.6879
1776477600.0,2421.0,2424.85,2416.83,2419.2,5207.8575
1776481200.0,2419.21,2419.83,2399.54,2405.04,8107.5633
1776484800.0,2405.03,2410.48,2399.52,2407.48,4894.9602
1776488400.0,2407.48,2413.54,2405.83,2408.95,2586.2278
1776492000.0,2408.94,2411.87,2405.52,2410.0,2945.3983
1776495600.0,2410.0,2411.12,2401.67,2403.71,4515.4091
1776499200.0,2403.71,2404.85,2367.39,2380.57,25832.0067
1776502800.0,2380.57,2380.93,2369.75,2376.04,9571.8861
1776506400.0,2376.03,2376.03,2353.88,2359.34,18142.5656
1776510000.0,2359.34,2360.47,2343.44,2352.96,14433.3994
1776513600.0,2352.96,2362.5,2351.15,2357.93,8121.2724
1776517200.0,2357.92,2360.07,2345.25,2355.13,9779.7365
1776520800.0,2355.13,2366.0,2349.72,2365.23,26117.5187
1776524400.0,2365.23,2369.66,2359.11,2363.64,13336.9852
1776528000.0,2363.64,2375.14,2357.57,2360.87,12285.7588
1776531600.0,2360.86,2364.87,2355.0,2361.46,10741.1145
1776535200.0,2361.47,2363.64,2339.92,2347.44,11078.9477
1776538800.0,2347.45,2356.02,2346.49,2348.59,5076.6851
1776542400.0,2348.59,2354.9,2344.96,2352.62,3744.8446
1776546000.0,2352.61,2355.33,2347.74,2355.33,4154.6368
1776549600.0,2355.32,2359.46,2348.63,2356.53,2745.8838
1776553200.0,2356.54,2359.5,2349.68,2350.32,2563.3913
1776556800.0,2350.33,2355.3,2344.35,2349.09,3439.1131
1776560400.0,2349.09,2353.0,2341.66,2348.03,5285.1901
1776564000.0,2348.04,2349.2,2333.44,2338.25,8271.2463
1776567600.0,2338.24,2344.09,2332.1,2339.77,3295.8301
1776571200.0,2339.77,2346.11,2321.62,2333.34,9557.8518
1776574800.0,2333.34,2338.68,2329.0,2332.76,4832.87
1776578400.0,2332.75,2333.12,2321.88,2327.2,14717.5852
1776582000.0,2327.2,2327.32,2300.0,2316.03,25296.4448
1776585600.0,2316.03,2320.96,2311.2,2318.69,6286.5382
1776589200.0,2318.69,2319.36,2306.42,2310.24,4969.1452
1776592800.0,2310.24,2320.15,2306.73,2318.01,3803.1001
1776596400.0,2318.02,2331.13,2317.53,2329.38,8216.7405
1776600000.0,2329.38,2337.24,2325.0,2331.29,10647.4565
1776603600.0,2331.29,2350.24,2330.85,2338.67,12823.5829
1776607200.0,2338.67,2343.12,2327.35,2338.09,6753.5851
1776610800.0,2338.09,2341.49,2315.29,2330.8,7442.0947
1776614400.0,2330.8,2331.34,2304.7,2311.68,10427.6144
1776618000.0,2311.68,2317.81,2294.5,2296.59,19133.8743
1776621600.0,2296.58,2301.25,2287.62,2295.78,16668.7481
1776625200.0,2295.78,2304.78,2294.42,2299.65,7573.4719
1776628800.0,2299.66,2300.0,2273.51,2280.61,19343.7054
1776632400.0,2280.61,2290.34,2274.98,2276.09,7305.1882
1776636000.0,2276.08,2276.08,2252.72,2269.79,28519.8571
1776639600.0,2269.78,2270.4,2256.33,2263.27,11475.9936
1776643200.0,2263.28,2283.14,2259.67,2280.01,12643.2639
1776646800.0,2280.02,2294.3,2278.2,2286.17,7563.3705
1776650400.0,2286.16,2287.63,2272.25,2277.43,5859.7575
1776654000.0,2277.43,2288.58,2276.08,2286.56,3966.857
1776657600.0,2286.55,2286.55,2278.84,2283.39,5327.0777
1776661200.0,2283.39,2283.39,2263.18,2270.21,8416.403
1776664800.0,2270.21,2289.0,2268.78,2286.17,7027.7389
1776668400.0,2286.17,2332.88,2283.02,2298.8,38704.943
1776672000.0,2298.81,2308.65,2289.82,2294.09,14250.2542
1776675600.0,2294.08,2313.64,2293.3,2309.06,8516.3025
1776679200.0,2309.06,2320.0,2303.23,2303.39,7456.3501
1776682800.0,2303.39,2312.33,2300.0,2308.42,7390.6587
1776686400.0,2308.42,2323.02,2304.46,2318.88,11999.4475
1776690000.0,2318.88,2326.36,2301.53,2310.82,17038.1365
1776693600.0,2310.82,2321.98,2283.0,2290.9,33102.9123
1776697200.0,2290.91,2319.0,2278.38,2313.91,23294.0376
1776700800.0,2313.92,2315.01,2298.76,2300.07,9601.3892
1776704400.0,2300.07,2322.4,2297.97,2317.06,12548.2286
1776708000.0,2317.06,2344.19,2317.06,2334.23,23517.3105
1776711600.0,2334.24,2336.43,2327.27,2331.78,7765.5746
1776715200.0,2331.78,2340.15,2325.33,2337.59,8921.2342
1776718800.0,2337.58,2346.78,2315.21,2321.65,14498.1636
1776722400.0,2321.64,2328.52,2316.75,2319.4,5121.2471
1776726000.0,2319.4,2319.4,2307.74,2313.85,6469.4072
1776729600.0,2313.84,2324.7,2311.66,2321.94,5640.5103
1776733200.0,2321.94,2326.64,2312.66,2315.16,5266.9132
1776736800.0,2315.16,2315.72,2306.45,2308.34,5528.1609
1776740400.0,2308.34,2312.9,2300.01,2311.62,6345.6065
1776744000.0,2311.62,2315.87,2304.06,2314.59,3834.0953
1776747600.0,2314.59,2320.69,2312.65,2314.07,3741.6506
1776751200.0,2314.07,2327.05,2308.01,2317.36,5716.0288
1776754800.0,2317.37,2324.98,2311.56,2318.48,9653.5986
1776758400.0,2318.48,2338.75,2314.0,2323.43,8919.8273
1776762000.0,2323.42,2327.65,2318.37,2325.69,5091.0695
1776765600.0,2325.7,2337.27,2325.33,2331.15,7326.5133
1776769200.0,2331.15,2331.29,2316.14,2320.45,9302.9582
1776772800.0,2320.45,2324.68,2294.39,2308.54,16334.8429
1776776400.0,2308.54,2317.37,2301.0,2312.77,9222.5973
1776780000.0,2312.77,2327.5,2295.0,2299.35,13991.7538
1776783600.0,2299.35,2310.72,2290.35,2310.24,12568.8512
1776787200.0,2310.25,2324.73,2306.51,2307.45,12280.4691
1776790800.0,2307.44,2319.61,2284.19,2306.21,18658.5883
1776794400.0,2306.2,2313.33,2300.29,2312.72,7991.7076
1776798000.0,2312.72,2332.0,2287.3,2298.41,23355.8438
1776801600.0,2298.42,2325.88,2296.04,2314.56,19563.429
1776805200.0,2314.55,2318.0,2309.41,2312.56,4222.5347
1776808800.0,2312.56,2316.76,2301.9,2311.35,5248.7593
1776812400.0,2311.35,2329.47,2310.92,2327.14,6839.6675
1776816000.0,2327.15,2330.82,2322.62,2325.58,5576.6357
1776819600.0,2325.57,2328.73,2312.95,2322.37,6606.1381
1776823200.0,2322.37,2375.23,2320.22,2370.34,35435.1615
1776826800.0,2370.35,2379.66,2358.49,2363.62,19156.4486
1776830400.0,2363.63,2369.54,2358.41,2363.81,8422.8355
1776834000.0,2363.82,2413.83,2361.85,2396.81,55731.406
1776837600.0,2396.81,2397.06,2389.44,2393.37,12010.9363
1776841200.0,2393.38,2397.62,2383.33,2389.97,13184.7681
1776844800.0,2389.98,2393.91,2383.0,2388.22,13789.8585
1776848400.0,2388.22,2394.27,2385.0,2387.51,7492.288
1776852000.0,2387.52,2393.68,2385.15,2390.2,7644.1127
1776855600.0,2390.21,2400.78,2386.51,2398.44,12475.1132
1776859200.0,2398.44,2407.03,2396.16,2404.92,14367.4269
1776862800.0,2404.91,2423.0,2401.27,2417.4,28321.2416
1776866400.0,2417.4,2423.75,2391.5,2403.17,26739.8227
1776870000.0,2403.17,2413.89,2390.9,2403.83,29310.3346
1776873600.0,2403.84,2413.75,2384.17,2386.14,19934.1991
1776877200.0,2386.15,2402.5,2386.15,2399.21,11859.3039
1776880800.0,2399.21,2404.69,2395.09,2396.91,7000.2611
1776884400.0,2396.92,2407.24,2389.18,2397.79,11527.4479
1776888000.0,2397.8,2402.34,2390.81,2391.92,8758.4624
1776891600.0,2391.91,2406.11,2391.88,2402.55,7026.7345
1776895200.0,2402.55,2405.38,2394.09,2400.09,5897.7986
1776898800.0,2400.08,2400.48,2373.95,2374.07,11438.3904
1776902400.0,2374.08,2382.0,2342.8,2372.96,36491.312
1776906000.0,2372.96,2372.97,2360.72,2366.79,7971.3587
1776909600.0,2366.79,2366.86,2344.35,2351.96,16562.4079
1776913200.0,2351.96,2353.44,2331.5,2340.81,15181.0367
1776916800.0,2340.82,2348.66,2337.12,2347.84,6876.0742
1776920400.0,2347.84,2352.61,2340.19,2348.77,9395.0987
1776924000.0,2348.77,2358.93,2348.77,2354.43,11877.4383
1776927600.0,2354.44,2356.85,2340.0,2344.43,11195.0451
1776931200.0,2344.43,2345.0,2335.0,2339.92,17537.3805
1776934800.0,2339.91,2339.91,2313.58,2316.25,27426.2566
1776938400.0,2316.24,2319.17,2305.61,2314.09,19663.9824
1776942000.0,2314.09,2331.99,2314.09,2328.97,13523.4182
1776945600.0,2328.96,2335.23,2320.81,2328.87,11828.3231
1776949200.0,2328.88,2332.5,2315.23,2319.82,12436.9399
1776952800.0,2319.81,2335.12,2316.07,2334.24,13699.8644
1776956400.0,2334.24,2343.58,2324.15,2333.26,14842.7727
1776960000.0,2333.26,2335.76,2323.39,2326.38,8034.7963
1776963600.0,2326.39,2329.24,2285.42,2310.42,45125.7374
1776967200.0,2310.42,2319.04,2304.42,2305.31,14250.7026
1776970800.0,2305.3,2318.97,2300.7,2312.88,11612.5476
1776974400.0,2312.87,2329.48,2312.74,2325.37,10663.5008
1776978000.0,2325.36,2328.85,2320.73,2321.66,6005.6248
1776981600.0,2321.66,2338.79,2321.66,2331.97,8475.7696
1776985200.0,2331.97,2333.18,2323.71,2330.26,5968.3038
1776988800.0,2330.27,2337.5,2326.68,2332.48,5575.8374
1776992400.0,2332.47,2334.23,2318.69,2332.84,6039.2936
1776996000.0,2332.83,2335.39,2315.05,2319.91,6028.7269
1776999600.0,2319.9,2322.84,2301.35,2308.64,9361.0353
1777003200.0,2308.63,2311.75,2300.5,2306.16,6882.2118
1777006800.0,2306.16,2317.35,2300.22,2314.74,8521.9314
1777010400.0,2314.75,2316.87,2308.71,2309.2,5049.9538
1777014000.0,2309.21,2316.85,2308.48,2311.63,8194.8432
1777017600.0,2311.63,2322.99,2307.49,2315.24,11658.1971
1777021200.0,2315.24,2315.79,2303.74,2310.18,6774.4396
1777024800.0,2310.19,2319.06,2306.0,2316.02,4784.8663
1777028400.0,2316.01,2332.26,2316.01,2328.1,12651.4171
1777032000.0,2328.1,2331.85,2318.53,2325.25,9855.0136
1777035600.0,2325.26,2331.67,2310.99,2317.32,9015.9396
1777039200.0,2317.32,2318.4,2304.07,2313.41,13688.6377
1777042800.0,2313.42,2329.73,2301.61,2323.81,14252.1395
1777046400.0,2323.81,2324.23,2310.0,2316.67,6290.7827
1777050000.0,2316.66,2322.0,2308.82,2319.6,7562.0537
1777053600.0,2319.59,2321.41,2310.01,2319.92,5197.7671
1777057200.0,2319.93,2325.0,2319.22,2321.6,5615.6482
1777060800.0,2321.59,2328.16,2315.38,2326.47,6361.6058
1777064400.0,2326.47,2327.52,2312.6,2315.18,7039.3094
1777068000.0,2315.19,2316.17,2307.2,2311.92,6034.2204
1777071600.0,2311.93,2316.05,2311.93,2314.99,1451.7469
1777075200.0,2314.98,2316.05,2311.27,2316.04,1576.4557
1777078800.0,2316.04,2321.36,2315.46,2318.0,2215.4404
1777082400.0,2318.01,2319.27,2314.78,2317.4,2081.6226
1777086000.0,2317.41,2320.43,2315.12,2318.43,1765.5401
1777089600.0,2318.44,2319.01,2316.15,2316.79,1445.5685
1777093200.0,2316.8,2316.8,2313.3,2316.01,1473.4562
1777096800.0,2316.01,2317.64,2314.89,2316.01,1591.222
1777100400.0,2316.0,2318.81,2314.26,2316.48,1817.9079
1777104000.0,2316.48,2320.92,2315.92,2319.44,1641.0374
1777107600.0,2319.43,2323.21,2317.17,2319.12,4665.1404
1777111200.0,2319.11,2322.74,2318.93,2320.56,2081.2043
1777114800.0,2320.57,2320.57,2311.2,2313.64,3083.4151
1777118400.0,2313.65,2317.02,2311.88,2313.55,3479.1391
1777122000.0,2313.56,2317.88,2313.56,2316.25,2342.7918
1777125600.0,2316.25,2318.94,2315.27,2316.02,3122.024
1777129200.0,2316.03,2318.68,2303.0,2308.09,6697.5229
1777132800.0,2308.08,2311.03,2300.55,2309.53,10410.5762
1777136400.0,2309.54,2313.62,2307.34,2309.36,4362.4731
1777140000.0,2309.36,2313.98,2308.28,2311.55,2819.9631
1777143600.0,2311.55,2312.31,2307.12,2310.06,2083.6742
1777147200.0,2310.06,2313.21,2308.85,2313.2,1361.6127
1777150800.0,2313.21,2317.35,2312.86,2315.8,2432.5274
1777154400.0,2315.79,2320.42,2315.09,2317.75,1894.6646
1777158000.0,2317.76,2319.86,2316.92,2319.5,1694.2394
1777161600.0,2319.49,2320.06,2312.0,2315.37,2339.5759
1777165200.0,2315.37,2317.88,2313.48,2313.85,2629.4889
1777168800.0,2313.84,2318.4,2313.58,2315.15,1662.7268
1777172400.0,2315.15,2316.35,2306.72,2310.0,3380.9336
1777176000.0,2309.99,2319.76,2308.97,2317.74,2619.1557
1777179600.0,2317.73,2336.48,2317.57,2327.84,15716.8287
1777183200.0,2327.85,2333.27,2327.46,2329.99,4332.5642
1777186800.0,2330.0,2332.25,2328.58,2331.24,2312.7848
1777190400.0,2331.25,2337.68,2330.49,2332.38,4685.4608
1777194000.0,2332.37,2335.59,2329.66,2334.69,2480.1917
1777197600.0,2334.68,2336.32,2331.7,2332.95,2898.4361
1777201200.0,2332.95,2337.5,2332.75,2335.95,2047.1479
1777204800.0,2335.96,2336.4,2324.19,2328.89,4449.0366
1777208400.0,2328.9,2336.0,2328.11,2335.22,3739.8665
1777212000.0,2335.21,2352.44,2333.64,2346.2,12976.6737
1777215600.0,2346.2,2348.93,2344.23,2348.05,3342.3038
1777219200.0,2348.06,2349.43,2342.91,2342.92,3916.7788
1777222800.0,2342.92,2349.99,2340.56,2349.43,3116.5593
1777226400.0,2349.42,2369.01,2347.42,2361.99,16174.0288
1777230000.0,2361.99,2376.35,2359.55,2367.4,11849.3869
1777233600.0,2367.4,2372.68,2362.5,2362.5,5233.9655
1777237200.0,2362.51,2370.33,2348.47,2364.34,11912.7111
1777240800.0,2364.34,2380.0,2353.53,2361.89,17014.5638
1777244400.0,2361.88,2378.61,2356.73,2369.44,13760.452
1777248000.0,2369.45,2392.0,2359.46,2390.76,13606.0492
1777251600.0,2390.56,2404.37,2377.56,2394.61,20709.3902
1777255200.0,2394.6,2397.0,2387.29,2392.16,6638.1362
1777258800.0,2392.16,2400.43,2390.57,2394.85,7687.0596
1777262400.0,2394.85,2396.05,2380.45,2382.84,8734.8051
1777266000.0,2382.84,2383.46,2319.31,2323.18,40068.4022
1777269600.0,2323.17,2329.13,2312.71,2321.0,13665.9319
1777273200.0,2321.01,2323.82,2315.0,2316.01,9210.5983
1777276800.0,2316.0,2319.68,2309.13,2319.68,12143.7223
1777280400.0,2319.68,2325.52,2315.59,2322.19,9530.396
1777284000.0,2322.19,2323.97,2318.87,2320.14,3965.4905
1777287600.0,2320.14,2322.84,2316.84,2320.39,3965.8978
1777291200.0,2320.39,2320.96,2312.59,2314.11,6575.7863
1777294800.0,2314.1,2320.76,2303.5,2312.28,17353.1698
1777298400.0,2312.28,2329.82,2308.69,2314.75,14991.1966
1777302000.0,2314.75,2315.16,2266.09,2275.07,46951.2579
1777305600.0,2275.07,2280.6,2270.04,2278.12,12121.634
1777309200.0,2278.13,2292.91,2278.12,2287.08,18597.6027
1777312800.0,2287.09,2292.09,2284.5,2288.75,7485.6492
1777316400.0,2288.75,2291.08,2274.98,2289.14,8112.4069
1777320000.0,2289.15,2296.36,2289.08,2291.7,5969.8812
1777323600.0,2291.69,2292.4,2287.0,2287.33,3065.7892
1777327200.0,2287.34,2295.7,2284.66,2294.36,4214.8302
1777330800.0,2294.36,2308.61,2291.16,2303.67,4998.7753
1777334400.0,2303.66,2310.88,2299.47,2306.77,5364.7887
1777338000.0,2306.76,2308.76,2297.78,2298.61,4184.5868
1777341600.0,2298.61,2301.01,2280.99,2289.11,7908.4528
1777345200.0,2289.1,2291.0,2282.39,2290.94,3711.4568
1777348800.0,2290.93,2294.6,2283.32,2288.57,5863.0448
1777352400.0,2288.58,2296.91,2286.71,2288.13,10496.1234
1777356000.0,2288.13,2291.0,2270.53,2277.63,10739.7381
1777359600.0,2277.63,2288.65,2270.65,2287.99,9917.5609
1777363200.0,2288.0,2291.64,2283.86,2287.07,6065.7122
1777366800.0,2287.07,2288.51,2276.67,2282.27,7654.6336
1777370400.0,2282.26,2287.63,2280.84,2284.51,6577.0773
1777374000.0,2284.51,2285.36,2270.36,2275.32,12432.169
1777377600.0,2275.32,2281.29,2271.59,2278.23,6214.5258
1777381200.0,2278.23,2286.2,2258.24,2276.36,19869.0293
1777384800.0,2276.37,2276.63,2261.0,2273.44,14378.6883
1777388400.0,2273.44,2280.61,2269.22,2279.76,9305.2019
1777392000.0,2279.76,2288.38,2274.38,2286.18,9159.1695
1777395600.0,2286.18,2293.38,2278.99,2290.73,8094.1521
1777399200.0,2290.73,2298.31,2287.9,2296.96,7249.1862
1777402800.0,2296.96,2305.55,2290.26,2301.96,8930.4107
1777406400.0,2301.96,2305.95,2295.52,2295.55,3554.3446
1777410000.0,2295.55,2297.2,2285.75,2290.12,5268.4565
1777413600.0,2290.12,2294.5,2285.48,2286.18,2436.7593
1777417200.0,2286.17,2290.18,2284.15,2289.42,2556.9515
1777420800.0,2289.42,2294.24,2285.38,2292.4,4053.3505
1777424400.0,2292.41,2297.3,2278.84,2292.45,10251.4496
1777428000.0,2292.45,2295.61,2284.68,2288.88,7158.8638
1777431600.0,2288.87,2316.36,2287.61,2311.52,18471.9819
1777435200.0,2311.53,2342.5,2309.33,2327.32,26313.9011
1777438800.0,2327.32,2333.22,2322.83,2329.19,12864.951
1777442400.0,2329.19,2336.64,2320.24,2324.58,9480.4591
1777446000.0,2324.59,2330.31,2321.7,2323.73,6478.9845
1777449600.0,2323.74,2329.03,2321.11,2325.33,4136.2641
1777453200.0,2325.33,2346.66,2322.74,2339.72,12808.4246
1777456800.0,2339.71,2346.95,2330.01,2333.68,9453.427
1777460400.0,2333.67,2336.0,2328.79,2331.74,8275.1971
1777464000.0,2331.74,2331.94,2307.4,2316.13,16486.429
1777467600.0,2316.13,2318.15,2289.94,2303.03,18372.5595
1777471200.0,2303.02,2308.29,2293.86,2299.39,14483.7704
1777474800.0,2299.4,2301.24,2263.1,2272.51,31727.41
1777478400.0,2272.5,2279.27,2263.35,2267.47,19698.2895
1777482000.0,2267.48,2283.33,2266.3,2283.12,11615.5567
1777485600.0,2283.12,2285.92,2220.36,2239.41,56466.6844
1777489200.0,2239.41,2242.44,2225.0,2233.7,17551.9858
1777492800.0,2233.69,2248.73,2230.49,2240.42,12588.2129
1777496400.0,2240.42,2264.8,2238.59,2253.13,15432.4606
1777500000.0,2253.14,2259.01,2250.19,2257.78,5462.7196
1777503600.0,2257.77,2260.3,2250.35,2252.9,5444.7688
1777507200.0,2252.9,2275.0,2249.47,2272.46,9779.8174
1777510800.0,2272.45,2279.0,2267.06,2269.35,8290.3738
1777514400.0,2269.36,2273.14,2236.36,2245.13,12671.6592
1777518000.0,2245.12,2256.82,2243.89,2253.24,5318.3681
1777521600.0,2253.24,2254.27,2236.89,2238.97,7758.4871
1777525200.0,2238.98,2248.31,2231.64,2242.76,8319.8981
1777528800.0,2242.76,2252.49,2241.86,2248.03,6064.2486
1777532400.0,2248.03,2262.23,2243.71,2260.31,11236.2376
1777536000.0,2260.31,2263.21,2255.27,2256.65,10003.379
1777539600.0,2256.65,2271.11,2256.0,2261.86,6145.3195
1777543200.0,2261.86,2265.74,2256.78,2262.01,5283.3923
1777546800.0,2262.0,2273.7,2252.07,2258.18,9303.8333
1777550400.0,2258.18,2271.07,2257.74,2265.45,6154.9815
1777554000.0,2265.46,2272.56,2254.74,2263.9,10742.9268
1777557600.0,2263.9,2271.07,2245.82,2262.01,14497.1911
1777561200.0,2262.0,2275.13,2257.65,2265.7,6476.8828
1777564800.0,2265.7,2267.16,2255.8,2257.24,3880.3064
1777568400.0,2257.24,2260.47,2251.62,2258.14,4889.144
1777572000.0,2258.13,2265.29,2254.55,2259.84,4110.2594
1777575600.0,2259.84,2267.09,2258.13,2261.99,4771.3788
1777579200.0,2261.98,2267.32,2260.56,2264.34,3286.6466
1777582800.0,2264.34,2264.65,2254.0,2256.29,3541.8404
1777586400.0,2256.29,2261.34,2252.42,2254.25,2399.1525
1777590000.0,2254.25,2259.01,2254.0,2257.51,2268.5533
1777593600.0,2257.51,2266.0,2257.21,2260.0,3813.1405
1777597200.0,2260.0,2270.56,2260.0,2267.75,4214.4302
1777600800.0,2267.75,2270.0,2265.0,2266.94,3090.6762
1777604400.0,2266.94,2295.0,2266.25,2282.87,15806.4467
1777608000.0,2282.87,2285.89,2277.56,2280.12,5118.5153
1777611600.0,2280.11,2286.75,2278.28,2283.26,3488.1717
1777615200.0,2283.26,2286.66,2272.09,2277.45,8129.9831
1777618800.0,2277.46,2281.1,2273.14,2279.48,6175.1967
1777622400.0,2279.5,2288.5,2277.44,2286.92,5887.1033
1777626000.0,2286.93,2287.1,2279.87,2282.07,3605.4989
1777629600.0,2282.08,2285.88,2277.06,2282.53,3877.8737
1777633200.0,2282.53,2293.0,2281.71,2286.45,5323.843
1777636800.0,2286.46,2311.49,2284.15,2301.36,21967.8914
1777640400.0,2301.37,2324.0,2301.37,2318.22,20286.2201
1777644000.0,2318.22,2325.28,2301.42,2308.04,20163.371
1777647600.0,2308.03,2316.74,2298.77,2307.64,12397.242
1777651200.0,2307.64,2314.21,2298.17,2301.94,14505.2002
1777654800.0,2301.95,2313.53,2298.71,2311.76,5191.8702
1777658400.0,2311.76,2312.5,2303.45,2304.76,3781.9625
1777662000.0,2304.77,2307.84,2302.2,2304.85,2921.4709
1777665600.0,2304.85,2305.86,2278.98,2285.19,9002.0365
1777669200.0,2285.18,2294.25,2283.58,2292.68,6643.5401
1777672800.0,2292.67,2299.35,2291.0,2293.5,3376.5372
1777676400.0,2293.5,2296.23,2289.0,2295.63,2314.3336
1777680000.0,2295.63,2299.3,2292.91,2297.6,2566.8116
1777683600.0,2297.59,2300.98,2295.88,2298.63,2462.3989
1777687200.0,2298.62,2308.34,2295.43,2303.31,3153.6124
1777690800.0,2303.31,2308.34,2301.01,2304.44,2768.5377
1777694400.0,2304.43,2304.91,2299.59,2301.26,2155.2825
1777698000.0,2301.26,2301.52,2296.62,2299.47,2997.2267
1777701600.0,2299.46,2306.35,2297.09,2305.58,2532.1671
1777705200.0,2305.59,2306.16,2301.01,2301.02,2421.6891
1777708800.0,2301.01,2304.44,2299.05,2303.35,1949.3397
1777712400.0,2303.34,2307.78,2303.34,2305.13,2145.8369
1777716000.0,2305.13,2305.96,2302.41,2303.54,2130.6777
1777719600.0,2303.54,2304.99,2300.25,2302.1,2172.6055
1777723200.0,2302.09,2305.92,2301.36,2303.52,2299.2395
1777726800.0,2303.53,2311.83,2303.53,2308.08,4502.6289
1777730400.0,2308.08,2308.59,2305.23,2306.69,2719.9575
1777734000.0,2306.69,2310.1,2305.32,2309.19,2150.0351
1777737600.0,2309.18,2313.98,2307.96,2309.31,3799.9258
1777741200.0,2309.31,2310.25,2305.69,2305.9,1534.3477
1777744800.0,2305.9,2311.57,2304.08,2310.3,3982.2935
1777748400.0,2310.31,2312.79,2309.17,2311.08,1676.5247
1777752000.0,2311.08,2311.84,2309.59,2311.58,1484.9442
1777755600.0,2311.59,2343.6,2310.79,2325.62,17150.5457
1777759200.0,2325.62,2328.36,2317.88,2327.0,8792.7486
1777762800.0,2326.99,2326.99,2313.98,2316.97,6039.0954
1777766400.0,2316.97,2317.69,2308.9,2313.98,5842.4001
1777770000.0,2313.98,2314.09,2303.43,2304.14,4580.8688
1777773600.0,2304.14,2306.83,2299.38,2303.41,4664.487
1777777200.0,2303.41,2304.0,2300.0,2301.9,4381.1239
1777780800.0,2301.9,2304.37,2297.59,2301.53,3019.3837
1777784400.0,2301.53,2305.56,2301.26,2304.11,1981.3304
1777788000.0,2304.11,2306.38,2299.69,2304.49,2420.7056
1777791600.0,2304.5,2314.01,2304.42,2309.28,3800.1125
1777795200.0,2309.28,2312.67,2307.65,2308.28,1870.384
1777798800.0,2308.29,2322.27,2307.49,2316.47,5985.3931
1777802400.0,2316.48,2316.73,2311.32,2311.54,2373.362
1777806000.0,2311.54,2327.5,2310.52,2319.63,7325.9867
1777809600.0,2319.63,2332.61,2319.63,2325.71,9087.0596
1777813200.0,2325.71,2328.74,2320.61,2322.21,3616.5298
1777816800.0,2322.22,2329.6,2321.19,2328.28,4002.7223
1777820400.0,2328.28,2333.91,2324.96,2328.44,4767.7814
1777824000.0,2328.45,2335.0,2322.38,2328.41,5781.0315
1777827600.0,2328.4,2335.35,2324.11,2331.85,5608.7603
1777831200.0,2331.85,2333.6,2328.29,2330.98,2263.6905
1777834800.0,2330.98,2337.87,2328.47,2335.59,5542.6512
1777838400.0,2335.6,2344.35,2328.28,2329.58,14443.5923
1777842000.0,2329.58,2334.18,2315.0,2324.27,8154.991
1777845600.0,2324.27,2356.92,2324.26,2343.89,25346.8292
1777849200.0,2343.89,2347.47,2319.96,2322.65,14213.2573
1777852800.0,2322.65,2322.65,2309.24,2319.0,12348.5699
1777856400.0,2319.0,2354.02,2312.98,2351.2,17681.8973
1777860000.0,2351.21,2387.99,2345.41,2374.73,52188.8767
1777863600.0,2374.73,2391.0,2371.74,2385.12,32108.6526
1777867200.0,2385.11,2398.93,2384.37,2390.12,21582.9297
1777870800.0,2390.12,2391.28,2375.26,2376.19,17415.0891
1777874400.0,2376.19,2378.42,2354.2,2368.41,20127.1919
1777878000.0,2368.41,2373.87,2362.51,2362.8,10295.3082
1777881600.0,2362.79,2365.11,2357.3,2360.04,9858.6313
1777885200.0,2360.04,2371.09,2358.04,2368.71,8607.635
1777888800.0,2368.72,2369.89,2314.25,2338.36,57424.2763
1777892400.0,2338.35,2343.62,2332.91,2337.59,9840.4895
1777896000.0,2337.59,2343.78,2333.04,2335.53,7733.1819
1777899600.0,2335.53,2344.53,2325.71,2336.53,17747.9741
1777903200.0,2336.53,2381.8,2327.47,2371.39,36557.2285
1777906800.0,2371.4,2374.38,2336.01,2350.1,41176.8086
1777910400.0,2350.11,2365.0,2336.63,2355.28,23191.6495
1777914000.0,2355.27,2379.52,2353.84,2370.09,18853.8244
1777917600.0,2370.1,2374.86,2357.02,2361.41,12397.3782
1777921200.0,2361.42,2364.35,2353.52,2356.52,7858.5921
1777924800.0,2356.52,2359.12,2347.77,2350.15,5105.1774
1777928400.0,2350.14,2364.59,2350.14,2360.89,3844.6345
1777932000.0,2360.89,2365.91,2353.95,2354.58,5172.5417
1777935600.0,2354.58,2354.58,2344.83,2347.16,3902.2601
1777939200.0,2347.17,2359.0,2344.93,2358.83,4815.8322
1777942800.0,2358.83,2364.49,2355.1,2361.82,4711.3265
1777946400.0,2361.81,2377.8,2359.1,2367.72,10448.2131
1777950000.0,2367.72,2389.38,2364.71,2382.43,23394.2819
1777953600.0,2382.43,2386.0,2376.04,2381.11,9427.6093
1777957200.0,2381.1,2390.74,2376.88,2380.19,13610.8116
1777960800.0,2380.19,2381.51,2367.35,2378.85,12310.887
1777964400.0,2378.84,2388.56,2375.81,2380.59,13689.6326
1777968000.0,2380.59,2384.62,2373.0,2376.81,7058.716
1777971600.0,2376.82,2376.96,2366.76,2369.6,6990.9907
1777975200.0,2369.6,2379.34,2367.3,2378.41,7091.045
1777978800.0,2378.42,2383.49,2372.95,2379.89,8240.2018
1777982400.0,2379.89,2390.47,2376.34,2388.52,11730.3656
1777986000.0,2388.52,2399.5,2383.5,2388.72,26443.457
1777989600.0,2388.71,2392.36,2369.17,2378.78,27223.1659
1777993200.0,2378.78,2387.93,2375.5,2381.31,13411.5215
1777996800.0,2381.3,2383.38,2361.0,2365.94,17932.1444
1778000400.0,2365.94,2369.92,2359.71,2362.8,9807.3024
1778004000.0,2362.81,2374.78,2362.81,2372.28,8710.1909
1778007600.0,2372.28,2376.73,2369.33,2371.94,4461.6351
1778011200.0,2371.94,2387.0,2371.21,2382.41,11866.1153
1778014800.0,2382.41,2388.54,2368.9,2375.43,9166.3706
1778018400.0,2375.43,2381.68,2354.34,2367.51,14184.5371
1778022000.0,2367.51,2369.75,2355.0,2360.77,9910.3777
1778025600.0,2360.76,2367.72,2355.0,2364.63,9670.6129
1778029200.0,2364.63,2376.99,2362.75,2373.19,8948.2743
1778032800.0,2373.2,2373.7,2360.0,2369.75,6539.2128
1778036400.0,2369.75,2380.87,2368.08,2376.8,7896.7032
1778040000.0,2376.81,2379.4,2361.25,2366.08,7910.6015
1778043600.0,2366.08,2366.99,2355.0,2365.03,11450.5782
1778047200.0,2365.03,2371.29,2361.0,2370.52,6311.3267
1778050800.0,2370.53,2375.0,2368.57,2371.74,7842.1661
1778054400.0,2371.74,2396.19,2369.16,2394.33,18454.838
1778058000.0,2394.32,2418.39,2384.8,2412.76,47718.3765
1778061600.0,2412.77,2414.43,2405.18,2410.2,17192.8972
1778065200.0,2410.2,2423.74,2408.34,2410.47,30434.9349
1778068800.0,2410.47,2413.59,2400.55,2405.11,22282.1291
1778072400.0,2405.11,2405.11,2365.01,2368.51,42551.5633
1778076000.0,2368.52,2373.29,2346.68,2359.23,51777.3181
1778079600.0,2359.23,2366.0,2354.98,2359.1,20851.531
1778083200.0,2359.1,2367.47,2350.56,2358.08,19002.5503
1778086800.0,2358.09,2360.99,2347.71,2349.7,13561.1973
1778090400.0,2349.71,2352.55,2338.0,2345.0,18017.0774
1778094000.0,2345.0,2350.0,2342.14,2348.5,9241.8552
1778097600.0,2348.49,2357.04,2345.23,2350.94,13484.2191
1778101200.0,2350.94,2357.45,2345.83,2354.52,10416.7586
1778104800.0,2354.52,2355.05,2344.99,2347.28,8076.5331
1778108400.0,2347.28,2351.34,2338.28,2350.84,11034.0613
1778112000.0,2350.84,2352.3,2329.05,2329.65,13622.3234
1778115600.0,2329.66,2335.0,2314.16,2327.41,18902.7493
1778119200.0,2327.4,2327.95,2313.89,2321.88,19439.1949
1778122800.0,2321.89,2326.2,2315.74,2322.39,11540.0497
1778126400.0,2322.39,2327.52,2317.8,2327.51,10417.5378
1778130000.0,2327.51,2333.97,2327.02,2331.08,10970.9192
1778133600.0,2331.08,2338.57,2320.0,2337.13,14009.3816
1778137200.0,2337.14,2346.89,2336.72,2344.59,16120.1713
1778140800.0,2344.59,2346.6,2332.0,2333.73,15120.5601
1778144400.0,2333.73,2337.11,2326.83,2329.05,13919.7483
1778148000.0,2329.04,2331.63,2317.35,2326.78,13596.4665
1778151600.0,2326.78,2331.59,2325.45,2329.94,11503.0069
1778155200.0,2329.94,2337.13,2329.04,2333.01,12385.8948
1778158800.0,2333.02,2333.02,2305.4,2314.32,39011.6686
1778162400.0,2314.32,2318.75,2289.51,2298.98,46781.2234
1778166000.0,2298.98,2304.52,2285.95,2294.82,31328.1654
1778169600.0,2294.82,2298.2,2285.37,2291.81,28001.1937
1778173200.0,2291.81,2301.25,2280.1,2299.6,28378.658
1778176800.0,2299.61,2304.0,2291.27,2296.19,23860.3486
1778180400.0,2296.18,2297.09,2287.88,2295.98,18517.2817
1778184000.0,2295.98,2302.57,2287.94,2289.1,34000.8584
1778187600.0,2289.1,2294.29,2281.29,2287.68,12799.0863
1778191200.0,2287.68,2290.24,2281.04,2287.03,16424.3429
1778194800.0,2287.03,2293.24,2286.11,2291.06,8871.107
1778198400.0,2291.06,2294.28,2283.66,2286.83,9997.2781
1778202000.0,2286.83,2289.31,2280.28,2285.06,10079.1981
1778205600.0,2285.06,2285.71,2268.0,2279.15,18687.3591
1778209200.0,2279.15,2281.6,2265.61,2278.76,15605.1908
1778212800.0,2278.77,2284.54,2276.5,2281.63,9647.4955
1778216400.0,2281.63,2284.0,2275.97,2275.97,11633.258
1778220000.0,2275.98,2278.5,2268.6,2275.22,31348.2699
1778223600.0,2275.23,2282.69,2267.15,2281.35,21264.4415
1778227200.0,2281.37,2289.13,2280.15,2283.56,17210.3914
1778230800.0,2283.56,2292.12,2280.35,2284.34,15015.7397
1778234400.0,2284.34,2290.96,2281.17,2287.94,15731.5078
1778238000.0,2287.95,2298.01,2287.95,2295.38,17761.4984
1778241600.0,2295.38,2302.0,2282.46,2284.53,16435.0408
1778245200.0,2284.53,2287.0,2269.96,2276.46,28468.8006
1778248800.0,2276.46,2292.66,2273.32,2285.72,25640.1037
1778252400.0,2285.72,2294.44,2274.94,2293.2,14657.397
1778256000.0,2293.2,2294.37,2286.42,2289.93,13453.9968
1778259600.0,2289.93,2315.63,2289.39,2304.86,23598.5736
1778263200.0,2304.87,2321.22,2304.87,2313.49,19654.0122
1778266800.0,2313.49,2320.36,2312.48,2316.05,19777.938
1778270400.0,2316.06,2317.0,2305.36,2306.65,26417.6209
1778274000.0,2306.64,2314.94,2304.21,2314.63,14078.5061
1778277600.0,2314.62,2319.15,2310.26,2310.98,12732.9721
1778281200.0,2310.98,2310.98,2303.19,2307.06,12138.5681
1778284800.0,2307.07,2312.03,2304.19,2308.55,11551.954
1778288400.0,2308.55,2318.45,2308.23,2314.22,10857.7767
1778292000.0,2314.23,2320.3,2313.8,2317.07,9468.173
1778295600.0,2317.07,2320.77,2312.6,2315.33,7290.8151
1778299200.0,2315.33,2325.33,2311.27,2312.35,27184.841
1778302800.0,2312.35,2318.29,2310.9,2314.82,5918.4334
1778306400.0,2314.82,2319.59,2312.95,2314.35,10307.9116
1778310000.0,2314.35,2318.56,2311.34,2314.69,8349.905
1778313600.0,2314.69,2320.53,2314.23,2317.16,8698.3308
1778317200.0,2317.16,2317.52,2311.37,2313.28,6746.958
1778320800.0,2313.28,2315.03,2310.24,2312.5,4778.5919
1778324400.0,2312.49,2315.56,2312.49,2314.57,5435.8473
1778328000.0,2314.56,2318.27,2313.24,2316.54,5219.3063
1778331600.0,2316.54,2316.55,2311.69,2314.34,4773.3348
1778335200.0,2314.34,2315.32,2305.21,2308.27,8247.0832
1778338800.0,2308.27,2317.64,2300.0,2317.63,12866.0555
1778342400.0,2317.64,2325.28,2315.29,2319.99,15466.0099
1778346000.0,2320.0,2333.61,2320.0,2329.45,21099.4922
1778349600.0,2329.46,2338.37,2328.8,2330.22,11248.546
1778353200.0,2330.23,2333.1,2326.54,2332.01,9103.6002
1778356800.0,2332.02,2332.81,2327.26,2329.18,5902.3618
1778360400.0,2329.17,2331.55,2328.62,2330.82,6093.5171
1778364000.0,2330.82,2333.47,2327.22,2329.89,6868.1251
1778367600.0,2329.89,2331.96,2324.7,2326.44,6954.1871
1778371200.0,2326.43,2329.71,2321.16,2323.89,7913.8234
1778374800.0,2323.9,2324.97,2318.33,2323.67,9455.7255
1778378400.0,2323.68,2328.0,2320.08,2327.94,7197.4856
1778382000.0,2327.94,2332.91,2323.7,2327.76,8711.1021
1778385600.0,2327.75,2330.98,2326.1,2328.27,7716.1343
1778389200.0,2328.28,2330.0,2326.51,2327.3,6244.9276
1778392800.0,2327.3,2330.75,2326.65,2329.3,6968.6838
1778396400.0,2329.31,2332.09,2327.36,2327.36,6034.6059
1778400000.0,2327.36,2331.83,2326.16,2330.15,7669.5007
1778403600.0,2330.16,2333.59,2326.92,2328.22,6313.071
1778407200.0,2328.23,2328.82,2323.38,2325.46,7346.5157
1778410800.0,2325.46,2327.42,2319.0,2322.58,7550.9118
1778414400.0,2322.59,2325.35,2320.87,2324.12,5841.8952
1778418000.0,2324.12,2331.99,2323.28,2329.8,11818.9659
1778421600.0,2329.8,2335.0,2326.94,2330.9,11780.7508
1778425200.0,2330.9,2351.66,2330.9,2347.56,22485.3656
1778428800.0,2347.56,2350.85,2340.11,2350.0,17749.1502
1778432400.0,2349.99,2368.0,2345.4,2364.1,114535.2366
1778436000.0,2364.11,2366.79,2356.63,2358.54,11161.528
1778439600.0,2358.53,2366.79,2351.25,2365.54,10978.6451
1778443200.0,2365.54,2369.86,2311.83,2328.76,30933.2806
1778446800.0,2328.76,2336.85,2324.02,2330.8,15363.9227
1778450400.0,2330.79,2377.64,2327.92,2373.78,33668.5341
1778454000.0,2373.78,2382.53,2367.95,2371.27,22683.1001
1778457600.0,2371.26,2374.92,2344.59,2352.35,19323.6984
1778461200.0,2352.36,2365.58,2345.33,2358.54,9293.8315
1778464800.0,2358.54,2360.79,2343.38,2345.39,9280.1867
1778468400.0,2345.4,2345.4,2320.01,2330.56,22426.555
1778472000.0,2330.56,2335.99,2326.66,2332.85,10862.7775
1778475600.0,2332.85,2340.49,2332.05,2335.3,9834.6659
1778479200.0,2335.29,2342.44,2330.05,2333.48,9215.668
1778482800.0,2333.49,2333.49,2328.25,2330.54,5396.1646
1778486400.0,2330.55,2334.66,2326.66,2330.48,7149.0202
1778490000.0,2330.48,2338.61,2330.26,2336.08,4110.1503
1778493600.0,2336.07,2339.9,2329.93,2329.94,5470.2846
1778497200.0,2329.93,2335.8,2327.43,2335.8,4609.631
1778500800.0,2335.8,2338.89,2328.79,2329.5,7140.9535
1778504400.0,2329.51,2332.86,2314.77,2322.32,15820.0073
1778508000.0,2322.31,2328.8,2304.0,2316.48,18307.6063
1778511600.0,2316.48,2335.6,2313.4,2333.48,13019.6586
1778515200.0,2333.48,2341.21,2327.38,2329.78,15011.5399
1778518800.0,2329.79,2343.83,2323.68,2336.71,10465.5371
1778522400.0,2336.71,2344.35,2334.55,2335.35,10798.4289
1778526000.0,2335.35,2344.0,2331.92,2340.43,7110.3587
1778529600.0,2340.44,2345.44,2336.27,2338.15,7593.5702
1778533200.0,2338.16,2342.49,2336.36,2340.71,5121.3253
1778536800.0,2340.71,2345.68,2336.63,2341.43,5867.5676
1778540400.0,2341.43,2342.23,2335.08,2339.87,3732.8681
1778544000.0,2339.88,2340.85,2332.13,2333.54,5083.8958
1778547600.0,2333.54,2335.66,2295.01,2311.41,27250.3484
1778551200.0,2311.4,2317.0,2307.2,2315.89,8716.197
1778554800.0,2315.89,2317.31,2307.2,2309.37,5742.0484
1778558400.0,2309.36,2314.49,2305.65,2310.92,5344.5111
1778562000.0,2310.92,2314.08,2309.74,2310.12,6159.8859
1778565600.0,2310.13,2313.84,2302.63,2303.89,8109.0135
1778569200.0,2303.9,2304.82,2291.63,2295.2,15768.3022
1778572800.0,2295.2,2296.27,2280.0,2288.01,25800.4316
1778576400.0,2288.0,2295.3,2281.1,2292.84,11101.2573
1778580000.0,2292.84,2293.88,2281.42,2286.2,14416.2819
1778583600.0,2286.21,2287.09,2278.57,2287.01,9074.8274
1778587200.0,2287.02,2294.01,2281.14,2288.97,10709.2451
1778590800.0,2288.97,2292.51,2268.88,2271.99,17980.8557
1778594400.0,2271.99,2281.89,2262.37,2269.18,18461.4051
1778598000.0,2269.18,2274.38,2256.67,2261.85,16513.7723
1778601600.0,2261.86,2271.24,2256.27,2263.83,11372.9998
1778605200.0,2263.83,2278.0,2263.83,2276.59,6397.2953
1778608800.0,2276.6,2284.6,2274.67,2279.3,6729.2104
1778612400.0,2279.31,2287.43,2279.15,2285.09,5237.4283
1778616000.0,2285.1,2287.39,2281.32,2285.04,3679.2957
1778619600.0,2285.05,2287.64,2282.81,2285.4,3407.4166
1778623200.0,2285.41,2291.37,2282.24,2282.34,4370.6133
1778626800.0,2282.34,2284.18,2273.88,2274.96,5554.5701
1778630400.0,2274.97,2286.79,2273.34,2281.56,4782.3535
1778634000.0,2281.56,2295.29,2280.99,2289.98,8336.9621
1778637600.0,2289.99,2299.89,2286.96,2293.99,6723.5922
1778641200.0,2293.99,2303.77,2292.44,2301.77,5786.8043
1778644800.0,2301.76,2309.0,2298.47,2306.67,5667.6991
1778648400.0,2306.68,2307.48,2295.63,2297.76,6007.4738
1778652000.0,2297.77,2305.13,2297.26,2301.84,4402.6754
1778655600.0,2301.84,2303.03,2296.95,2301.07,4164.7597
1778659200.0,2301.07,2316.96,2300.73,2316.64,11302.729
1778662800.0,2316.65,2323.36,2314.45,2321.19,12175.5618
1778666400.0,2321.18,2321.6,2305.55,2308.46,7214.562
1778670000.0,2308.46,2308.91,2299.0,2301.82,8961.8603
1778673600.0,2301.83,2307.54,2270.01,2284.35,21804.2465
1778677200.0,2284.35,2288.31,2258.51,2262.8,25468.6809
1778680800.0,2262.8,2270.97,2251.05,2267.39,23727.9378
1778684400.0,2267.39,2270.25,2234.13,2236.49,30418.8782
1778688000.0,2236.48,2253.35,2235.48,2250.75,23968.6256
1778691600.0,2250.75,2261.77,2250.75,2258.31,9344.9691
1778695200.0,2258.32,2268.49,2258.32,2259.68,14360.4409
1778698800.0,2259.67,2260.71,2250.56,2256.53,7585.2544
1778702400.0,2256.53,2264.46,2256.43,2263.75,4878.8697
1778706000.0,2263.76,2264.07,2253.7,2255.79,3683.1732
1778709600.0,2255.8,2260.55,2251.0,2259.6,4213.4589
1778713200.0,2259.59,2261.79,2254.83,2258.65,3474.1615
1778716800.0,2258.66,2269.37,2258.14,2266.58,6486.757
1778720400.0,2266.58,2269.37,2259.9,2264.91,4348.5964
1778724000.0,2264.9,2266.75,2247.71,2251.53,8195.2617
1778727600.0,2251.54,2255.0,2238.64,2242.14,9365.1462
1778731200.0,2242.14,2258.25,2239.54,2256.7,5139.3202
1778734800.0,2256.69,2273.71,2255.53,2268.44,10348.163
1778738400.0,2268.44,2275.2,2266.86,2267.71,8095.9777
1778742000.0,2267.72,2270.79,2263.88,2265.48,5020.0728
1778745600.0,2265.49,2270.99,2262.05,2266.36,7411.1537
1778749200.0,2266.35,2267.72,2252.76,2257.8,8310.4377
1778752800.0,2257.8,2265.51,2255.84,2262.14,7115.7591
1778756400.0,2262.13,2264.0,2252.53,2253.81,8187.7599
1778760000.0,2253.81,2263.24,2248.0,2261.48,8236.3744
1778763600.0,2261.48,2265.32,2248.43,2249.42,15476.0602
1778767200.0,2249.42,2289.0,2246.13,2286.99,22674.6006
1778770800.0,2287.0,2299.7,2280.63,2298.48,22364.7492
1778774400.0,2298.48,2318.66,2293.96,2316.36,28595.7539
1778778000.0,2316.35,2319.33,2296.57,2308.18,20630.7928
1778781600.0,2308.17,2316.78,2303.0,2309.63,11885.1714
1778785200.0,2309.64,2312.22,2297.5,2298.34,10168.4499
1778788800.0,2298.34,2301.43,2288.7,2298.08,8543.8195
1778792400.0,2298.08,2300.27,2290.0,2297.19,6869.1293
1778796000.0,2297.2,2301.67,2295.2,2298.16,4426.4912
1778799600.0,2298.16,2298.16,2280.18,2283.25,8785.0381
1778803200.0,2283.26,2300.29,2281.78,2291.39,9357.0866
1778806800.0,2291.39,2294.74,2274.06,2275.45,14053.4348
1778810400.0,2275.46,2279.26,2260.45,2276.37,21187.1974
1778814000.0,2276.37,2279.64,2267.98,2273.34,12349.3
1778817600.0,2273.35,2273.91,2262.74,2263.33,5390.7915
1778821200.0,2263.33,2267.0,2237.95,2245.41,25297.9003
1778824800.0,2245.4,2256.92,2243.8,2255.35,8254.6943
1778828400.0,2255.36,2271.64,2253.63,2265.11,11363.6377
1778832000.0,2265.11,2265.42,2250.0,2257.56,10928.0066
1778835600.0,2257.56,2260.0,2250.82,2254.5,5542.7633
1778839200.0,2254.5,2264.49,2252.35,2262.44,7868.504
1778842800.0,2262.44,2263.95,2257.26,2257.57,6432.378
1778846400.0,2257.56,2260.72,2251.14,2254.29,7355.9121
1778850000.0,2254.29,2254.29,2210.31,2213.68,42412.9939
1778853600.0,2213.69,2223.79,2205.11,2213.35,36623.717
1778857200.0,2213.35,2223.96,2209.79,2222.85,11937.2392
1778860800.0,2222.86,2231.11,2218.9,2224.59,11576.2953
1778864400.0,2224.59,2232.88,2224.26,2229.47,8834.4347
1778868000.0,2229.47,2232.86,2224.97,2228.36,6715.7959
1778871600.0,2228.35,2228.42,2222.27,2223.35,5728.0131
1778875200.0,2223.35,2226.13,2216.99,2220.14,6208.4965
1778878800.0,2220.13,2225.08,2215.0,2216.99,5279.6243
1778882400.0,2217.0,2225.01,2216.99,2224.18,5017.0896
1778886000.0,2224.18,2226.29,2222.88,2224.66,2821.2446
1778889600.0,2224.65,2231.51,2223.81,2227.0,3301.8064
1778893200.0,2226.99,2230.85,2223.53,2229.62,2980.2852
1778896800.0,2229.62,2231.5,2227.0,2229.91,2565.1592
1778900400.0,2229.91,2230.64,2227.11,2228.01,2329.581
1778904000.0,2228.0,2228.96,2218.35,2225.98,4171.0714
1778907600.0,2225.99,2227.13,2222.69,2225.37,2311.4552
1778911200.0,2225.38,2226.89,2209.7,2215.45,8055.167
1778914800.0,2215.46,2215.81,2182.0,2194.81,38322.888
1778918400.0,2194.81,2196.87,2192.01,2193.26,6028.1463
1778922000.0,2193.26,2193.85,2162.6,2173.57,27888.7843
1778925600.0,2173.57,2175.0,2162.55,2173.85,18882.4485
1778929200.0,2173.85,2181.0,2173.85,2176.1,13389.521
1778932800.0,2176.11,2179.26,2173.18,2176.5,8013.1897
1778936400.0,2176.5,2180.0,2172.3,2177.12,8775.7986
1778940000.0,2177.12,2188.16,2173.51,2179.93,11130.7609
1778943600.0,2179.92,2183.79,2176.9,2180.0,10245.234
1778947200.0,2180.0,2183.52,2170.5,2174.11,13727.5761
1778950800.0,2174.11,2180.79,2174.11,2178.91,3445.3575
1778954400.0,2178.91,2185.22,2176.36,2181.35,3877.5329
1778958000.0,2181.35,2182.77,2179.23,2179.57,2125.662
1778961600.0,2179.57,2182.9,2179.57,2181.45,1871.6178
1778965200.0,2181.45,2183.54,2180.94,2182.39,1877.715
1778968800.0,2182.39,2183.28,2179.77,2180.47,1852.3298
1778972400.0,2180.46,2183.03,2179.35,2180.77,2119.4883
1778976000.0,2180.77,2185.6,2174.08,2177.59,4798.1136
1778979600.0,2177.6,2183.6,2167.98,2169.18,9613.5951
1778983200.0,2169.17,2176.25,2169.17,2174.5,3805.4705
1778986800.0,2174.51,2184.5,2174.26,2181.7,4100.2657
1778990400.0,2181.71,2190.37,2181.14,2187.61,5607.1694
1778994000.0,2187.61,2195.0,2185.63,2185.91,4862.8971
1778997600.0,2185.91,2188.0,2181.7,2185.02,3780.4218
1779001200.0,2185.02,2188.49,2182.53,2186.64,3050.4999
1779004800.0,2186.63,2187.06,2183.12,2185.95,2632.7465
1779008400.0,2185.95,2191.38,2185.91,2190.23,2889.1747
1779012000.0,2190.22,2198.14,2190.22,2194.28,5616.8575
1779015600.0,2194.29,2194.72,2188.0,2192.0,4451.9991
1779019200.0,2192.0,2198.04,2191.34,2194.3,3964.1553
1779022800.0,2194.3,2194.93,2187.29,2192.12,4823.5227
1779026400.0,2192.12,2192.39,2178.39,2186.64,6752.4117
1779030000.0,2186.64,2188.84,2181.2,2186.51,3341.197
1779033600.0,2186.51,2189.12,2182.15,2182.51,2827.4053
1779037200.0,2182.52,2184.95,2176.63,2183.67,4289.4198
1779040800.0,2183.68,2188.5,2179.13,2188.49,2741.364
1779044400.0,2188.5,2193.62,2187.56,2192.53,2510.046
1779048000.0,2192.54,2193.68,2186.98,2189.55,2455.0533
1779051600.0,2189.55,2194.82,2187.24,2191.81,2300.4023
1779055200.0,2191.8,2191.8,2174.01,2179.69,11039.9188
1779058800.0,2179.7,2179.7,2091.48,2131.0,72862.7078
1779062400.0,2131.0,2132.0,2104.99,2115.46,33448.5802
1779066000.0,2115.47,2121.33,2106.5,2117.54,16339.63
1779069600.0,2117.54,2124.0,2112.78,2116.64,9170.8986
1779073200.0,2116.65,2123.91,2115.89,2118.44,7975.8225
1779076800.0,2118.44,2125.5,2114.24,2124.85,6837.7162
1779080400.0,2124.85,2125.83,2117.0,2118.25,6453.7777
1779084000.0,2118.25,2121.0,2110.0,2119.03,9048.749
1779087600.0,2119.04,2123.99,2112.07,2120.82,9795.7552
1779091200.0,2120.82,2124.05,2117.48,2121.57,6329.8802
1779094800.0,2121.57,2121.93,2116.03,2116.88,4262.8506
1779098400.0,2116.88,2117.59,2112.65,2114.55,6334.9378
1779102000.0,2114.56,2139.75,2110.5,2133.9,15910.7319
1779105600.0,2133.9,2157.24,2133.9,2151.01,25623.8435
1779109200.0,2151.02,2151.41,2120.25,2130.91,25177.8551
1779112800.0,2130.9,2130.9,2098.01,2110.32,31644.5594
1779116400.0,2110.32,2111.3,2093.77,2107.48,31279.2744
1779120000.0,2107.49,2111.19,2090.56,2097.71,18252.3444
1779123600.0,2097.71,2110.19,2095.33,2108.21,10461.8463
1779127200.0,2108.21,2109.12,2077.23,2081.32,29604.6277
1779130800.0,2081.31,2128.49,2079.64,2125.07,35288.4271
1779134400.0,2125.07,2131.03,2115.01,2117.61,10615.7607
1779138000.0,2117.62,2142.67,2114.59,2137.38,14324.1322
1779141600.0,2137.39,2142.57,2130.5,2135.74,12285.9181
1779145200.0,2135.73,2139.17,2127.75,2130.08,5410.4744
1779148800.0,2130.08,2146.95,2128.44,2135.88,7752.7733
1779152400.0,2135.88,2138.4,2123.71,2124.92,8258.8095
1779156000.0,2124.92,2135.67,2118.6,2123.31,7646.1533
1779159600.0,2123.3,2134.61,2122.06,2131.3,5007.2946
1779163200.0,2131.3,2136.65,2128.22,2133.88,4628.4393
1779166800.0,2133.88,2137.74,2123.61,2135.21,7384.8264
1779170400.0,2135.21,2140.31,2132.71,2137.52,5544.4231
1779174000.0,2137.52,2145.0,2135.29,2140.97,7115.4473
1779177600.0,2140.97,2141.4,2131.01,2133.72,7074.3505
1779181200.0,2133.72,2134.5,2111.25,2114.49,12094.7932
1779184800.0,2114.49,2121.96,2106.77,2118.36,10403.7765
1779188400.0,2118.37,2120.24,2109.22,2110.85,5522.7146
1779192000.0,2110.85,2119.35,2108.64,2118.49,5822.6555
1779195600.0,2118.5,2127.53,2107.65,2119.03,17708.0004
1779199200.0,2119.02,2123.6,2094.47,2106.55,23710.8299
1779202800.0,2106.54,2113.42,2103.58,2110.19,8637.8522
1779206400.0,2110.2,2122.45,2107.12,2121.12,6845.5703
1779210000.0,2121.11,2125.07,2112.92,2115.75,6373.8264
1779213600.0,2115.75,2119.62,2110.74,2115.28,5018.4948
1779217200.0,2115.27,2123.16,2110.14,2113.15,6436.9705
1779220800.0,2113.14,2118.82,2112.41,2118.39,2362.188
1779224400.0,2118.38,2120.59,2116.69,2116.97,3414.5351
1779228000.0,2116.97,2116.97,2102.09,2106.4,7180.9732
1779231600.0,2106.4,2118.68,2104.66,2111.93,4999.3771
1779235200.0,2111.93,2115.95,2103.3,2111.29,5979.5179
1779238800.0,2111.29,2119.24,2103.29,2115.28,6978.7938
1779242400.0,2115.28,2117.14,2106.01,2109.43,3194.6835
1779246000.0,2109.42,2116.3,2106.1,2111.6,3161.4843
1779249600.0,2111.6,2114.78,2107.3,2113.2,3859.8496
1779253200.0,2113.2,2130.38,2113.2,2125.63,14210.0076
1779256800.0,2125.63,2134.41,2125.62,2133.75,10055.3538
1779260400.0,2133.76,2136.5,2128.51,2129.74,6989.0784
1779264000.0,2129.75,2138.0,2128.87,2131.91,8115.6362
1779267600.0,2131.91,2133.0,2127.7,2129.36,4337.4143
1779271200.0,2129.36,2137.02,2129.36,2130.82,4806.969
1779274800.0,2130.82,2132.24,2124.28,2128.3,4923.4052
1779278400.0,2128.31,2140.0,2127.02,2134.01,5842.3635
1779282000.0,2134.02,2135.73,2115.69,2120.61,16409.0609
1779285600.0,2120.62,2139.63,2113.87,2135.25,19511.9975
1779289200.0,2135.24,2149.0,2129.02,2136.75,17153.5618
1779292800.0,2136.76,2140.51,2124.1,2135.46,9337.6279
1779296400.0,2135.46,2148.77,2132.14,2140.5,10779.1126
1779300000.0,2140.5,2140.95,2131.3,2132.1,6023.4487
1779303600.0,2132.1,2141.45,2129.11,2139.12,6015.4748
1779307200.0,2139.12,2140.76,2129.51,2135.93,4957.8493
1779310800.0,2135.92,2138.59,2130.61,2130.62,3046.6187
1779314400.0,2130.61,2130.61,2118.45,2128.32,9689.7947
1779318000.0,2128.32,2130.37,2122.59,2129.44,3709.19
1779321600.0,2129.44,2145.32,2128.59,2142.92,7646.4745
1779325200.0,2142.93,2157.5,2139.31,2141.07,11825.5022
1779328800.0,2141.08,2148.04,2139.5,2141.5,4768.8843
1779332400.0,2141.5,2146.85,2140.85,2145.76,3524.1137
1779336000.0,2145.76,2148.75,2142.7,2145.0,3552.697
1779339600.0,2145.0,2148.19,2133.21,2136.3,6291.6025
1779343200.0,2136.31,2138.61,2127.64,2128.57,8597.7098
1779346800.0,2128.58,2137.0,2124.25,2135.06,8726.5434
1779350400.0,2135.07,2148.33,2135.01,2138.26,8282.9493
1779354000.0,2138.26,2140.94,2127.96,2127.98,6582.2796
1779357600.0,2127.97,2130.09,2110.0,2114.19,19101.5468
1779361200.0,2114.2,2119.94,2112.17,2115.27,7699.843
1779364800.0,2115.28,2119.91,2112.1,2117.22,11662.3948
1779368400.0,2117.22,2124.09,2105.15,2120.46,18106.7457
1779372000.0,2120.47,2125.59,2110.68,2121.96,14916.7552
1779375600.0,2121.97,2138.05,2119.44,2132.65,21185.7822
1779379200.0,2132.64,2136.66,2122.82,2127.79,10087.2837
1779382800.0,2127.8,2153.75,2126.0,2146.6,23184.4516
1779386400.0,2146.6,2148.0,2121.79,2126.87,13278.9464
1779390000.0,2126.87,2145.78,2126.48,2142.83,9421.3256
1779393600.0,2142.84,2143.46,2137.13,2138.62,5410.5322
1779397200.0,2138.63,2141.0,2134.21,2135.42,2327.6859
1779400800.0,2135.43,2136.87,2131.03,2131.85,2748.6672
1779404400.0,2131.84,2136.77,2127.27,2133.76,3958.3951
1779408000.0,2133.77,2134.99,2129.28,2129.33,2848.6808
1779411600.0,2129.32,2137.0,2125.68,2135.88,4953.5599
1779415200.0,2135.89,2140.01,2134.47,2137.98,3898.7159
1779418800.0,2137.97,2141.39,2135.29,2137.88,2338.1458
1779422400.0,2137.89,2141.34,2132.56,2134.0,2394.8956
1779426000.0,2134.01,2135.95,2127.39,2129.21,4444.6446
1779429600.0,2129.21,2130.86,2123.95,2125.68,7164.9518
1779433200.0,2125.68,2132.73,2122.22,2128.7,9430.3708
1779436800.0,2128.7,2133.34,2119.94,2122.3,14984.4294
1779440400.0,2122.29,2125.24,2119.18,2123.98,5671.4006
1779444000.0,2123.97,2125.4,2120.81,2123.0,3014.9443
1779447600.0,2123.0,2131.01,2120.1,2130.78,7162.4423
1779451200.0,2130.78,2138.0,2129.31,2134.99,7605.6003
1779454800.0,2135.0,2135.75,2124.01,2130.23,11944.0865
1779458400.0,2130.23,2130.23,2112.58,2116.94,15843.862
1779462000.0,2116.94,2125.49,2112.47,2119.48,6992.4097
1779465600.0,2119.49,2124.0,2118.11,2122.78,5125.7528
1779469200.0,2122.78,2130.0,2119.43,2119.6,7899.4339
1779472800.0,2119.61,2121.57,2084.51,2099.99,21305.3854
1779476400.0,2099.99,2103.1,2058.0,2065.54,37194.0858
1779480000.0,2065.54,2078.85,2064.31,2073.4,12942.2036
1779483600.0,2073.4,2079.59,2071.52,2078.18,5974.9709
1779487200.0,2078.17,2079.58,2066.55,2072.71,8534.0428
1779490800.0,2072.72,2077.24,2057.79,2065.85,12114.2393
1779494400.0,2065.86,2070.61,2053.0,2064.63,21650.6094
1779498000.0,2064.63,2069.92,2062.67,2068.93,6602.3914
1779501600.0,2068.93,2070.37,2064.9,2068.52,3598.4243
1779505200.0,2068.52,2072.0,2068.21,2070.78,3822.1224
1779508800.0,2070.78,2071.19,2065.55,2067.3,2714.5713
1779512400.0,2067.29,2068.0,2061.9,2064.85,8142.8652
1779516000.0,2064.85,2065.81,2060.71,2061.69,6065.7996
1779519600.0,2061.7,2063.06,2009.3,2028.59,58875.9766
1779523200.0,2028.58,2032.1,2021.07,2030.32,16144.7589
1779526800.0,2030.32,2031.0,2027.1,2027.29,5578.0484
1779530400.0,2027.29,2033.79,2027.11,2031.57,4910.3789
1779534000.0,2031.56,2036.01,2030.84,2031.48,7692.1854
1779537600.0,2031.48,2032.07,2027.35,2031.07,7207.2526
1779541200.0,2031.08,2046.1,2031.07,2044.89,17647.3733
1779544800.0,2044.88,2065.32,2041.12,2061.64,16621.2621
1779548400.0,2061.64,2068.68,2055.67,2060.27,13114.3801
1779552000.0,2060.27,2065.0,2057.25,2061.65,6913.4983
1779555600.0,2061.66,2065.87,2059.28,2063.98,5547.0071
1779559200.0,2063.98,2083.64,2063.74,2074.27,14900.8683
1779562800.0,2074.27,2081.0,2069.86,2077.33,12501.0114
1779566400.0,2077.34,2147.0,2074.84,2146.3,60046.9253
1779570000.0,2146.3,2149.95,2106.27,2116.84,33582.9836
1779573600.0,2116.84,2120.28,2102.65,2116.83,10882.3546
1779577200.0,2116.84,2121.84,2114.42,2117.68,5783.1804
1779580800.0,2117.69,2121.5,2113.1,2119.45,5265.7351
1779584400.0,2119.45,2125.51,2118.31,2122.56,7831.7549
1779588000.0,2122.56,2125.45,2118.3,2122.53,8991.5212
1779591600.0,2122.54,2127.28,2116.74,2119.04,7014.0397
1779595200.0,2119.05,2123.86,2119.05,2120.21,3367.5072
1779598800.0,2120.22,2121.39,2113.65,2119.98,8263.4357
1779602400.0,2119.98,2129.93,2117.6,2128.13,11806.8896
1779606000.0,2128.13,2129.79,2119.49,2121.01,5025.5155
1779609600.0,2121.02,2123.23,2119.25,2120.32,3262.6809
1779613200.0,2120.33,2124.37,2119.05,2123.41,4630.7973
1779616800.0,2123.42,2132.14,2119.38,2122.35,8124.9584
1779620400.0,2122.34,2127.82,2122.23,2126.18,4959.7623
1779624000.0,2126.19,2126.58,2117.32,2119.97,7090.2964
1779627600.0,2119.97,2121.05,2105.79,2110.14,12698.9415
1779631200.0,2110.14,2112.52,2079.52,2097.98,28777.9189
1779634800.0,2097.98,2100.0,2094.14,2095.84,4614.3297
1779638400.0,2095.83,2109.0,2095.22,2103.62,7393.3302
1779642000.0,2103.61,2106.68,2101.4,2102.88,3026.1939
1779645600.0,2102.89,2104.78,2097.8,2099.97,2964.8275
1779649200.0,2099.97,2102.58,2096.34,2100.87,3005.6502
1779652800.0,2100.87,2102.11,2091.51,2093.15,7064.4411
1779656400.0,2093.15,2098.63,2063.0,2070.59,19007.0632
1779660000.0,2070.59,2099.49,2070.56,2092.37,15066.0813
1779663600.0,2092.38,2107.0,2091.67,2099.85,8495.0888
1779667200.0,2099.86,2109.4,2099.7,2104.95,5423.3103
1779670800.0,2104.96,2107.99,2093.22,2094.13,3994.551
1779674400.0,2094.13,2113.25,2094.13,2098.35,9625.7439
1779678000.0,2098.35,2100.0,2092.57,2095.58,5087.5028
1779681600.0,2095.59,2108.14,2092.26,2105.83,6872.5722
1779685200.0,2105.83,2111.7,2104.39,2108.22,6681.7523
1779688800.0,2108.21,2111.42,2099.27,2108.99,13294.3896
1779692400.0,2109.0,2117.55,2106.5,2116.28,15151.6164
1779696000.0,2116.29,2117.79,2111.7,2116.82,4505.8336
1779699600.0,2116.83,2124.1,2116.17,2117.02,6886.8441
1779703200.0,2117.03,2121.23,2114.86,2117.03,3718.0519
1779706800.0,2117.02,2120.3,2114.26,2114.95,6556.302
1779710400.0,2114.95,2119.61,2112.25,2117.34,5452.8587
1779714000.0,2117.35,2120.0,2114.27,2116.28,4019.1258
1779717600.0,2116.28,2130.24,2115.77,2128.34,9741.5996
1779721200.0,2128.35,2138.28,2122.9,2127.12,10474.4014
1779724800.0,2127.13,2141.98,2125.14,2136.4,7753.0199
1779728400.0,2136.4,2140.52,2128.24,2128.55,5752.7116
1779732000.0,2128.54,2133.81,2126.64,2126.85,3516.0069
1779735600.0,2126.86,2126.86,2116.55,2121.43,6484.7259
1779739200.0,2121.42,2123.16,2107.38,2108.64,8784.8301
1779742800.0,2108.64,2113.04,2108.0,2110.9,5923.7284
1779746400.0,2110.9,2115.68,2102.35,2103.61,7949.3983
1779750000.0,2103.6,2113.85,2102.62,2113.01,2777.7212
1779753600.0,2113.01,2113.89,2084.83,2097.75,13327.6678
1779757200.0,2097.74,2100.5,2088.03,2094.35,8023.9683
1779760800.0,2094.36,2095.8,2084.79,2088.83,8476.6135
1779764400.0,2088.83,2093.84,2084.52,2093.12,4866.8481
1779768000.0,2093.11,2096.45,2088.82,2093.67,3649.155
1779771600.0,2093.68,2103.65,2092.05,2100.91,5929.0656
1779775200.0,2100.9,2104.65,2094.78,2101.73,4410.9459
1779778800.0,2101.73,2102.63,2090.65,2095.61,8948.7941
1779782400.0,2095.61,2100.14,2095.13,2097.25,4538.5124
1779786000.0,2097.26,2099.62,2094.1,2096.81,5436.3408
1779789600.0,2096.8,2137.29,2094.23,2127.56,22774.4048
1779793200.0,2127.57,2130.6,2118.6,2121.01,11839.3226
1779796800.0,2121.0,2126.93,2111.01,2126.2,14192.1263
1779800400.0,2126.2,2131.5,2109.62,2125.3,14084.8761
1779804000.0,2125.3,2140.49,2105.85,2109.29,33208.6561
1779807600.0,2109.3,2112.2,2078.75,2087.36,32199.2534
1779811200.0,2087.36,2089.97,2073.48,2079.56,22306.9078
1779814800.0,2079.56,2083.84,2055.06,2070.84,23360.5118
1779818400.0,2070.84,2081.21,2066.8,2068.59,12788.1371
1779822000.0,2068.6,2076.85,2065.72,2074.29,7453.971
1779825600.0,2074.3,2078.51,2073.9,2078.35,4902.9555
1779829200.0,2078.35,2078.78,2069.45,2072.85,5570.4949
1779832800.0,2072.85,2076.52,2065.98,2068.79,5511.5489
1779836400.0,2068.79,2076.85,2068.79,2073.77,4752.2318
1779840000.0,2073.77,2084.23,2073.77,2083.36,6285.9592
1779843600.0,2083.35,2083.93,2071.86,2074.53,5128.2891
1779847200.0,2074.53,2076.26,2069.11,2076.26,4885.7176
1779850800.0,2076.25,2080.0,2068.9,2070.0,5687.0405
1779854400.0,2070.01,2073.08,2056.31,2072.21,9589.4971
1779858000.0,2072.21,2079.2,2071.62,2077.37,6758.5665
1779861600.0,2077.38,2081.46,2075.01,2079.62,5208.1962
1779865200.0,2079.62,2084.16,2076.07,2083.78,5639.4319
1779868800.0,2083.77,2096.71,2083.56,2085.05,10820.8954
1779872400.0,2085.06,2087.78,2078.26,2083.36,6725.0615
1779876000.0,2083.36,2087.9,2079.47,2079.5,5736.1498
1779879600.0,2079.51,2085.29,2078.88,2080.55,5464.4491
1779883200.0,2080.56,2097.4,2073.84,2078.76,16450.2159
1779886800.0,2078.76,2080.64,2051.96,2064.53,30449.572
1779890400.0,2064.52,2071.86,2054.84,2062.62,14769.8158
1779894000.0,2062.62,2079.73,2061.21,2071.38,17352.513
1779897600.0,2071.39,2074.5,2060.0,2070.15,9732.6873
1779901200.0,2070.14,2070.3,2044.08,2052.28,18451.103
1779904800.0,2052.27,2056.92,2043.31,2056.71,9687.1711
1779908400.0,2056.72,2061.16,2054.42,2057.47,7524.5057
1779912000.0,2057.47,2066.14,2057.22,2063.29,6848.8096
1779915600.0,2063.3,2063.3,2016.0,2021.04,27264.0968
1779919200.0,2021.04,2035.0,2016.27,2025.34,18431.624
1779922800.0,2025.34,2030.19,2018.17,2024.84,13071.7892
1779926400.0,2024.83,2029.2,2020.7,2028.23,7260.1374
1779930000.0,2028.23,2029.2,2012.7,2020.32,11652.5232
1779933600.0,2020.32,2021.99,2014.77,2017.75,6355.0111
1779937200.0,2017.75,2020.96,1972.0,1981.55,65339.9056
1779940800.0,1981.55,1986.39,1967.0,1982.33,29086.9719
1779944400.0,1982.33,1983.55,1975.66,1978.52,15129.2673
1779948000.0,1978.52,1984.83,1972.5,1984.07,13330.4358
1779951600.0,1984.07,1996.78,1982.41,1995.56,17213.7549
1779955200.0,1995.56,1996.23,1985.0,1988.26,10802.4724
1779958800.0,1988.27,1995.51,1984.85,1994.04,7182.5251
1779962400.0,1994.04,1998.4,1988.71,1990.32,8384.457
1779966000.0,1990.32,1992.72,1986.53,1989.89,6584.4884
1779969600.0,1989.88,1994.58,1981.57,1991.89,8270.5312
1779973200.0,1991.88,1995.0,1975.35,1981.55,19736.374
1779976800.0,1981.55,2002.5,1967.38,1993.62,35350.5205
1779980400.0,1993.61,1999.4,1983.84,1990.65,12630.7607
1779984000.0,1990.65,2015.0,1985.22,2013.19,21750.7947
1779987600.0,2013.18,2027.14,2009.26,2019.51,15166.1217
1779991200.0,2019.51,2030.0,2018.24,2025.0,12176.7897
1779994800.0,2025.0,2025.01,2014.04,2014.55,8204.6713
1779998400.0,2014.54,2020.03,2006.44,2014.11,8782.197
1780002000.0,2014.12,2024.63,2013.42,2020.17,10806.2659
1780005600.0,2020.17,2022.9,2005.43,2005.6,6944.6699
1780009200.0,2005.6,2011.96,2005.6,2009.9,5693.2744
1780012800.0,2009.89,2017.17,2009.89,2012.46,6280.2971
1780016400.0,2012.45,2016.47,2005.9,2008.23,4986.0493
1780020000.0,2008.23,2010.62,1997.24,1999.22,9165.035
1780023600.0,1999.23,2007.86,1999.23,2002.78,3879.1933
1780027200.0,2002.79,2008.51,1998.4,2008.51,5655.0947
1780030800.0,2008.51,2015.3,2008.0,2014.56,6780.8116
1780034400.0,2014.56,2021.51,2012.17,2018.09,6848.1442
1780038000.0,2018.09,2019.81,2003.46,2007.62,15125.8677
1780041600.0,2007.61,2013.91,2005.45,2006.11,12193.2302
1780045200.0,2006.11,2016.11,2006.11,2014.85,6224.1342
1780048800.0,2014.84,2014.85,2009.77,2011.1,4438.3405
1780052400.0,2011.11,2014.29,2002.35,2007.58,5868.3736
1780056000.0,2007.58,2007.58,1995.1,1999.78,9243.978
1780059600.0,1999.78,2006.16,1988.14,1999.53,14117.2876
1780063200.0,1999.53,2004.31,1976.48,2001.84,25392.7096
1780066800.0,2001.85,2046.59,1999.45,2031.62,52313.7748
1780070400.0,2031.62,2043.0,2022.24,2040.45,21645.7437
1780074000.0,2040.46,2044.29,2026.21,2028.27,16364.8231
1780077600.0,2028.28,2031.64,2006.21,2011.41,20432.864
1780081200.0,2011.41,2022.2,2005.0,2016.96,8916.9858
1780084800.0,2016.96,2023.84,2015.0,2018.17,4675.6381
1780088400.0,2018.17,2023.99,2008.23,2009.4,6797.6334
1780092000.0,2009.41,2017.24,2007.78,2013.83,7115.9381
1780095600.0,2013.83,2015.6,2007.0,2014.54,8683.7474
1780099200.0,2014.54,2016.18,2010.69,2014.74,3128.7283
1780102800.0,2014.75,2021.55,2013.67,2019.46,4722.8622
1780106400.0,2019.46,2021.34,2017.12,2021.34,2258.5271
1780110000.0,2021.34,2023.55,2014.74,2016.83,4535.1738
1780113600.0,2016.83,2018.44,2002.0,2010.8,8354.4033
1780117200.0,2010.81,2019.5,2008.02,2015.95,5706.8454
1780120800.0,2015.95,2020.56,2012.86,2016.98,6091.6475
1780124400.0,2016.99,2017.88,2013.62,2016.32,2597.7502
1780128000.0,2016.32,2016.32,2013.92,2014.16,1417.5262
1780131600.0,2014.16,2017.27,2013.92,2016.79,1604.4006
1780135200.0,2016.79,2022.0,2016.34,2017.98,4377.4383
1780138800.0,2017.99,2019.05,2015.19,2017.4,1929.9463
1780142400.0,2017.4,2020.35,2017.14,2019.86,2239.1744
1780146000.0,2019.85,2022.77,2017.44,2020.73,3166.302
1780149600.0,2020.73,2030.62,2020.61,2026.6,10041.3583
1780153200.0,2026.59,2032.0,2024.2,2026.61,7299.1317
1780156800.0,2026.63,2028.33,2024.35,2027.09,3401.6208
1780160400.0,2027.09,2029.01,2019.5,2027.17,5801.7421
1780164000.0,2027.17,2030.01,2024.56,2027.59,3796.4846
1780167600.0,2027.59,2029.12,2024.54,2028.76,2670.5739
1780171200.0,2028.77,2029.68,2025.7,2027.05,4267.5537
1780174800.0,2027.05,2031.41,2027.05,2028.15,2733.3825
1780178400.0,2028.15,2028.15,2020.94,2023.57,3637.0175
1780182000.0,2023.56,2026.1,2020.35,2022.44,2197.9442
1780185600.0,2022.44,2027.83,2020.83,2027.12,2548.323
1780189200.0,2027.11,2034.23,2026.85,2029.11,4396.4345
1780192800.0,2029.11,2038.0,2027.81,2034.36,7789.8701
1780196400.0,2034.35,2036.88,2032.12,2033.41,2971.7798
1780200000.0,2033.41,2034.99,2031.27,2033.91,1965.2643
1780203600.0,2033.9,2033.9,2029.29,2030.18,2805.8879
1780207200.0,2030.18,2030.93,2028.52,2029.87,2581.656
1780210800.0,2029.87,2029.87,2022.78,2024.01,3809.267
1780214400.0,2024.02,2029.11,2022.85,2027.63,6125.52
1780218000.0,2027.64,2028.6,2018.35,2021.13,5318.3059
1780221600.0,2021.13,2021.65,2015.34,2021.05,6680.2347
1780225200.0,2021.05,2024.12,2021.04,2023.27,2875.0791
1780228800.0,2023.28,2025.16,2019.69,2022.35,3509.0887
1780232400.0,2022.35,2026.5,2019.78,2020.5,4097.6509
1780236000.0,2020.5,2021.69,2005.83,2008.06,14507.5503
1780239600.0,2008.06,2015.22,2007.57,2010.52,7019.6382
1780243200.0,2010.52,2012.42,1997.72,2002.09,14070.5546
1780246800.0,2002.09,2007.69,1996.21,2006.0,10508.2552
1780250400.0,2006.0,2006.07,1999.0,2000.68,7620.5911
1780254000.0,2000.69,2002.49,1993.75,1999.59,8445.0841
1780257600.0,1999.58,2008.25,1999.58,2007.09,7603.3129
1780261200.0,2007.09,2014.28,2005.0,2012.18,11255.7354
1780264800.0,2012.18,2014.42,2004.47,2012.43,10635.5912
1780268400.0,2012.43,2023.0,2000.11,2007.01,14594.8209
1780272000.0,2007.02,2021.5,1997.0,2015.44,31675.1039
1780275600.0,2015.44,2016.73,1994.12,1994.7,14652.2152
1780279200.0,1994.7,2017.89,1991.31,2011.47,14969.0754
1780282800.0,2011.47,2018.09,2008.66,2009.09,11862.726
1780286400.0,2009.09,2011.97,1993.91,1999.99,10434.6135
1780290000.0,1999.98,2001.27,1991.65,1994.55,8636.3448
1780293600.0,1994.56,1995.34,1980.14,1988.07,11716.6663
1780297200.0,1988.08,1990.62,1971.7,1976.43,12802.4757
1780300800.0,1976.42,1985.07,1969.9,1983.96,24059.8012
1780304400.0,1983.96,1990.11,1983.94,1987.53,9286.2761
1780308000.0,1987.53,1988.92,1980.99,1984.49,8569.6815
1780311600.0,1984.49,1986.89,1977.07,1981.44,7214.7212
1780315200.0,1981.44,1994.39,1967.51,1989.55,16838.7813
1780318800.0,1989.55,1990.29,1956.04,1971.22,35385.2037
1780322400.0,1971.22,1977.34,1964.64,1968.63,21808.0298
1780326000.0,1968.64,1980.24,1960.25,1968.45,16914.1595
1780329600.0,1968.45,1978.97,1958.79,1978.15,19836.6047
1780333200.0,1978.14,1996.73,1977.72,1990.62,21987.4555
1780336800.0,1990.62,1996.0,1983.45,1992.72,12174.7612
1780340400.0,1992.72,2008.83,1992.21,2004.53,15909.7164
1780344000.0,2004.53,2008.7,2001.14,2005.57,7714.6041
1780347600.0,2005.56,2009.2,1992.59,1994.57,16258.5449
1780351200.0,1994.57,2006.0,1984.5,2004.43,12424.238
1780354800.0,2004.42,2008.38,1998.13,2006.73,11296.484
1780358400.0,2006.73,2006.78,1995.38,1996.44,6741.6588
1780362000.0,1996.43,1999.0,1979.49,1980.15,10093.1539
1780365600.0,1980.15,1997.08,1962.76,1997.07,19278.4549
1780369200.0,1997.08,2005.0,1995.14,2003.94,10578.9731
1780372800.0,2003.94,2006.44,1995.95,1996.85,9026.7399
1780376400.0,1996.86,2001.23,1985.0,1985.01,13413.3025
1780380000.0,1985.01,1988.88,1978.14,1982.38,12402.1203
1780383600.0,1982.39,1990.0,1973.88,1981.88,12690.7893
1780387200.0,1981.89,1989.0,1977.0,1979.21,8983.5578
1780390800.0,1979.22,1979.78,1966.69,1975.28,16271.7747
1780394400.0,1975.27,1983.88,1971.75,1983.49,16133.2095
1780398000.0,1983.49,1983.72,1975.8,1978.53,6228.9322
1780401600.0,1978.53,1982.75,1972.57,1976.27,14674.2634
1780405200.0,1976.28,1981.79,1970.5,1974.33,13782.8845
1780408800.0,1974.34,1975.22,1925.8,1941.36,56685.9633
1780412400.0,1941.35,1941.59,1890.0,1914.81,80076.174
1780416000.0,1914.81,1943.87,1909.57,1920.59,32465.645
1780419600.0,1920.59,1931.53,1919.59,1924.18,12294.3762
1780423200.0,1924.18,1928.0,1903.38,1913.11,13900.7456
1780426800.0,1913.11,1917.8,1881.01,1912.28,37361.6337
1780430400.0,1912.28,1919.01,1895.53,1906.74,18496.8629
1780434000.0,1906.75,1911.45,1897.23,1900.34,11944.1531
1780437600.0,1900.35,1909.59,1862.23,1868.77,53213.0551
1780441200.0,1868.78,1873.37,1839.02,1859.84,70147.1181
1780444800.0,1859.84,1874.11,1854.62,1867.35,26805.1575
1780448400.0,1867.35,1870.01,1850.0,1864.51,17229.5011
1780452000.0,1864.52,1864.94,1851.2,1854.09,25684.409
1780455600.0,1854.09,1856.71,1816.92,1828.24,53071.3555
1780459200.0,1828.24,1852.0,1827.65,1850.84,24723.5033
1780462800.0,1850.84,1876.12,1849.99,1873.45,31617.555
1780466400.0,1873.44,1884.41,1870.28,1871.87,20166.3912
1780470000.0,1871.87,1880.38,1867.97,1878.39,13929.2016
1780473600.0,1878.39,1883.43,1873.32,1880.02,11595.7204
1780477200.0,1880.01,1886.58,1869.95,1876.28,18298.055
1780480800.0,1876.28,1893.07,1875.01,1884.79,13130.3099
1780484400.0,1884.79,1888.29,1876.12,1878.16,10219.9521
1780488000.0,1878.17,1880.0,1868.02,1876.4,14379.8792
1780491600.0,1876.41,1879.68,1861.35,1867.64,18775.4924
1780495200.0,1867.64,1868.72,1852.8,1858.51,15577.343
1780498800.0,1858.51,1859.75,1836.21,1837.21,29759.5409
1780502400.0,1837.22,1844.08,1811.15,1832.68,38869.8731
1780506000.0,1832.68,1839.53,1818.14,1828.11,15349.4372
1780509600.0,1828.12,1834.41,1821.65,1832.25,10214.0169
1780513200.0,1832.25,1833.64,1795.23,1803.41,39961.4127
1780516800.0,1803.41,1813.11,1769.62,1781.44,48128.0654
1780520400.0,1781.44,1850.29,1777.67,1850.1,40851.5527
1780524000.0,1850.1,1852.2,1822.77,1829.0,26081.906
1780527600.0,1829.01,1830.93,1812.84,1813.05,20340.8507
1780531200.0,1813.05,1820.5,1782.6,1793.85,36694.1484
1780534800.0,1793.86,1801.06,1755.0,1759.77,45394.2914
1780538400.0,1759.76,1778.93,1717.28,1766.82,84214.1213
1780542000.0,1766.83,1812.52,1766.6,1809.24,33743.4977
1780545600.0,1809.24,1818.0,1802.69,1805.49,16956.1564
1780549200.0,1805.49,1805.49,1780.59,1784.06,27581.1214
1780552800.0,1784.05,1802.06,1782.07,1789.95,18731.1395
1780556400.0,1789.96,1790.72,1773.52,1777.45,19717.1342
1780560000.0,1777.44,1783.27,1763.98,1773.63,21922.8741
1780563600.0,1773.63,1774.14,1744.53,1766.52,40911.8062
1780567200.0,1766.58,1767.22,1730.13,1736.86,43989.1315
1780570800.0,1736.86,1754.67,1732.53,1751.51,34563.049
1780574400.0,1751.51,1782.91,1744.29,1778.16,36619.2336
1780578000.0,1778.17,1790.0,1755.65,1785.52,32434.3916
1780581600.0,1785.53,1794.43,1766.33,1774.38,24657.8169
1780585200.0,1774.37,1791.29,1770.64,1777.02,17792.9546
1780588800.0,1777.03,1781.25,1766.13,1772.2,13479.112
1780592400.0,1772.2,1776.03,1754.0,1768.05,18286.1872
1780596000.0,1768.06,1783.64,1760.01,1776.28,16596.9334
1780599600.0,1776.27,1787.11,1771.0,1776.94,12182.3413
1780603200.0,1776.93,1777.52,1764.66,1774.88,8739.7779
1780606800.0,1774.87,1783.02,1757.11,1761.2,14740.525
1780610400.0,1761.2,1770.26,1752.46,1768.73,17189.2927
1780614000.0,1768.74,1777.02,1757.35,1770.77,11169.0678
1780617600.0,1770.76,1774.99,1758.51,1759.42,11334.258
1780621200.0,1759.43,1764.07,1746.52,1753.33,18021.4605
1780624800.0,1753.34,1754.9,1727.65,1730.24,35131.516
1780628400.0,1730.24,1739.5,1722.36,1729.71,23683.9627
1780632000.0,1729.72,1746.05,1718.25,1744.64,29566.1043
1780635600.0,1744.64,1747.8,1681.29,1684.16,80235.8593
1780639200.0,1684.16,1689.5,1625.78,1656.52,128261.0302
1780642800.0,1656.52,1680.0,1633.45,1679.21,75612.2337
1780646400.0,1679.22,1679.64,1659.43,1663.87,38257.5135
1780650000.0,1663.88,1690.07,1662.85,1682.72,32616.2779
1780653600.0,1682.73,1685.03,1672.05,1676.87,22741.5096
1780657200.0,1676.86,1681.8,1663.0,1663.44,25803.3693
1780660800.0,1663.43,1671.47,1646.1,1657.28,40610.0397
1780664400.0,1657.28,1677.7,1612.35,1615.04,67988.5831
1780668000.0,1615.05,1624.56,1590.8,1600.96,118217.6046
1780671600.0,1600.96,1604.6,1572.22,1583.29,77516.7936
1780675200.0,1583.29,1612.44,1547.01,1608.49,100794.1726
1780678800.0,1608.48,1612.89,1588.0,1594.28,35170.7111
1780682400.0,1594.28,1598.66,1544.68,1553.26,65573.2969
1780686000.0,1553.26,1580.3,1540.19,1574.06,65869.8984
1780689600.0,1574.07,1608.5,1557.36,1603.38,56901.9952
1780693200.0,1603.38,1619.3,1602.45,1609.8,40414.3008
1780696800.0,1609.81,1610.25,1589.68,1597.14,33048.5983
1780700400.0,1597.14,1603.89,1561.07,1583.4,33642.0715
1780704000.0,1583.4,1601.22,1582.71,1593.03,17320.7333
1780707600.0,1593.04,1596.77,1578.15,1583.16,12688.5562
1780711200.0,1583.16,1585.84,1566.66,1576.2,19596.9168
1780714800.0,1576.2,1576.73,1555.28,1563.34,18998.1908
1780718400.0,1563.34,1569.57,1510.43,1522.56,53383.6205
1780722000.0,1522.57,1569.17,1505.68,1566.71,60261.821
1780725600.0,1566.72,1581.62,1556.01,1560.16,38270.1854
1780729200.0,1560.1,1580.22,1556.07,1575.14,30120.1676
1780732800.0,1575.14,1593.04,1570.01,1582.57,17466.5349
1780736400.0,1582.56,1588.53,1565.97,1570.69,18081.3602
1780740000.0,1570.7,1570.7,1535.68,1548.27,39259.3562
1780743600.0,1548.26,1567.4,1547.24,1558.89,21927.4788
1780747200.0,1558.9,1575.82,1551.56,1571.32,25985.715
1780750800.0,1571.32,1573.36,1553.92,1557.03,32529.2189
1780754400.0,1557.04,1566.96,1556.09,1557.7,26981.8239
1780758000.0,1557.71,1565.84,1544.87,1560.45,22450.9311
1780761600.0,1560.45,1566.0,1553.36,1563.57,15251.3466
1780765200.0,1563.58,1566.51,1547.05,1553.54,20604.7277
1780768800.0,1553.53,1566.25,1550.01,1556.58,16596.3515
1780772400.0,1556.59,1563.51,1553.52,1554.56,8402.4889
1780776000.0,1554.55,1559.99,1550.85,1557.61,11168.9504
1780779600.0,1557.62,1565.21,1557.62,1558.2,8365.8031
1780783200.0,1558.2,1561.93,1551.57,1558.33,10059.2797
1780786800.0,1558.33,1570.06,1556.86,1569.69,12686.8087
1780790400.0,1569.68,1572.42,1564.1,1565.03,8353.9229
1780794000.0,1565.03,1596.54,1564.16,1590.12,23011.9246
1780797600.0,1590.12,1594.92,1582.39,1592.67,12782.3655
1780801200.0,1592.67,1600.51,1589.72,1595.01,12634.904
1780804800.0,1595.0,1599.1,1585.0,1597.0,12510.2247
1780808400.0,1597.0,1609.96,1593.25,1604.02,18551.5494
1780812000.0,1604.02,1623.52,1598.54,1612.01,35177.9262
1780815600.0,1612.01,1616.46,1606.99,1615.18,22232.506
1780819200.0,1615.18,1642.27,1608.39,1641.35,27061.4096
1780822800.0,1641.35,1648.7,1627.9,1633.52,23602.6875
1780826400.0,1633.53,1635.73,1624.78,1625.7,16264.2458
1780830000.0,1625.7,1633.99,1622.22,1630.12,12876.9496
1780833600.0,1630.12,1631.24,1607.0,1620.17,25613.3659
1780837200.0,1620.17,1623.0,1613.36,1617.46,10211.5277
1780840800.0,1617.46,1640.0,1616.91,1628.13,23273.768
1780844400.0,1628.12,1636.12,1620.85,1630.07,13937.1281
1780848000.0,1630.07,1633.52,1623.37,1628.52,13451.8718
1780851600.0,1628.52,1638.0,1627.65,1631.35,16797.3291
1780855200.0,1631.34,1636.74,1629.0,1630.36,6104.7666
1780858800.0,1630.37,1630.56,1604.0,1613.11,23850.4789
1780862400.0,1613.1,1631.65,1609.43,1628.14,10940.1669
1780866000.0,1628.14,1634.57,1623.72,1634.53,7293.2485
1780869600.0,1634.53,1721.93,1629.05,1672.56,60333.9938
1780873200.0,1672.55,1691.93,1670.76,1690.51,21412.3298
1780876800.0,1690.5,1711.58,1683.24,1697.59,28454.8885
1780880400.0,1697.6,1700.2,1670.94,1687.34,23391.1458
1780884000.0,1687.34,1689.5,1678.07,1683.9,12316.9254
1780887600.0,1683.91,1692.62,1677.0,1680.01,10307.0788
1780891200.0,1680.02,1681.0,1655.95,1657.05,19001.8609
1780894800.0,1657.05,1659.87,1645.0,1653.68,17369.8858
1780898400.0,1653.68,1669.99,1652.78,1666.53,13339.657
1780902000.0,1666.54,1683.49,1661.63,1673.47,23970.6156
1780905600.0,1673.46,1673.46,1658.76,1661.17,18124.4271
1780909200.0,1661.17,1672.0,1657.21,1671.1,18578.4603
1780912800.0,1671.09,1676.95,1663.32,1672.36,11779.2015
1780916400.0,1672.37,1696.77,1667.81,1683.76,25263.313
1780920000.0,1683.77,1698.9,1667.46,1695.61,30493.8863
1780923600.0,1695.6,1696.82,1678.44,1681.59,36905.2183
1780927200.0,1681.59,1694.46,1676.55,1691.25,35379.9467
1780930800.0,1691.24,1706.22,1688.69,1691.59,26426.2471
1780934400.0,1691.59,1703.88,1682.69,1682.7,21935.6251
1780938000.0,1682.7,1687.86,1675.8,1686.8,18300.3767
1780941600.0,1686.81,1692.54,1678.69,1684.71,12223.9236
1780945200.0,1684.71,1691.76,1681.14,1684.78,20181.1462
1780948800.0,1684.78,1689.71,1679.25,1689.71,10762.7791
1780952400.0,1689.71,1714.5,1689.71,1703.52,19220.6599
1780956000.0,1703.51,1704.19,1688.36,1703.22,10883.8658
1780959600.0,1703.21,1714.45,1686.72,1690.49,15416.1776
1780963200.0,1690.48,1696.88,1660.0,1663.26,28703.4582
1780966800.0,1663.26,1674.27,1658.8,1669.02,11633.8082
1780970400.0,1669.01,1672.19,1654.63,1667.89,16612.0973
1780974000.0,1667.88,1671.68,1663.83,1669.44,8667.1447
1780977600.0,1669.44,1696.41,1664.33,1686.35,17666.9291
1780981200.0,1686.36,1695.23,1681.53,1688.25,10451.0191
1780984800.0,1688.25,1695.49,1684.06,1685.98,12296.1588
1780988400.0,1685.99,1691.59,1675.2,1679.86,15280.924
1780992000.0,1679.86,1680.64,1668.16,1675.28,13033.6705
1780995600.0,1675.28,1680.16,1665.0,1670.61,9977.7465
1780999200.0,1670.6,1676.41,1667.11,1674.72,8285.7183
1781002800.0,1674.72,1675.46,1666.12,1671.96,7742.4269
1781006400.0,1671.96,1683.32,1671.04,1676.9,15615.6314
1781010000.0,1676.9,1680.63,1664.05,1666.71,22526.1705
1781013600.0,1666.71,1670.84,1633.84,1645.9,43940.3185
1781017200.0,1645.9,1653.89,1634.45,1636.4,27668.7811
1781020800.0,1636.4,1639.35,1614.02,1632.27,36381.0701
1781024400.0,1632.28,1649.76,1632.18,1643.04,19699.237
1781028000.0,1643.03,1655.49,1639.87,1652.28,11940.1195
1781031600.0,1652.27,1658.64,1647.82,1657.33,13801.8096
1781035200.0,1657.33,1663.77,1655.34,1660.59,7896.3684
1781038800.0,1660.59,1661.69,1647.29,1650.33,6653.733
1781042400.0,1650.32,1655.0,1639.52,1640.0,6633.8767
1781046000.0,1640.01,1642.87,1630.36,1639.52,11039.0175
1781049600.0,1639.52,1646.83,1629.52,1645.74,8118.2128
1781053200.0,1645.75,1646.91,1633.55,1638.98,7176.757
1781056800.0,1638.99,1642.5,1621.77,1624.22,8216.5385
1781060400.0,1624.21,1636.53,1623.52,1630.82,4424.3258
1781064000.0,1630.82,1632.92,1622.45,1625.98,4591.328
1781067600.0,1625.99,1630.0,1616.33,1627.99,8002.8075
1781071200.0,1628.0,1634.41,1622.76,1632.08,8041.7926
1781074800.0,1632.08,1643.58,1630.73,1640.09,8126.5566
1781078400.0,1640.1,1640.89,1618.18,1621.34,14750.5467
1781082000.0,1621.35,1626.44,1606.01,1623.67,12606.9916
1781085600.0,1623.67,1629.99,1618.1,1628.23,5500.8261
1781089200.0,1628.23,1630.22,1612.0,1620.05,17819.1598
1781092800.0,1620.06,1645.46,1615.91,1635.4,20732.8935
1781096400.0,1635.4,1667.96,1632.0,1651.81,21809.4649
1781100000.0,1651.82,1655.64,1637.27,1646.72,15637.5251
1781103600.0,1646.72,1665.05,1635.85,1657.97,20813.253
1781107200.0,1657.98,1658.73,1632.5,1641.99,17206.2115
1781110800.0,1641.99,1647.59,1622.51,1632.32,19894.0712
1781114400.0,1632.32,1636.88,1622.52,1631.13,10584.2028
1781118000.0,1631.13,1633.69,1623.13,1630.15,7568.5195
1781121600.0,1630.15,1636.21,1623.15,1630.65,8748.524
1781125200.0,1630.64,1630.64,1603.44,1611.44,15299.0185
1781128800.0,1611.45,1622.38,1604.62,1616.52,13595.3575
1781132400.0,1616.52,1625.09,1609.39,1621.59,11526.3974
1781136000.0,1621.6,1634.72,1621.6,1628.64,7724.4295
1781139600.0,1628.63,1647.88,1628.57,1642.83,7074.6638
1781143200.0,1642.83,1645.5,1630.9,1641.07,5910.6333
1781146800.0,1641.06,1661.3,1636.09,1653.95,15578.307
1781150400.0,1653.94,1659.72,1650.0,1656.89,6886.6593
1781154000.0,1656.89,1656.9,1647.63,1647.95,7974.1931
1781157600.0,1647.96,1663.14,1646.2,1654.82,16221.9728
1781161200.0,1654.81,1658.3,1651.7,1654.41,5480.1414
1781164800.0,1654.4,1664.14,1654.33,1659.96,7619.2871
1781168400.0,1659.97,1662.0,1656.47,1658.98,4916.5793
1781172000.0,1658.97,1661.58,1654.28,1658.85,6620.7696
1781175600.0,1658.85,1673.5,1656.43,1666.84,11246.0665
1781179200.0,1666.84,1666.88,1642.12,1651.84,20236.8797
1781182800.0,1651.85,1659.52,1644.45,1653.24,11181.1521
1781186400.0,1653.24,1655.4,1638.95,1643.04,13211.5386
1781190000.0,1643.04,1650.83,1636.19,1645.55,11179.5317
1781193600.0,1645.56,1649.5,1638.35,1639.75,7669.8854
1781197200.0,1639.74,1693.59,1632.71,1688.66,45791.8573
1781200800.0,1688.65,1691.85,1676.98,1683.98,17473.6364
1781204400.0,1683.97,1693.55,1675.98,1681.26,14280.2674
1781208000.0,1681.26,1683.01,1667.18,1672.37,11476.2253
1781211600.0,1672.37,1683.29,1672.14,1677.0,8304.8025
1781215200.0,1676.99,1683.21,1675.43,1676.17,7951.566
1781218800.0,1676.16,1679.25,1670.19,1673.46,6496.6753
1781222400.0,1673.46,1677.74,1669.86,1672.74,4281.8456
1781226000.0,1672.74,1672.74,1660.93,1667.09,7875.9261
1781229600.0,1667.08,1678.42,1666.87,1675.59,4970.8546
1781233200.0,1675.6,1676.6,1668.81,1673.25,3530.8234
1781236800.0,1673.25,1682.0,1669.29,1677.47,5441.5155
1781240400.0,1677.48,1677.86,1662.31,1664.23,7801.1597
1781244000.0,1664.23,1666.82,1652.09,1657.34,8649.4647
1781247600.0,1657.35,1664.99,1656.23,1662.12,8331.4353
1781251200.0,1662.12,1678.22,1662.12,1673.53,15418.7017
1781254800.0,1673.53,1685.65,1671.48,1680.16,8197.0023
1781258400.0,1680.16,1683.35,1671.91,1674.85,6173.9875
1781262000.0,1674.85,1678.51,1672.1,1673.89,3363.2193
1781265600.0,1673.88,1673.88,1663.07,1666.54,6467.2057
1781269200.0,1666.55,1668.91,1653.74,1657.6,11710.1544
1781272800.0,1657.6,1685.93,1656.26,1685.64,16504.3485
1781276400.0,1685.65,1691.07,1658.75,1660.08,28712.9287
1781280000.0,1660.08,1675.81,1657.38,1672.9,16259.7209
1781283600.0,1672.91,1678.1,1667.37,1668.84,9374.8496
1781287200.0,1668.84,1673.57,1663.6,1666.87,7832.5232
1781290800.0,1666.86,1672.47,1664.9,1665.92,8724.7737
1781294400.0,1665.92,1667.85,1662.02,1664.92,3958.8659
1781298000.0,1664.93,1668.01,1663.21,1664.19,3024.2087
1781301600.0,1664.18,1667.49,1661.46,1662.6,2376.0563
1781305200.0,1662.6,1666.41,1659.02,1666.41,2906.4389
1781308800.0,1666.42,1669.34,1665.31,1667.47,2920.1254
1781312400.0,1667.47,1675.9,1666.53,1674.03,5623.2701
1781316000.0,1674.03,1674.52,1665.69,1668.02,4867.9917
1781319600.0,1668.03,1669.57,1663.36,1665.25,2988.2057
1781323200.0,1665.25,1668.28,1663.52,1664.51,2235.5465
1781326800.0,1664.52,1665.61,1662.2,1665.22,3000.8241
1781330400.0,1665.22,1670.25,1663.88,1669.7,3290.8776
1781334000.0,1669.71,1677.74,1668.47,1676.38,7516.4797
1781337600.0,1676.38,1679.92,1673.63,1674.57,7578.6282
1781341200.0,1674.57,1676.3,1672.93,1673.7,3898.675
1781344800.0,1673.7,1676.37,1672.8,1674.18,3139.3227
1781348400.0,1674.19,1678.96,1673.55,1678.34,3875.3902
1781352000.0,1678.33,1683.77,1676.99,1680.53,4637.8032
1781355600.0,1680.52,1681.58,1676.69,1678.02,4422.2372
1781359200.0,1678.02,1681.47,1677.82,1679.97,3196.0956
1781362800.0,1679.98,1686.56,1678.5,1682.15,7674.3014
1781366400.0,1682.14,1682.48,1671.44,1676.74,12322.1686
1781370000.0,1676.74,1678.4,1673.23,1674.31,3585.258
1781373600.0,1674.31,1682.63,1674.2,1678.53,2724.5849
1781377200.0,1678.53,1680.0,1675.86,1678.29,2737.3428
1781380800.0,1678.3,1678.3,1675.11,1676.53,2067.6627
1781384400.0,1676.53,1697.28,1674.91,1686.44,6677.2933
1781388000.0,1686.44,1686.65,1681.62,1681.63,3324.1624
1781391600.0,1681.62,1684.2,1678.1,1681.18,2447.3607
1781395200.0,1681.19,1683.52,1678.83,1681.91,2635.5197
1781398800.0,1681.9,1690.36,1680.3,1683.99,3518.0414
1781402400.0,1683.98,1685.7,1681.59,1682.47,1929.4039
1781406000.0,1682.46,1683.28,1679.85,1681.73,2324.9353
1781409600.0,1681.74,1682.66,1676.35,1677.95,3535.006
1781413200.0,1677.95,1679.14,1674.0,1678.13,4061.9516
1781416800.0,1678.13,1682.5,1675.3,1676.39,5066.5632
1781420400.0,1676.4,1677.55,1673.72,1675.91,2927.6836
1781424000.0,1675.91,1678.92,1674.73,1675.58,3088.9448
1781427600.0,1675.58,1679.0,1669.15,1678.49,7430.344
1781431200.0,1678.48,1678.55,1673.13,1673.13,1896.0713
1781434800.0,1673.13,1677.15,1672.36,1673.73,2400.9129
1781438400.0,1673.73,1674.58,1665.35,1666.9,4560.2496
1781442000.0,1666.9,1669.15,1664.5,1666.54,4290.0889
1781445600.0,1666.53,1670.2,1654.9,1659.76,10746.8189
1781449200.0,1659.76,1664.67,1659.6,1662.95,4335.407
1781452800.0,1662.95,1668.57,1659.36,1661.38,6515.369
1781456400.0,1661.37,1666.52,1660.92,1662.09,5151.4048
1781460000.0,1662.09,1663.27,1658.95,1662.08,3057.1103
1781463600.0,1662.07,1667.93,1661.13,1665.43,3219.0946
1781467200.0,1665.44,1673.72,1662.67,1670.48,4358.5103
1781470800.0,1670.48,1732.28,1669.97,1718.67,48781.2516
1781474400.0,1718.68,1729.1,1712.34,1722.62,28043.4797
1781478000.0,1722.62,1726.43,1716.79,1725.62,14135.7917
1781481600.0,1725.63,1733.04,1719.78,1720.83,14570.9812
1781485200.0,1720.83,1721.91,1709.66,1715.79,12097.9798
1781488800.0,1715.8,1726.96,1714.23,1716.78,8966.2582
1781492400.0,1716.78,1724.17,1715.55,1720.78,11155.8651
1781496000.0,1720.78,1720.78,1717.24,1718.0,6662.6865
