timestamp,open,high,low,close,volume
1774533600.0,4415.0,4500.0,4410.0,4466.26,1174.6904
1774537200.0,4465.98,4469.74,4435.57,4437.59,182.0402
1774540800.0,4437.6,4441.45,4370.18,4392.43,207.5696
1774544400.0,4392.02,4403.2,4382.4,4384.6,145.1752
1774548000.0,4385.0,4399.39,4373.17,4397.21,114.941
1774551600.0,4397.8,4401.89,4364.82,4368.4,134.0386
1774555200.0,4368.59,4421.39,4357.7,4382.94,292.3584
1774558800.0,4383.62,4395.87,4383.62,4394.23,53.0496
1774562400.0,4394.36,4413.14,4384.8,4413.14,174.9088
1774566000.0,4412.2,4412.64,4390.01,4406.39,140.9669
1774569600.0,4406.4,4410.8,4377.8,4380.4,92.226
1774573200.0,4380.2,4419.19,4378.67,4416.8,119.5297
1774576800.0,4417.2,4438.39,4417.14,4431.2,62.4663
1774580400.0,4431.4,4444.59,4421.9,4436.82,128.415
1774584000.0,4437.4,4447.8,4430.8,4446.0,108.4821
1774587600.0,4445.8,4471.06,4440.27,4452.19,120.3752
1774591200.0,4452.14,4467.99,4450.21,4456.36,60.5241
1774594800.0,4455.86,4458.03,4442.39,4444.0,76.658
1774598400.0,4444.2,4447.79,4422.32,4422.79,72.2285
1774602000.0,4422.92,4436.46,4417.43,4425.99,473.0988
1774605600.0,4426.0,4430.0,4406.84,4410.81,331.6671
1774609200.0,4410.82,4421.24,4401.65,4415.41,365.159
1774612800.0,4415.44,4440.81,4408.95,4433.3,236.6704
1774616400.0,4433.3,4438.29,4410.48,4428.24,249.949
1774620000.0,4427.99,4505.68,4427.49,4500.92,450.0974
1774623600.0,4500.93,4545.69,4494.16,4513.72,442.6545
1774627200.0,4513.78,4522.61,4497.83,4509.21,322.4437
1774630800.0,4509.08,4514.0,4478.83,4479.0,146.5103
1774634400.0,4479.0,4524.4,4478.99,4515.84,272.3416
1774638000.0,4515.84,4527.95,4505.17,4518.23,358.2171
1774641600.0,4518.31,4523.69,4488.06,4489.44,184.455
1774645200.0,4489.43,4496.88,4483.0,4494.31,165.1951
1774648800.0,4494.3,4495.53,4493.25,4494.17,48.4332
1774652400.0,4494.16,4495.59,4492.68,4494.53,96.032
1774656000.0,4494.53,4497.26,4494.48,4495.01,80.2485
1774659600.0,4495.02,4495.33,4484.8,4487.26,153.066
1774663200.0,4487.26,4487.37,4485.6,4486.99,200.7233
1774666800.0,4487.0,4490.79,4486.99,4489.6,793.3194
1774670400.0,4489.61,4489.91,4484.57,4487.38,723.7832
1774674000.0,4487.39,4498.54,4487.38,4497.68,873.4184
1774677600.0,4497.68,4499.3,4496.72,4497.46,340.9144
1774681200.0,4497.47,4497.57,4495.12,4496.59,304.4755
1774684800.0,4496.58,4496.58,4493.44,4494.99,1226.122
1774688400.0,4494.99,4495.55,4494.41,4494.61,852.886
1774692000.0,4494.61,4494.62,4491.8,4492.37,173.5912
1774695600.0,4492.38,4494.35,4492.37,4494.35,122.4171
1774699200.0,4494.35,4496.63,4494.32,4496.06,245.0174
1774702800.0,4496.07,4499.0,4494.99,4495.81,848.8166
1774706400.0,4495.81,4497.1,4495.41,4495.94,307.4259
1774710000.0,4495.93,4495.94,4485.0,4492.65,272.0763
1774713600.0,4492.64,4492.77,4489.97,4492.57,138.9919
1774717200.0,4492.56,4493.39,4491.19,4491.19,276.8314
1774720800.0,4491.19,4491.53,4489.13,4490.71,650.4318
1774724400.0,4490.7,4493.49,4490.7,4492.28,98.1669
1774728000.0,4492.28,4492.51,4492.28,4492.5,86.7132
1774731600.0,4492.51,4492.92,4488.34,4488.35,169.6247
1774735200.0,4488.34,4490.95,4487.51,4487.67,807.5943
1774738800.0,4487.67,4488.56,4487.25,4488.26,626.7866
1774742400.0,4488.32,4490.8,4484.0,4484.82,1117.0956
1774746000.0,4484.83,4487.99,4484.55,4485.67,1040.9558
1774749600.0,4485.67,4490.3,4485.66,4490.17,710.8525
1774753200.0,4490.16,4490.42,4490.0,4490.01,441.9202
1774756800.0,4490.0,4490.01,4486.7,4488.44,605.4699
1774760400.0,4488.44,4488.44,4488.0,4488.1,75.917
1774764000.0,4488.09,4488.44,4486.9,4486.9,116.8194
1774767600.0,4486.9,4488.13,4486.66,4488.12,118.2357
1774771200.0,4488.13,4488.13,4487.34,4487.34,143.3883
1774774800.0,4487.35,4490.64,4484.48,4486.02,328.5847
1774778400.0,4486.03,4489.9,4483.95,4488.05,275.7626
1774782000.0,4488.06,4489.74,4488.04,4489.73,430.9521
1774785600.0,4489.74,4503.58,4489.73,4503.57,156.7786
1774789200.0,4503.57,4504.49,4496.14,4497.19,786.9749
1774792800.0,4497.19,4498.97,4496.55,4497.8,498.4886
1774796400.0,4497.81,4497.85,4497.79,4497.82,83.8526
1774800000.0,4497.82,4500.0,4496.0,4498.11,367.1831
1774803600.0,4498.12,4498.39,4498.1,4498.15,166.1884
1774807200.0,4498.14,4503.83,4498.14,4503.83,183.3253
1774810800.0,4503.82,4504.64,4500.0,4500.26,110.5809
1774814400.0,4500.25,4503.58,4497.02,4498.55,102.8748
1774818000.0,4498.55,4509.99,4498.54,4507.41,233.1225
1774821600.0,4507.4,4508.33,4469.76,4483.16,832.0213
1774825200.0,4483.38,4490.85,4443.35,4447.52,646.351
1774828800.0,4447.74,4466.99,4420.01,4433.21,393.3894
1774832400.0,4433.22,4475.11,4433.22,4470.11,217.139
1774836000.0,4469.84,4498.6,4460.14,4482.32,473.816
1774839600.0,4481.98,4515.5,4480.08,4495.06,252.3726
1774843200.0,4495.07,4497.87,4483.92,4496.16,164.4646
1774846800.0,4496.17,4523.79,4496.16,4522.0,314.9515
1774850400.0,4522.0,4550.04,4522.0,4531.7,1776.2374
1774854000.0,4531.7,4532.68,4513.33,4524.52,481.0946
1774857600.0,4524.52,4537.44,4522.54,4536.4,267.5251
1774861200.0,4536.23,4537.5,4522.17,4529.58,616.3189
1774864800.0,4529.59,4537.14,4526.58,4529.34,166.5625
1774868400.0,4529.34,4575.0,4523.58,4554.71,248.2526
1774872000.0,4554.72,4571.6,4542.67,4564.04,146.3437
1774875600.0,4564.04,4573.0,4513.61,4517.01,227.3578
1774879200.0,4517.01,4534.2,4508.57,4532.41,222.5221
1774882800.0,4532.42,4543.88,4516.5,4536.61,1392.1305
1774886400.0,4536.6,4537.2,4521.8,4530.0,153.9576
1774890000.0,4530.0,4532.03,4504.1,4507.55,177.4987
1774893600.0,4507.72,4514.34,4492.43,4492.54,134.8302
1774897200.0,4492.54,4512.04,4486.45,4507.84,495.3127
1774900800.0,4507.84,4509.53,4493.97,4501.76,49.507
1774904400.0,4501.77,4510.8,4500.4,4508.08,45.0747
1774908000.0,4507.92,4516.03,4496.85,4503.1,127.0258
1774911600.0,4502.96,4511.99,4485.87,4505.71,140.1505
1774915200.0,4505.7,4538.64,4476.1,4538.64,287.8322
1774918800.0,4538.15,4606.99,4525.07,4594.21,381.5124
1774922400.0,4593.91,4595.1,4557.15,4559.41,165.6534
1774926000.0,4559.4,4566.37,4541.37,4547.26,307.4161
1774929600.0,4547.27,4558.32,4547.26,4554.44,243.6806
1774933200.0,4554.3,4569.0,4538.15,4558.16,99.6338
1774936800.0,4557.87,4557.87,4544.51,4549.13,160.9102
1774940400.0,4549.14,4556.24,4535.61,4556.21,144.0668
1774944000.0,4556.2,4565.1,4552.86,4560.41,134.2434
1774947600.0,4560.42,4562.99,4542.17,4546.17,236.0416
1774951200.0,4546.18,4552.0,4522.82,4538.49,107.1673
1774954800.0,4538.5,4581.42,4532.57,4571.95,245.783
1774958400.0,4571.95,4585.45,4560.15,4563.85,213.1241
1774962000.0,4563.86,4595.83,4557.85,4595.22,268.9052
1774965600.0,4594.71,4613.63,4578.91,4581.94,470.5243
1774969200.0,4582.61,4605.55,4582.61,4591.65,349.4683
1774972800.0,4591.47,4630.9,4590.0,4618.73,480.9616
1774976400.0,4618.73,4645.2,4618.73,4633.87,403.0709
1774980000.0,4633.87,4649.37,4633.87,4647.73,115.8194
1774983600.0,4647.73,4663.65,4642.13,4661.28,141.4679
1774987200.0,4661.27,4664.52,4643.72,4645.61,245.1397
1774990800.0,4645.51,4645.51,4634.29,4640.42,305.4049
1774994400.0,4640.43,4668.88,4637.85,4654.55,508.1997
1774998000.0,4654.86,4673.54,4648.14,4670.22,97.6362
1775001600.0,4670.21,4695.82,4668.73,4684.83,196.4011
1775005200.0,4684.88,4696.63,4656.57,4664.31,190.297
1775008800.0,4664.52,4671.23,4653.53,4658.01,115.7951
1775012400.0,4658.01,4667.21,4654.71,4655.68,59.6213
1775016000.0,4655.69,4655.69,4642.7,4650.87,59.6598
1775019600.0,4650.86,4678.31,4650.0,4660.32,140.8735
1775023200.0,4660.32,4705.38,4659.39,4703.8,135.5709
1775026800.0,4704.42,4717.82,4682.25,4684.15,267.8121
1775030400.0,4684.11,4708.95,4682.74,4698.24,251.3721
1775034000.0,4698.23,4700.22,4685.67,4694.32,104.2455
1775037600.0,4694.31,4707.26,4686.7,4702.09,224.1776
1775041200.0,4702.09,4731.94,4700.79,4721.91,212.939
1775044800.0,4721.9,4723.17,4695.3,4696.05,325.7084
1775048400.0,4695.85,4719.0,4688.37,4708.95,240.7047
1775052000.0,4709.14,4736.41,4696.2,4730.44,299.3463
1775055600.0,4730.44,4756.0,4728.52,4754.55,419.4895
1775059200.0,4754.55,4758.87,4742.01,4754.56,130.6224
1775062800.0,4754.56,4760.83,4740.89,4740.89,176.1389
1775066400.0,4740.89,4740.9,4711.02,4720.87,301.0884
1775070000.0,4721.13,4743.73,4720.0,4732.34,117.7915
1775073600.0,4732.9,4736.89,4722.83,4722.83,73.9916
1775077200.0,4722.85,4730.0,4722.47,4729.31,121.5295
1775080800.0,4729.32,4746.41,4719.64,4741.03,184.1567
1775084400.0,4741.36,4761.42,4737.07,4746.96,118.6287
1775088000.0,4746.78,4761.03,4739.59,4748.81,95.6912
1775091600.0,4748.22,4748.22,4625.06,4667.7,1429.4667
1775095200.0,4667.94,4675.0,4630.86,4660.21,295.8936
1775098800.0,4660.05,4671.31,4648.47,4650.49,128.1853
1775102400.0,4650.48,4653.23,4631.57,4644.89,131.9964
1775106000.0,4644.88,4650.75,4564.52,4571.45,468.0623
1775109600.0,4571.64,4586.02,4533.89,4578.04,573.1902
1775113200.0,4577.59,4625.61,4577.22,4618.98,232.0151
1775116800.0,4619.33,4623.75,4594.56,4596.03,246.9835
1775120400.0,4596.03,4607.45,4590.0,4599.92,115.4384
1775124000.0,4599.92,4610.76,4583.48,4600.18,275.5261
1775127600.0,4600.19,4607.75,4573.05,4578.18,297.6982
1775131200.0,4577.77,4605.61,4573.71,4578.94,215.6966
1775134800.0,4578.97,4628.12,4558.0,4621.87,383.366
1775138400.0,4621.55,4671.05,4608.3,4655.21,549.8832
1775142000.0,4654.98,4655.64,4627.03,4633.86,262.0625
1775145600.0,4633.86,4644.89,4619.35,4634.92,364.591
1775149200.0,4634.74,4641.61,4620.96,4621.94,164.6939
1775152800.0,4621.97,4644.77,4621.97,4642.45,71.5686
1775156400.0,4642.44,4655.0,4637.04,4645.23,99.4576
1775160000.0,4645.73,4648.77,4638.62,4647.43,47.672
1775163600.0,4647.44,4651.23,4645.81,4651.04,23.4073
1775167200.0,4651.04,4651.24,4645.74,4646.49,52.0649
1775170800.0,4646.48,4651.94,4645.9,4650.29,65.4738
1775174400.0,4650.3,4650.79,4645.3,4645.97,78.5131
1775178000.0,4645.97,4647.01,4640.4,4642.75,86.3252
1775181600.0,4642.76,4646.8,4642.21,4646.8,40.8478
1775185200.0,4646.8,4647.2,4644.38,4644.58,36.099
1775188800.0,4644.59,4647.4,4644.58,4647.2,43.9762
1775192400.0,4647.2,4649.13,4645.4,4648.64,49.3846
1775196000.0,4648.65,4649.78,4647.21,4647.24,111.8923
1775199600.0,4647.24,4647.24,4640.51,4640.63,65.5449
1775203200.0,4640.64,4648.48,4640.63,4644.73,99.6322
1775206800.0,4644.73,4644.82,4644.01,4644.36,68.4682
1775210400.0,4644.38,4644.38,4642.45,4642.45,68.2604
1775214000.0,4642.46,4642.46,4638.74,4640.83,124.2799
1775217600.0,4640.84,4645.7,4627.6,4630.58,110.6056
1775221200.0,4630.59,4634.0,4628.4,4632.62,73.3661
1775224800.0,4632.63,4634.0,4630.01,4630.01,53.2699
1775228400.0,4630.01,4633.88,4627.21,4631.11,48.1305
1775232000.0,4631.1,4634.0,4631.1,4634.0,119.3659
1775235600.0,4633.99,4634.0,4627.17,4630.51,93.7668
1775239200.0,4630.51,4630.52,4627.02,4627.89,45.6524
1775242800.0,4627.88,4632.67,4626.84,4628.41,60.5942
1775246400.0,4628.42,4630.6,4627.55,4630.59,83.4015
1775250000.0,4630.6,4633.4,4627.82,4629.91,50.369
1775253600.0,4629.82,4630.83,4628.43,4629.62,16.1339
1775257200.0,4629.24,4632.48,4629.24,4632.22,16.9518
1775260800.0,4632.22,4632.35,4628.99,4632.06,73.1148
1775264400.0,4632.06,4635.99,4632.05,4635.72,73.3595
1775268000.0,4635.72,4637.72,4632.89,4637.7,90.5933
1775271600.0,4637.69,4639.31,4637.23,4639.31,53.1331
1775275200.0,4639.3,4639.62,4636.87,4636.87,217.0252
1775278800.0,4636.68,4637.6,4635.18,4637.1,174.6716
1775282400.0,4637.1,4638.92,4635.84,4636.21,74.9045
1775286000.0,4636.22,4638.0,4634.88,4635.22,100.2606
1775289600.0,4635.23,4635.23,4632.85,4632.93,192.4912
1775293200.0,4632.93,4639.16,4632.81,4637.94,172.3805
1775296800.0,4637.95,4642.81,4637.95,4642.67,265.3571
1775300400.0,4642.67,4645.57,4638.67,4641.28,429.1076
1775304000.0,4641.27,4645.69,4641.05,4645.4,1060.6536
1775307600.0,4645.41,4646.88,4644.86,4645.43,831.107
1775311200.0,4645.43,4646.69,4645.12,4645.16,440.9981
1775314800.0,4645.17,4645.17,4634.48,4642.93,561.5219
1775318400.0,4642.94,4646.09,4642.93,4643.76,1150.1448
1775322000.0,4643.77,4644.08,4641.0,4641.01,667.2417
1775325600.0,4641.01,4642.27,4635.79,4635.8,193.2802
1775329200.0,4635.79,4635.86,4632.35,4632.4,149.3789
1775332800.0,4632.4,4637.1,4632.16,4637.04,55.1037
1775336400.0,4637.05,4637.19,4632.01,4633.83,31.767
1775340000.0,4633.82,4637.8,4633.82,4635.28,19.5678
1775343600.0,4635.28,4636.93,4633.5,4633.68,67.5525
1775347200.0,4633.69,4638.49,4632.12,4633.9,74.8904
1775350800.0,4633.89,4638.11,4633.89,4635.23,98.5366
1775354400.0,4635.23,4635.86,4634.99,4635.16,30.7936
1775358000.0,4635.17,4637.95,4634.61,4636.41,83.4812
1775361600.0,4636.4,4636.99,4635.07,4636.27,288.3828
1775365200.0,4636.26,4636.89,4635.09,4636.29,385.636
1775368800.0,4636.3,4637.35,4634.02,4635.6,408.9158
1775372400.0,4635.6,4635.8,4628.5,4632.99,175.0627
1775376000.0,4633.0,4638.45,4631.26,4634.21,1150.2206
1775379600.0,4634.22,4634.75,4629.53,4631.6,397.8101
1775383200.0,4631.61,4631.72,4624.29,4625.6,679.2938
1775386800.0,4625.59,4627.0,4618.89,4624.55,974.7464
1775390400.0,4624.61,4624.7,4605.63,4616.47,545.0809
1775394000.0,4616.45,4631.55,4611.59,4617.3,919.6238
1775397600.0,4617.31,4624.79,4615.72,4622.97,515.2334
1775401200.0,4622.97,4629.46,4616.08,4620.8,954.133
1775404800.0,4620.99,4626.8,4608.0,4611.45,288.7985
1775408400.0,4611.46,4611.46,4604.21,4606.94,113.7671
1775412000.0,4606.95,4614.5,4604.52,4611.17,54.0724
1775415600.0,4611.18,4616.01,4609.56,4612.45,74.8214
1775419200.0,4611.87,4613.76,4606.11,4613.01,69.6978
1775422800.0,4613.0,4617.83,4603.37,4614.8,142.0422
1775426400.0,4614.96,4632.7,4588.46,4613.2,921.84
1775430000.0,4613.21,4617.6,4578.91,4584.86,237.4243
1775433600.0,4584.9,4600.76,4576.2,4596.88,241.6053
1775437200.0,4597.19,4615.69,4596.01,4600.41,432.9396
1775440800.0,4600.4,4642.55,4598.82,4620.37,273.4603
1775444400.0,4620.38,4620.38,4599.88,4613.02,250.5127
1775448000.0,4613.02,4629.43,4613.02,4629.43,151.2431
1775451600.0,4629.42,4647.22,4623.08,4624.12,192.8751
1775455200.0,4624.12,4637.6,4617.0,4635.68,164.4033
1775458800.0,4635.74,4655.41,4617.0,4652.54,138.292
1775462400.0,4652.55,4665.0,4649.09,4664.23,115.5902
1775466000.0,4664.23,4673.65,4659.2,4662.02,200.2576
1775469600.0,4661.58,4665.17,4653.6,4658.03,124.0513
1775473200.0,4658.02,4664.0,4646.41,4646.84,167.1076
1775476800.0,4646.85,4653.22,4630.0,4643.8,154.08
1775480400.0,4643.81,4647.94,4628.47,4647.49,297.7241
1775484000.0,4647.5,4661.29,4630.0,4650.04,261.8122
1775487600.0,4650.57,4650.8,4621.45,4634.09,248.8935
1775491200.0,4634.09,4637.45,4625.96,4626.82,333.084
1775494800.0,4626.97,4627.57,4613.63,4620.89,146.0067
1775498400.0,4621.01,4632.35,4617.8,4626.18,106.297
1775502000.0,4626.18,4626.39,4615.15,4623.99,98.733
1775505600.0,4624.0,4627.06,4620.0,4620.0,44.0963
1775509200.0,4620.01,4625.79,4618.57,4622.91,48.9033
1775512800.0,4622.91,4635.14,4620.49,4624.82,106.6745
1775516400.0,4624.82,4627.3,4620.08,4626.7,85.7182
1775520000.0,4626.15,4630.01,4618.42,4624.01,148.6735
1775523600.0,4623.83,4632.79,4588.16,4597.37,461.5087
1775527200.0,4597.38,4622.23,4590.97,4619.53,131.8617
1775530800.0,4619.53,4622.78,4611.08,4620.08,66.2794
1775534400.0,4620.09,4633.68,4616.19,4630.29,117.7355
1775538000.0,4630.3,4631.13,4597.58,4613.76,247.7024
1775541600.0,4613.77,4625.2,4609.38,4624.16,117.5016
1775545200.0,4624.19,4626.78,4610.55,4617.28,152.9437
1775548800.0,4617.68,4659.87,4617.06,4652.63,336.7813
1775552400.0,4652.63,4662.63,4632.0,4643.28,586.5074
1775556000.0,4643.73,4650.44,4622.7,4624.63,472.6079
1775559600.0,4625.03,4634.28,4605.27,4631.07,283.703
1775563200.0,4631.07,4640.6,4620.55,4624.81,340.7085
1775566800.0,4624.82,4634.98,4611.6,4617.68,552.8201
1775570400.0,4617.68,4631.55,4585.58,4606.76,567.2847
1775574000.0,4606.77,4631.71,4601.1,4629.64,512.5714
1775577600.0,4629.87,4641.16,4627.19,4632.61,593.8897
1775581200.0,4632.6,4659.27,4631.26,4649.18,392.9842
1775584800.0,4649.18,4658.59,4633.35,4636.59,277.5746
1775588400.0,4637.01,4687.61,4635.78,4672.92,375.0993
1775592000.0,4672.93,4685.52,4669.57,4676.83,141.2276
1775595600.0,4676.28,4685.0,4674.19,4682.0,117.8096
1775599200.0,4681.98,4778.4,4681.98,4776.48,1301.6474
1775602800.0,4775.25,4790.12,4761.69,4787.09,443.2835
1775606400.0,4787.05,4810.46,4763.99,4772.75,943.5855
1775610000.0,4772.93,4778.52,4747.25,4766.26,375.0789
1775613600.0,4766.26,4778.89,4757.66,4762.48,195.6216
1775617200.0,4762.47,4763.32,4752.76,4756.0,97.2652
1775620800.0,4756.01,4762.0,4748.34,4759.23,151.9976
1775624400.0,4759.23,4797.99,4756.51,4784.76,144.1236
1775628000.0,4784.5,4796.53,4778.63,4779.83,243.0354
1775631600.0,4779.84,4780.83,4768.32,4774.48,162.3433
1775635200.0,4774.22,4780.26,4755.26,4760.07,279.2838
1775638800.0,4760.07,4770.03,4743.78,4750.02,209.7037
1775642400.0,4750.2,4761.5,4739.28,4750.56,271.2593
1775646000.0,4750.52,4766.94,4746.78,4763.33,159.5651
1775649600.0,4763.34,4772.17,4736.84,4766.8,252.7944
1775653200.0,4766.8,4771.8,4735.97,4745.88,408.1773
1775656800.0,4745.71,4757.39,4703.4,4708.07,516.8809
1775660400.0,4708.25,4732.4,4706.33,4726.51,164.5631
1775664000.0,4726.51,4734.0,4716.18,4729.83,147.3022
1775667600.0,4729.82,4733.28,4703.89,4706.44,257.3062
1775671200.0,4706.63,4715.27,4676.4,4678.39,257.4663
1775674800.0,4678.39,4704.16,4671.86,4703.35,79.3186
1775678400.0,4703.57,4704.16,4693.74,4697.28,52.8996
1775682000.0,4697.28,4703.64,4697.28,4702.24,60.9014
1775685600.0,4701.9,4706.65,4682.29,4694.62,194.5037
1775689200.0,4694.63,4695.84,4684.06,4692.96,105.145
1775692800.0,4692.72,4694.68,4674.87,4683.82,97.3472
1775696400.0,4683.91,4703.75,4677.98,4703.74,138.3631
1775700000.0,4703.74,4708.72,4696.09,4696.94,101.2771
1775703600.0,4696.9,4698.15,4684.41,4689.6,101.0728
1775707200.0,4689.6,4701.26,4688.65,4697.53,89.6863
1775710800.0,4697.52,4702.88,4686.62,4692.96,119.1818
1775714400.0,4692.24,4702.8,4684.39,4691.51,87.3736
1775718000.0,4691.51,4706.81,4686.18,4701.4,174.0772
1775721600.0,4701.42,4710.72,4698.53,4704.2,146.4016
1775725200.0,4704.19,4712.39,4702.15,4708.89,275.65
1775728800.0,4708.79,4723.51,4702.58,4718.7,201.9177
1775732400.0,4718.65,4733.15,4716.52,4733.14,199.6412
1775736000.0,4733.15,4735.68,4713.4,4721.76,349.9432
1775739600.0,4721.76,4751.08,4715.82,4739.18,643.9202
1775743200.0,4739.18,4750.74,4725.91,4743.82,632.5656
1775746800.0,4743.88,4771.7,4736.85,4768.0,736.3601
1775750400.0,4768.0,4776.12,4759.2,4762.64,231.9953
1775754000.0,4762.65,4773.74,4761.55,4771.45,117.2544
1775757600.0,4771.44,4771.45,4744.26,4748.05,215.9485
1775761200.0,4748.04,4757.29,4744.37,4745.34,112.9349
1775764800.0,4745.34,4749.25,4740.0,4742.84,59.7464
1775768400.0,4742.84,4742.92,4737.01,4741.34,54.6678
1775772000.0,4741.35,4755.0,4734.26,4737.0,154.5068
1775775600.0,4736.99,4738.02,4732.75,4737.89,59.3615
1775779200.0,4737.5,4737.51,4727.27,4736.75,80.8151
1775782800.0,4736.74,4750.0,4734.5,4738.59,147.1501
1775786400.0,4738.58,4739.25,4715.4,4726.45,155.3234
1775790000.0,4726.46,4741.98,4726.45,4739.49,70.6817
1775793600.0,4739.5,4743.23,4733.01,4733.01,101.8391
1775797200.0,4733.02,4741.93,4732.75,4740.23,101.563
1775800800.0,4740.23,4740.23,4719.0,4721.09,118.2155
1775804400.0,4721.1,4730.93,4717.0,4724.32,99.2718
1775808000.0,4724.33,4727.71,4708.0,4716.11,180.3895
1775811600.0,4716.11,4732.89,4716.11,4725.47,191.505
1775815200.0,4725.47,4733.0,4717.19,4730.86,118.1566
1775818800.0,4730.85,4741.74,4728.25,4741.73,128.1485
1775822400.0,4741.74,4753.08,4734.79,4744.74,321.0274
1775826000.0,4744.74,4752.18,4740.0,4747.97,219.7829
1775829600.0,4747.98,4767.14,4741.93,4747.49,588.9503
1775833200.0,4747.5,4758.0,4728.99,4733.29,292.522
1775836800.0,4733.29,4737.33,4722.01,4736.21,319.8016
1775840400.0,4736.2,4740.39,4731.12,4734.17,130.7033
1775844000.0,4734.17,4744.47,4725.91,4738.68,101.072
1775847600.0,4738.67,4742.57,4731.2,4731.87,62.8448
1775851200.0,4732.23,4732.23,4717.19,4724.28,157.9799
1775854800.0,4724.28,4729.02,4723.42,4724.43,42.0768
1775858400.0,4724.44,4726.28,4723.0,4723.21,45.1748
1775862000.0,4723.2,4723.21,4721.32,4721.49,73.0853
1775865600.0,4721.48,4721.48,4719.93,4721.35,48.5358
1775869200.0,4721.36,4721.36,4719.2,4720.86,74.1351
1775872800.0,4720.86,4723.15,4720.8,4721.66,220.5535
1775876400.0,4721.66,4722.05,4719.94,4719.95,765.1639
1775880000.0,4719.94,4721.19,4719.92,4720.34,374.6208
1775883600.0,4720.35,4722.46,4720.0,4722.43,297.7733
1775887200.0,4722.44,4722.76,4722.06,4722.07,426.8743
1775890800.0,4722.07,4722.07,4721.0,4721.35,308.77
1775894400.0,4721.35,4723.4,4720.9,4723.14,448.4694
1775898000.0,4723.15,4726.29,4722.61,4726.26,223.0179
1775901600.0,4726.26,4726.29,4723.96,4724.29,225.9513
1775905200.0,4724.28,4724.93,4722.0,4722.08,392.8607
1775908800.0,4722.07,4722.44,4721.57,4722.43,318.487
1775912400.0,4722.44,4722.8,4721.46,4722.78,258.5169
1775916000.0,4722.79,4729.6,4721.71,4721.8,311.2229
1775919600.0,4721.79,4724.4,4721.79,4724.31,191.32
1775923200.0,4724.31,4730.83,4722.7,4724.57,189.3966
1775926800.0,4724.57,4725.13,4720.15,4721.73,503.7135
1775930400.0,4721.73,4728.63,4721.72,4728.62,192.9076
1775934000.0,4728.63,4729.2,4726.85,4728.78,71.4154
1775937600.0,4728.77,4728.78,4726.72,4726.73,59.9172
1775941200.0,4726.82,4728.34,4726.49,4726.5,78.6219
1775944800.0,4726.51,4727.52,4723.39,4723.57,66.8984
1775948400.0,4723.57,4723.58,4722.63,4723.29,22.502
1775952000.0,4723.3,4724.1,4723.29,4724.02,48.9032
1775955600.0,4724.01,4725.76,4708.2,4708.38,196.3922
1775959200.0,4708.38,4711.96,4702.3,4709.68,214.1122
1775962800.0,4709.69,4712.58,4709.68,4712.17,170.8589
1775966400.0,4712.17,4712.91,4703.05,4705.45,1309.1312
1775970000.0,4705.45,4705.81,4703.89,4705.33,134.5022
1775973600.0,4705.32,4705.33,4698.9,4700.44,530.1457
1775977200.0,4700.43,4710.0,4699.76,4704.67,357.9746
1775980800.0,4704.66,4709.14,4702.91,4707.54,790.0255
1775984400.0,4707.54,4707.54,4702.16,4703.07,795.0919
1775988000.0,4703.06,4703.06,4699.96,4700.04,448.3066
1775991600.0,4700.04,4701.78,4699.31,4700.43,372.7061
1775995200.0,4700.44,4700.44,4691.86,4692.02,741.1825
1775998800.0,4692.02,4692.02,4680.0,4680.76,462.2911
1776002400.0,4680.77,4687.2,4680.0,4681.15,766.4794
1776006000.0,4681.15,4684.86,4681.14,4684.07,410.99
1776009600.0,4684.06,4684.06,4677.75,4682.77,233.2767
1776013200.0,4682.78,4686.97,4682.77,4686.96,149.3697
1776016800.0,4686.96,4689.46,4683.84,4684.38,131.1948
1776020400.0,4684.39,4686.57,4683.63,4684.9,63.6852
1776024000.0,4684.89,4684.89,4680.28,4683.37,59.0444
1776027600.0,4683.36,4684.75,4680.04,4680.04,57.6133
1776031200.0,4680.04,4680.04,4622.22,4635.6,1028.9789
1776034800.0,4635.6,4649.75,4622.64,4649.75,272.1729
1776038400.0,4649.75,4672.15,4642.61,4670.0,210.0603
1776042000.0,4670.01,4699.87,4669.74,4695.27,356.0917
1776045600.0,4695.28,4699.99,4685.06,4694.84,207.938
1776049200.0,4694.84,4696.59,4686.41,4692.81,132.3578
1776052800.0,4692.81,4697.09,4683.75,4696.61,173.2349
1776056400.0,4696.61,4703.11,4691.31,4702.6,297.1098
1776060000.0,4702.61,4706.66,4697.73,4699.78,181.6588
1776063600.0,4699.79,4714.2,4699.79,4710.77,180.2241
1776067200.0,4710.76,4713.99,4698.17,4700.49,470.2833
1776070800.0,4700.49,4704.31,4687.51,4691.03,323.6915
1776074400.0,4691.02,4699.22,4684.59,4697.85,350.1082
1776078000.0,4697.88,4703.72,4680.0,4680.86,589.6705
1776081600.0,4680.87,4696.69,4679.24,4695.7,523.4497
1776085200.0,4695.69,4714.99,4693.5,4703.52,764.0358
1776088800.0,4703.52,4703.53,4682.35,4690.27,1147.4197
1776092400.0,4690.27,4690.79,4672.93,4686.9,496.6132
1776096000.0,4687.02,4717.96,4683.96,4706.57,550.0306
1776099600.0,4706.58,4721.39,4700.45,4704.3,507.9383
1776103200.0,4704.3,4713.3,4697.64,4711.59,494.9744
1776106800.0,4711.58,4718.94,4705.39,4714.79,549.6455
1776110400.0,4714.8,4716.9,4711.75,4713.37,283.1608
1776114000.0,4713.36,4717.5,4712.01,4715.02,123.8961
1776117600.0,4715.03,4732.0,4715.02,4731.51,419.3722
1776121200.0,4731.51,4738.88,4728.58,4731.57,211.5665
1776124800.0,4731.57,4747.28,4727.09,4742.62,283.3348
1776128400.0,4742.61,4750.2,4736.36,4738.4,364.6996
1776132000.0,4738.39,4750.3,4737.0,4748.88,401.0938
1776135600.0,4748.87,4749.15,4741.05,4742.55,263.5238
1776139200.0,4742.55,4750.92,4742.22,4748.98,267.306
1776142800.0,4748.98,4748.98,4733.26,4735.27,1264.763
1776146400.0,4735.27,4758.06,4735.26,4757.88,322.7946
1776150000.0,4757.88,4770.95,4745.81,4753.83,447.6746
1776153600.0,4753.82,4764.76,4751.57,4761.99,431.6897
1776157200.0,4762.0,4764.88,4750.31,4754.92,528.1679
1776160800.0,4754.92,4762.0,4731.01,4745.48,771.4999
1776164400.0,4745.48,4758.83,4743.86,4751.57,1149.1194
1776168000.0,4751.57,4754.26,4740.48,4748.67,734.2822
1776171600.0,4748.66,4781.59,4748.66,4771.44,949.4195
1776175200.0,4771.44,4791.4,4769.1,4776.41,1144.38
1776178800.0,4776.4,4790.21,4765.86,4784.01,524.7201
1776182400.0,4784.0,4793.42,4784.0,4784.0,658.4676
1776186000.0,4784.0,4815.18,4784.0,4808.34,1589.2502
1776189600.0,4808.34,4814.99,4804.42,4812.35,560.7584
1776193200.0,4812.35,4822.28,4812.35,4821.97,439.2876
1776196800.0,4821.96,4822.38,4813.91,4814.45,511.4238
1776200400.0,4814.45,4815.84,4803.39,4811.46,394.4362
1776204000.0,4811.45,4824.18,4809.03,4810.26,569.6938
1776207600.0,4810.26,4818.47,4809.33,4811.78,304.9094
1776211200.0,4811.78,4814.84,4802.28,4810.06,195.1533
1776214800.0,4810.06,4844.84,4803.59,4821.18,555.2535
1776218400.0,4821.18,4828.0,4796.69,4799.24,385.1259
1776222000.0,4799.25,4805.4,4794.44,4800.76,1084.8729
1776225600.0,4800.76,4804.38,4797.46,4802.58,3596.8177
1776229200.0,4802.58,4806.98,4789.33,4795.74,5005.1458
1776232800.0,4795.73,4799.96,4787.83,4788.01,785.1454
1776236400.0,4788.01,4791.5,4781.33,4788.55,2003.7627
1776240000.0,4788.54,4798.44,4782.96,4795.68,776.2648
1776243600.0,4795.68,4795.68,4765.91,4775.76,1548.9085
1776247200.0,4775.77,4783.46,4769.0,4779.54,961.5698
1776250800.0,4779.55,4791.0,4775.63,4790.81,1237.506
1776254400.0,4790.8,4793.18,4785.84,4789.6,806.8342
1776258000.0,4789.59,4810.34,4786.74,4809.41,1193.0775
1776261600.0,4809.41,4809.41,4791.48,4793.31,1439.9265
1776265200.0,4793.32,4793.77,4766.7,4780.08,1312.463
1776268800.0,4780.08,4789.8,4779.02,4783.01,552.711
1776272400.0,4783.02,4786.96,4770.53,4772.34,2493.5822
1776276000.0,4772.34,4781.34,4770.25,4779.08,3077.3861
1776279600.0,4779.09,4782.81,4774.39,4774.56,3170.6523
1776283200.0,4774.57,4775.19,4766.59,4769.29,2615.568
1776286800.0,4769.29,4777.28,4769.0,4774.36,275.5213
1776290400.0,4774.36,4788.88,4770.9,4786.77,772.2753
1776294000.0,4786.76,4805.27,4786.76,4802.05,620.9522
1776297600.0,4802.05,4815.09,4800.42,4812.66,517.7303
1776301200.0,4812.65,4814.5,4789.88,4795.41,521.5623
1776304800.0,4795.4,4804.73,4792.5,4798.26,713.9865
1776308400.0,4798.26,4804.56,4797.87,4802.76,267.5795
1776312000.0,4802.76,4810.64,4801.32,4810.64,723.4448
1776315600.0,4810.64,4815.59,4801.74,4801.74,610.5566
1776319200.0,4801.74,4808.33,4794.54,4806.2,582.2564
1776322800.0,4806.2,4808.6,4797.6,4799.62,451.3104
1776326400.0,4799.63,4799.63,4788.06,4793.44,470.8369
1776330000.0,4793.44,4797.35,4787.84,4793.21,624.2368
1776333600.0,4793.21,4798.0,4787.32,4797.99,733.4647
1776337200.0,4797.99,4801.86,4796.53,4801.66,1124.5251
1776340800.0,4801.66,4803.54,4792.93,4796.83,2033.1108
1776344400.0,4796.83,4804.62,4770.0,4777.73,2451.1554
1776348000.0,4777.73,4787.82,4759.28,4772.71,3445.3611
1776351600.0,4772.7,4793.32,4771.92,4789.08,2988.8429
1776355200.0,4789.08,4789.83,4767.84,4774.98,1463.859
1776358800.0,4774.98,4776.12,4764.1,4770.69,1284.168
1776362400.0,4770.68,4776.1,4768.71,4771.45,1685.0776
1776366000.0,4771.46,4779.8,4771.45,4776.51,708.8151
1776369600.0,4776.51,4776.51,4769.13,4771.97,945.9172
1776373200.0,4771.97,4771.98,4763.44,4769.67,404.97
1776376800.0,4769.68,4777.35,4769.68,4777.28,837.2388
1776380400.0,4777.28,4777.28,4773.09,4773.09,795.6637
1776384000.0,4773.1,4779.71,4767.66,4775.23,2334.7235
1776387600.0,4775.22,4775.23,4751.83,4769.82,2571.8787
1776391200.0,4769.82,4774.57,4765.84,4766.04,4267.98
1776394800.0,4766.04,4777.38,4766.04,4774.33,6982.6874
1776398400.0,4774.33,4785.9,4774.22,4785.9,7704.691
1776402000.0,4785.9,4788.0,4780.07,4780.21,8121.6776
1776405600.0,4780.22,4780.22,4765.0,4769.28,12883.8737
1776409200.0,4769.28,4775.57,4766.4,4770.17,36004.9807
1776412800.0,4770.17,4777.74,4766.05,4777.73,99427.1011
1776416400.0,4777.73,4780.93,4774.6,4775.4,415.3667
1776420000.0,4775.4,4776.1,4766.0,4770.22,123.8341
1776423600.0,4770.22,4790.32,4768.13,4779.98,246.753
1776427200.0,4779.99,4825.62,4779.37,4823.82,1051.3906
1776430800.0,4823.96,4865.08,4813.38,4855.85,1324.6941
1776434400.0,4855.86,4860.9,4837.69,4851.36,1007.7082
1776438000.0,4851.36,4857.42,4835.26,4846.2,1065.8728
1776441600.0,4846.21,4852.8,4843.53,4848.07,381.4577
1776445200.0,4848.06,4848.87,4833.15,4842.0,316.0865
1776448800.0,4842.08,4845.77,4833.96,4836.77,76.0327
1776452400.0,4836.77,4837.53,4831.53,4831.53,50.2754
1776456000.0,4831.5,4832.11,4810.14,4810.75,139.5666
1776459600.0,4810.46,4815.35,4810.0,4812.16,70.4809
1776463200.0,4812.16,4818.48,4810.0,4810.68,33.189
1776466800.0,4810.68,4816.78,4810.44,4814.84,61.5283
1776470400.0,4814.84,4822.02,4814.28,4822.01,58.5406
1776474000.0,4822.02,4826.43,4817.26,4818.23,57.0556
1776477600.0,4818.23,4823.82,4815.72,4817.82,64.2729
1776481200.0,4817.82,4817.82,4811.73,4813.03,28.3011
1776484800.0,4813.02,4814.8,4812.34,4812.34,29.2034
1776488400.0,4812.35,4812.35,4808.55,4808.81,18.1512
1776492000.0,4808.82,4813.15,4808.81,4812.79,74.7156
1776495600.0,4812.81,4812.81,4805.0,4805.01,16.5578
1776499200.0,4805.0,4807.53,4798.58,4804.82,107.0907
1776502800.0,4804.82,4804.82,4799.51,4800.5,20.9109
1776506400.0,4800.26,4800.64,4796.79,4797.88,23.0215
1776510000.0,4797.87,4797.87,4789.01,4789.02,30.3937
1776513600.0,4789.01,4789.65,4783.01,4785.59,26.9492
1776517200.0,4785.61,4788.75,4785.0,4788.75,39.5977
1776520800.0,4788.82,4791.69,4787.28,4790.75,29.3544
1776524400.0,4790.75,4795.75,4790.74,4791.02,14.3931
1776528000.0,4791.03,4794.99,4787.64,4790.62,15.2152
1776531600.0,4790.63,4794.93,4790.63,4793.5,19.3731
1776535200.0,4793.5,4793.5,4781.24,4782.44,13.6618
1776538800.0,4782.45,4788.6,4777.27,4782.94,26.729
1776542400.0,4782.99,4787.75,4782.68,4787.74,24.062
1776546000.0,4787.75,4788.74,4779.25,4779.25,56.6641
1776549600.0,4779.26,4784.34,4779.26,4783.24,20.6376
1776553200.0,4783.25,4785.68,4776.25,4776.26,13.4404
1776556800.0,4776.01,4776.9,4769.16,4776.9,67.9677
1776560400.0,4776.9,4781.0,4773.74,4777.25,29.2694
1776564000.0,4777.0,4779.24,4776.5,4777.0,11.6771
1776567600.0,4776.99,4778.49,4772.51,4775.02,61.9344
1776571200.0,4775.75,4785.5,4775.75,4778.59,49.9023
1776574800.0,4778.59,4780.09,4777.61,4778.5,13.7379
1776578400.0,4778.5,4778.5,4771.5,4775.4,37.7716
1776582000.0,4775.4,4779.44,4770.66,4779.44,11.5791
1776585600.0,4779.43,4780.99,4777.3,4780.16,40.9265
1776589200.0,4780.16,4780.79,4772.5,4773.2,48.8142
1776592800.0,4773.2,4777.94,4773.19,4777.18,58.5322
1776596400.0,4777.19,4779.73,4774.55,4778.33,36.4573
1776600000.0,4778.33,4783.21,4775.51,4782.4,104.8899
1776603600.0,4782.34,4790.8,4782.34,4787.16,51.9264
1776607200.0,4787.01,4790.35,4783.6,4788.22,45.2701
1776610800.0,4788.22,4795.0,4786.75,4790.02,50.4998
1776614400.0,4790.02,4795.09,4788.84,4790.0,32.5241
1776618000.0,4790.0,4790.0,4778.32,4779.95,41.065
1776621600.0,4779.95,4780.01,4774.43,4775.52,46.0804
1776625200.0,4775.52,4780.72,4775.51,4778.91,28.6733
1776628800.0,4779.0,4779.0,4768.0,4768.01,32.4262
1776632400.0,4768.0,4768.01,4762.75,4762.75,23.3124
1776636000.0,4762.76,4772.26,4745.01,4758.35,550.8606
1776639600.0,4758.01,4759.0,4721.32,4735.75,253.4162
1776643200.0,4735.51,4756.54,4725.88,4755.08,173.1644
1776646800.0,4755.07,4791.0,4754.2,4785.55,222.5923
1776650400.0,4785.55,4786.01,4771.83,4774.75,59.6872
1776654000.0,4774.99,4775.74,4768.51,4771.02,32.9148
1776657600.0,4771.01,4773.57,4767.21,4768.04,114.4543
1776661200.0,4768.05,4772.92,4759.0,4769.17,112.9236
1776664800.0,4769.09,4773.34,4764.5,4773.34,54.9806
1776668400.0,4773.62,4783.32,4766.58,4767.66,85.0888
1776672000.0,4767.83,4773.96,4765.86,4773.96,92.9383
1776675600.0,4773.96,4775.77,4765.47,4772.03,62.6268
1776679200.0,4772.03,4779.71,4770.86,4774.88,41.7005
1776682800.0,4774.88,4789.69,4767.55,4789.44,61.39
1776686400.0,4789.19,4799.33,4778.91,4782.58,167.5582
1776690000.0,4782.59,4804.07,4779.55,4796.9,138.4532
1776693600.0,4796.9,4804.05,4772.89,4782.99,181.8973
1776697200.0,4782.99,4789.02,4773.31,4781.27,113.5716
1776700800.0,4781.26,4787.84,4776.41,4787.45,103.1888
1776704400.0,4787.46,4790.79,4785.25,4786.31,80.631
1776708000.0,4786.31,4795.83,4786.31,4794.48,23.6126
1776711600.0,4794.41,4799.17,4790.99,4793.22,20.391
1776715200.0,4793.22,4799.7,4793.14,4799.09,12.2688
1776718800.0,4799.27,4801.5,4796.28,4801.49,36.5084
1776722400.0,4801.5,4810.42,4801.5,4806.81,119.6637
1776726000.0,4806.83,4809.9,4800.56,4800.65,9.7635
1776729600.0,4800.79,4809.37,4796.93,4803.77,42.981
1776733200.0,4803.76,4803.76,4787.67,4790.47,38.0608
1776736800.0,4790.65,4790.65,4782.02,4784.96,174.191
1776740400.0,4784.96,4784.96,4770.6,4774.88,366.6699
1776744000.0,4774.88,4775.65,4767.64,4769.82,427.5085
1776747600.0,4769.76,4775.83,4766.8,4767.68,59.6997
1776751200.0,4767.67,4771.05,4759.31,4762.63,69.0025
1776754800.0,4762.62,4775.15,4758.0,4769.67,23.026
1776758400.0,4769.68,4775.24,4760.25,4771.4,59.6017
1776762000.0,4771.4,4772.24,4766.37,4768.62,30.7468
1776765600.0,4768.62,4774.98,4766.43,4774.12,25.4685
1776769200.0,4774.13,4780.44,4762.33,4779.49,63.2974
1776772800.0,4779.6,4780.52,4755.67,4765.09,129.163
1776776400.0,4765.09,4776.86,4750.0,4763.33,141.1507
1776780000.0,4763.34,4767.13,4714.24,4727.94,243.9445
1776783600.0,4727.94,4744.32,4718.16,4729.8,157.5953
1776787200.0,4729.53,4734.45,4700.0,4701.31,323.4232
1776790800.0,4701.32,4710.29,4688.67,4698.33,309.1895
1776794400.0,4698.33,4700.75,4681.46,4696.02,73.2007
1776798000.0,4696.02,4701.04,4657.56,4667.84,137.9264
1776801600.0,4668.29,4708.76,4660.74,4708.76,184.8267
1776805200.0,4708.78,4714.75,4708.68,4714.74,51.3106
1776808800.0,4714.29,4716.41,4705.01,4707.51,163.5393
1776812400.0,4708.21,4727.75,4707.6,4727.24,42.3782
1776816000.0,4726.77,4733.73,4725.5,4726.53,41.1901
1776819600.0,4726.06,4739.5,4722.77,4738.65,55.876
1776823200.0,4738.65,4745.73,4737.32,4743.85,83.9805
1776826800.0,4743.85,4751.0,4741.99,4745.36,81.3383
1776830400.0,4745.35,4746.19,4739.66,4741.25,69.5737
1776834000.0,4741.24,4758.96,4739.68,4755.48,162.8598
1776837600.0,4755.48,4755.49,4749.0,4753.9,49.4995
1776841200.0,4753.91,4757.31,4747.4,4748.06,68.7798
1776844800.0,4748.06,4748.07,4738.34,4743.59,77.5323
1776848400.0,4743.6,4747.32,4740.63,4742.47,50.2952
1776852000.0,4742.48,4745.33,4734.66,4745.33,52.8807
1776855600.0,4745.32,4745.99,4736.0,4737.65,36.5001
1776859200.0,4738.07,4744.19,4730.0,4730.2,73.6799
1776862800.0,4730.2,4744.6,4723.03,4738.15,121.9521
1776866400.0,4738.15,4741.72,4716.0,4720.3,150.1504
1776870000.0,4720.29,4723.7,4709.19,4712.21,245.9611
1776873600.0,4712.21,4716.79,4708.45,4712.28,146.588
1776877200.0,4712.29,4723.0,4712.28,4721.57,62.8587
1776880800.0,4721.56,4731.8,4714.29,4723.48,125.7676
1776884400.0,4723.48,4725.6,4720.0,4722.8,56.9755
1776888000.0,4722.61,4723.11,4719.2,4721.99,27.943
1776891600.0,4722.0,4726.58,4721.99,4726.17,17.1901
1776895200.0,4726.17,4726.17,4711.22,4711.22,37.093
1776898800.0,4711.21,4711.96,4707.17,4710.44,30.2646
1776902400.0,4710.43,4733.19,4680.41,4728.8,486.1049
1776906000.0,4729.0,4730.4,4705.69,4705.7,56.0813
1776909600.0,4705.71,4705.71,4683.21,4683.31,107.6561
1776913200.0,4683.32,4691.59,4683.16,4687.38,110.6873
1776916800.0,4687.38,4689.09,4683.47,4687.21,53.5332
1776920400.0,4687.21,4697.14,4676.51,4696.79,69.5586
1776924000.0,4696.8,4704.2,4693.61,4697.5,42.5504
1776927600.0,4697.49,4703.85,4689.2,4703.69,80.6836
1776931200.0,4703.42,4706.99,4686.98,4689.09,52.3042
1776934800.0,4689.08,4689.08,4681.03,4682.37,40.5709
1776938400.0,4682.42,4685.58,4671.15,4683.38,122.24
1776942000.0,4683.38,4704.9,4682.98,4704.89,73.0593
1776945600.0,4704.89,4725.72,4704.89,4723.02,146.5087
1776949200.0,4723.03,4723.2,4707.66,4709.17,110.4464
1776952800.0,4709.16,4719.73,4702.15,4718.32,74.242
1776956400.0,4718.31,4723.61,4702.71,4705.73,73.0039
1776960000.0,4705.73,4720.6,4703.05,4715.09,164.179
1776963600.0,4715.09,4716.51,4656.0,4696.64,431.7853
1776967200.0,4696.74,4707.98,4687.29,4687.29,85.6509
1776970800.0,4687.73,4690.07,4678.93,4683.97,38.8769
1776974400.0,4683.96,4685.39,4676.77,4681.43,25.444
1776978000.0,4681.28,4692.02,4681.28,4692.01,25.2204
1776981600.0,4692.01,4692.01,4682.03,4683.49,80.135
1776985200.0,4683.5,4690.7,4679.03,4686.25,76.8756
1776988800.0,4686.5,4696.67,4682.51,4694.23,59.5033
1776992400.0,4694.41,4699.48,4682.03,4689.68,44.9591
1776996000.0,4689.66,4689.67,4663.84,4667.16,92.0414
1776999600.0,4667.16,4667.59,4659.24,4661.74,120.3988
1777003200.0,4662.03,4665.82,4650.02,4665.19,142.5079
1777006800.0,4665.18,4675.68,4660.77,4675.5,57.0382
1777010400.0,4675.5,4676.23,4658.99,4663.62,91.8176
1777014000.0,4663.61,4683.43,4662.59,4683.42,88.2729
1777017600.0,4683.42,4684.68,4675.08,4680.51,34.7111
1777021200.0,4680.54,4683.77,4670.01,4671.51,54.9134
1777024800.0,4671.52,4674.62,4666.5,4668.31,26.4092
1777028400.0,4668.31,4703.57,4668.31,4693.48,148.0233
1777032000.0,4693.41,4697.1,4679.11,4687.73,86.5758
1777035600.0,4687.74,4702.87,4678.75,4697.08,94.1326
1777039200.0,4697.3,4722.86,4693.18,4709.69,242.9094
1777042800.0,4709.88,4717.62,4700.88,4710.71,103.1516
1777046400.0,4710.72,4712.75,4704.66,4712.12,48.1472
1777050000.0,4712.12,4714.0,4704.83,4709.49,19.7402
1777053600.0,4709.49,4709.69,4703.73,4708.25,28.2888
1777057200.0,4708.26,4711.0,4698.29,4700.88,87.5404
1777060800.0,4700.7,4700.7,4684.86,4688.88,452.0512
1777064400.0,4688.83,4689.06,4685.1,4687.81,57.791
1777068000.0,4687.81,4693.81,4687.63,4690.98,29.1691
1777071600.0,4690.97,4692.03,4690.57,4690.58,4.4717
1777075200.0,4690.58,4693.0,4690.57,4692.94,11.0693
1777078800.0,4692.93,4693.14,4692.93,4693.14,5.1775
1777082400.0,4693.13,4693.81,4693.13,4693.81,2.9219
1777086000.0,4693.81,4694.9,4693.8,4694.26,11.2145
1777089600.0,4694.27,4701.0,4694.26,4696.58,65.8873
1777093200.0,4696.58,4696.58,4695.25,4695.25,5.3928
1777096800.0,4695.26,4695.26,4694.99,4694.99,7.907
1777100400.0,4695.0,4695.0,4693.63,4693.63,6.5163
1777104000.0,4693.64,4698.23,4693.63,4697.04,22.9121
1777107600.0,4697.05,4700.99,4697.04,4699.75,15.5139
1777111200.0,4699.76,4699.76,4698.89,4698.89,5.3396
1777114800.0,4698.89,4699.35,4697.1,4698.42,21.5788
1777118400.0,4698.31,4698.31,4694.84,4694.89,22.7148
1777122000.0,4694.89,4696.59,4692.86,4696.48,21.974
1777125600.0,4696.49,4696.49,4696.48,4696.49,8.1446
1777129200.0,4696.49,4696.5,4693.79,4693.79,16.0187
1777132800.0,4693.79,4693.8,4690.65,4693.27,35.6743
1777136400.0,4693.28,4693.28,4691.33,4691.34,15.2851
1777140000.0,4691.33,4691.99,4691.33,4691.98,4.7705
1777143600.0,4691.99,4691.99,4691.69,4691.98,9.7889
1777147200.0,4691.97,4693.09,4691.39,4693.08,7.2852
1777150800.0,4693.09,4693.88,4691.8,4691.8,13.1108
1777154400.0,4691.81,4695.4,4691.8,4693.71,25.0499
1777158000.0,4693.72,4693.72,4688.1,4688.1,8.2816
1777161600.0,4688.11,4688.97,4685.74,4688.96,19.7831
1777165200.0,4688.97,4690.08,4688.79,4690.07,4.4296
1777168800.0,4690.07,4691.54,4690.07,4690.81,14.1134
1777172400.0,4690.81,4692.24,4690.81,4691.73,8.0718
1777176000.0,4691.74,4693.49,4691.73,4692.74,13.2778
1777179600.0,4692.75,4692.75,4691.07,4691.07,7.5796
1777183200.0,4691.08,4692.45,4689.78,4691.5,14.2136
1777186800.0,4691.51,4691.51,4691.0,4691.11,9.0861
1777190400.0,4691.11,4693.01,4691.11,4693.0,11.2458
1777194000.0,4693.01,4693.43,4692.48,4692.49,16.5224
1777197600.0,4692.49,4693.44,4692.49,4693.44,18.9965
1777201200.0,4693.43,4695.45,4691.11,4695.45,21.2986
1777204800.0,4695.46,4699.2,4695.46,4699.0,22.2019
1777208400.0,4699.0,4702.19,4699.0,4702.19,52.1173
1777212000.0,4702.18,4705.75,4702.18,4702.91,36.1147
1777215600.0,4702.87,4703.42,4699.4,4700.05,29.7869
1777219200.0,4700.05,4705.4,4700.0,4701.76,44.7452
1777222800.0,4701.75,4708.42,4701.75,4707.24,82.1986
1777226400.0,4707.25,4709.48,4705.29,4705.57,25.3505
1777230000.0,4705.58,4708.21,4703.77,4705.24,15.6658
1777233600.0,4705.25,4706.58,4697.92,4699.49,19.5818
1777237200.0,4699.49,4700.6,4693.48,4697.67,35.0617
1777240800.0,4697.67,4697.67,4673.26,4678.57,210.5263
1777244400.0,4678.56,4679.49,4670.0,4675.48,92.1852
1777248000.0,4674.75,4687.89,4668.01,4687.89,94.8298
1777251600.0,4687.89,4698.0,4681.1,4690.64,92.4892
1777255200.0,4690.65,4707.0,4684.24,4703.82,134.373
1777258800.0,4703.82,4713.48,4700.75,4707.58,106.4478
1777262400.0,4707.59,4711.15,4704.5,4707.22,77.9834
1777266000.0,4707.13,4707.13,4692.34,4692.96,55.4463
1777269600.0,4692.96,4698.43,4692.75,4697.14,59.0059
1777273200.0,4697.0,4701.14,4692.87,4695.46,66.5042
1777276800.0,4695.46,4696.72,4689.12,4690.68,38.3416
1777280400.0,4690.68,4691.84,4685.74,4689.21,56.027
1777284000.0,4689.2,4694.77,4686.47,4693.72,36.5162
1777287600.0,4693.72,4693.72,4686.59,4689.55,38.7668
1777291200.0,4689.41,4696.64,4684.01,4684.7,36.3252
1777294800.0,4684.79,4688.0,4675.98,4682.91,115.3831
1777298400.0,4682.91,4684.46,4667.1,4667.14,148.881
1777302000.0,4667.13,4670.27,4657.9,4659.78,163.1611
1777305600.0,4659.77,4667.1,4657.87,4665.36,42.0916
1777309200.0,4665.37,4673.79,4659.61,4672.17,61.1449
1777312800.0,4672.17,4674.62,4669.24,4671.71,43.9775
1777316400.0,4671.7,4675.93,4669.5,4674.01,178.3328
1777320000.0,4674.02,4677.39,4671.26,4677.17,106.8532
1777323600.0,4677.18,4680.96,4677.18,4680.64,36.7683
1777327200.0,4680.64,4685.74,4677.66,4682.62,71.5152
1777330800.0,4682.73,4688.09,4682.73,4685.92,45.0136
1777334400.0,4685.93,4691.88,4682.61,4682.61,39.5784
1777338000.0,4682.61,4682.61,4662.53,4664.32,70.7609
1777341600.0,4664.32,4673.46,4662.0,4663.9,80.355
1777345200.0,4663.9,4668.78,4663.9,4664.76,31.1941
1777348800.0,4664.77,4664.77,4661.46,4662.77,19.6224
1777352400.0,4662.77,4662.77,4625.37,4632.76,559.2674
1777356000.0,4632.76,4640.72,4620.0,4625.49,537.3348
1777359600.0,4625.34,4633.53,4617.11,4627.8,207.0199
1777363200.0,4627.99,4630.15,4611.23,4625.64,288.2489
1777366800.0,4625.63,4625.63,4601.0,4602.79,1532.6854
1777370400.0,4602.8,4612.15,4600.0,4601.22,124.7735
1777374000.0,4601.21,4605.19,4551.35,4559.85,1328.8497
1777377600.0,4560.0,4593.4,4550.51,4588.39,597.2772
1777381200.0,4588.39,4589.8,4570.01,4578.92,364.63
1777384800.0,4578.6,4578.6,4557.01,4572.2,533.7131
1777388400.0,4572.4,4581.8,4566.02,4581.4,159.0293
1777392000.0,4581.59,4590.12,4575.9,4588.04,90.411
1777395600.0,4588.03,4595.6,4582.15,4590.58,79.1019
1777399200.0,4590.59,4595.7,4588.82,4590.66,50.1053
1777402800.0,4590.67,4596.39,4590.59,4592.19,52.481
1777406400.0,4592.39,4594.18,4587.81,4592.39,42.8539
1777410000.0,4592.19,4595.6,4590.01,4595.6,70.4325
1777413600.0,4595.59,4595.99,4589.13,4589.78,66.7108
1777417200.0,4589.99,4590.57,4584.97,4590.57,43.9606
1777420800.0,4590.56,4604.4,4590.35,4594.05,74.2778
1777424400.0,4594.34,4594.34,4572.03,4580.8,101.3724
1777428000.0,4580.8,4597.2,4580.8,4588.5,63.5389
1777431600.0,4588.5,4597.8,4588.31,4590.85,22.1024
1777435200.0,4590.86,4598.6,4590.86,4598.51,51.6049
1777438800.0,4598.52,4599.85,4588.0,4588.0,115.7603
1777442400.0,4587.8,4592.98,4578.6,4580.93,83.2259
1777446000.0,4580.94,4584.34,4567.41,4567.69,89.7687
1777449600.0,4567.69,4574.12,4559.01,4572.61,117.461
1777453200.0,4572.6,4577.55,4553.11,4556.36,168.1085
1777456800.0,4556.35,4574.18,4556.35,4569.76,64.5392
1777460400.0,4569.76,4571.31,4560.49,4562.42,82.9066
1777464000.0,4562.14,4568.33,4542.88,4545.82,236.6634
1777467600.0,4545.82,4553.6,4516.77,4529.82,538.0618
1777471200.0,4529.72,4545.61,4525.41,4542.14,263.339
1777474800.0,4541.47,4556.97,4537.84,4547.47,258.7007
1777478400.0,4547.47,4562.7,4546.89,4546.9,148.5775
1777482000.0,4546.99,4553.96,4542.91,4547.65,116.642
1777485600.0,4547.84,4553.72,4523.41,4541.87,284.0875
1777489200.0,4541.88,4551.85,4536.85,4546.87,122.1684
1777492800.0,4546.87,4552.96,4542.48,4545.68,33.7437
1777496400.0,4545.68,4553.72,4545.68,4551.03,22.632
1777500000.0,4551.02,4551.02,4540.36,4550.48,145.7916
1777503600.0,4550.47,4559.97,4550.05,4559.97,13.0599
1777507200.0,4559.97,4572.0,4556.69,4567.22,77.8441
1777510800.0,4567.51,4578.78,4564.33,4576.27,91.0607
1777514400.0,4576.28,4577.92,4558.52,4563.3,76.7344
1777518000.0,4563.3,4566.76,4555.97,4556.09,38.224
1777521600.0,4556.05,4556.06,4541.89,4541.89,82.1155
1777525200.0,4541.74,4565.7,4541.74,4560.42,45.8527
1777528800.0,4560.46,4587.0,4558.26,4586.0,160.1088
1777532400.0,4585.98,4599.54,4581.61,4593.45,149.3116
1777536000.0,4593.46,4622.32,4593.46,4610.79,199.91
1777539600.0,4610.79,4624.6,4607.97,4616.38,456.0274
1777543200.0,4616.39,4635.61,4615.38,4628.43,269.5205
1777546800.0,4628.43,4635.8,4618.6,4621.69,178.9189
1777550400.0,4621.69,4631.05,4618.52,4631.04,169.7624
1777554000.0,4631.05,4636.58,4603.84,4604.11,298.0495
1777557600.0,4604.1,4616.55,4602.7,4610.76,203.5402
1777561200.0,4610.57,4615.13,4602.9,4606.35,90.3936
1777564800.0,4606.35,4608.48,4597.58,4600.01,106.8233
1777568400.0,4600.02,4611.85,4600.02,4608.06,30.0437
1777572000.0,4608.06,4615.99,4608.06,4615.0,40.35
1777575600.0,4615.01,4618.22,4606.77,4607.68,52.2335
1777579200.0,4608.1,4611.9,4607.63,4611.87,13.0447
1777582800.0,4611.87,4611.87,4608.37,4609.3,28.8569
1777586400.0,4609.31,4624.19,4609.31,4618.44,150.0503
1777590000.0,4618.45,4620.94,4615.17,4615.21,37.002
1777593600.0,4615.2,4618.2,4608.33,4608.88,51.8599
1777597200.0,4608.87,4610.05,4604.11,4609.71,41.5498
1777600800.0,4609.71,4622.6,4605.79,4607.33,43.5129
1777604400.0,4607.33,4618.83,4606.66,4613.98,44.7972
1777608000.0,4614.19,4615.73,4600.19,4600.22,36.2993
1777611600.0,4600.22,4605.13,4594.26,4595.27,33.5102
1777615200.0,4595.6,4597.87,4583.83,4586.59,50.1896
1777618800.0,4586.59,4588.49,4571.23,4572.83,171.2649
1777622400.0,4572.84,4576.14,4563.05,4565.0,270.5759
1777626000.0,4565.0,4571.58,4560.77,4562.07,161.5536
1777629600.0,4562.08,4575.76,4562.07,4567.6,82.1072
1777633200.0,4567.61,4579.13,4564.0,4578.79,56.1396
1777636800.0,4578.79,4604.16,4575.77,4585.67,195.8069
1777640400.0,4585.67,4619.87,4581.16,4617.21,590.0966
1777644000.0,4617.21,4647.86,4616.4,4620.92,611.2684
1777647600.0,4620.65,4634.73,4609.22,4629.45,247.6859
1777651200.0,4629.95,4635.32,4620.96,4625.7,121.6767
1777654800.0,4625.71,4628.59,4614.65,4618.03,70.6306
1777658400.0,4618.04,4618.04,4603.49,4612.46,67.9947
1777662000.0,4612.61,4615.5,4600.19,4601.22,35.1714
1777665600.0,4601.38,4605.3,4599.02,4602.58,28.1334
1777669200.0,4602.57,4605.35,4600.4,4603.41,194.2337
1777672800.0,4603.41,4603.59,4601.81,4601.93,13.1671
1777676400.0,4601.94,4603.43,4601.93,4602.99,14.0335
1777680000.0,4603.0,4603.32,4602.02,4602.04,9.9022
1777683600.0,4602.04,4602.76,4602.03,4602.75,6.4798
1777687200.0,4602.75,4603.6,4602.03,4603.59,23.2236
1777690800.0,4603.59,4603.59,4603.14,4603.14,3.2259
1777694400.0,4603.15,4603.15,4602.06,4602.06,8.8237
1777698000.0,4602.06,4602.07,4600.61,4600.61,23.9428
1777701600.0,4600.62,4600.72,4598.59,4599.31,32.6948
1777705200.0,4599.32,4601.46,4599.31,4600.2,5.9774
1777708800.0,4600.21,4600.4,4599.52,4600.39,7.9905
1777712400.0,4600.39,4600.84,4600.08,4600.84,22.2285
1777716000.0,4600.87,4601.93,4600.86,4601.92,5.5324
1777719600.0,4601.92,4601.93,4601.77,4601.77,8.1699
1777723200.0,4601.78,4601.78,4601.68,4601.69,7.6241
1777726800.0,4601.69,4604.85,4601.68,4602.0,37.5304
1777730400.0,4601.99,4602.6,4601.7,4602.59,30.7209
1777734000.0,4602.59,4603.4,4602.59,4603.4,15.1553
1777737600.0,4603.59,4603.91,4603.01,4603.27,20.085
1777741200.0,4603.27,4603.27,4597.29,4598.2,36.8478
1777744800.0,4598.2,4599.82,4598.19,4599.21,17.8995
1777748400.0,4599.2,4600.74,4599.2,4599.91,14.9742
1777752000.0,4599.91,4599.91,4599.4,4599.4,7.9993
1777755600.0,4599.41,4603.91,4599.0,4599.37,23.7831
1777759200.0,4599.37,4599.37,4597.44,4599.3,15.7965
1777762800.0,4599.3,4599.3,4597.46,4598.38,15.347
1777766400.0,4598.39,4599.59,4597.45,4597.46,16.4918
1777770000.0,4597.46,4597.61,4597.45,4597.45,4.8395
1777773600.0,4597.45,4598.28,4597.45,4598.28,11.3106
1777777200.0,4598.28,4599.35,4598.27,4599.35,10.8812
1777780800.0,4599.35,4600.87,4599.34,4600.85,11.3956
1777784400.0,4600.86,4602.72,4599.75,4602.71,20.4453
1777788000.0,4602.72,4603.95,4602.72,4603.4,18.4199
1777791600.0,4603.41,4603.55,4603.07,4603.38,12.641
1777795200.0,4603.37,4607.3,4603.37,4605.17,13.9045
1777798800.0,4605.17,4607.51,4605.17,4607.5,4.9315
1777802400.0,4607.51,4608.24,4607.51,4608.24,5.4727
1777806000.0,4608.24,4610.86,4608.23,4610.7,30.9805
1777809600.0,4610.71,4615.28,4610.71,4614.57,44.6695
1777813200.0,4614.58,4614.84,4612.37,4613.51,17.7108
1777816800.0,4613.51,4616.75,4609.42,4614.66,120.772
1777820400.0,4614.67,4616.51,4612.75,4614.17,52.4262
1777824000.0,4614.18,4617.57,4612.45,4612.45,60.7668
1777827600.0,4612.45,4614.76,4608.4,4612.21,65.058
1777831200.0,4612.22,4616.88,4610.55,4613.69,53.1351
1777834800.0,4613.68,4618.55,4611.56,4615.54,51.9069
1777838400.0,4615.65,4618.57,4615.2,4618.17,25.5169
1777842000.0,4618.17,4632.58,4618.17,4630.19,113.7983
1777845600.0,4630.19,4630.19,4607.2,4612.01,384.3351
1777849200.0,4611.88,4613.19,4604.6,4605.7,66.8986
1777852800.0,4605.69,4609.8,4596.62,4606.56,98.9187
1777856400.0,4606.57,4607.8,4589.5,4607.26,139.8088
1777860000.0,4607.26,4611.38,4586.87,4600.88,183.8784
1777863600.0,4600.87,4609.2,4594.2,4608.4,122.1083
1777867200.0,4608.2,4608.2,4599.0,4599.65,56.5626
1777870800.0,4599.65,4605.39,4587.81,4594.2,93.3606
1777874400.0,4594.2,4594.8,4580.0,4584.41,117.4297
1777878000.0,4584.4,4588.54,4576.2,4576.2,102.1513
1777881600.0,4576.0,4578.0,4571.63,4573.42,111.2316
1777885200.0,4573.37,4578.8,4568.21,4571.05,325.1316
1777888800.0,4570.93,4570.93,4525.21,4560.0,677.1057
1777892400.0,4560.0,4566.39,4549.21,4556.58,116.2837
1777896000.0,4556.57,4573.12,4556.49,4563.61,93.974
1777899600.0,4563.6,4570.0,4553.4,4560.2,356.9706
1777903200.0,4560.15,4576.39,4551.16,4556.81,220.7772
1777906800.0,4556.62,4560.39,4514.05,4523.0,779.2833
1777910400.0,4523.0,4528.8,4504.07,4512.8,651.2792
1777914000.0,4512.8,4532.79,4512.8,4522.81,361.8054
1777917600.0,4522.75,4524.99,4510.77,4515.99,115.4404
1777921200.0,4516.0,4525.19,4512.2,4517.8,115.0948
1777924800.0,4517.99,4522.94,4513.63,4522.94,63.8547
1777928400.0,4522.94,4525.39,4522.01,4523.0,97.1932
1777932000.0,4522.8,4523.6,4515.65,4516.0,88.4664
1777935600.0,4516.0,4519.43,4515.82,4517.56,76.0729
1777939200.0,4517.28,4528.44,4513.1,4527.6,101.8482
1777942800.0,4527.61,4539.39,4524.61,4537.97,144.8716
1777946400.0,4537.98,4542.19,4532.86,4537.0,49.2543
1777950000.0,4536.94,4539.17,4530.31,4532.23,34.3854
1777953600.0,4532.24,4533.33,4526.2,4530.94,45.3687
1777957200.0,4530.93,4546.67,4529.08,4541.28,97.1464
1777960800.0,4541.28,4547.0,4532.22,4543.96,138.6291
1777964400.0,4543.96,4553.58,4540.06,4542.1,85.9618
1777968000.0,4542.11,4553.31,4542.11,4553.0,74.9057
1777971600.0,4553.0,4554.09,4547.57,4550.84,95.6416
1777975200.0,4550.83,4551.0,4537.45,4540.01,119.6345
1777978800.0,4539.9,4556.89,4535.7,4555.37,198.0398
1777982400.0,4555.38,4566.41,4548.94,4556.48,332.5533
1777986000.0,4556.48,4575.82,4556.48,4569.65,269.506
1777989600.0,4569.65,4577.22,4558.37,4574.36,245.188
1777993200.0,4574.36,4576.05,4562.33,4562.74,139.4768
1777996800.0,4562.52,4562.52,4549.0,4555.0,50.6227
1778000400.0,4554.69,4555.88,4548.26,4553.07,24.6852
1778004000.0,4553.07,4557.0,4550.83,4552.79,91.0898
1778007600.0,4553.08,4553.35,4545.5,4547.79,140.5551
1778011200.0,4547.8,4552.16,4547.49,4550.24,36.6524
1778014800.0,4550.24,4553.85,4548.56,4548.57,47.7323
1778018400.0,4548.57,4569.49,4541.69,4566.18,188.8119
1778022000.0,4566.19,4586.67,4563.95,4585.0,198.92
1778025600.0,4585.17,4607.66,4580.01,4606.2,269.4124
1778029200.0,4606.21,4615.17,4597.61,4612.61,158.1779
1778032800.0,4612.85,4626.96,4612.85,4626.0,106.1846
1778036400.0,4625.99,4637.02,4624.63,4629.51,147.5368
1778040000.0,4629.51,4638.63,4629.51,4635.43,106.6579
1778043600.0,4635.43,4646.92,4629.83,4646.65,159.7066
1778047200.0,4646.65,4652.21,4641.63,4651.97,125.1619
1778050800.0,4651.98,4665.82,4642.55,4665.82,149.8736
1778054400.0,4665.86,4689.28,4658.04,4686.46,262.4931
1778058000.0,4686.47,4694.23,4676.99,4690.47,196.0048
1778061600.0,4690.48,4709.98,4685.72,4707.13,374.233
1778065200.0,4706.89,4708.83,4678.75,4679.33,167.4057
1778068800.0,4679.23,4679.41,4650.0,4670.76,418.0215
1778072400.0,4671.09,4692.48,4659.27,4688.45,316.2476
1778076000.0,4688.44,4701.35,4685.0,4688.39,200.947
1778079600.0,4688.05,4690.31,4675.43,4675.44,73.5687
1778083200.0,4675.36,4677.69,4667.54,4669.93,369.1438
1778086800.0,4669.94,4673.04,4666.66,4671.03,58.8973
1778090400.0,4671.04,4677.08,4668.84,4674.14,44.2303
1778094000.0,4674.15,4686.66,4674.15,4680.61,38.6973
1778097600.0,4680.58,4686.22,4675.52,4679.03,22.5007
1778101200.0,4678.74,4682.19,4678.73,4681.46,20.6096
1778104800.0,4681.45,4686.07,4677.6,4682.47,30.5293
1778108400.0,4682.41,4685.99,4678.8,4685.28,15.8923
1778112000.0,4685.52,4687.6,4673.6,4675.2,55.0955
1778115600.0,4675.43,4706.64,4673.34,4701.57,73.5271
1778119200.0,4701.82,4704.71,4688.88,4695.84,175.3405
1778122800.0,4695.61,4696.31,4687.2,4687.21,29.0859
1778126400.0,4686.97,4687.43,4681.44,4684.56,29.8109
1778130000.0,4684.56,4693.4,4683.35,4689.83,49.2722
1778133600.0,4689.27,4731.83,4689.27,4723.19,351.1316
1778137200.0,4723.2,4733.16,4716.96,4728.35,135.7424
1778140800.0,4728.37,4736.66,4717.25,4717.25,199.7226
1778144400.0,4717.24,4724.16,4709.04,4717.8,212.4462
1778148000.0,4717.79,4726.68,4715.14,4723.75,82.1837
1778151600.0,4723.75,4729.19,4716.38,4728.56,61.5959
1778155200.0,4728.57,4736.45,4720.0,4734.2,374.2362
1778158800.0,4734.2,4742.96,4718.57,4732.57,152.6971
1778162400.0,4733.19,4749.42,4728.79,4749.42,211.5153
1778166000.0,4749.41,4750.68,4714.09,4715.21,318.7793
1778169600.0,4715.21,4715.97,4693.7,4707.41,341.8348
1778173200.0,4707.42,4711.13,4682.5,4704.84,253.9144
1778176800.0,4705.0,4707.64,4689.91,4703.15,113.6496
1778180400.0,4703.14,4704.83,4691.96,4696.91,140.503
1778184000.0,4696.91,4711.13,4679.15,4679.45,164.3975
1778187600.0,4679.94,4687.9,4678.0,4679.74,203.0842
1778191200.0,4679.74,4690.42,4672.34,4679.51,419.9538
1778194800.0,4679.51,4697.14,4679.5,4696.0,87.9207
1778198400.0,4696.16,4700.75,4687.5,4693.24,61.8091
1778202000.0,4692.61,4712.97,4692.61,4712.26,123.6163
1778205600.0,4712.26,4719.99,4698.0,4704.0,109.2572
1778209200.0,4703.75,4720.75,4702.51,4710.53,50.9302
1778212800.0,4710.53,4712.9,4700.51,4701.33,48.9751
1778216400.0,4701.34,4719.49,4700.75,4717.5,48.7111
1778220000.0,4717.25,4723.1,4704.06,4715.75,67.0957
1778223600.0,4715.74,4715.74,4691.01,4699.26,98.0942
1778227200.0,4699.25,4711.57,4698.61,4706.26,87.1986
1778230800.0,4706.25,4712.75,4698.76,4702.99,99.3506
1778234400.0,4702.93,4715.99,4702.26,4708.75,51.809
1778238000.0,4709.0,4715.54,4702.94,4706.41,58.8466
1778241600.0,4706.42,4717.09,4693.81,4710.41,493.4202
1778245200.0,4710.41,4734.23,4704.7,4734.23,139.6134
1778248800.0,4734.4,4736.15,4703.44,4705.91,143.6049
1778252400.0,4705.9,4709.1,4693.8,4698.76,73.2212
1778256000.0,4698.97,4709.41,4698.1,4703.34,40.7576
1778259600.0,4703.01,4712.73,4703.01,4711.73,72.8272
1778263200.0,4711.73,4717.46,4710.31,4712.18,22.2276
1778266800.0,4712.17,4715.16,4711.53,4713.08,47.2276
1778270400.0,4712.84,4712.85,4701.8,4702.18,35.954
1778274000.0,4702.18,4702.46,4701.01,4701.25,38.6889
1778277600.0,4701.24,4703.18,4701.24,4702.19,11.1471
1778281200.0,4702.19,4702.19,4700.89,4700.89,5.3968
1778284800.0,4700.9,4700.9,4700.41,4700.89,8.3732
1778288400.0,4700.9,4704.32,4700.9,4704.32,14.8274
1778292000.0,4704.32,4706.74,4701.94,4701.94,18.4437
1778295600.0,4701.95,4701.95,4698.13,4699.57,22.2904
1778299200.0,4699.58,4701.59,4698.41,4701.04,24.7148
1778302800.0,4701.05,4702.38,4700.88,4700.88,7.6984
1778306400.0,4700.89,4700.89,4699.0,4699.01,10.4372
1778310000.0,4699.01,4700.43,4699.01,4700.31,27.759
1778313600.0,4700.31,4700.31,4699.93,4699.93,8.4904
1778317200.0,4699.94,4700.73,4699.93,4700.26,11.6502
1778320800.0,4700.26,4700.27,4698.59,4699.1,11.7604
1778324400.0,4699.1,4699.95,4699.09,4699.95,15.8918
1778328000.0,4699.95,4700.08,4699.94,4700.06,4.8813
1778331600.0,4700.06,4701.01,4699.1,4700.41,76.4212
1778335200.0,4700.41,4700.74,4699.65,4700.09,18.6994
1778338800.0,4700.08,4700.9,4699.87,4700.5,15.767
1778342400.0,4700.5,4700.97,4698.99,4699.94,43.6572
1778346000.0,4699.95,4706.03,4699.63,4706.02,23.9595
1778349600.0,4706.03,4708.0,4705.86,4707.91,13.1747
1778353200.0,4707.92,4709.98,4706.73,4709.97,31.3553
1778356800.0,4709.97,4710.25,4709.59,4710.25,8.8808
1778360400.0,4710.26,4710.62,4709.76,4710.62,11.7898
1778364000.0,4710.62,4711.7,4709.54,4711.5,14.0736
1778367600.0,4711.5,4711.51,4708.56,4709.01,10.7078
1778371200.0,4709.01,4711.51,4709.01,4711.51,7.1849
1778374800.0,4711.51,4711.51,4707.35,4707.65,13.3818
1778378400.0,4707.64,4710.0,4707.64,4710.0,5.9748
1778382000.0,4710.2,4711.88,4710.19,4711.87,3.3595
1778385600.0,4711.88,4712.65,4711.4,4711.4,17.7978
1778389200.0,4711.41,4712.88,4710.87,4712.88,9.0153
1778392800.0,4712.88,4713.1,4712.18,4712.19,7.1895
1778396400.0,4712.19,4712.19,4710.0,4710.0,6.5724
1778400000.0,4710.0,4710.03,4707.79,4709.88,23.0568
1778403600.0,4709.87,4710.83,4708.86,4708.9,19.3081
1778407200.0,4708.9,4709.99,4708.49,4709.0,18.0634
1778410800.0,4709.01,4713.28,4709.0,4713.27,8.7193
1778414400.0,4713.34,4714.41,4711.29,4713.06,27.7432
1778418000.0,4713.07,4719.16,4713.06,4717.52,31.6842
1778421600.0,4717.51,4718.25,4716.14,4717.94,47.5133
1778425200.0,4717.95,4718.19,4717.78,4717.92,50.4276
1778428800.0,4717.92,4718.09,4716.35,4717.02,65.3557
1778432400.0,4717.02,4718.11,4716.39,4717.97,96.0409
1778436000.0,4717.97,4718.83,4716.68,4717.24,73.8306
1778439600.0,4717.24,4717.53,4712.85,4713.29,25.4019
1778443200.0,4713.28,4713.74,4695.05,4701.18,64.3704
1778446800.0,4701.18,4705.38,4693.68,4699.42,77.3558
1778450400.0,4699.64,4702.69,4677.0,4684.95,755.3561
1778454000.0,4684.95,4692.22,4682.51,4685.68,99.9319
1778457600.0,4685.67,4688.09,4666.21,4679.17,188.4963
1778461200.0,4679.18,4699.63,4671.26,4681.16,255.163
1778464800.0,4680.95,4694.8,4673.98,4677.2,108.9974
1778468400.0,4677.02,4683.8,4672.34,4674.51,61.5238
1778472000.0,4674.56,4674.78,4662.89,4666.85,127.4968
1778475600.0,4666.84,4674.33,4646.62,4649.92,178.7302
1778479200.0,4649.93,4675.71,4648.17,4674.79,105.0214
1778482800.0,4675.0,4675.95,4662.9,4665.32,56.2147
1778486400.0,4665.54,4674.77,4662.6,4665.2,86.8074
1778490000.0,4665.2,4666.73,4650.0,4655.01,54.1976
1778493600.0,4655.02,4663.66,4655.02,4661.82,72.4718
1778497200.0,4661.98,4672.25,4661.97,4669.5,57.6217
1778500800.0,4669.74,4695.45,4664.53,4693.51,162.7202
1778504400.0,4694.04,4737.76,4693.87,4727.52,474.0843
1778508000.0,4727.5,4728.42,4707.8,4718.29,177.9509
1778511600.0,4718.28,4728.57,4715.29,4722.63,81.5812
1778515200.0,4722.53,4723.72,4700.34,4706.64,61.1587
1778518800.0,4706.82,4714.95,4706.82,4713.3,41.7076
1778522400.0,4713.48,4719.05,4711.73,4716.01,17.5558
1778526000.0,4716.0,4725.18,4712.96,4722.84,24.7346
1778529600.0,4723.03,4726.78,4719.78,4723.19,48.201
1778533200.0,4723.18,4724.15,4717.5,4723.44,36.4679
1778536800.0,4723.45,4741.23,4723.45,4737.6,226.5923
1778540400.0,4737.61,4755.65,4733.19,4754.19,100.6243
1778544000.0,4754.19,4759.43,4738.02,4738.02,106.6127
1778547600.0,4738.0,4743.58,4711.57,4717.23,151.0786
1778551200.0,4717.44,4724.13,4714.53,4721.22,62.3849
1778554800.0,4721.01,4722.27,4709.52,4711.0,47.084
1778558400.0,4711.0,4720.41,4703.79,4706.1,53.205
1778562000.0,4705.9,4712.39,4701.41,4705.9,54.6735
1778565600.0,4705.89,4705.89,4686.0,4688.82,151.0548
1778569200.0,4688.46,4696.08,4679.44,4693.21,91.8063
1778572800.0,4693.21,4699.05,4690.99,4695.65,101.2496
1778576400.0,4695.65,4697.29,4688.64,4692.77,44.5619
1778580000.0,4692.77,4700.59,4679.32,4688.11,117.4046
1778583600.0,4688.27,4701.4,4681.62,4700.71,60.913
1778587200.0,4700.7,4706.99,4685.94,4701.24,115.1891
1778590800.0,4701.41,4703.7,4675.0,4676.33,168.695
1778594400.0,4676.41,4691.6,4668.01,4670.92,154.9239
1778598000.0,4670.93,4673.74,4642.19,4666.51,608.3358
1778601600.0,4666.51,4672.75,4664.92,4669.74,80.9366
1778605200.0,4669.82,4680.44,4669.82,4677.76,44.0786
1778608800.0,4677.76,4695.32,4675.51,4694.38,72.8918
1778612400.0,4694.38,4711.72,4694.38,4711.72,57.7814
1778616000.0,4711.89,4714.45,4708.39,4710.02,34.9878
1778619600.0,4710.01,4710.01,4703.81,4704.59,21.5226
1778623200.0,4704.6,4715.2,4704.6,4710.62,86.7397
1778626800.0,4710.62,4716.65,4709.81,4712.2,70.0269
1778630400.0,4712.06,4720.0,4706.69,4707.59,90.9864
1778634000.0,4707.6,4710.19,4695.54,4696.62,73.7857
1778637600.0,4696.73,4701.39,4685.01,4687.99,40.7143
1778641200.0,4687.99,4700.39,4685.6,4691.4,34.6545
1778644800.0,4691.4,4698.26,4691.21,4695.41,12.7677
1778648400.0,4695.59,4701.41,4688.87,4697.98,28.2187
1778652000.0,4697.98,4707.49,4694.98,4695.6,24.4161
1778655600.0,4695.6,4701.5,4692.5,4697.48,69.4875
1778659200.0,4697.48,4697.48,4690.65,4695.76,32.3768
1778662800.0,4695.76,4696.02,4682.13,4695.41,66.3802
1778666400.0,4695.4,4703.25,4688.46,4689.36,55.6749
1778670000.0,4689.36,4699.38,4686.6,4693.75,32.5314
1778673600.0,4693.75,4695.74,4673.99,4679.41,157.4519
1778677200.0,4679.41,4688.19,4666.7,4677.0,67.1255
1778680800.0,4676.8,4686.65,4671.1,4676.6,51.1263
1778684400.0,4676.6,4694.02,4676.01,4689.29,99.653
1778688000.0,4689.28,4704.82,4689.28,4690.71,517.4475
1778691600.0,4690.71,4695.0,4680.63,4680.64,102.4031
1778695200.0,4680.63,4688.39,4674.0,4680.61,30.5474
1778698800.0,4680.61,4684.54,4679.0,4682.39,29.0002
1778702400.0,4682.4,4686.59,4679.65,4683.82,25.056
1778706000.0,4684.0,4684.0,4681.97,4683.05,22.6443
1778709600.0,4683.05,4693.47,4683.05,4693.3,36.5345
1778713200.0,4693.29,4694.62,4687.41,4689.35,35.3294
1778716800.0,4689.35,4698.27,4683.47,4697.51,119.3294
1778720400.0,4697.52,4698.57,4678.78,4683.03,103.1708
1778724000.0,4683.04,4692.0,4675.36,4679.52,40.3501
1778727600.0,4679.52,4685.0,4668.0,4668.73,49.4502
1778731200.0,4668.48,4701.97,4663.32,4693.55,131.088
1778734800.0,4693.55,4695.22,4682.31,4682.33,53.328
1778738400.0,4682.32,4693.75,4679.86,4691.82,53.7699
1778742000.0,4691.82,4708.43,4684.9,4686.43,89.3014
1778745600.0,4686.43,4697.5,4685.79,4686.26,73.3298
1778749200.0,4686.27,4694.57,4682.26,4693.04,40.6361
1778752800.0,4693.04,4696.56,4685.41,4689.48,56.4014
1778756400.0,4689.49,4697.5,4684.21,4689.3,166.1858
1778760000.0,4688.86,4702.12,4687.21,4698.74,47.9954
1778763600.0,4698.75,4700.0,4663.33,4674.6,152.7044
1778767200.0,4674.6,4692.83,4673.2,4676.0,86.9193
1778770800.0,4675.96,4683.81,4673.95,4680.67,58.0885
1778774400.0,4680.68,4681.24,4668.0,4675.56,84.2917
1778778000.0,4675.57,4679.17,4673.76,4675.39,62.052
1778781600.0,4675.0,4675.0,4665.81,4669.29,77.1988
1778785200.0,4669.3,4669.3,4647.19,4651.78,199.4442
1778788800.0,4651.77,4654.71,4644.09,4652.17,78.9648
1778792400.0,4652.2,4659.43,4652.2,4657.5,67.6026
1778796000.0,4657.27,4661.4,4647.12,4661.17,201.5621
1778799600.0,4661.17,4663.48,4647.13,4651.81,137.7846
1778803200.0,4651.81,4656.15,4616.67,4631.25,555.2971
1778806800.0,4631.3,4631.85,4608.09,4613.28,377.1446
1778810400.0,4613.28,4621.86,4610.11,4617.28,89.4509
1778814000.0,4617.28,4620.77,4607.82,4615.37,179.2124
1778817600.0,4615.37,4620.85,4605.67,4605.67,102.9501
1778821200.0,4605.56,4605.57,4563.55,4563.61,492.4808
1778824800.0,4563.55,4583.25,4561.63,4573.8,226.0577
1778828400.0,4574.19,4592.16,4571.17,4576.73,125.8601
1778832000.0,4576.73,4577.96,4556.73,4558.21,340.2555
1778835600.0,4558.21,4566.9,4539.6,4551.8,418.9828
1778839200.0,4551.8,4573.6,4550.22,4567.56,330.2034
1778842800.0,4567.57,4571.99,4554.62,4555.96,186.8534
1778846400.0,4555.95,4562.09,4548.96,4550.95,175.2272
1778850000.0,4550.95,4559.99,4520.0,4539.02,564.3025
1778853600.0,4539.02,4568.75,4532.5,4566.26,319.4738
1778857200.0,4566.26,4568.6,4542.01,4547.49,270.3459
1778860800.0,4547.5,4555.46,4538.75,4552.24,97.0159
1778864400.0,4552.25,4569.34,4551.51,4565.24,99.1114
1778868000.0,4565.25,4568.0,4556.75,4564.26,133.9743
1778871600.0,4564.26,4564.73,4552.77,4552.99,47.2184
1778875200.0,4552.77,4552.9,4535.8,4541.5,739.3252
1778878800.0,4541.49,4541.97,4538.0,4538.74,36.6761
1778882400.0,4538.75,4543.0,4538.75,4541.7,57.4198
1778886000.0,4541.7,4542.74,4540.59,4542.11,25.4543
1778889600.0,4542.1,4542.96,4540.77,4541.76,44.3465
1778893200.0,4541.76,4542.25,4540.89,4542.0,15.7894
1778896800.0,4542.0,4542.87,4541.09,4541.45,36.5598
1778900400.0,4541.45,4542.95,4541.44,4542.71,82.6389
1778904000.0,4542.7,4542.75,4540.51,4541.84,45.5188
1778907600.0,4541.84,4542.95,4541.76,4542.69,118.6513
1778911200.0,4542.69,4542.71,4538.38,4538.39,29.5746
1778914800.0,4538.39,4538.39,4526.59,4535.99,93.2254
1778918400.0,4535.99,4536.58,4533.74,4535.76,48.5018
1778922000.0,4535.76,4535.76,4528.24,4531.67,106.0808
1778925600.0,4531.67,4531.75,4522.31,4528.06,222.3036
1778929200.0,4528.07,4529.67,4523.0,4529.0,411.3295
1778932800.0,4528.99,4532.0,4527.25,4532.0,21.2552
1778936400.0,4531.99,4533.45,4528.01,4529.75,37.5829
1778940000.0,4529.75,4533.7,4529.4,4533.7,24.2013
1778943600.0,4533.75,4542.71,4533.22,4536.5,137.9948
1778947200.0,4536.51,4538.43,4535.0,4537.16,35.7497
1778950800.0,4537.16,4537.75,4535.5,4536.0,14.1224
1778954400.0,4535.76,4540.18,4535.75,4540.15,18.7174
1778958000.0,4540.16,4540.55,4538.25,4538.25,9.9209
1778961600.0,4538.11,4538.98,4537.0,4537.01,18.685
1778965200.0,4537.01,4538.25,4534.03,4534.46,17.0244
1778968800.0,4534.46,4538.75,4533.6,4538.72,17.9929
1778972400.0,4538.73,4539.25,4538.25,4538.25,6.5027
1778976000.0,4538.26,4539.88,4538.05,4538.05,16.0883
1778979600.0,4538.06,4538.06,4532.67,4532.97,10.9934
1778983200.0,4532.97,4534.78,4532.97,4534.72,15.6137
1778986800.0,4534.72,4536.39,4534.46,4536.12,11.0237
1778990400.0,4536.13,4536.68,4536.0,4536.68,3.0346
1778994000.0,4536.67,4537.06,4527.5,4528.0,33.724
1778997600.0,4528.01,4530.68,4526.96,4530.16,93.9021
1779001200.0,4530.15,4533.51,4530.15,4532.51,46.4075
1779004800.0,4532.5,4532.51,4532.19,4532.49,11.8865
1779008400.0,4532.5,4533.15,4532.36,4533.15,8.8639
1779012000.0,4533.15,4538.9,4533.15,4538.25,37.2931
1779015600.0,4538.26,4541.03,4537.26,4541.01,27.3783
1779019200.0,4541.02,4541.02,4540.27,4541.0,13.0897
1779022800.0,4541.0,4542.0,4538.5,4540.76,21.8205
1779026400.0,4540.76,4541.0,4537.46,4540.3,24.8113
1779030000.0,4540.25,4543.63,4539.51,4540.64,131.9848
1779033600.0,4540.64,4542.58,4540.63,4540.85,32.4646
1779037200.0,4540.85,4540.85,4537.46,4538.46,24.0286
1779040800.0,4538.47,4538.88,4537.25,4538.88,16.2429
1779044400.0,4538.87,4539.98,4525.86,4529.39,256.6654
1779048000.0,4529.39,4530.46,4525.96,4525.96,40.2069
1779051600.0,4525.96,4536.43,4525.78,4531.55,113.084
1779055200.0,4531.2,4552.18,4528.2,4541.69,431.0992
1779058800.0,4541.69,4543.23,4529.11,4533.31,281.5908
1779062400.0,4533.31,4538.75,4479.16,4511.44,641.803
1779066000.0,4511.1,4530.62,4488.34,4521.3,287.0764
1779069600.0,4521.25,4537.48,4518.91,4529.98,111.0217
1779073200.0,4529.98,4543.38,4524.0,4538.71,138.566
1779076800.0,4539.02,4545.0,4528.75,4536.9,105.0707
1779080400.0,4537.2,4547.65,4528.96,4529.86,229.7771
1779084000.0,4529.12,4544.09,4528.75,4544.09,80.5093
1779087600.0,4544.1,4555.77,4536.53,4543.58,102.6011
1779091200.0,4543.58,4552.49,4540.03,4547.34,50.1361
1779094800.0,4547.34,4548.12,4537.63,4540.41,100.6652
1779098400.0,4540.4,4544.31,4531.42,4537.54,138.152
1779102000.0,4537.55,4562.7,4529.52,4548.19,190.2653
1779105600.0,4548.15,4570.22,4544.11,4568.4,115.7388
1779109200.0,4568.41,4578.88,4559.39,4571.37,215.1319
1779112800.0,4571.37,4571.37,4536.58,4543.28,184.6216
1779116400.0,4543.29,4543.75,4529.29,4540.41,150.743
1779120000.0,4540.41,4551.0,4533.05,4547.37,76.248
1779123600.0,4547.36,4554.92,4544.59,4544.71,37.103
1779127200.0,4544.98,4545.45,4534.0,4534.92,61.455
1779130800.0,4534.67,4562.0,4534.67,4555.33,161.7803
1779134400.0,4555.33,4562.7,4555.33,4562.7,67.8591
1779138000.0,4562.7,4565.3,4561.72,4563.45,28.7207
1779141600.0,4563.46,4572.24,4563.46,4569.48,62.7821
1779145200.0,4569.55,4582.18,4569.55,4575.33,94.7924
1779148800.0,4575.33,4581.7,4558.17,4558.29,118.8591
1779152400.0,4558.17,4565.32,4551.55,4558.75,122.8094
1779156000.0,4558.75,4558.75,4545.0,4546.51,168.1245
1779159600.0,4546.51,4551.25,4541.38,4543.16,101.1474
1779163200.0,4543.16,4543.69,4537.93,4541.7,94.3599
1779166800.0,4541.7,4545.0,4530.81,4539.76,91.0689
1779170400.0,4539.75,4550.68,4533.75,4546.01,90.7223
1779174000.0,4546.27,4555.32,4542.0,4554.01,89.7597
1779177600.0,4554.01,4555.94,4536.9,4541.69,74.877
1779181200.0,4542.0,4544.32,4535.99,4541.34,227.6516
1779184800.0,4541.33,4543.92,4526.56,4543.92,140.4109
1779188400.0,4543.92,4546.45,4532.49,4532.49,117.0541
1779192000.0,4532.44,4547.78,4530.12,4538.9,161.9702
1779195600.0,4538.89,4538.89,4473.29,4506.74,1620.7108
1779199200.0,4506.74,4515.63,4485.55,4496.8,595.6305
1779202800.0,4496.8,4509.56,4493.28,4509.55,197.3642
1779206400.0,4509.55,4513.61,4499.12,4510.05,129.9614
1779210000.0,4510.05,4511.93,4502.13,4504.92,137.7423
1779213600.0,4504.91,4507.0,4496.37,4497.68,103.1122
1779217200.0,4497.68,4500.98,4487.0,4487.7,35.2216
1779220800.0,4487.69,4491.96,4486.1,4487.21,28.0116
1779224400.0,4487.34,4497.14,4487.34,4491.92,31.0916
1779228000.0,4491.91,4491.91,4482.02,4487.11,82.9232
1779231600.0,4487.11,4499.53,4484.27,4492.34,167.128
1779235200.0,4492.34,4511.1,4484.34,4502.96,169.2393
1779238800.0,4502.96,4507.35,4462.65,4485.58,275.789
1779242400.0,4485.58,4489.98,4466.26,4470.67,183.5161
1779246000.0,4470.75,4472.13,4461.16,4469.99,103.1875
1779249600.0,4470.0,4476.02,4463.88,4467.33,75.2893
1779253200.0,4467.54,4483.67,4467.54,4477.99,74.3941
1779256800.0,4477.88,4483.04,4465.93,4479.18,486.7056
1779260400.0,4478.55,4488.87,4477.0,4480.98,103.0989
1779264000.0,4480.98,4491.85,4480.67,4487.32,168.065
1779267600.0,4487.32,4492.49,4477.5,4486.65,183.3858
1779271200.0,4486.65,4498.95,4486.65,4495.67,73.5553
1779274800.0,4495.75,4502.0,4492.67,4498.65,88.5073
1779278400.0,4498.64,4505.24,4494.33,4496.54,154.8789
1779282000.0,4496.54,4505.99,4483.01,4483.06,147.9479
1779285600.0,4483.18,4532.66,4469.67,4527.34,502.0884
1779289200.0,4527.33,4549.0,4519.68,4525.83,288.3357
1779292800.0,4525.82,4532.0,4520.94,4530.77,90.8556
1779296400.0,4530.78,4535.0,4527.33,4527.35,103.816
1779300000.0,4527.89,4539.78,4526.09,4538.56,66.5469
1779303600.0,4538.34,4544.67,4538.05,4541.0,66.9133
1779307200.0,4541.2,4544.33,4536.89,4538.03,49.4375
1779310800.0,4538.03,4539.74,4534.94,4536.81,30.3138
1779314400.0,4536.8,4539.94,4529.34,4533.67,109.4671
1779318000.0,4533.75,4540.56,4530.34,4539.63,27.9374
1779321600.0,4539.63,4545.6,4532.51,4538.69,63.4686
1779325200.0,4538.71,4561.64,4534.37,4553.28,110.7122
1779328800.0,4553.29,4556.32,4527.0,4528.34,72.2936
1779332400.0,4528.33,4533.4,4521.65,4521.65,26.6301
1779336000.0,4521.67,4532.2,4521.63,4530.96,60.7436
1779339600.0,4530.99,4531.67,4513.31,4521.66,102.0089
1779343200.0,4521.66,4531.57,4515.51,4516.66,134.3231
1779346800.0,4516.67,4521.27,4510.0,4517.86,287.1435
1779350400.0,4517.86,4531.54,4516.43,4528.12,213.7689
1779354000.0,4527.92,4536.47,4525.55,4526.44,158.8815
1779357600.0,4526.43,4530.62,4502.93,4508.67,151.3207
1779361200.0,4508.67,4517.03,4506.01,4509.2,125.3558
1779364800.0,4509.21,4514.65,4499.28,4501.3,121.5027
1779368400.0,4501.3,4517.12,4486.99,4511.38,194.4762
1779372000.0,4511.33,4513.34,4497.0,4505.67,185.5093
1779375600.0,4505.67,4511.26,4494.82,4508.66,119.0783
1779379200.0,4508.23,4516.5,4508.23,4514.97,53.2698
1779382800.0,4514.97,4550.73,4511.54,4545.2,186.2023
1779386400.0,4545.2,4547.84,4522.34,4524.67,99.8243
1779390000.0,4524.96,4536.17,4524.75,4535.4,69.9053
1779393600.0,4535.4,4536.2,4533.32,4534.63,15.634
1779397200.0,4534.64,4536.57,4534.64,4535.3,13.0195
1779400800.0,4535.3,4538.22,4534.0,4535.39,32.5925
1779404400.0,4535.39,4537.4,4527.0,4528.24,24.4418
1779408000.0,4528.25,4532.9,4519.89,4520.0,57.4233
1779411600.0,4520.0,4527.99,4516.75,4520.01,37.683
1779415200.0,4520.02,4522.09,4514.75,4517.25,34.3627
1779418800.0,4517.33,4522.45,4514.68,4522.25,21.9362
1779422400.0,4522.33,4525.9,4521.33,4522.69,56.9988
1779426000.0,4522.69,4527.67,4504.67,4506.4,50.2578
1779429600.0,4506.99,4521.63,4506.76,4520.48,73.3593
1779433200.0,4520.48,4520.67,4512.01,4516.49,122.5558
1779436800.0,4516.66,4524.67,4513.01,4517.01,157.8751
1779440400.0,4517.0,4527.6,4510.67,4526.4,57.6477
1779444000.0,4526.41,4529.1,4507.67,4511.0,52.3878
1779447600.0,4511.0,4519.19,4508.67,4516.21,54.2534
1779451200.0,4516.0,4529.87,4512.02,4523.01,116.4112
1779454800.0,4523.01,4527.83,4507.37,4510.32,163.6123
1779458400.0,4510.32,4510.32,4489.35,4497.9,302.2437
1779462000.0,4497.67,4516.66,4497.33,4516.0,42.0467
1779465600.0,4516.0,4520.79,4508.33,4509.67,57.15
1779469200.0,4509.89,4522.2,4509.67,4514.67,66.4192
1779472800.0,4514.68,4514.94,4508.52,4509.66,66.5183
1779476400.0,4509.67,4510.13,4500.2,4503.55,96.5548
1779480000.0,4503.56,4504.21,4498.16,4499.5,386.6028
1779483600.0,4499.5,4503.6,4499.11,4503.51,44.5176
1779487200.0,4503.51,4503.51,4499.83,4500.71,19.75
1779490800.0,4500.71,4500.71,4495.0,4497.02,19.273
1779494400.0,4497.02,4498.78,4495.05,4497.9,24.6192
1779498000.0,4497.94,4502.99,4497.31,4501.68,19.0748
1779501600.0,4501.68,4504.67,4499.67,4504.66,18.7894
1779505200.0,4504.67,4507.1,4502.34,4504.88,16.2039
1779508800.0,4504.89,4506.24,4504.2,4504.2,9.6016
1779512400.0,4504.2,4506.0,4504.2,4505.12,9.641
1779516000.0,4505.12,4509.0,4505.12,4509.0,16.1949
1779519600.0,4509.0,4509.0,4496.66,4499.1,49.4497
1779523200.0,4499.22,4500.33,4496.85,4500.33,26.3636
1779526800.0,4500.33,4501.28,4498.86,4499.97,35.915
1779530400.0,4499.96,4499.97,4498.43,4498.67,15.3953
1779534000.0,4498.67,4499.09,4496.0,4497.29,15.9854
1779537600.0,4497.3,4497.3,4496.26,4496.27,8.464
1779541200.0,4496.27,4501.94,4496.26,4501.87,15.1192
1779544800.0,4501.87,4505.9,4501.87,4504.51,25.0419
1779548400.0,4504.51,4505.88,4503.71,4504.59,17.6207
1779552000.0,4504.59,4505.33,4503.0,4504.78,8.5958
1779555600.0,4504.78,4506.18,4504.68,4505.27,17.3747
1779559200.0,4505.26,4508.11,4505.26,4507.01,34.4718
1779562800.0,4507.01,4509.3,4507.01,4509.3,29.6815
1779566400.0,4509.29,4518.59,4509.0,4514.66,554.4392
1779570000.0,4514.35,4515.75,4507.5,4509.64,89.984
1779573600.0,4509.64,4516.19,4509.64,4514.44,81.5378
1779577200.0,4514.44,4515.9,4512.62,4512.9,186.4471
1779580800.0,4512.88,4519.31,4510.12,4516.2,410.1351
1779584400.0,4516.19,4519.46,4516.19,4518.9,359.2875
1779588000.0,4518.91,4520.61,4514.68,4516.98,135.47
1779591600.0,4516.99,4518.82,4514.2,4514.76,197.4137
1779595200.0,4514.76,4517.84,4513.81,4515.9,37.2404
1779598800.0,4515.91,4525.84,4515.28,4525.48,96.9966
1779602400.0,4525.48,4527.54,4514.11,4516.0,263.9266
1779606000.0,4515.87,4521.0,4514.33,4514.72,161.1801
1779609600.0,4514.72,4519.5,4513.58,4513.58,201.0317
1779613200.0,4513.58,4516.75,4511.68,4512.77,293.834
1779616800.0,4512.78,4514.63,4511.35,4512.83,259.1822
1779620400.0,4512.83,4516.57,4511.45,4511.68,506.4921
1779624000.0,4511.68,4512.04,4510.14,4511.07,449.287
1779627600.0,4511.07,4513.13,4510.77,4510.98,431.5485
1779631200.0,4510.99,4511.84,4501.54,4508.34,296.4108
1779634800.0,4508.33,4511.27,4506.98,4509.7,66.7675
1779638400.0,4509.71,4512.19,4509.1,4510.78,51.9993
1779642000.0,4510.79,4510.79,4507.33,4508.24,33.3647
1779645600.0,4508.25,4510.07,4508.19,4508.2,29.2792
1779649200.0,4508.2,4508.67,4505.76,4507.0,59.0288
1779652800.0,4507.0,4510.31,4505.77,4508.5,225.2604
1779656400.0,4508.5,4513.67,4505.53,4507.86,36.8495
1779660000.0,4507.87,4547.6,4507.87,4546.0,941.958
1779663600.0,4546.0,4563.74,4546.0,4551.53,214.079
1779667200.0,4551.54,4564.67,4551.54,4556.15,81.3631
1779670800.0,4556.15,4561.66,4547.49,4547.68,117.4522
1779674400.0,4547.68,4555.95,4546.01,4548.01,89.088
1779678000.0,4548.01,4550.67,4544.32,4546.54,102.6391
1779681600.0,4546.54,4549.99,4545.28,4549.56,55.218
1779685200.0,4549.56,4550.97,4540.33,4540.68,78.2217
1779688800.0,4540.68,4546.55,4538.15,4546.55,77.2203
1779692400.0,4546.54,4548.67,4538.51,4548.5,207.8405
1779696000.0,4548.49,4548.49,4540.54,4541.77,73.2106
1779699600.0,4541.77,4552.37,4541.51,4552.32,47.5868
1779703200.0,4552.33,4556.29,4552.33,4554.01,44.312
1779706800.0,4554.0,4560.0,4553.16,4554.01,98.631
1779710400.0,4554.01,4554.01,4539.75,4552.39,109.1241
1779714000.0,4552.39,4554.48,4545.55,4548.49,67.7894
1779717600.0,4548.49,4553.48,4548.33,4550.13,35.8716
1779721200.0,4550.13,4557.47,4550.13,4554.6,65.7498
1779724800.0,4554.6,4557.46,4552.8,4556.3,34.7177
1779728400.0,4556.67,4559.38,4548.69,4549.4,71.9851
1779732000.0,4549.39,4554.03,4549.34,4552.57,46.3428
1779735600.0,4552.58,4553.18,4551.67,4552.87,27.0698
1779739200.0,4552.96,4553.93,4552.71,4553.1,24.7792
1779742800.0,4553.1,4554.33,4552.21,4552.21,19.1952
1779746400.0,4552.21,4558.0,4552.21,4557.94,61.418
1779750000.0,4557.94,4562.33,4542.0,4544.67,62.5156
1779753600.0,4544.67,4544.67,4526.84,4534.65,599.7915
1779757200.0,4534.65,4535.33,4514.4,4522.5,159.8743
1779760800.0,4522.49,4525.2,4518.67,4520.07,36.3588
1779764400.0,4520.0,4531.0,4519.99,4529.0,28.6245
1779768000.0,4529.01,4529.58,4513.05,4514.32,63.6083
1779771600.0,4514.32,4521.66,4512.59,4516.82,61.847
1779775200.0,4516.82,4523.31,4516.82,4520.01,57.2519
1779778800.0,4520.01,4525.14,4511.68,4525.01,56.3157
1779782400.0,4525.01,4525.01,4509.12,4512.32,73.2636
1779786000.0,4512.33,4514.55,4503.36,4511.68,378.4205
1779789600.0,4511.68,4527.5,4509.11,4523.32,105.638
1779793200.0,4523.32,4524.33,4496.67,4498.34,238.2165
1779796800.0,4498.55,4512.64,4494.16,4510.62,204.2941
1779800400.0,4510.61,4519.46,4504.74,4505.01,121.1653
1779804000.0,4505.01,4514.4,4501.67,4507.56,103.2147
1779807600.0,4507.56,4507.56,4495.75,4499.29,74.6157
1779811200.0,4499.23,4503.67,4494.36,4497.75,53.1189
1779814800.0,4497.74,4499.0,4481.56,4484.06,137.7186
1779818400.0,4484.05,4492.13,4475.71,4492.13,218.3253
1779822000.0,4492.13,4502.32,4491.9,4501.34,50.6044
1779825600.0,4502.0,4504.61,4499.45,4501.0,32.6054
1779829200.0,4500.99,4502.33,4500.64,4502.33,10.2608
1779832800.0,4502.33,4506.19,4495.0,4505.4,164.6483
1779836400.0,4505.33,4518.59,4499.67,4512.39,231.0201
1779840000.0,4512.38,4517.66,4508.11,4508.41,53.7117
1779843600.0,4508.41,4511.7,4500.67,4501.66,43.8219
1779847200.0,4501.34,4501.66,4492.34,4497.86,86.6767
1779850800.0,4497.87,4502.97,4491.26,4491.27,69.4254
1779854400.0,4491.27,4507.0,4490.77,4502.66,260.3593
1779858000.0,4502.66,4504.98,4486.67,4491.51,218.8472
1779861600.0,4491.5,4492.25,4476.1,4480.97,146.0933
1779865200.0,4480.97,4483.98,4471.33,4475.36,179.6156
1779868800.0,4475.35,4490.12,4475.35,4489.0,79.9958
1779872400.0,4488.99,4489.2,4481.33,4484.96,45.3252
1779876000.0,4484.67,4484.67,4441.9,4445.01,641.2778
1779879600.0,4445.01,4451.25,4426.2,4428.29,334.8999
1779883200.0,4428.3,4461.84,4428.3,4437.68,271.4703
1779886800.0,4437.99,4438.0,4404.0,4425.61,397.3611
1779890400.0,4426.2,4450.79,4425.86,4430.67,362.2586
1779894000.0,4430.72,4438.96,4427.1,4433.47,127.338
1779897600.0,4433.47,4448.31,4432.26,4446.34,83.9588
1779901200.0,4446.34,4448.48,4439.47,4446.67,64.5012
1779904800.0,4446.45,4453.07,4444.16,4449.67,53.3921
1779908400.0,4449.67,4450.19,4446.03,4446.75,70.8338
1779912000.0,4446.74,4453.5,4446.74,4451.32,59.5646
1779915600.0,4451.32,4451.32,4444.76,4446.59,55.1131
1779919200.0,4446.6,4457.68,4446.6,4450.16,156.6153
1779922800.0,4450.15,4450.16,4437.79,4441.0,50.4441
1779926400.0,4441.0,4449.66,4438.34,4449.09,52.3462
1779930000.0,4449.1,4450.5,4406.66,4408.8,188.1334
1779933600.0,4408.8,4411.11,4394.1,4394.7,223.7652
1779937200.0,4394.7,4396.32,4369.33,4374.68,436.684
1779940800.0,4374.62,4379.53,4367.0,4372.34,161.3901
1779944400.0,4372.55,4391.33,4367.11,4385.7,177.1117
1779948000.0,4386.01,4387.0,4374.33,4382.52,83.1165
1779951600.0,4382.52,4393.39,4382.52,4388.32,187.8263
1779955200.0,4388.32,4393.09,4385.0,4385.08,100.2727
1779958800.0,4385.07,4395.75,4385.07,4390.76,229.8398
1779962400.0,4390.75,4399.18,4375.25,4380.76,328.8477
1779966000.0,4380.68,4387.25,4378.75,4384.98,188.146
1779969600.0,4384.99,4427.0,4377.68,4425.68,222.9018
1779973200.0,4425.69,4431.5,4412.25,4423.34,221.4587
1779976800.0,4423.34,4468.33,4415.33,4457.69,579.3107
1779980400.0,4457.69,4473.0,4457.69,4469.94,180.3325
1779984000.0,4469.94,4497.33,4466.38,4497.33,260.0717
1779987600.0,4497.33,4500.63,4488.71,4494.1,119.7558
1779991200.0,4494.1,4500.74,4485.25,4487.0,104.8704
1779994800.0,4487.01,4488.99,4483.67,4484.19,59.2991
1779998400.0,4484.18,4486.67,4481.26,4481.77,68.3094
1780002000.0,4481.76,4481.76,4477.89,4479.08,43.4083
1780005600.0,4479.08,4484.32,4477.3,4477.3,73.4953
1780009200.0,4477.13,4482.67,4474.7,4479.68,67.4973
1780012800.0,4479.68,4484.67,4477.8,4478.75,69.4899
1780016400.0,4478.75,4503.08,4478.0,4493.33,821.6433
1780020000.0,4493.27,4496.66,4485.7,4488.33,105.8469
1780023600.0,4488.33,4488.33,4481.02,4484.97,70.6938
1780027200.0,4484.97,4498.77,4484.97,4498.77,88.0328
1780030800.0,4498.76,4500.6,4490.0,4499.31,68.971
1780034400.0,4499.33,4508.66,4497.67,4508.16,160.6816
1780038000.0,4508.14,4509.31,4498.21,4507.39,101.2803
1780041600.0,4507.39,4507.5,4495.95,4499.32,92.9771
1780045200.0,4499.33,4521.88,4498.26,4515.66,147.3461
1780048800.0,4515.67,4524.46,4510.02,4519.98,88.6489
1780052400.0,4519.99,4521.0,4510.5,4519.95,144.6228
1780056000.0,4519.95,4519.95,4496.51,4505.66,164.1027
1780059600.0,4505.66,4520.83,4500.67,4517.73,200.4053
1780063200.0,4517.73,4550.94,4508.75,4544.58,627.2888
1780066800.0,4544.58,4572.72,4538.53,4549.67,826.5324
1780070400.0,4549.67,4552.5,4540.67,4546.62,129.6156
1780074000.0,4546.62,4547.0,4533.38,4534.2,81.4864
1780077600.0,4534.19,4541.28,4532.67,4535.02,60.1093
1780081200.0,4535.01,4540.0,4526.0,4527.25,63.5684
1780084800.0,4527.25,4530.25,4521.01,4521.01,31.4441
1780088400.0,4521.01,4522.39,4518.18,4521.26,55.0288
1780092000.0,4521.27,4524.67,4519.34,4523.56,69.3102
1780095600.0,4523.56,4524.0,4519.81,4522.4,41.3108
1780099200.0,4522.4,4524.33,4518.87,4518.88,35.2726
1780102800.0,4518.88,4522.92,4518.33,4520.78,73.4578
1780106400.0,4520.79,4521.29,4518.79,4520.52,49.6077
1780110000.0,4520.52,4520.52,4517.64,4518.33,36.6283
1780113600.0,4518.33,4518.51,4511.41,4517.72,102.151
1780117200.0,4517.73,4519.19,4513.5,4515.58,109.0336
1780120800.0,4515.58,4519.2,4513.96,4517.58,95.4851
1780124400.0,4517.58,4517.59,4513.34,4513.47,98.0037
1780128000.0,4513.47,4515.98,4513.2,4515.14,67.0633
1780131600.0,4515.14,4518.0,4514.68,4517.24,135.4498
1780135200.0,4517.24,4519.67,4516.2,4518.26,78.4841
1780138800.0,4518.26,4518.26,4515.35,4515.69,72.0411
1780142400.0,4515.69,4519.01,4514.95,4515.44,108.7101
1780146000.0,4515.44,4517.35,4512.67,4515.25,102.8414
1780149600.0,4515.25,4516.33,4513.33,4514.66,51.4851
1780153200.0,4514.67,4514.67,4513.13,4514.38,63.1706
1780156800.0,4514.39,4514.39,4512.08,4513.73,152.6068
1780160400.0,4513.73,4514.07,4511.82,4513.0,74.68
1780164000.0,4513.01,4513.19,4511.23,4512.04,84.9832
1780167600.0,4512.04,4512.3,4507.26,4512.29,138.5212
1780171200.0,4512.3,4513.04,4509.72,4510.39,96.0229
1780174800.0,4510.39,4510.65,4508.64,4509.3,214.0506
1780178400.0,4509.3,4510.85,4507.67,4507.67,62.1454
1780182000.0,4507.68,4509.17,4507.68,4508.49,58.9413
1780185600.0,4508.49,4509.57,4508.0,4509.3,75.4409
1780189200.0,4509.3,4513.54,4508.9,4509.0,380.4293
1780192800.0,4509.0,4509.0,4505.69,4506.42,288.7869
1780196400.0,4506.34,4507.88,4504.01,4507.73,174.8
1780200000.0,4507.74,4508.4,4505.61,4505.62,85.08
1780203600.0,4505.62,4523.91,4505.61,4523.67,182.1682
1780207200.0,4523.67,4523.98,4521.61,4523.98,111.1953
1780210800.0,4523.98,4524.82,4521.23,4521.9,50.0995
1780214400.0,4521.9,4523.64,4521.67,4521.68,16.8977
1780218000.0,4521.68,4522.33,4520.1,4522.33,25.0411
1780221600.0,4522.5,4524.77,4520.4,4520.4,22.1014
1780225200.0,4520.4,4520.78,4519.72,4520.78,9.3221
1780228800.0,4520.79,4524.0,4520.78,4524.0,26.172
1780232400.0,4524.0,4525.11,4521.9,4521.9,8.0176
1780236000.0,4521.91,4523.3,4519.81,4522.34,18.4758
1780239600.0,4522.34,4522.34,4519.63,4521.56,12.1015
1780243200.0,4521.57,4522.78,4521.56,4522.78,12.4213
1780246800.0,4522.78,4523.16,4521.59,4521.6,4.073
1780250400.0,4521.6,4522.4,4521.59,4521.59,10.9872
1780254000.0,4521.6,4521.6,4519.01,4519.34,15.7299
1780257600.0,4519.34,4519.34,4517.67,4518.85,10.6682
1780261200.0,4518.67,4521.62,4514.06,4516.33,106.1625
1780264800.0,4516.21,4521.67,4501.16,4519.33,272.9793
1780268400.0,4519.2,4526.63,4518.67,4523.33,56.8735
1780272000.0,4523.33,4527.67,4518.48,4522.2,72.3212
1780275600.0,4522.2,4522.95,4508.67,4510.0,63.1601
1780279200.0,4510.0,4517.17,4505.41,4505.41,47.7457
1780282800.0,4505.42,4508.71,4496.1,4499.98,93.7048
1780286400.0,4499.97,4503.5,4494.36,4499.24,36.5386
1780290000.0,4499.24,4507.79,4498.21,4502.67,39.1782
1780293600.0,4502.33,4502.67,4487.11,4488.33,109.1281
1780297200.0,4488.34,4495.27,4480.01,4488.59,101.649
1780300800.0,4488.6,4489.79,4478.82,4484.58,166.2702
1780304400.0,4484.67,4491.95,4478.09,4482.83,100.5618
1780308000.0,4482.83,4496.67,4482.83,4490.46,118.3362
1780311600.0,4490.67,4498.67,4487.69,4492.53,43.4984
1780315200.0,4492.33,4496.03,4486.0,4489.43,99.1868
1780318800.0,4489.44,4490.28,4440.0,4441.45,629.3405
1780322400.0,4441.45,4454.64,4439.77,4448.79,340.6028
1780326000.0,4448.79,4468.33,4446.82,4463.37,196.9902
1780329600.0,4463.38,4469.25,4453.0,4468.67,165.215
1780333200.0,4468.82,4481.67,4461.68,4475.03,167.5376
1780336800.0,4475.03,4476.53,4473.0,4474.42,51.9903
1780340400.0,4474.43,4474.77,4468.02,4468.22,48.0144
1780344000.0,4468.22,4471.87,4468.22,4471.81,47.0679
1780347600.0,4471.81,4472.51,4470.19,4471.7,44.8622
1780351200.0,4471.7,4473.21,4468.34,4472.63,58.6389
1780354800.0,4472.63,4473.89,4465.68,4469.46,74.0666
1780358400.0,4469.46,4480.65,4462.45,4466.67,78.08
1780362000.0,4466.67,4475.23,4449.67,4459.0,226.278
1780365600.0,4458.78,4468.88,4457.0,4468.88,115.7476
1780369200.0,4468.88,4480.43,4468.88,4479.85,193.2924
1780372800.0,4479.84,4497.81,4479.76,4497.8,160.9112
1780376400.0,4497.81,4508.33,4497.33,4499.81,189.0694
1780380000.0,4499.82,4518.75,4499.82,4516.66,306.9425
1780383600.0,4516.67,4521.38,4510.4,4514.24,286.5735
1780387200.0,4514.49,4518.66,4508.34,4508.34,274.5756
1780390800.0,4508.33,4514.99,4503.49,4509.76,227.5173
1780394400.0,4509.77,4513.0,4506.02,4512.99,149.0629
1780398000.0,4513.0,4513.85,4506.78,4507.01,97.1012
1780401600.0,4507.01,4513.24,4495.37,4495.38,245.3222
1780405200.0,4495.49,4503.33,4485.0,4485.0,353.5471
1780408800.0,4485.0,4488.0,4470.29,4485.57,732.7577
1780412400.0,4485.57,4489.66,4482.5,4483.25,267.3681
1780416000.0,4483.25,4483.26,4469.52,4473.01,159.2247
1780419600.0,4473.01,4475.0,4464.6,4465.67,218.9806
1780423200.0,4465.67,4471.0,4461.39,4467.78,198.8743
1780426800.0,4467.78,4469.92,4463.96,4467.87,240.9301
1780430400.0,4467.87,4470.0,4466.6,4468.74,173.2405
1780434000.0,4468.74,4468.75,4463.79,4464.19,108.8939
1780437600.0,4464.19,4472.08,4464.19,4465.0,372.3712
1780441200.0,4464.62,4466.17,4442.5,4453.41,313.4308
1780444800.0,4452.97,4473.24,4452.97,4465.67,233.8889
1780448400.0,4465.67,4466.02,4445.28,4454.8,431.0327
1780452000.0,4454.8,4462.41,4452.57,4459.42,144.1321
1780455600.0,4459.65,4465.2,4459.65,4461.79,118.8285
1780459200.0,4461.8,4464.0,4448.36,4449.2,172.495
1780462800.0,4449.19,4452.73,4437.3,4437.31,141.8928
1780466400.0,4437.31,4448.83,4436.89,4441.0,254.8018
1780470000.0,4441.0,4449.24,4434.0,4434.83,135.1606
1780473600.0,4434.77,4438.31,4422.11,4423.87,595.8554
1780477200.0,4423.87,4437.62,4421.18,4422.23,237.2821
1780480800.0,4422.23,4445.82,4421.86,4438.84,524.2331
1780484400.0,4438.84,4446.16,4438.67,4441.0,140.8442
1780488000.0,4441.0,4445.12,4429.78,4439.83,284.2091
1780491600.0,4439.82,4444.54,4409.33,4426.74,346.0713
1780495200.0,4426.74,4438.3,4423.5,4436.33,273.7909
1780498800.0,4436.33,4436.83,4418.07,4421.78,134.0133
1780502400.0,4421.78,4422.83,4414.83,4421.66,127.1806
1780506000.0,4421.67,4427.32,4417.33,4418.94,117.186
1780509600.0,4418.94,4420.91,4415.95,4420.9,150.2889
1780513200.0,4420.9,4430.28,4420.75,4423.18,201.7528
1780516800.0,4423.18,4423.33,4410.49,4412.14,103.2375
1780520400.0,4412.14,4422.0,4412.04,4422.0,172.4452
1780524000.0,4421.99,4429.34,4403.94,4425.69,296.531
1780527600.0,4425.7,4439.99,4423.02,4434.4,178.1602
1780531200.0,4434.39,4441.1,4422.5,4424.53,115.0531
1780534800.0,4424.52,4448.9,4420.87,4441.5,734.19
1780538400.0,4441.5,4452.9,4434.33,4452.25,427.0156
1780542000.0,4452.25,4454.17,4437.57,4441.93,124.4452
1780545600.0,4442.0,4461.45,4441.76,4457.84,300.6938
1780549200.0,4457.87,4459.32,4445.97,4447.32,279.9752
1780552800.0,4447.28,4454.33,4442.9,4446.49,220.1447
1780556400.0,4446.5,4448.58,4438.35,4439.12,206.9725
1780560000.0,4439.13,4445.99,4438.11,4442.17,211.355
1780563600.0,4442.16,4451.68,4439.55,4448.35,181.0863
1780567200.0,4448.34,4449.55,4442.31,4449.49,109.1431
1780570800.0,4449.49,4489.83,4446.64,4488.5,454.8181
1780574400.0,4488.5,4489.67,4468.33,4480.99,369.8364
1780578000.0,4480.85,4489.9,4473.17,4473.17,496.4613
1780581600.0,4473.14,4476.33,4436.34,4443.33,300.9042
1780585200.0,4443.33,4455.68,4441.95,4455.13,232.9438
1780588800.0,4455.14,4461.2,4454.46,4459.69,55.6461
1780592400.0,4459.69,4459.69,4451.22,4455.28,103.5483
1780596000.0,4455.28,4458.49,4450.77,4455.56,134.2545
1780599600.0,4455.67,4459.67,4454.45,4458.64,160.6164
1780603200.0,4458.65,4458.65,4453.3,4454.68,83.9826
1780606800.0,4454.5,4454.69,4448.84,4450.4,39.9659
1780610400.0,4450.41,4457.17,4447.41,4447.41,85.3929
1780614000.0,4447.41,4449.83,4439.18,4439.18,92.164
1780617600.0,4439.17,4443.16,4430.01,4436.78,156.6576
1780621200.0,4436.78,4444.66,4422.85,4424.33,183.0169
1780624800.0,4424.38,4432.32,4417.32,4418.99,238.9351
1780628400.0,4418.99,4420.83,4414.29,4419.62,151.8839
1780632000.0,4419.63,4424.11,4417.18,4423.5,84.3236
1780635600.0,4423.5,4427.67,4419.51,4420.17,145.9517
1780639200.0,4420.17,4433.4,4408.23,4430.51,386.8897
1780642800.0,4430.66,4444.67,4430.66,4441.1,308.3945
1780646400.0,4441.1,4445.17,4438.9,4439.67,118.1537
1780650000.0,4439.67,4446.19,4437.67,4441.99,140.2366
1780653600.0,4441.99,4443.17,4438.54,4443.14,48.7176
1780657200.0,4443.14,4449.29,4436.66,4445.49,137.1438
1780660800.0,4445.5,4451.39,4386.23,4387.02,578.1964
1780664400.0,4387.02,4400.57,4347.83,4348.26,676.3666
1780668000.0,4348.26,4360.83,4327.89,4352.14,822.135
1780671600.0,4352.15,4354.36,4316.07,4317.01,677.1656
1780675200.0,4317.0,4328.83,4308.33,4328.83,270.0662
1780678800.0,4329.0,4330.83,4320.17,4325.18,124.6986
1780682400.0,4325.18,4325.49,4298.74,4305.17,298.0945
1780686000.0,4305.0,4305.32,4294.68,4299.43,170.4568
1780689600.0,4299.43,4311.99,4293.32,4310.33,66.7381
1780693200.0,4310.49,4314.33,4307.31,4314.33,53.6376
1780696800.0,4314.33,4315.61,4305.01,4305.01,35.5874
1780700400.0,4305.36,4306.32,4299.84,4301.61,84.6032
1780704000.0,4301.83,4311.67,4301.82,4311.32,70.614
1780707600.0,4311.32,4311.33,4303.19,4303.33,63.359
1780711200.0,4303.34,4304.28,4300.38,4304.24,106.4902
1780714800.0,4304.25,4304.25,4300.0,4300.0,99.7428
1780718400.0,4300.0,4301.15,4288.17,4289.0,217.8757
1780722000.0,4289.0,4295.33,4280.37,4294.85,120.7945
1780725600.0,4294.85,4299.78,4291.18,4291.33,82.2845
1780729200.0,4291.33,4296.67,4290.0,4290.83,60.8829
1780732800.0,4290.83,4295.33,4290.83,4292.28,52.569
1780736400.0,4292.27,4293.82,4289.65,4290.04,55.0382
1780740000.0,4290.04,4290.04,4282.22,4283.83,103.7018
1780743600.0,4283.82,4289.83,4283.82,4289.15,75.3542
1780747200.0,4289.15,4290.66,4285.5,4286.68,67.2987
1780750800.0,4286.68,4290.49,4286.0,4288.18,22.6183
1780754400.0,4288.18,4290.5,4284.51,4284.51,39.2458
1780758000.0,4284.51,4285.74,4282.24,4282.99,34.7984
1780761600.0,4282.95,4286.83,4282.95,4285.83,117.2832
1780765200.0,4286.17,4292.17,4286.17,4291.33,46.579
1780768800.0,4291.5,4292.3,4288.12,4288.51,46.4062
1780772400.0,4288.5,4289.61,4286.67,4287.82,48.9485
1780776000.0,4287.82,4287.83,4286.51,4286.67,25.5117
1780779600.0,4286.67,4287.31,4278.5,4282.93,122.9236
1780783200.0,4282.94,4286.18,4282.85,4285.66,30.7005
1780786800.0,4285.67,4291.96,4285.67,4291.94,21.3782
1780790400.0,4291.95,4292.67,4289.17,4290.17,13.6781
1780794000.0,4290.17,4301.83,4290.17,4301.33,30.1706
1780797600.0,4301.33,4302.66,4298.5,4302.4,34.2797
1780801200.0,4302.4,4302.91,4297.35,4299.08,23.5586
1780804800.0,4299.17,4300.66,4296.0,4300.5,38.8574
1780808400.0,4300.49,4301.7,4298.05,4300.99,171.2768
1780812000.0,4300.99,4305.72,4299.29,4305.46,52.1682
1780815600.0,4305.46,4305.94,4302.32,4305.94,36.9125
1780819200.0,4305.96,4313.82,4304.67,4313.81,64.4089
1780822800.0,4313.81,4314.26,4304.6,4309.57,92.5804
1780826400.0,4309.55,4309.55,4303.48,4303.94,47.099
1780830000.0,4303.93,4306.65,4302.13,4305.48,44.8081
1780833600.0,4305.47,4305.47,4298.37,4298.94,152.0332
1780837200.0,4298.93,4298.93,4290.39,4295.65,115.8327
1780840800.0,4295.65,4305.05,4295.65,4299.27,183.8705
1780844400.0,4299.28,4302.96,4298.44,4299.44,152.2939
1780848000.0,4299.43,4303.74,4299.28,4302.07,38.9282
1780851600.0,4302.07,4305.69,4302.07,4304.54,36.0691
1780855200.0,4304.54,4306.04,4303.12,4303.12,29.9327
1780858800.0,4303.1,4303.4,4293.27,4302.21,61.0735
1780862400.0,4302.19,4303.57,4299.31,4300.02,26.668
1780866000.0,4300.02,4310.0,4299.13,4299.9,47.1138
1780869600.0,4299.12,4314.99,4292.78,4298.87,525.6333
1780873200.0,4299.11,4325.82,4299.11,4324.17,62.9681
1780876800.0,4324.0,4333.42,4321.5,4323.43,86.3575
1780880400.0,4323.32,4325.0,4282.37,4306.83,225.0563
1780884000.0,4307.0,4310.5,4290.68,4292.67,63.2485
1780887600.0,4293.34,4297.67,4287.4,4297.67,31.2826
1780891200.0,4297.83,4301.83,4289.25,4293.18,31.3976
1780894800.0,4293.61,4295.89,4251.59,4273.83,175.0397
1780898400.0,4273.83,4291.41,4273.83,4281.83,146.0922
1780902000.0,4281.99,4297.0,4278.0,4278.12,73.7342
1780905600.0,4278.13,4279.18,4268.51,4271.62,149.0638
1780909200.0,4272.16,4282.83,4257.0,4275.83,149.608
1780912800.0,4276.0,4286.99,4269.3,4284.33,116.244
1780916400.0,4284.32,4314.56,4280.67,4312.5,200.3343
1780920000.0,4312.66,4319.46,4301.5,4314.34,261.6743
1780923600.0,4314.33,4324.99,4303.53,4308.68,249.0545
1780927200.0,4308.68,4311.88,4298.2,4311.88,207.3761
1780930800.0,4312.0,4324.83,4305.83,4321.67,381.1692
1780934400.0,4321.68,4326.2,4319.17,4320.62,95.1106
1780938000.0,4320.67,4321.5,4313.06,4317.82,83.7561
1780941600.0,4317.83,4324.95,4314.33,4314.68,46.7978
1780945200.0,4314.68,4317.32,4306.54,4308.0,74.9271
1780948800.0,4307.99,4310.67,4307.27,4310.62,47.1628
1780952400.0,4310.63,4317.49,4310.63,4317.09,46.6654
1780956000.0,4317.09,4317.09,4306.18,4310.48,39.3823
1780959600.0,4310.47,4310.48,4295.0,4297.42,211.7518
1780963200.0,4297.49,4303.32,4295.67,4300.0,90.4311
1780966800.0,4299.81,4318.16,4299.33,4317.39,221.4283
1780970400.0,4316.98,4320.32,4310.33,4316.68,104.5669
1780974000.0,4316.67,4321.44,4312.95,4316.83,119.3575
1780977600.0,4316.81,4318.82,4306.8,4311.91,170.0115
1780981200.0,4311.92,4331.05,4311.92,4325.49,263.2653
1780984800.0,4325.34,4329.15,4313.95,4314.33,194.5808
1780988400.0,4314.18,4316.5,4306.31,4308.33,88.0993
1780992000.0,4308.32,4316.49,4303.5,4307.83,91.3935
1780995600.0,4307.83,4315.49,4306.46,4312.83,69.6752
1780999200.0,4313.0,4320.04,4307.4,4320.04,91.6841
1781002800.0,4319.83,4323.15,4316.84,4321.15,59.1155
1781006400.0,4321.1,4324.57,4316.61,4321.69,76.839
1781010000.0,4321.69,4343.76,4307.88,4311.18,255.3258
1781013600.0,4311.62,4317.49,4262.95,4283.33,382.4776
1781017200.0,4283.35,4284.33,4248.92,4258.67,249.2654
1781020800.0,4258.52,4264.53,4222.06,4238.0,471.9888
1781024400.0,4238.17,4254.12,4237.9,4249.19,97.0069
1781028000.0,4249.18,4258.43,4246.35,4256.32,46.535
1781031600.0,4256.32,4256.5,4238.0,4245.0,91.8025
1781035200.0,4244.99,4249.33,4243.67,4247.51,48.0544
1781038800.0,4247.51,4248.33,4243.64,4244.0,74.9423
1781042400.0,4243.99,4243.99,4221.0,4224.07,118.5063
1781046000.0,4224.0,4232.32,4199.0,4209.08,241.3012
1781049600.0,4209.07,4214.65,4188.01,4205.83,343.7344
1781053200.0,4205.83,4205.83,4174.51,4178.33,548.211
1781056800.0,4178.33,4180.0,4162.96,4163.57,345.4223
1781060400.0,4163.57,4175.53,4162.57,4174.68,133.4693
1781064000.0,4174.69,4176.82,4162.0,4166.67,134.536
1781067600.0,4166.8,4196.82,4165.0,4194.67,145.5386
1781071200.0,4194.68,4208.49,4190.67,4192.05,128.6439
1781074800.0,4192.0,4195.26,4173.17,4176.33,104.5353
1781078400.0,4176.18,4176.78,4152.2,4160.17,338.0837
1781082000.0,4160.01,4167.95,4153.77,4158.99,188.3691
1781085600.0,4159.0,4167.29,4146.84,4163.73,2619.123
1781089200.0,4163.72,4165.48,4134.74,4136.76,14019.3386
1781092800.0,4136.75,4163.28,4121.16,4136.44,4552.5909
1781096400.0,4136.43,4172.84,4121.75,4166.98,2434.5573
1781100000.0,4166.98,4167.19,4108.9,4115.78,3214.5402
1781103600.0,4115.77,4127.69,4100.1,4120.17,2459.6641
1781107200.0,4120.17,4126.39,4109.0,4114.09,2579.3112
1781110800.0,4114.1,4125.15,4095.57,4106.25,2156.9746
1781114400.0,4106.26,4114.27,4092.68,4096.16,237.051
1781118000.0,4096.17,4096.81,4076.72,4078.5,780.4273
1781121600.0,4078.5,4078.5,4062.0,4066.33,330.2422
1781125200.0,4066.33,4070.67,4066.33,4069.66,117.4557
1781128800.0,4069.67,4069.67,4033.0,4041.63,1140.1444
1781132400.0,4041.64,4061.0,4020.0,4044.33,902.4557
1781136000.0,4044.18,4074.53,4034.63,4072.84,1450.7144
1781139600.0,4072.84,4111.83,4063.67,4096.99,1379.6639
1781143200.0,4096.99,4097.2,4052.0,4066.35,765.6642
1781146800.0,4066.35,4077.07,4056.69,4073.67,545.9045
1781150400.0,4073.68,4084.78,4070.83,4080.57,321.28
1781154000.0,4080.56,4101.83,4071.18,4091.22,380.3077
1781157600.0,4091.21,4093.16,4074.59,4090.22,539.1705
1781161200.0,4090.22,4105.8,4088.0,4102.1,298.9913
1781164800.0,4102.1,4108.82,4082.25,4082.25,538.3096
1781168400.0,4082.25,4091.33,4074.82,4087.17,361.4135
1781172000.0,4087.17,4089.67,4081.67,4084.45,932.3007
1781175600.0,4084.45,4090.29,4076.65,4076.65,1043.6845
1781179200.0,4076.65,4082.19,4053.0,4076.72,3325.0072
1781182800.0,4076.72,4088.79,4063.43,4079.35,5870.0219
1781186400.0,4079.36,4081.52,4050.54,4068.9,7721.9746
1781190000.0,4068.9,4088.8,4065.19,4083.65,7785.4345
1781193600.0,4083.65,4100.48,4073.02,4074.21,2243.0611
1781197200.0,4074.22,4158.0,4065.99,4139.72,1975.735
1781200800.0,4139.73,4158.94,4120.5,4149.67,683.5408
1781204400.0,4149.83,4203.36,4149.83,4192.57,1462.3633
1781208000.0,4192.66,4201.61,4192.5,4195.43,298.6181
1781211600.0,4195.44,4196.6,4189.63,4194.49,204.4674
1781215200.0,4194.5,4228.65,4189.77,4225.79,468.1139
1781218800.0,4225.8,4228.0,4197.97,4203.82,405.2488
1781222400.0,4203.83,4213.37,4185.24,4191.06,459.4901
1781226000.0,4191.17,4193.67,4156.86,4171.23,454.2838
1781229600.0,4171.23,4183.17,4169.0,4176.53,199.5244
1781233200.0,4176.52,4188.34,4175.33,4182.5,232.4255
1781236800.0,4182.51,4185.08,4176.12,4176.12,203.6356
1781240400.0,4176.13,4177.67,4158.68,4159.67,618.1555
1781244000.0,4159.67,4170.67,4159.67,4170.31,5371.9415
1781247600.0,4170.32,4175.8,4155.49,4175.72,787.9791
1781251200.0,4175.72,4208.62,4174.03,4204.07,19783.2381
1781254800.0,4204.08,4211.32,4202.5,4205.53,69777.0527
1781258400.0,4205.54,4207.75,4188.0,4196.03,1900.524
1781262000.0,4196.04,4198.65,4181.83,4191.33,1466.9704
1781265600.0,4191.33,4198.0,4177.67,4180.51,776.2473
1781269200.0,4180.5,4196.15,4170.75,4173.35,1878.5367
1781272800.0,4173.34,4195.53,4167.24,4192.01,1976.121
1781276400.0,4192.0,4221.52,4188.69,4198.85,3333.6708
1781280000.0,4198.85,4219.2,4195.06,4203.17,1538.1829
1781283600.0,4203.17,4212.0,4201.83,4207.13,820.0049
1781287200.0,4207.13,4219.33,4202.35,4202.54,297.5112
1781290800.0,4202.53,4206.17,4187.83,4196.92,422.0742
1781294400.0,4196.91,4203.67,4196.53,4203.67,129.3015
1781298000.0,4203.66,4203.67,4199.5,4200.05,101.9544
1781301600.0,4200.13,4200.9,4198.3,4200.77,117.3316
1781305200.0,4200.77,4203.25,4199.94,4203.25,62.3058
1781308800.0,4203.24,4203.5,4203.04,4203.11,65.6781
1781312400.0,4203.12,4203.36,4200.0,4202.65,310.1724
1781316000.0,4202.65,4203.2,4200.08,4200.63,162.123
1781319600.0,4200.64,4203.0,4198.75,4202.51,120.0176
1781323200.0,4202.51,4205.33,4201.0,4203.51,134.0294
1781326800.0,4203.51,4203.52,4202.0,4202.76,187.5267
1781330400.0,4202.76,4203.48,4201.19,4203.46,706.2992
1781334000.0,4203.46,4208.77,4203.45,4205.01,795.6591
1781337600.0,4205.01,4206.87,4201.73,4201.74,1324.7971
1781341200.0,4201.73,4203.95,4201.73,4202.68,935.4302
1781344800.0,4202.67,4202.9,4202.03,4202.89,588.7206
1781348400.0,4202.89,4202.9,4202.89,4202.9,866.1507
1781352000.0,4202.89,4207.17,4202.89,4207.17,600.2424
1781355600.0,4207.16,4208.99,4206.25,4208.84,471.4915
1781359200.0,4208.84,4208.98,4204.23,4207.19,588.3931
1781362800.0,4207.19,4211.77,4207.18,4209.9,4467.0808
1781366400.0,4209.91,4212.86,4195.83,4209.72,1260.664
1781370000.0,4209.71,4209.72,4207.85,4207.87,492.9113
1781373600.0,4207.86,4208.27,4207.86,4208.27,1077.0911
1781377200.0,4208.27,4210.13,4208.26,4210.13,610.0303
1781380800.0,4210.12,4210.13,4210.12,4210.13,273.4822
1781384400.0,4210.12,4214.56,4210.12,4214.55,78.8436
1781388000.0,4214.56,4215.36,4214.55,4215.36,32.1899
1781391600.0,4215.35,4215.36,4213.76,4213.77,61.3111
1781395200.0,4213.76,4215.03,4213.76,4215.02,67.0696
1781398800.0,4215.03,4215.03,4215.02,4215.03,192.6257
1781402400.0,4215.02,4215.03,4213.63,4213.81,119.6629
1781406000.0,4213.8,4213.81,4213.8,4213.8,395.2306
1781409600.0,4213.8,4214.61,4213.8,4214.61,864.0193
1781413200.0,4214.6,4218.25,4214.6,4218.25,691.3019
1781416800.0,4218.24,4218.92,4218.24,4218.91,230.3677
1781420400.0,4218.92,4218.92,4217.6,4217.6,1533.0489
1781424000.0,4217.6,4222.83,4217.6,4220.38,13078.5433
1781427600.0,4220.37,4221.15,4217.59,4217.6,45234.3055
1781431200.0,4217.59,4219.0,4216.6,4217.44,878.932
1781434800.0,4217.44,4217.45,4217.33,4217.33,475.5721
1781438400.0,4217.33,4218.5,4216.54,4216.55,394.0131
1781442000.0,4216.55,4217.67,4207.9,4207.91,818.2827
1781445600.0,4207.9,4218.83,4207.9,4218.68,976.0477
1781449200.0,4218.67,4222.92,4213.85,4215.07,553.5944
1781452800.0,4215.08,4218.75,4213.5,4216.74,676.6064
1781456400.0,4216.74,4217.27,4215.18,4215.18,548.9265
1781460000.0,4215.19,4215.19,4211.14,4213.17,218.1924
1781463600.0,4213.16,4214.77,4212.99,4214.76,56.6257
1781467200.0,4214.77,4216.93,4212.17,4214.79,62.481
1781470800.0,4214.79,4282.34,4214.78,4274.6,856.2865
1781474400.0,4274.61,4296.21,4254.46,4274.0,1260.2389
1781478000.0,4273.84,4281.17,4268.1,4281.04,231.0866
1781481600.0,4281.04,4292.85,4277.83,4277.84,210.582
1781485200.0,4277.84,4302.67,4271.96,4300.58,470.266
1781488800.0,4300.58,4316.6,4300.57,4311.66,532.4925
1781492400.0,4311.66,4313.0,4304.25,4307.1,279.17
1781496000.0,4307.1,4311.5,4304.81,4310.22,343.49
