timestamp,open,high,low,close,volume
1774533600.0,4415.0,4500.0,4410.0,4450.04,772.8127
1774534500.0,4450.48,4471.89,4448.21,4462.28,200.8206
1774535400.0,4462.21,4480.0,4459.53,4461.56,119.1121
1774536300.0,4461.14,4468.98,4447.84,4466.26,81.945
1774537200.0,4465.98,4469.74,4451.9,4455.88,95.3022
1774538100.0,4455.89,4457.4,4449.59,4455.14,13.4739
1774539000.0,4454.0,4454.0,4438.4,4440.41,22.9534
1774539900.0,4440.4,4446.66,4435.57,4437.59,50.3107
1774540800.0,4437.6,4441.45,4427.07,4439.81,54.0385
1774541700.0,4439.8,4439.8,4389.42,4398.79,77.5105
1774542600.0,4398.2,4398.2,4370.18,4383.89,36.6406
1774543500.0,4384.0,4394.07,4382.7,4392.43,39.38
1774544400.0,4392.02,4403.2,4389.6,4399.2,35.8003
1774545300.0,4399.0,4399.01,4382.4,4385.71,39.8099
1774546200.0,4385.8,4395.99,4383.2,4388.59,46.1958
1774547100.0,4388.6,4394.35,4383.29,4384.6,23.3692
1774548000.0,4385.0,4393.19,4385.0,4391.94,55.2222
1774548900.0,4392.39,4392.39,4373.17,4376.39,17.1239
1774549800.0,4376.4,4397.94,4376.4,4395.67,36.8593
1774550700.0,4396.2,4399.39,4394.8,4397.21,5.7356
1774551600.0,4397.8,4401.89,4385.81,4390.33,11.6481
1774552500.0,4390.6,4394.0,4382.8,4383.13,8.2432
1774553400.0,4383.2,4390.0,4379.8,4383.68,7.1819
1774554300.0,4383.21,4383.29,4364.82,4368.4,106.9654
1774555200.0,4368.59,4417.62,4357.7,4399.79,137.2575
1774556100.0,4402.99,4419.19,4386.4,4407.88,90.7213
1774557000.0,4407.81,4421.39,4401.84,4408.27,35.375
1774557900.0,4408.11,4411.54,4377.51,4382.94,29.0046
1774558800.0,4383.62,4387.78,4383.62,4387.19,3.646
1774559700.0,4386.49,4393.57,4386.49,4392.8,5.1725
1774560600.0,4393.02,4393.21,4390.87,4391.76,9.4769
1774561500.0,4392.05,4395.87,4392.05,4394.23,34.7542
1774562400.0,4394.36,4402.28,4384.8,4401.47,66.7641
1774563300.0,4402.17,4405.39,4393.23,4396.91,23.2245
1774564200.0,4396.2,4412.0,4394.41,4405.23,26.8355
1774565100.0,4405.23,4413.14,4401.58,4413.14,58.0847
1774566000.0,4412.2,4412.64,4390.01,4393.39,40.9006
1774566900.0,4393.04,4401.83,4392.0,4399.8,45.0054
1774567800.0,4400.0,4408.37,4397.4,4401.0,26.1963
1774568700.0,4401.4,4406.44,4398.22,4406.39,28.8646
1774569600.0,4406.4,4410.8,4405.21,4405.21,6.5332
1774570500.0,4405.21,4405.8,4385.4,4391.19,24.6224
1774571400.0,4391.4,4396.25,4389.0,4390.62,19.0924
1774572300.0,4391.15,4391.15,4377.8,4380.4,41.978
1774573200.0,4380.2,4398.83,4378.67,4394.6,62.1898
1774574100.0,4394.97,4406.13,4392.8,4405.66,18.5467
1774575000.0,4406.2,4419.19,4405.4,4419.13,31.1791
1774575900.0,4419.15,4419.15,4412.6,4416.8,7.6141
1774576800.0,4417.2,4438.39,4417.14,4434.8,20.661
1774577700.0,4434.78,4435.43,4427.2,4430.4,11.1266
1774578600.0,4430.0,4432.4,4426.4,4429.37,10.3829
1774579500.0,4429.37,4437.8,4428.8,4431.2,20.2958
1774580400.0,4431.4,4433.8,4421.9,4427.8,24.39
1774581300.0,4428.2,4435.6,4427.4,4434.95,18.6155
1774582200.0,4435.6,4444.59,4431.41,4438.4,50.7752
1774583100.0,4438.2,4439.15,4434.81,4436.82,34.6343
1774584000.0,4437.4,4438.41,4431.72,4433.21,21.1415
1774584900.0,4433.2,4435.95,4430.8,4432.75,15.8432
1774585800.0,4432.75,4440.77,4432.75,4440.6,40.4807
1774586700.0,4440.8,4447.8,4440.8,4446.0,31.0167
1774587600.0,4445.8,4446.84,4441.85,4445.0,49.2903
1774588500.0,4444.8,4446.94,4440.27,4441.59,19.9708
1774589400.0,4442.0,4471.06,4442.0,4463.6,41.4475
1774590300.0,4463.4,4465.2,4452.19,4452.19,9.6666
1774591200.0,4452.14,4467.99,4450.21,4467.99,13.1952
1774592100.0,4467.4,4467.4,4455.99,4460.91,12.0442
1774593000.0,4460.91,4465.0,4458.13,4462.37,6.3187
1774593900.0,4462.37,4462.37,4452.8,4456.36,28.966
1774594800.0,4455.86,4458.03,4445.6,4451.58,22.0823
1774595700.0,4451.46,4453.99,4449.4,4449.4,38.1508
1774596600.0,4449.56,4452.4,4443.81,4445.2,12.469
1774597500.0,4445.8,4450.4,4442.39,4444.0,3.9559
1774598400.0,4444.2,4447.79,4441.4,4445.4,15.8752
1774599300.0,4445.0,4445.0,4428.31,4431.14,12.7017
1774600200.0,4432.06,4436.82,4426.64,4432.76,23.7415
1774601100.0,4431.92,4435.8,4422.32,4422.79,19.9101
1774602000.0,4422.92,4428.15,4417.43,4426.12,144.4026
1774602900.0,4426.12,4433.94,4425.71,4433.2,131.4457
1774603800.0,4433.2,4436.46,4428.53,4430.26,102.825
1774604700.0,4430.27,4430.27,4424.51,4425.99,94.4255
1774605600.0,4426.0,4430.0,4421.75,4423.71,81.0617
1774606500.0,4423.7,4428.15,4421.84,4426.37,92.8757
1774607400.0,4426.37,4427.02,4408.8,4410.97,76.6196
1774608300.0,4410.97,4414.11,4406.84,4410.81,81.1101
1774609200.0,4410.82,4412.69,4401.65,4407.93,75.1154
1774610100.0,4407.79,4412.29,4404.0,4411.63,103.8407
1774611000.0,4411.63,4417.58,4409.43,4417.01,111.4137
1774611900.0,4417.33,4421.24,4412.19,4415.41,74.7892
1774612800.0,4415.44,4421.19,4408.95,4420.05,65.6347
1774613700.0,4420.05,4429.9,4413.55,4424.75,43.0753
1774614600.0,4424.92,4431.92,4420.01,4429.02,57.0741
1774615500.0,4429.05,4440.81,4429.05,4433.3,70.8863
1774616400.0,4433.3,4438.29,4420.0,4423.51,59.8566
1774617300.0,4423.49,4436.68,4415.25,4419.03,78.9319
1774618200.0,4418.98,4427.26,4410.48,4424.97,58.6281
1774619100.0,4424.96,4437.0,4417.04,4428.24,52.5324
1774620000.0,4427.99,4457.6,4427.49,4456.04,98.2561
1774620900.0,4455.54,4464.53,4446.86,4449.06,105.8858
1774621800.0,4448.65,4457.06,4446.21,4456.59,87.662
1774622700.0,4456.58,4505.68,4456.58,4500.92,158.2935
1774623600.0,4500.93,4526.87,4494.16,4518.16,160.5212
1774624500.0,4518.15,4545.69,4513.54,4534.6,120.66
1774625400.0,4534.6,4543.09,4518.06,4522.16,100.5722
1774626300.0,4522.17,4526.34,4512.15,4513.72,60.9011
1774627200.0,4513.78,4522.13,4507.12,4517.7,72.185
1774628100.0,4517.69,4522.61,4514.52,4517.07,53.7113
1774629000.0,4517.08,4517.39,4497.83,4503.93,127.6284
1774629900.0,4503.86,4513.84,4500.24,4509.21,68.919
1774630800.0,4509.08,4514.0,4501.39,4505.43,25.2025
1774631700.0,4505.42,4505.43,4480.34,4486.16,52.827
1774632600.0,4486.17,4492.08,4479.81,4482.73,46.5767
1774633500.0,4482.9,4491.4,4478.83,4479.0,21.9041
1774634400.0,4479.0,4490.6,4478.99,4490.03,27.8947
1774635300.0,4490.21,4503.2,4490.21,4502.63,30.5447
1774636200.0,4502.62,4524.4,4502.62,4523.36,185.5347
1774637100.0,4523.19,4523.19,4512.11,4515.84,28.3675
1774638000.0,4515.84,4517.12,4506.87,4511.79,25.9637
1774638900.0,4511.8,4524.72,4511.3,4522.67,39.1761
1774639800.0,4522.68,4526.0,4505.17,4511.97,174.9439
1774640700.0,4511.96,4527.95,4506.01,4518.23,118.1334
1774641600.0,4518.31,4523.69,4511.29,4513.49,18.2453
1774642500.0,4513.49,4513.5,4505.79,4508.56,41.0975
1774643400.0,4508.57,4512.14,4499.39,4504.65,60.2223
1774644300.0,4504.49,4504.49,4488.06,4489.44,64.8899
1774645200.0,4489.43,4491.22,4483.98,4485.44,91.1745
1774646100.0,4485.43,4489.16,4483.0,4487.75,45.1766
1774647000.0,4487.75,4495.85,4487.59,4495.85,16.8139
1774647900.0,4495.83,4496.88,4493.02,4494.31,12.0301
1774648800.0,4494.3,4495.5,4493.84,4495.49,9.6337
1774649700.0,4495.5,4495.53,4493.25,4493.25,12.1517
1774650600.0,4493.25,4494.42,4493.25,4493.26,10.7086
1774651500.0,4493.26,4494.35,4493.25,4494.17,15.9392
1774652400.0,4494.16,4494.36,4492.68,4494.32,24.1041
1774653300.0,4494.33,4494.37,4493.94,4494.04,20.2287
1774654200.0,4494.01,4495.4,4494.01,4495.4,28.3706
1774655100.0,4495.4,4495.59,4494.48,4494.53,23.3286
1774656000.0,4494.53,4496.5,4494.48,4495.32,22.2729
1774656900.0,4495.06,4497.26,4494.7,4496.23,18.6722
1774657800.0,4496.24,4496.57,4495.9,4496.36,18.2723
1774658700.0,4496.35,4496.83,4495.01,4495.01,21.0311
1774659600.0,4495.02,4495.33,4494.0,4494.0,42.8462
1774660500.0,4494.0,4494.51,4490.16,4490.17,48.6599
1774661400.0,4490.17,4490.18,4485.68,4487.36,33.1576
1774662300.0,4487.35,4487.37,4484.8,4487.26,28.4023
1774663200.0,4487.26,4487.37,4487.13,4487.34,32.1951
1774664100.0,4487.33,4487.37,4485.83,4486.42,55.9187
1774665000.0,4486.42,4487.37,4486.24,4486.37,51.9929
1774665900.0,4486.37,4487.35,4485.6,4486.99,60.6166
1774666800.0,4487.0,4488.79,4486.99,4487.93,91.7344
1774667700.0,4487.93,4488.36,4487.06,4488.07,247.2414
1774668600.0,4487.9,4489.95,4487.58,4489.49,324.5066
1774669500.0,4489.66,4490.79,4488.91,4489.6,129.837
1774670400.0,4489.61,4489.91,4484.57,4485.0,254.7531
1774671300.0,4485.01,4487.39,4484.61,4487.05,112.1264
1774672200.0,4487.05,4487.38,4486.2,4486.43,268.7215
1774673100.0,4486.44,4487.8,4486.2,4487.38,88.1822
1774674000.0,4487.39,4494.0,4487.38,4493.85,188.2365
1774674900.0,4493.86,4497.74,4493.61,4497.41,286.7111
1774675800.0,4497.41,4498.21,4495.03,4495.04,237.6525
1774676700.0,4495.03,4498.54,4494.98,4497.68,160.8183
1774677600.0,4497.68,4498.54,4496.92,4498.22,33.9656
1774678500.0,4498.21,4499.3,4498.14,4498.19,70.2952
1774679400.0,4498.19,4498.21,4496.83,4496.87,92.9295
1774680300.0,4496.87,4498.46,4496.72,4497.46,143.7241
1774681200.0,4497.47,4497.47,4496.67,4497.28,82.7146
1774682100.0,4497.29,4497.34,4496.34,4496.35,51.4771
1774683000.0,4496.34,4496.35,4495.12,4495.33,29.4575
1774683900.0,4495.32,4497.57,4495.32,4496.59,140.8263
1774684800.0,4496.58,4496.58,4493.44,4494.77,49.6749
1774685700.0,4494.76,4496.12,4494.11,4495.84,457.7571
1774686600.0,4495.84,4496.03,4494.52,4495.12,386.8717
1774687500.0,4495.13,4495.46,4494.87,4494.99,331.8183
1774688400.0,4494.99,4495.55,4494.41,4495.28,194.0036
1774689300.0,4495.28,4495.29,4494.81,4495.21,32.4244
1774690200.0,4495.21,4495.32,4494.74,4494.77,337.0424
1774691100.0,4494.78,4494.78,4494.6,4494.61,289.4156
1774692000.0,4494.61,4494.62,4494.19,4494.2,59.1678
1774692900.0,4494.2,4494.2,4492.76,4492.77,33.3765
1774693800.0,4492.76,4492.77,4491.8,4492.37,50.1739
1774694700.0,4492.37,4492.38,4492.36,4492.37,30.873
1774695600.0,4492.38,4494.3,4492.37,4494.13,40.9199
1774696500.0,4494.13,4494.14,4494.06,4494.07,28.7675
1774697400.0,4494.06,4494.07,4493.38,4493.39,21.4032
1774698300.0,4493.38,4494.35,4493.38,4494.35,31.3265
1774699200.0,4494.35,4496.47,4494.32,4495.72,62.5622
1774700100.0,4495.73,4496.46,4494.65,4494.66,50.2803
1774701000.0,4494.65,4494.68,4494.5,4494.5,50.0048
1774701900.0,4494.51,4496.63,4494.5,4496.06,82.1701
1774702800.0,4496.07,4496.16,4495.4,4495.41,201.1946
1774703700.0,4495.42,4495.78,4494.99,4495.1,196.0646
1774704600.0,4495.1,4499.0,4495.1,4496.39,235.5669
1774705500.0,4496.38,4496.39,4495.53,4495.81,215.9905
1774706400.0,4495.81,4497.1,4495.41,4495.73,228.8606
1774707300.0,4495.72,4496.26,4495.72,4496.26,26.7831
1774708200.0,4496.25,4496.27,4496.25,4496.26,27.9341
1774709100.0,4496.26,4496.27,4495.93,4495.94,23.8481
1774710000.0,4495.93,4495.94,4495.93,4495.94,42.6859
1774710900.0,4495.93,4495.94,4487.24,4487.24,110.7179
1774711800.0,4487.25,4491.5,4485.0,4491.2,72.212
1774712700.0,4491.21,4492.68,4491.2,4492.65,46.4605
1774713600.0,4492.64,4492.77,4489.97,4492.15,50.0668
1774714500.0,4492.15,4492.55,4491.61,4491.62,27.1495
1774715400.0,4491.61,4492.4,4491.61,4492.4,34.7693
1774716300.0,4492.39,4492.57,4492.39,4492.57,27.0063
1774717200.0,4492.56,4493.31,4492.35,4493.31,30.44
1774718100.0,4493.3,4493.39,4493.12,4493.13,52.2001
1774719000.0,4493.13,4493.13,4491.53,4492.0,122.1495
1774719900.0,4492.0,4492.0,4491.19,4491.19,72.0418
1774720800.0,4491.19,4491.53,4491.18,4491.35,278.9456
1774721700.0,4491.35,4491.35,4490.61,4490.62,168.798
1774722600.0,4490.61,4490.92,4490.61,4490.75,97.8151
1774723500.0,4490.76,4490.91,4489.13,4490.71,104.8731
1774724400.0,4490.7,4490.71,4490.7,4490.7,10.4589
1774725300.0,4490.71,4490.71,4490.7,4490.7,9.3651
1774726200.0,4490.71,4491.01,4490.7,4490.98,37.3533
1774727100.0,4490.99,4493.49,4490.98,4492.28,40.9896
1774728000.0,4492.28,4492.45,4492.28,4492.43,29.0023
1774728900.0,4492.44,4492.5,4492.43,4492.49,12.752
1774729800.0,4492.5,4492.5,4492.49,4492.5,10.4891
1774730700.0,4492.5,4492.51,4492.49,4492.5,34.4698
1774731600.0,4492.51,4492.51,4491.27,4491.27,26.6866
1774732500.0,4491.28,4491.28,4491.27,4491.27,27.0678
1774733400.0,4491.28,4492.05,4491.27,4492.04,49.4653
1774734300.0,4492.05,4492.92,4488.34,4488.35,66.405
1774735200.0,4488.34,4490.82,4487.69,4490.81,271.1867
1774736100.0,4490.81,4490.95,4489.48,4489.49,47.2682
1774737000.0,4489.49,4489.59,4488.64,4488.71,196.7884
1774737900.0,4488.71,4488.81,4487.51,4487.67,292.351
1774738800.0,4487.67,4487.71,4487.25,4487.25,96.013
1774739700.0,4487.26,4487.99,4487.25,4487.77,158.0433
1774740600.0,4487.77,4488.56,4487.75,4488.55,271.4928
1774741500.0,4488.54,4488.55,4488.25,4488.26,101.2375
1774742400.0,4488.32,4490.8,4486.48,4486.48,255.8413
1774743300.0,4486.48,4489.14,4484.99,4486.08,312.8982
1774744200.0,4486.07,4487.11,4484.0,4486.51,367.118
1774745100.0,4486.51,4486.67,4484.66,4484.82,181.2381
1774746000.0,4484.83,4484.95,4484.62,4484.63,256.847
1774746900.0,4484.63,4487.99,4484.55,4485.18,402.9931
1774747800.0,4485.19,4486.02,4485.0,4485.04,114.0995
1774748700.0,4485.03,4486.22,4485.0,4485.67,267.0162
1774749600.0,4485.67,4487.12,4485.66,4486.92,108.8918
1774750500.0,4486.93,4489.3,4486.92,4489.3,56.544
1774751400.0,4489.29,4490.3,4489.18,4490.09,280.1663
1774752300.0,4490.09,4490.21,4490.08,4490.17,265.2504
1774753200.0,4490.16,4490.24,4490.06,4490.07,289.0693
1774754100.0,4490.06,4490.42,4490.06,4490.42,114.8527
1774755000.0,4490.42,4490.42,4490.41,4490.42,20.7497
1774755900.0,4490.41,4490.42,4490.0,4490.01,17.2485
1774756800.0,4490.0,4490.01,4487.87,4487.87,369.26
1774757700.0,4487.87,4487.88,4487.6,4487.6,172.4935
1774758600.0,4487.61,4487.75,4487.6,4487.74,18.8792
1774759500.0,4487.74,4488.44,4486.7,4488.44,44.8372
1774760400.0,4488.44,4488.44,4488.43,4488.43,11.8377
1774761300.0,4488.44,4488.44,4488.0,4488.01,16.7713
1774762200.0,4488.0,4488.01,4488.0,4488.0,28.9752
1774763100.0,4488.01,4488.1,4488.0,4488.1,18.3328
1774764000.0,4488.09,4488.44,4487.41,4487.42,27.4136
1774764900.0,4487.41,4487.79,4487.41,4487.79,17.5949
1774765800.0,4487.78,4487.83,4487.78,4487.82,32.7725
1774766700.0,4487.83,4488.44,4486.9,4486.9,39.0384
1774767600.0,4486.9,4486.91,4486.66,4486.66,24.9941
1774768500.0,4486.67,4487.01,4486.66,4487.0,29.3448
1774769400.0,4487.01,4488.03,4487.0,4488.03,43.5046
1774770300.0,4488.02,4488.13,4488.02,4488.12,20.3922
1774771200.0,4488.13,4488.13,4487.57,4487.57,25.8964
1774772100.0,4487.58,4487.58,4487.57,4487.57,14.2599
1774773000.0,4487.57,4487.58,4487.57,4487.58,34.1474
1774773900.0,4487.57,4487.59,4487.34,4487.34,69.0846
1774774800.0,4487.35,4488.0,4487.34,4487.99,27.1256
1774775700.0,4487.99,4488.6,4487.99,4488.59,16.6452
1774776600.0,4488.59,4490.5,4487.0,4490.49,196.7971
1774777500.0,4490.5,4490.64,4484.48,4486.02,88.0168
1774778400.0,4486.03,4489.79,4483.95,4486.84,125.5488
1774779300.0,4486.85,4489.9,4486.5,4486.5,71.7622
1774780200.0,4486.51,4489.23,4486.5,4488.43,24.7602
1774781100.0,4488.44,4488.66,4488.0,4488.05,53.6914
1774782000.0,4488.06,4489.02,4488.05,4488.9,98.5755
1774782900.0,4488.89,4488.9,4488.04,4488.75,117.1398
1774783800.0,4488.75,4488.99,4488.11,4488.21,107.5935
1774784700.0,4488.2,4489.74,4488.2,4489.73,107.6433
1774785600.0,4489.74,4490.33,4489.73,4490.33,19.4818
1774786500.0,4490.32,4490.67,4490.32,4490.64,47.3172
1774787400.0,4490.64,4498.55,4490.63,4496.8,59.9645
1774788300.0,4496.8,4503.58,4496.8,4503.57,30.0151
1774789200.0,4503.57,4504.49,4496.14,4496.84,256.2994
1774790100.0,4496.84,4498.27,4496.69,4497.09,140.8919
1774791000.0,4497.1,4499.09,4496.97,4498.05,191.1654
1774791900.0,4498.04,4498.05,4497.01,4497.19,198.6182
1774792800.0,4497.19,4498.97,4496.55,4497.85,178.642
1774793700.0,4497.94,4497.95,4497.1,4497.24,247.3224
1774794600.0,4497.24,4497.72,4496.86,4497.26,47.771
1774795500.0,4497.27,4497.82,4497.26,4497.8,24.7532
1774796400.0,4497.81,4497.85,4497.8,4497.82,23.1808
1774797300.0,4497.81,4497.85,4497.79,4497.81,29.8791
1774798200.0,4497.81,4497.83,4497.81,4497.82,17.5843
1774799100.0,4497.83,4497.83,4497.82,4497.82,13.2084
1774800000.0,4497.82,4500.0,4497.82,4497.93,146.9837
1774800900.0,4497.94,4497.94,4496.0,4496.29,39.392
1774801800.0,4496.3,4498.08,4496.29,4498.0,102.9605
1774802700.0,4498.01,4498.12,4498.0,4498.11,77.8469
1774803600.0,4498.12,4498.39,4498.1,4498.39,87.0369
1774804500.0,4498.39,4498.39,4498.23,4498.27,13.7459
1774805400.0,4498.27,4498.27,4498.13,4498.14,46.567
1774806300.0,4498.15,4498.23,4498.14,4498.15,18.8386
1774807200.0,4498.14,4498.15,4498.14,4498.14,8.3786
1774808100.0,4498.15,4499.0,4498.14,4498.99,14.0291
1774809000.0,4499.0,4502.07,4498.99,4502.06,31.2617
1774809900.0,4502.07,4503.83,4502.06,4503.83,129.6559
1774810800.0,4503.82,4504.64,4501.91,4501.92,61.5949
1774811700.0,4501.91,4501.92,4500.87,4500.88,25.5501
1774812600.0,4500.87,4500.88,4500.0,4500.26,17.6529
1774813500.0,4500.25,4500.26,4500.25,4500.26,5.783
1774814400.0,4500.25,4503.58,4500.25,4500.33,24.8228
1774815300.0,4500.32,4500.33,4499.81,4499.81,6.474
1774816200.0,4499.82,4499.82,4497.02,4497.31,13.8164
1774817100.0,4497.32,4499.22,4497.31,4498.55,57.7616
1774818000.0,4498.55,4499.63,4498.54,4499.28,101.0899
1774818900.0,4499.28,4500.85,4498.8,4500.85,50.1815
1774819800.0,4500.86,4509.87,4500.86,4509.12,36.4488
1774820700.0,4509.12,4509.99,4506.15,4507.41,45.4023
1774821600.0,4507.4,4508.33,4469.76,4496.21,501.6896
1774822500.0,4495.69,4507.97,4490.43,4503.84,136.0231
1774823400.0,4503.84,4507.41,4487.35,4488.05,67.9991
1774824300.0,4488.19,4491.23,4480.69,4483.16,126.3095
1774825200.0,4483.38,4490.85,4465.91,4478.49,74.1051
1774826100.0,4478.49,4483.91,4472.13,4472.6,44.7396
1774827000.0,4472.58,4472.58,4444.28,4451.01,432.7439
1774827900.0,4451.01,4454.99,4443.35,4447.52,94.7624
1774828800.0,4447.74,4450.38,4420.01,4426.18,135.9075
1774829700.0,4426.1,4466.99,4423.76,4450.82,151.3267
1774830600.0,4450.83,4459.71,4436.53,4439.34,68.9709
1774831500.0,4439.6,4443.0,4432.71,4433.21,37.1843
1774832400.0,4433.22,4461.16,4433.22,4459.78,76.986
1774833300.0,4459.84,4465.68,4448.05,4448.76,47.2793
1774834200.0,4449.28,4475.11,4447.96,4470.27,62.8999
1774835100.0,4470.4,4474.8,4462.87,4470.11,29.9738
1774836000.0,4469.84,4474.15,4465.77,4472.93,101.6363
1774836900.0,4472.92,4473.07,4466.44,4471.77,83.3765
1774837800.0,4471.94,4498.6,4460.14,4494.34,159.8824
1774838700.0,4494.33,4496.14,4480.99,4482.32,128.9208
1774839600.0,4481.98,4506.99,4480.08,4502.29,113.1824
1774840500.0,4502.3,4515.5,4502.29,4506.01,66.3324
1774841400.0,4506.02,4506.02,4500.1,4503.04,27.3372
1774842300.0,4503.03,4505.38,4494.27,4495.06,45.5206
1774843200.0,4495.07,4497.87,4487.78,4488.16,39.0068
1774844100.0,4488.15,4494.57,4488.02,4491.38,24.6112
1774845000.0,4491.39,4491.39,4483.92,4486.47,68.2702
1774845900.0,4486.46,4496.56,4486.34,4496.16,32.5764
1774846800.0,4496.17,4505.64,4496.16,4503.6,39.5848
1774847700.0,4503.6,4512.23,4502.59,4503.55,39.7897
1774848600.0,4503.55,4512.07,4502.3,4506.0,30.7735
1774849500.0,4505.99,4523.79,4505.99,4522.0,204.8035
1774850400.0,4522.0,4532.18,4522.0,4527.97,384.7085
1774851300.0,4527.97,4534.87,4526.66,4527.6,360.7398
1774852200.0,4527.39,4541.99,4524.99,4541.35,544.9639
1774853100.0,4541.35,4550.04,4530.91,4531.7,485.8252
1774854000.0,4531.7,4532.68,4522.67,4531.45,249.4672
1774854900.0,4531.44,4531.68,4518.79,4518.88,63.3345
1774855800.0,4518.88,4521.97,4513.33,4517.76,128.9896
1774856700.0,4517.75,4524.52,4516.6,4524.52,39.3033
1774857600.0,4524.52,4535.61,4522.54,4532.31,96.5819
1774858500.0,4532.32,4533.73,4525.11,4527.7,110.14
1774859400.0,4527.69,4536.5,4527.69,4531.82,36.6799
1774860300.0,4531.83,4537.44,4531.82,4536.4,24.1233
1774861200.0,4536.23,4537.5,4528.31,4528.52,313.0814
1774862100.0,4528.53,4535.21,4522.42,4526.94,97.2771
1774863000.0,4526.93,4535.15,4522.17,4534.41,103.7012
1774863900.0,4534.42,4535.0,4526.58,4529.58,102.2592
1774864800.0,4529.59,4534.12,4526.58,4531.7,74.209
1774865700.0,4531.7,4537.14,4526.97,4530.06,37.7643
1774866600.0,4530.06,4530.77,4527.49,4530.46,26.6536
1774867500.0,4530.45,4531.83,4527.19,4529.34,27.9356
1774868400.0,4529.34,4536.41,4523.58,4535.6,31.0979
1774869300.0,4535.6,4544.99,4532.47,4539.42,71.0889
1774870200.0,4540.43,4560.86,4535.65,4560.86,65.5377
1774871100.0,4560.87,4575.0,4551.6,4554.71,80.5281
1774872000.0,4554.72,4555.79,4542.67,4551.45,58.4843
1774872900.0,4551.61,4562.85,4551.61,4560.7,26.0702
1774873800.0,4560.89,4571.6,4559.85,4568.6,37.7859
1774874700.0,4568.61,4568.61,4559.24,4564.04,24.0033
1774875600.0,4564.04,4573.0,4557.02,4559.99,72.0722
1774876500.0,4559.99,4564.55,4555.02,4561.92,33.6828
1774877400.0,4561.93,4566.8,4537.72,4538.84,36.1917
1774878300.0,4538.8,4540.73,4513.61,4517.01,85.4111
1774879200.0,4517.01,4529.4,4513.33,4528.23,61.5376
1774880100.0,4528.23,4529.2,4508.57,4513.01,63.3854
1774881000.0,4513.0,4525.88,4511.65,4515.89,48.2739
1774881900.0,4515.89,4534.2,4515.8,4532.41,49.3252
1774882800.0,4532.42,4535.1,4524.67,4526.06,300.5348
1774883700.0,4526.01,4526.01,4516.5,4519.99,336.346
1774884600.0,4520.0,4539.62,4518.1,4539.49,699.6063
1774885500.0,4539.48,4543.88,4534.4,4536.61,55.6434
1774886400.0,4536.6,4537.2,4528.04,4533.21,44.8847
1774887300.0,4533.21,4536.75,4526.78,4526.8,43.889
1774888200.0,4526.8,4536.48,4521.8,4536.44,41.1938
1774889100.0,4536.44,4536.84,4527.11,4530.0,23.9901
1774890000.0,4530.0,4532.03,4512.86,4514.54,49.0705
1774890900.0,4514.31,4522.02,4511.96,4519.11,43.8465
1774891800.0,4519.11,4519.11,4507.84,4517.4,38.4165
1774892700.0,4517.14,4520.68,4504.1,4507.55,46.1652
1774893600.0,4507.72,4514.34,4507.04,4511.81,31.707
1774894500.0,4511.8,4512.99,4504.67,4506.85,24.8252
1774895400.0,4506.85,4511.31,4505.0,4507.77,21.6344
1774896300.0,4507.78,4510.78,4492.43,4492.54,56.6636
1774897200.0,4492.54,4497.51,4487.01,4490.88,41.7121
1774898100.0,4490.89,4495.99,4486.45,4494.81,262.0333
1774899000.0,4494.81,4504.66,4491.07,4497.98,161.0131
1774899900.0,4497.97,4512.04,4497.97,4507.84,30.5542
1774900800.0,4507.84,4509.53,4500.01,4501.72,19.3152
1774901700.0,4501.73,4502.49,4496.03,4497.95,15.0657
1774902600.0,4497.96,4498.54,4493.97,4496.16,7.1327
1774903500.0,4496.19,4501.77,4496.12,4501.76,7.9934
1774904400.0,4501.77,4501.77,4500.4,4501.19,6.5174
1774905300.0,4501.2,4506.39,4501.05,4503.98,14.4322
1774906200.0,4503.99,4510.3,4503.99,4510.22,17.519
1774907100.0,4510.0,4510.8,4508.08,4508.08,6.6061
1774908000.0,4507.92,4516.03,4501.56,4502.28,71.6248
1774908900.0,4502.29,4506.19,4496.85,4506.19,16.9016
1774909800.0,4506.18,4508.56,4502.28,4502.28,18.8657
1774910700.0,4502.12,4506.35,4501.85,4503.1,19.6337
1774911600.0,4502.96,4502.96,4485.87,4491.57,44.9671
1774912500.0,4491.23,4501.09,4491.21,4497.52,41.6793
1774913400.0,4497.57,4510.6,4495.99,4510.23,26.4926
1774914300.0,4510.24,4511.99,4500.58,4505.71,27.0115
1774915200.0,4505.7,4519.45,4503.81,4509.07,72.7435
1774916100.0,4509.25,4510.27,4476.1,4504.15,105.7196
1774917000.0,4503.81,4528.8,4499.17,4528.8,64.2124
1774917900.0,4528.12,4538.64,4527.98,4538.64,45.1567
1774918800.0,4538.15,4541.83,4525.07,4535.77,41.15
1774919700.0,4535.61,4574.86,4535.61,4571.47,130.2187
1774920600.0,4571.64,4606.99,4568.96,4605.45,137.5144
1774921500.0,4605.8,4605.8,4584.88,4594.21,72.6293
1774922400.0,4593.91,4595.1,4577.81,4578.79,61.9406
1774923300.0,4578.8,4581.09,4569.25,4572.17,25.0684
1774924200.0,4572.66,4577.21,4570.0,4575.41,23.4567
1774925100.0,4575.4,4576.01,4557.15,4559.41,55.1877
1774926000.0,4559.4,4566.37,4557.27,4560.1,60.6534
1774926900.0,4560.08,4561.09,4547.62,4552.18,187.322
1774927800.0,4552.18,4556.39,4543.06,4543.25,32.2586
1774928700.0,4543.06,4547.33,4541.37,4547.26,27.1821
1774929600.0,4547.27,4554.3,4547.26,4548.52,62.9161
1774930500.0,4548.52,4558.32,4548.01,4551.4,144.0175
1774931400.0,4551.39,4554.87,4550.73,4554.46,18.5131
1774932300.0,4554.47,4557.53,4551.3,4554.44,18.2339
1774933200.0,4554.3,4559.57,4538.15,4540.71,26.2414
1774934100.0,4540.7,4556.32,4540.03,4551.06,19.0855
1774935000.0,4551.06,4567.0,4548.86,4564.44,32.5492
1774935900.0,4564.44,4569.0,4557.56,4558.16,21.7577
1774936800.0,4557.87,4557.87,4547.49,4550.06,39.1978
1774937700.0,4550.06,4554.58,4544.51,4551.53,22.2425
1774938600.0,4551.36,4555.0,4547.18,4549.27,29.3999
1774939500.0,4549.28,4552.26,4546.03,4549.13,70.07
1774940400.0,4549.14,4553.76,4542.2,4543.69,51.086
1774941300.0,4543.7,4546.99,4535.61,4543.69,38.8179
1774942200.0,4543.68,4551.97,4543.59,4550.49,28.8716
1774943100.0,4550.5,4556.24,4549.19,4556.21,25.2913
1774944000.0,4556.2,4563.31,4552.86,4556.36,36.2183
1774944900.0,4556.36,4562.72,4556.36,4562.71,40.7161
1774945800.0,4562.72,4565.1,4558.67,4561.22,27.6567
1774946700.0,4561.22,4563.99,4559.29,4560.41,29.6523
1774947600.0,4560.42,4562.99,4555.12,4558.9,29.9431
1774948500.0,4558.9,4561.31,4552.4,4552.63,84.1031
1774949400.0,4552.64,4552.64,4542.17,4546.07,37.6854
1774950300.0,4546.08,4551.48,4543.23,4546.17,84.31
1774951200.0,4546.18,4552.0,4546.17,4547.92,14.5574
1774952100.0,4547.93,4550.95,4547.1,4550.87,18.2172
1774953000.0,4550.4,4550.4,4522.82,4532.61,45.413
1774953900.0,4532.61,4542.25,4531.73,4538.49,28.9797
1774954800.0,4538.5,4553.03,4532.57,4541.04,65.5063
1774955700.0,4541.22,4571.86,4540.79,4565.52,50.3651
1774956600.0,4565.51,4581.42,4560.0,4581.31,69.5874
1774957500.0,4581.31,4581.35,4567.71,4571.95,60.3242
1774958400.0,4571.95,4585.45,4565.19,4565.31,72.8053
1774959300.0,4565.31,4571.28,4561.89,4569.39,88.9061
1774960200.0,4569.6,4578.84,4568.11,4569.02,32.0245
1774961100.0,4569.17,4570.55,4560.15,4563.85,19.3882
1774962000.0,4563.86,4571.54,4557.85,4569.87,40.9618
1774962900.0,4569.88,4575.37,4563.79,4563.8,21.5594
1774963800.0,4563.79,4578.0,4559.18,4576.1,64.6769
1774964700.0,4576.11,4595.83,4574.86,4595.22,141.7071
1774965600.0,4594.71,4610.17,4590.81,4600.38,103.271
1774966500.0,4600.46,4603.76,4589.13,4601.52,172.6148
1774967400.0,4601.73,4613.63,4589.56,4592.05,82.2222
1774968300.0,4592.06,4594.22,4578.91,4581.94,112.4163
1774969200.0,4582.61,4604.25,4582.61,4604.03,122.2495
1774970100.0,4604.02,4605.55,4591.23,4592.42,96.5838
1774971000.0,4592.42,4602.86,4590.0,4602.8,72.3511
1774971900.0,4602.81,4604.02,4590.58,4591.65,58.2839
1774972800.0,4591.47,4600.89,4590.0,4594.42,34.7297
1774973700.0,4594.43,4599.9,4591.86,4598.68,119.1402
1774974600.0,4598.75,4630.9,4596.91,4622.57,250.6084
1774975500.0,4622.58,4630.52,4611.93,4618.73,76.4833
1774976400.0,4618.73,4634.85,4618.73,4623.59,56.9968
1774977300.0,4623.57,4638.0,4621.68,4627.98,155.0908
1774978200.0,4627.98,4643.75,4625.79,4637.95,139.0868
1774979100.0,4637.97,4645.2,4633.44,4633.87,51.8965
1774980000.0,4633.87,4648.61,4633.87,4646.62,68.0578
1774980900.0,4646.63,4648.77,4640.4,4645.21,15.2746
1774981800.0,4645.55,4649.37,4640.63,4646.66,18.8205
1774982700.0,4646.67,4649.26,4644.77,4647.73,13.6665
1774983600.0,4647.73,4655.41,4642.13,4649.4,36.6745
1774984500.0,4649.61,4658.43,4648.83,4651.27,31.62
1774985400.0,4651.5,4661.13,4651.5,4658.64,32.0589
1774986300.0,4658.85,4663.65,4658.84,4661.28,41.1145
1774987200.0,4661.27,4664.52,4655.07,4657.35,73.5623
1774988100.0,4657.35,4659.27,4646.88,4647.93,66.0877
1774989000.0,4647.94,4652.73,4645.04,4645.05,63.0956
1774989900.0,4645.04,4646.88,4643.72,4645.61,42.3941
1774990800.0,4645.51,4645.51,4638.98,4639.76,84.5996
1774991700.0,4639.77,4639.87,4634.29,4634.47,115.7958
1774992600.0,4634.46,4643.73,4634.46,4643.73,30.4925
1774993500.0,4643.55,4643.55,4637.3,4640.42,74.517
1774994400.0,4640.43,4654.76,4637.85,4643.16,161.1945
1774995300.0,4643.31,4658.32,4638.27,4648.98,110.2424
1774996200.0,4648.78,4668.88,4646.25,4658.23,124.1822
1774997100.0,4658.23,4660.1,4638.49,4654.55,112.5806
1774998000.0,4654.86,4655.48,4648.37,4651.29,21.8356
1774998900.0,4651.08,4657.92,4648.14,4656.54,32.7377
1774999800.0,4656.54,4667.24,4656.54,4663.43,13.3774
1775000700.0,4664.09,4673.54,4662.63,4670.22,29.6855
1775001600.0,4670.21,4678.15,4668.73,4677.57,55.1733
1775002500.0,4677.07,4694.73,4676.7,4694.47,52.884
1775003400.0,4694.14,4695.82,4675.03,4680.27,52.9238
1775004300.0,4680.48,4690.76,4679.37,4684.83,35.42
1775005200.0,4684.88,4696.63,4665.38,4681.53,105.0073
1775006100.0,4681.97,4681.97,4666.83,4679.67,22.6872
1775007000.0,4679.74,4679.83,4656.57,4660.09,24.9028
1775007900.0,4660.31,4669.02,4660.14,4664.31,37.6997
1775008800.0,4664.52,4671.23,4660.53,4666.42,46.3163
1775009700.0,4666.41,4669.98,4658.01,4660.57,18.5716
1775010600.0,4660.43,4662.85,4653.53,4655.3,36.3851
1775011500.0,4655.3,4662.3,4653.81,4658.01,14.5221
1775012400.0,4658.01,4665.34,4658.01,4663.48,15.6917
1775013300.0,4663.48,4667.21,4660.01,4662.32,13.6459
1775014200.0,4661.99,4662.42,4658.4,4660.92,15.1352
1775015100.0,4660.92,4662.72,4654.71,4655.68,15.1485
1775016000.0,4655.69,4655.69,4647.55,4648.44,15.7296
1775016900.0,4647.93,4648.55,4642.7,4648.0,15.9009
1775017800.0,4648.01,4650.0,4644.1,4649.89,13.934
1775018700.0,4649.9,4655.0,4647.72,4650.87,14.0953
1775019600.0,4650.86,4659.12,4650.0,4658.3,26.9036
1775020500.0,4658.3,4666.35,4656.34,4662.79,50.7621
1775021400.0,4662.84,4677.54,4662.84,4676.97,29.0121
1775022300.0,4677.03,4678.31,4660.32,4660.32,34.1957
1775023200.0,4660.32,4671.34,4659.39,4671.34,23.0507
1775024100.0,4671.34,4684.56,4667.88,4683.08,28.0843
1775025000.0,4683.08,4686.53,4677.02,4682.96,29.2892
1775025900.0,4682.96,4705.38,4682.96,4703.8,55.1467
1775026800.0,4704.42,4705.5,4688.79,4689.18,88.9069
1775027700.0,4689.18,4697.99,4687.84,4695.97,33.8167
1775028600.0,4695.34,4717.82,4694.72,4702.21,60.1257
1775029500.0,4702.5,4703.48,4682.25,4684.15,84.9628
1775030400.0,4684.11,4696.61,4682.74,4689.58,135.7044
1775031300.0,4689.75,4705.35,4688.45,4700.6,34.8422
1775032200.0,4700.78,4708.95,4697.31,4700.87,46.8545
1775033100.0,4700.87,4702.5,4696.04,4698.24,33.971
1775034000.0,4698.23,4700.22,4687.83,4687.9,27.9217
1775034900.0,4687.89,4693.76,4685.67,4690.22,21.7124
1775035800.0,4690.21,4693.38,4685.67,4691.46,22.6284
1775036700.0,4691.47,4698.94,4691.47,4694.32,31.983
1775037600.0,4694.31,4695.83,4687.12,4687.45,33.013
1775038500.0,4687.31,4698.3,4686.7,4697.17,20.8243
1775039400.0,4697.18,4704.6,4696.94,4704.21,64.8664
1775040300.0,4704.21,4707.26,4698.51,4702.09,105.4739
1775041200.0,4702.09,4711.33,4700.79,4709.12,33.897
1775042100.0,4709.12,4716.66,4709.12,4715.49,59.7629
1775043000.0,4715.5,4731.94,4715.49,4729.78,77.2905
1775043900.0,4729.77,4730.87,4721.91,4721.91,41.9886
1775044800.0,4721.9,4723.17,4710.03,4712.22,33.3603
1775045700.0,4712.23,4714.08,4695.96,4705.92,61.8702
1775046600.0,4705.92,4722.0,4703.83,4718.52,104.856
1775047500.0,4718.39,4722.46,4695.3,4696.05,125.6219
1775048400.0,4695.85,4704.16,4688.37,4701.92,54.8769
1775049300.0,4701.92,4712.45,4701.92,4706.9,29.6376
1775050200.0,4707.07,4719.0,4702.7,4714.56,60.0992
1775051100.0,4714.56,4717.93,4704.79,4708.95,96.091
1775052000.0,4709.14,4716.36,4696.2,4715.0,78.682
1775052900.0,4714.99,4723.4,4702.7,4712.63,98.7341
1775053800.0,4712.63,4725.0,4706.5,4723.52,53.0952
1775054700.0,4723.52,4736.41,4721.44,4730.44,68.835
1775055600.0,4730.44,4743.0,4728.52,4733.98,165.54
1775056500.0,4734.04,4744.84,4732.34,4741.69,46.018
1775057400.0,4741.88,4754.5,4739.75,4754.11,69.5657
1775058300.0,4754.12,4756.0,4750.96,4754.55,138.3658
1775059200.0,4754.55,4758.87,4742.01,4742.4,57.3627
1775060100.0,4742.4,4749.59,4742.15,4743.73,34.2082
1775061000.0,4743.73,4752.24,4743.72,4751.89,24.7104
1775061900.0,4751.9,4755.13,4750.21,4754.56,14.3411
1775062800.0,4754.56,4760.83,4754.37,4757.0,47.1722
1775063700.0,4756.99,4757.0,4751.01,4751.66,81.1131
1775064600.0,4751.52,4751.52,4744.04,4748.49,35.9926
1775065500.0,4748.49,4748.79,4740.89,4740.89,11.861
1775066400.0,4740.89,4740.9,4726.68,4736.63,119.2637
1775067300.0,4736.63,4736.63,4720.88,4721.45,37.0579
1775068200.0,4721.44,4732.7,4711.02,4723.98,122.4429
1775069100.0,4723.98,4725.3,4720.0,4720.87,22.3239
1775070000.0,4721.13,4731.55,4720.0,4726.4,29.7659
1775070900.0,4726.41,4733.38,4725.11,4730.8,32.6495
1775071800.0,4730.81,4743.73,4729.06,4736.56,28.3294
1775072700.0,4736.57,4736.88,4725.69,4732.34,27.0467
1775073600.0,4732.9,4736.04,4730.82,4735.37,24.0415
1775074500.0,4735.36,4736.89,4728.53,4728.54,12.0492
1775075400.0,4728.53,4729.28,4723.17,4725.67,18.9874
1775076300.0,4725.12,4728.7,4722.83,4722.83,18.9135
1775077200.0,4722.85,4726.61,4722.47,4726.6,14.2446
1775078100.0,4726.61,4726.61,4724.06,4725.82,17.1509
1775079000.0,4725.82,4727.94,4725.17,4727.94,49.0438
1775079900.0,4727.93,4730.0,4726.5,4729.31,41.0902
1775080800.0,4729.32,4731.21,4719.64,4726.43,82.3511
1775081700.0,4726.62,4739.22,4726.62,4738.82,49.3585
1775082600.0,4738.83,4745.99,4737.96,4740.37,31.4928
1775083500.0,4740.84,4746.41,4740.67,4741.03,20.9543
1775084400.0,4741.36,4754.16,4737.07,4754.16,46.0075
1775085300.0,4754.16,4761.42,4753.43,4757.75,24.8355
1775086200.0,4757.94,4761.42,4752.16,4753.08,23.1942
1775087100.0,4752.9,4752.9,4742.47,4746.96,24.5915
1775088000.0,4746.78,4755.36,4739.59,4755.24,18.7238
1775088900.0,4755.23,4761.03,4752.36,4752.89,33.1298
1775089800.0,4752.48,4758.54,4749.07,4752.0,18.777
1775090700.0,4751.91,4754.94,4748.4,4748.81,25.0606
1775091600.0,4748.22,4748.22,4691.48,4717.63,530.4389
1775092500.0,4717.62,4717.62,4657.27,4666.69,491.3418
1775093400.0,4666.68,4676.13,4625.06,4659.27,313.4722
1775094300.0,4659.12,4680.71,4654.15,4667.7,94.2138
1775095200.0,4667.94,4675.0,4650.82,4661.17,74.0087
1775096100.0,4660.74,4673.29,4660.2,4662.46,84.4654
1775097000.0,4662.46,4663.0,4630.86,4650.83,90.6385
1775097900.0,4650.36,4660.73,4647.25,4660.21,46.781
1775098800.0,4660.05,4662.7,4652.0,4662.07,29.671
1775099700.0,4662.08,4671.31,4662.02,4665.61,39.965
1775100600.0,4665.6,4665.6,4656.85,4659.21,32.2979
1775101500.0,4658.69,4660.38,4648.47,4650.49,26.2514
1775102400.0,4650.48,4653.23,4639.19,4641.93,43.5852
1775103300.0,4641.5,4644.86,4636.0,4638.6,25.5293
1775104200.0,4638.24,4642.29,4632.85,4633.58,30.2428
1775105100.0,4633.74,4645.8,4631.57,4644.89,32.6391
1775106000.0,4644.88,4647.17,4640.22,4642.05,34.125
1775106900.0,4642.05,4650.75,4640.06,4647.23,38.73
1775107800.0,4647.41,4648.49,4604.04,4608.77,177.9662
1775108700.0,4608.53,4609.36,4564.52,4571.45,217.2411
1775109600.0,4571.64,4573.43,4533.89,4559.75,218.9359
1775110500.0,4559.76,4576.14,4553.44,4570.13,107.6164
1775111400.0,4570.04,4576.48,4563.01,4567.39,95.4521
1775112300.0,4567.26,4586.02,4563.24,4578.04,151.1858
1775113200.0,4577.59,4598.74,4577.22,4598.63,58.1739
1775114100.0,4598.64,4603.32,4595.5,4598.17,49.302
1775115000.0,4598.17,4617.05,4597.69,4614.56,53.0226
1775115900.0,4614.66,4625.61,4613.41,4618.98,71.5166
1775116800.0,4619.33,4623.75,4606.0,4616.45,142.9546
1775117700.0,4616.5,4619.69,4607.03,4609.93,27.1975
1775118600.0,4609.65,4617.63,4607.25,4607.26,32.0664
1775119500.0,4607.25,4610.01,4594.56,4596.03,44.765
1775120400.0,4596.03,4599.97,4590.0,4599.49,24.0088
1775121300.0,4599.49,4607.45,4595.83,4597.77,40.1914
1775122200.0,4597.78,4601.46,4594.48,4599.51,24.9756
1775123100.0,4599.44,4604.37,4596.08,4599.92,26.2626
1775124000.0,4599.92,4610.76,4597.0,4602.62,24.9202
1775124900.0,4602.61,4604.02,4583.48,4596.01,42.2252
1775125800.0,4596.01,4607.46,4591.56,4601.74,144.9386
1775126700.0,4601.87,4606.16,4599.3,4600.18,63.4421
1775127600.0,4600.19,4606.64,4597.02,4603.93,40.152
1775128500.0,4603.93,4607.75,4593.55,4593.56,59.8818
1775129400.0,4593.54,4595.07,4573.05,4578.15,118.8211
1775130300.0,4577.99,4588.11,4576.0,4578.18,78.8433
1775131200.0,4577.77,4589.86,4573.71,4589.49,52.5496
1775132100.0,4589.64,4605.61,4587.96,4602.05,78.0713
1775133000.0,4602.05,4602.21,4594.02,4595.6,33.6822
1775133900.0,4595.61,4601.69,4578.94,4578.94,51.3935
1775134800.0,4578.97,4590.07,4560.17,4566.27,151.7738
1775135700.0,4566.33,4577.18,4558.0,4575.62,77.5356
1775136600.0,4576.22,4584.48,4564.79,4578.64,57.4403
1775137500.0,4578.63,4628.12,4577.99,4621.87,96.6163
1775138400.0,4621.55,4634.68,4608.3,4623.24,151.3963
1775139300.0,4623.01,4649.04,4622.2,4638.64,79.3661
1775140200.0,4638.65,4671.05,4635.62,4667.06,165.1632
1775141100.0,4666.36,4666.64,4646.42,4655.21,153.9576
1775142000.0,4654.98,4655.64,4640.81,4644.91,54.9761
1775142900.0,4645.08,4653.22,4631.72,4644.49,82.4301
1775143800.0,4644.5,4648.26,4636.6,4639.15,61.8768
1775144700.0,4639.47,4639.47,4627.03,4633.86,62.7795
1775145600.0,4633.86,4640.94,4623.01,4629.29,80.5765
1775146500.0,4629.02,4631.12,4619.35,4626.17,70.1298
1775147400.0,4626.17,4643.74,4626.17,4634.74,139.8008
1775148300.0,4634.74,4644.89,4632.76,4634.92,74.0839
1775149200.0,4634.74,4641.61,4631.54,4637.5,86.1033
1775150100.0,4637.5,4640.24,4627.04,4627.71,36.27
1775151000.0,4627.7,4631.02,4622.09,4630.76,21.6125
1775151900.0,4630.78,4631.66,4620.96,4621.94,20.7081
1775152800.0,4621.97,4631.5,4621.97,4627.7,21.2354
1775153700.0,4627.7,4629.77,4625.84,4626.17,13.3982
1775154600.0,4626.49,4636.92,4626.49,4636.92,19.4647
1775155500.0,4636.94,4644.77,4636.92,4642.45,17.4703
1775156400.0,4642.44,4655.0,4642.44,4649.52,20.5456
1775157300.0,4649.51,4651.28,4640.24,4640.9,36.0164
1775158200.0,4640.9,4642.29,4637.04,4641.09,24.9688
1775159100.0,4641.12,4649.04,4640.93,4645.23,17.9268
1775160000.0,4645.73,4648.77,4645.08,4646.46,8.7225
1775160900.0,4646.47,4647.06,4638.62,4642.22,16.8046
1775161800.0,4642.23,4644.49,4641.6,4642.22,6.2599
1775162700.0,4642.21,4647.49,4640.21,4647.43,15.885
1775163600.0,4647.44,4647.52,4645.81,4646.19,4.2033
1775164500.0,4646.19,4647.01,4646.09,4646.52,6.3795
1775165400.0,4646.53,4651.19,4645.86,4651.19,9.4025
1775166300.0,4651.2,4651.23,4651.03,4651.04,3.422
1775167200.0,4651.04,4651.05,4646.63,4649.25,18.1198
1775168100.0,4649.24,4651.24,4648.7,4648.7,11.2264
1775169000.0,4648.71,4649.82,4646.92,4646.92,8.7121
1775169900.0,4646.93,4646.93,4645.74,4646.49,14.0066
1775170800.0,4646.48,4647.13,4645.9,4647.13,8.0749
1775171700.0,4647.13,4649.16,4647.09,4649.09,21.2411
1775172600.0,4649.09,4649.1,4647.67,4648.11,7.4067
1775173500.0,4648.1,4651.94,4648.1,4650.29,28.7511
1775174400.0,4650.3,4650.66,4648.99,4648.99,20.8535
1775175300.0,4648.99,4650.79,4648.99,4650.12,16.946
1775176200.0,4650.12,4650.12,4647.24,4647.24,6.5961
1775177100.0,4647.24,4647.24,4645.3,4645.97,34.1175
1775178000.0,4645.97,4646.1,4643.8,4646.1,20.2206
1775178900.0,4646.09,4646.79,4646.07,4646.78,6.4406
1775179800.0,4646.79,4647.01,4643.0,4643.0,48.5114
1775180700.0,4643.01,4643.01,4640.4,4642.75,11.1526
1775181600.0,4642.76,4642.78,4642.21,4642.33,7.7715
1775182500.0,4642.34,4645.52,4642.33,4644.41,13.7142
1775183400.0,4644.4,4644.43,4643.62,4644.4,9.2845
1775184300.0,4644.39,4646.8,4644.39,4646.8,10.0776
1775185200.0,4646.8,4647.2,4646.57,4646.82,6.6197
1775186100.0,4646.83,4647.15,4644.38,4644.38,16.7098
1775187000.0,4644.39,4644.56,4644.38,4644.41,7.8956
1775187900.0,4644.41,4644.71,4644.41,4644.58,4.8739
1775188800.0,4644.59,4646.59,4644.58,4646.58,6.732
1775189700.0,4646.59,4647.0,4646.58,4646.84,7.8403
1775190600.0,4646.85,4646.94,4645.23,4646.11,17.237
1775191500.0,4646.12,4647.4,4646.0,4647.2,12.1669
1775192400.0,4647.2,4647.2,4646.44,4646.48,8.6131
1775193300.0,4646.49,4646.49,4645.83,4645.84,8.7124
1775194200.0,4645.85,4647.99,4645.4,4647.72,18.7637
1775195100.0,4647.73,4649.13,4647.72,4648.64,13.2954
1775196000.0,4648.65,4649.6,4648.64,4649.4,13.7795
1775196900.0,4649.41,4649.78,4648.72,4648.72,10.0277
1775197800.0,4648.72,4648.73,4647.62,4648.4,65.3072
1775198700.0,4648.41,4648.67,4647.21,4647.24,22.7779
1775199600.0,4647.24,4647.24,4643.06,4643.07,25.8027
1775200500.0,4643.06,4643.08,4640.71,4640.71,11.6489
1775201400.0,4640.72,4640.81,4640.51,4640.61,13.6138
1775202300.0,4640.6,4640.74,4640.6,4640.63,14.4795
1775203200.0,4640.64,4643.84,4640.63,4643.7,14.2259
1775204100.0,4643.7,4644.0,4643.7,4643.97,20.0598
1775205000.0,4643.98,4644.0,4643.97,4644.0,15.6887
1775205900.0,4644.0,4648.48,4643.98,4644.73,49.6578
1775206800.0,4644.73,4644.74,4644.13,4644.14,14.6669
1775207700.0,4644.14,4644.18,4644.14,4644.15,14.7879
1775208600.0,4644.15,4644.21,4644.15,4644.2,20.6983
1775209500.0,4644.21,4644.82,4644.01,4644.36,18.3151
1775210400.0,4644.38,4644.38,4644.31,4644.32,11.6763
1775211300.0,4644.33,4644.35,4644.31,4644.32,11.9238
1775212200.0,4644.31,4644.33,4642.86,4642.89,31.4805
1775213100.0,4642.88,4642.91,4642.45,4642.45,13.1798
1775214000.0,4642.46,4642.46,4639.61,4640.43,49.3655
1775214900.0,4640.43,4640.74,4638.74,4640.28,45.827
1775215800.0,4640.28,4641.63,4640.28,4641.06,16.6312
1775216700.0,4641.05,4641.36,4640.44,4640.83,12.4562
1775217600.0,4640.84,4642.24,4640.83,4642.23,10.6866
1775218500.0,4642.23,4643.48,4640.17,4642.69,20.9308
1775219400.0,4642.69,4645.7,4630.27,4636.6,41.1356
1775220300.0,4636.59,4636.6,4627.6,4630.58,37.8526
1775221200.0,4630.59,4630.77,4628.4,4628.71,26.7181
1775222100.0,4628.71,4630.02,4628.58,4629.17,12.8576
1775223000.0,4629.16,4633.0,4629.16,4633.0,17.391
1775223900.0,4632.99,4634.0,4632.5,4632.62,16.3994
1775224800.0,4632.63,4632.82,4630.55,4632.81,17.4383
1775225700.0,4632.82,4633.92,4632.81,4633.91,13.2592
1775226600.0,4633.92,4634.0,4630.73,4630.73,12.3356
1775227500.0,4630.73,4630.74,4630.01,4630.01,10.2368
1775228400.0,4630.01,4632.46,4630.01,4632.46,11.536
1775229300.0,4632.45,4632.46,4627.21,4631.37,14.3402
1775230200.0,4631.37,4633.88,4630.79,4633.88,9.9047
1775231100.0,4633.88,4633.88,4630.56,4631.11,12.3496
1775232000.0,4631.1,4633.21,4631.1,4633.12,45.6564
1775232900.0,4633.11,4633.65,4632.99,4633.0,56.7533
1775233800.0,4633.01,4633.45,4633.0,4633.44,8.6148
1775234700.0,4633.44,4634.0,4633.44,4634.0,8.3414
1775235600.0,4633.99,4634.0,4632.58,4632.75,9.8982
1775236500.0,4632.76,4632.76,4629.13,4629.14,16.095
1775237400.0,4629.14,4629.44,4627.17,4629.44,55.0142
1775238300.0,4629.43,4630.62,4629.43,4630.51,12.7594
1775239200.0,4630.51,4630.52,4628.18,4628.18,14.375
1775240100.0,4628.19,4628.95,4627.72,4628.82,11.6151
1775241000.0,4628.83,4629.27,4628.42,4628.43,8.8556
1775241900.0,4628.42,4628.43,4627.02,4627.89,10.8067
1775242800.0,4627.88,4630.87,4626.84,4628.0,17.7979
1775243700.0,4628.2,4632.67,4628.2,4632.42,18.5604
1775244600.0,4632.42,4632.42,4627.39,4628.97,15.4166
1775245500.0,4628.98,4630.45,4628.16,4628.41,8.8193
1775246400.0,4628.42,4629.2,4627.55,4629.0,29.2414
1775247300.0,4629.0,4629.5,4627.6,4628.81,15.6803
1775248200.0,4628.81,4630.15,4628.81,4630.15,18.2267
1775249100.0,4630.14,4630.6,4629.2,4630.59,20.2531
1775250000.0,4630.6,4633.4,4627.82,4627.85,24.2808
1775250900.0,4627.86,4633.32,4627.85,4629.79,13.9863
1775251800.0,4629.8,4631.34,4629.01,4631.1,3.7162
1775252700.0,4630.46,4630.46,4629.1,4629.91,8.3857
1775253600.0,4629.82,4630.08,4628.43,4630.07,3.8572
1775254500.0,4630.04,4630.12,4629.75,4629.75,1.8307
1775255400.0,4629.75,4630.83,4629.48,4630.83,4.6884
1775256300.0,4630.82,4630.83,4629.14,4629.62,5.7576
1775257200.0,4629.24,4632.48,4629.24,4631.29,6.0826
1775258100.0,4631.3,4631.55,4630.58,4631.54,3.5282
1775259000.0,4631.55,4631.61,4631.54,4631.61,3.4346
1775259900.0,4631.61,4632.23,4631.6,4632.22,3.9064
1775260800.0,4632.22,4632.35,4628.99,4629.0,31.58
1775261700.0,4629.0,4631.89,4628.99,4631.89,21.4907
1775262600.0,4631.89,4632.13,4631.89,4632.0,5.861
1775263500.0,4632.01,4632.13,4632.0,4632.06,14.1831
1775264400.0,4632.06,4635.36,4632.05,4635.35,18.9896
1775265300.0,4635.36,4635.74,4635.35,4635.63,14.8835
1775266200.0,4635.64,4635.74,4635.63,4635.65,14.4107
1775267100.0,4635.65,4635.99,4635.63,4635.72,25.0757
1775268000.0,4635.72,4636.07,4635.71,4636.01,22.658
1775268900.0,4636.0,4636.1,4632.89,4636.1,37.8717
1775269800.0,4636.1,4637.43,4636.07,4637.43,9.8185
1775270700.0,4637.58,4637.72,4637.58,4637.7,20.2451
1775271600.0,4637.69,4637.89,4637.23,4637.89,16.7585
1775272500.0,4637.91,4638.6,4637.84,4638.6,13.9061
1775273400.0,4638.6,4638.8,4638.59,4638.8,9.9158
1775274300.0,4638.79,4639.31,4638.79,4639.31,12.5527
1775275200.0,4639.3,4639.62,4638.16,4638.72,72.2114
1775276100.0,4638.73,4639.49,4638.72,4639.09,45.6534
1775277000.0,4639.09,4639.1,4637.0,4637.21,16.2699
1775277900.0,4637.22,4637.22,4636.87,4636.87,82.8905
1775278800.0,4636.68,4636.69,4635.18,4636.31,69.2569
1775279700.0,4636.32,4637.23,4635.57,4637.23,64.3649
1775280600.0,4637.23,4637.23,4636.38,4636.39,18.6857
1775281500.0,4636.38,4637.6,4636.38,4637.1,22.3641
1775282400.0,4637.1,4637.82,4636.82,4636.99,17.1558
1775283300.0,4636.99,4638.81,4636.98,4638.69,10.7279
1775284200.0,4638.69,4638.92,4636.39,4636.93,26.6998
1775285100.0,4636.93,4636.93,4635.84,4636.21,20.321
1775286000.0,4636.22,4638.0,4636.22,4637.17,23.9139
1775286900.0,4637.17,4637.58,4637.17,4637.58,8.2136
1775287800.0,4637.57,4637.61,4634.94,4636.07,21.937
1775288700.0,4636.08,4637.43,4634.88,4635.22,46.1961
1775289600.0,4635.23,4635.23,4633.53,4633.66,59.6983
1775290500.0,4633.66,4633.67,4633.0,4633.02,15.523
1775291400.0,4633.02,4633.77,4632.85,4633.08,50.0168
1775292300.0,4633.08,4633.08,4632.9,4632.93,67.2531
1775293200.0,4632.93,4633.99,4632.81,4633.99,74.724
1775294100.0,4633.98,4634.57,4633.98,4634.28,18.2874
1775295000.0,4634.54,4638.26,4633.79,4638.26,22.4493
1775295900.0,4638.27,4639.16,4637.74,4637.94,56.9198
1775296800.0,4637.95,4642.55,4637.95,4642.03,125.6762
1775297700.0,4642.02,4642.81,4642.0,4642.8,63.16
1775298600.0,4642.81,4642.81,4642.74,4642.8,11.2374
1775299500.0,4642.81,4642.81,4642.33,4642.67,65.2835
1775300400.0,4642.67,4644.91,4642.67,4644.58,30.9962
1775301300.0,4644.58,4645.57,4644.58,4644.92,44.7199
1775302200.0,4644.91,4645.2,4639.6,4639.66,97.7461
1775303100.0,4639.66,4641.33,4638.67,4641.28,255.6454
1775304000.0,4641.27,4645.69,4641.05,4644.87,368.7699
1775304900.0,4644.86,4645.14,4644.85,4645.05,152.7112
1775305800.0,4645.04,4645.66,4645.04,4645.49,232.6732
1775306700.0,4645.5,4645.57,4645.04,4645.4,306.4993
1775307600.0,4645.41,4646.88,4644.86,4645.21,255.5656
1775308500.0,4645.22,4645.67,4645.21,4645.65,97.6179
1775309400.0,4645.65,4645.78,4645.44,4645.53,112.0081
1775310300.0,4645.53,4645.68,4644.86,4645.43,365.9154
1775311200.0,4645.43,4646.69,4645.43,4646.21,143.2768
1775312100.0,4646.21,4646.32,4646.2,4646.32,23.6288
1775313000.0,4646.32,4646.32,4645.8,4645.92,18.3682
1775313900.0,4645.93,4646.29,4645.12,4645.16,255.7243
1775314800.0,4645.17,4645.17,4643.43,4643.87,194.3202
1775315700.0,4643.88,4644.24,4634.48,4638.68,165.8218
1775316600.0,4638.69,4642.34,4637.98,4642.14,62.1632
1775317500.0,4642.15,4643.2,4641.98,4642.93,139.2167
1775318400.0,4642.94,4645.7,4642.93,4645.4,154.99
1775319300.0,4645.41,4646.09,4645.4,4645.55,213.9731
1775320200.0,4645.55,4645.69,4643.77,4644.0,519.8925
1775321100.0,4644.01,4644.22,4643.75,4643.76,261.2892
1775322000.0,4643.77,4643.8,4643.56,4643.8,11.8708
1775322900.0,4643.79,4644.04,4641.95,4642.18,220.9894
1775323800.0,4642.19,4644.08,4642.13,4643.58,273.8247
1775324700.0,4643.58,4643.68,4641.0,4641.01,160.5568
1775325600.0,4641.01,4642.27,4640.65,4641.63,89.1834
1775326500.0,4641.62,4641.94,4641.61,4641.62,16.3398
1775327400.0,4641.61,4641.62,4640.01,4640.01,11.5406
1775328300.0,4640.02,4640.02,4635.79,4635.8,76.2164
1775329200.0,4635.79,4635.86,4632.71,4634.3,30.1362
1775330100.0,4634.29,4635.56,4633.8,4633.8,5.3365
1775331000.0,4633.81,4633.81,4633.05,4633.05,2.6427
1775331900.0,4633.06,4633.15,4632.35,4632.4,111.2635
1775332800.0,4632.4,4632.88,4632.16,4632.88,35.9172
1775333700.0,4632.87,4637.1,4632.87,4637.05,10.8918
1775334600.0,4637.05,4637.05,4637.04,4637.04,3.7036
1775335500.0,4637.05,4637.05,4637.04,4637.04,4.5911
1775336400.0,4637.05,4637.05,4632.01,4636.69,17.3927
1775337300.0,4636.69,4637.19,4634.8,4634.8,3.8038
1775338200.0,4634.81,4634.81,4634.16,4634.4,3.7139
1775339100.0,4634.39,4634.4,4633.82,4633.83,6.8566
1775340000.0,4633.82,4637.22,4633.82,4637.08,5.965
1775340900.0,4637.08,4637.09,4634.53,4634.59,4.7445
1775341800.0,4634.6,4636.0,4634.59,4636.0,5.0454
1775342700.0,4636.0,4637.8,4635.27,4635.28,3.8129
1775343600.0,4635.28,4635.29,4635.07,4635.08,2.2011
1775344500.0,4635.08,4635.08,4633.57,4634.89,11.0528
1775345400.0,4634.9,4634.99,4634.65,4634.65,1.922
1775346300.0,4634.85,4636.93,4633.5,4633.68,52.3766
1775347200.0,4633.69,4634.07,4633.68,4633.94,5.7317
1775348100.0,4633.95,4635.25,4632.12,4635.24,16.7422
1775349000.0,4635.24,4637.43,4632.56,4636.23,37.9695
1775349900.0,4636.27,4638.49,4633.89,4633.9,14.447
1775350800.0,4633.89,4638.11,4633.89,4635.98,55.4144
1775351700.0,4635.98,4635.98,4635.08,4635.23,22.8669
1775352600.0,4635.4,4635.83,4635.39,4635.64,4.959
1775353500.0,4635.65,4635.65,4634.99,4635.23,15.2963
1775354400.0,4635.23,4635.47,4635.23,4635.47,9.5167
1775355300.0,4635.46,4635.86,4635.46,4635.85,3.764
1775356200.0,4635.86,4635.86,4634.99,4635.3,10.0143
1775357100.0,4635.3,4635.39,4635.14,4635.16,7.4986
1775358000.0,4635.17,4635.87,4635.12,4635.34,23.317
1775358900.0,4635.33,4637.09,4634.89,4637.08,16.3658
1775359800.0,4637.09,4637.95,4634.61,4636.73,34.2154
1775360700.0,4636.73,4637.34,4635.41,4636.41,9.583
1775361600.0,4636.4,4636.99,4635.55,4636.47,8.0732
1775362500.0,4636.46,4636.52,4636.45,4636.49,12.6119
1775363400.0,4636.51,4636.51,4635.12,4635.29,67.6636
1775364300.0,4635.3,4636.64,4635.07,4636.27,200.0341
1775365200.0,4636.26,4636.89,4635.21,4636.62,195.7166
1775366100.0,4636.63,4636.64,4636.24,4636.33,143.4805
1775367000.0,4636.32,4636.34,4636.11,4636.23,36.1761
1775367900.0,4636.22,4636.3,4635.09,4636.29,10.2628
1775368800.0,4636.3,4637.35,4635.9,4636.37,22.4917
1775369700.0,4636.37,4636.5,4635.58,4635.59,135.4563
1775370600.0,4635.59,4636.13,4635.54,4635.65,169.0183
1775371500.0,4635.65,4635.92,4634.02,4635.6,81.9495
1775372400.0,4635.6,4635.8,4634.7,4634.85,20.4357
1775373300.0,4634.85,4634.92,4628.5,4632.39,41.5145
1775374200.0,4632.38,4632.96,4631.61,4632.2,103.3556
1775375100.0,4632.21,4633.01,4632.11,4632.99,9.7569
1775376000.0,4633.0,4637.49,4632.99,4636.6,40.3378
1775376900.0,4636.61,4638.45,4634.79,4635.25,496.0729
1775377800.0,4635.25,4635.77,4632.38,4633.42,272.2368
1775378700.0,4633.41,4635.46,4631.26,4634.21,341.5731
1775379600.0,4634.22,4634.75,4634.01,4634.11,163.7088
1775380500.0,4634.11,4634.13,4633.81,4633.81,20.3758
1775381400.0,4633.82,4633.82,4632.16,4632.17,42.2725
1775382300.0,4632.16,4632.17,4629.53,4631.6,171.453
1775383200.0,4631.61,4631.72,4627.58,4629.23,286.5562
1775384100.0,4629.29,4631.54,4624.78,4628.75,120.3188
1775385000.0,4628.74,4629.03,4624.29,4625.07,101.4622
1775385900.0,4625.08,4626.65,4625.04,4625.6,170.9566
1775386800.0,4625.59,4627.0,4620.94,4621.46,244.1553
1775387700.0,4621.46,4624.32,4620.37,4620.89,349.752
1775388600.0,4620.89,4621.4,4619.85,4620.42,240.4704
1775389500.0,4620.43,4624.7,4618.89,4624.55,140.3687
1775390400.0,4624.61,4624.7,4615.5,4616.25,89.4731
1775391300.0,4616.04,4616.26,4605.63,4609.77,172.6805
1775392200.0,4609.76,4618.78,4609.19,4617.76,107.1641
1775393100.0,4617.76,4618.21,4611.15,4616.47,175.7632
1775394000.0,4616.45,4623.35,4611.59,4622.95,247.3241
1775394900.0,4622.95,4631.55,4622.48,4623.58,232.3542
1775395800.0,4623.58,4623.58,4613.8,4617.81,125.7924
1775396700.0,4617.96,4620.9,4613.02,4617.3,314.1531
1775397600.0,4617.31,4624.79,4617.3,4622.65,91.9719
1775398500.0,4622.54,4622.54,4618.5,4619.12,144.1382
1775399400.0,4619.03,4622.91,4615.72,4620.07,150.9718
1775400300.0,4620.06,4624.16,4619.89,4622.97,128.1515
1775401200.0,4622.97,4629.46,4620.41,4623.99,286.6529
1775402100.0,4624.05,4627.74,4617.81,4620.09,390.5087
1775403000.0,4620.1,4624.71,4616.08,4622.92,195.8514
1775403900.0,4622.92,4623.0,4616.53,4620.8,81.12
1775404800.0,4620.99,4626.8,4616.42,4619.55,120.5556
1775405700.0,4619.55,4620.8,4611.11,4613.3,78.5086
1775406600.0,4613.3,4615.17,4608.6,4609.18,65.6964
1775407500.0,4609.19,4612.14,4608.0,4611.45,24.0379
1775408400.0,4611.46,4611.46,4604.21,4606.31,29.5937
1775409300.0,4606.32,4609.86,4606.32,4608.05,25.873
1775410200.0,4608.04,4609.97,4607.1,4607.68,24.8526
1775411100.0,4607.68,4610.12,4605.77,4606.94,33.4478
1775412000.0,4606.95,4609.2,4604.52,4606.61,15.5339
1775412900.0,4606.61,4610.01,4605.99,4610.0,9.5877
1775413800.0,4610.0,4613.84,4609.46,4613.28,22.427
1775414700.0,4613.28,4614.5,4611.0,4611.17,6.5238
1775415600.0,4611.18,4615.19,4611.17,4613.79,31.5369
1775416500.0,4613.8,4616.01,4613.79,4614.24,19.6418
1775417400.0,4614.24,4615.02,4611.6,4612.29,9.936
1775418300.0,4612.36,4612.7,4609.56,4612.45,13.7067
1775419200.0,4611.87,4611.87,4606.11,4611.71,15.1251
1775420100.0,4611.71,4613.6,4606.11,4609.88,15.2877
1775421000.0,4609.89,4613.02,4608.1,4610.79,20.9294
1775421900.0,4610.81,4613.76,4610.81,4613.01,18.3556
1775422800.0,4613.0,4614.48,4609.34,4611.05,18.7872
1775423700.0,4611.05,4612.49,4609.05,4612.49,15.2056
1775424600.0,4612.49,4612.49,4607.76,4607.76,29.1515
1775425500.0,4607.76,4617.83,4603.37,4614.8,78.8979
1775426400.0,4614.96,4632.7,4588.46,4603.2,453.3442
1775427300.0,4603.01,4610.79,4600.51,4605.93,44.4196
1775428200.0,4606.4,4614.2,4603.59,4612.68,25.2255
1775429100.0,4612.8,4619.08,4590.84,4613.2,398.8507
1775430000.0,4613.21,4617.6,4598.07,4603.18,81.6117
1775430900.0,4603.2,4604.79,4582.7,4582.71,56.363
1775431800.0,4582.71,4588.8,4578.91,4580.32,54.6329
1775432700.0,4580.32,4592.09,4580.32,4584.86,44.8167
1775433600.0,4584.9,4598.77,4582.81,4598.74,92.521
1775434500.0,4598.75,4600.76,4576.2,4577.81,63.8242
1775435400.0,4577.8,4594.8,4577.8,4592.6,50.68
1775436300.0,4592.8,4600.0,4591.11,4596.88,34.5801
1775437200.0,4597.19,4615.0,4597.19,4614.83,85.8549
1775438100.0,4614.82,4615.69,4596.01,4614.19,106.2323
1775439000.0,4614.2,4614.51,4597.01,4601.99,206.1813
1775439900.0,4602.0,4602.99,4596.88,4600.41,34.6711
1775440800.0,4600.4,4612.59,4598.82,4610.46,32.1611
1775441700.0,4610.46,4642.55,4610.46,4633.54,74.5788
1775442600.0,4633.55,4637.8,4618.42,4622.89,112.7983
1775443500.0,4622.9,4627.4,4620.0,4620.37,53.9221
1775444400.0,4620.38,4620.38,4603.68,4606.0,92.873
1775445300.0,4606.2,4608.79,4599.88,4604.19,75.7647
1775446200.0,4604.18,4607.69,4600.83,4606.39,46.2121
1775447100.0,4606.39,4614.4,4604.54,4613.02,35.6629
1775448000.0,4613.02,4620.89,4613.02,4616.8,65.9138
1775448900.0,4616.81,4618.2,4614.76,4618.19,32.4848
1775449800.0,4618.2,4622.58,4615.8,4622.2,20.5473
1775450700.0,4622.19,4629.43,4620.2,4629.43,32.2972
1775451600.0,4629.42,4645.14,4629.27,4644.01,64.7842
1775452500.0,4644.01,4647.22,4636.98,4637.55,32.5286
1775453400.0,4637.54,4638.04,4631.39,4631.6,36.2797
1775454300.0,4631.61,4636.99,4623.08,4624.12,59.2826
1775455200.0,4624.12,4633.2,4617.0,4633.19,56.798
1775456100.0,4633.19,4633.87,4624.41,4626.34,24.4743
1775457000.0,4626.59,4629.79,4623.61,4627.24,21.9188
1775457900.0,4627.25,4637.6,4625.61,4635.68,61.2122
1775458800.0,4635.74,4636.65,4620.27,4622.79,31.1618
1775459700.0,4622.8,4626.63,4617.0,4621.13,20.8346
1775460600.0,4621.12,4634.67,4621.12,4633.2,36.493
1775461500.0,4633.41,4655.41,4632.69,4652.54,49.8026
1775462400.0,4652.55,4662.08,4649.09,4659.05,47.1336
1775463300.0,4658.94,4663.48,4653.69,4659.62,30.4609
1775464200.0,4659.6,4662.9,4658.29,4661.23,18.9758
1775465100.0,4661.22,4665.0,4660.49,4664.23,19.0199
1775466000.0,4664.23,4671.0,4664.23,4669.84,43.9172
1775466900.0,4669.84,4672.3,4667.33,4669.92,25.8738
1775467800.0,4669.93,4673.65,4668.96,4671.37,27.432
1775468700.0,4671.37,4672.27,4659.2,4662.02,103.0346
1775469600.0,4661.58,4665.17,4656.33,4656.34,23.1324
1775470500.0,4656.33,4660.43,4654.77,4657.61,37.7023
1775471400.0,4657.62,4663.77,4656.79,4663.77,16.2915
1775472300.0,4663.58,4663.58,4653.6,4658.03,46.9251
1775473200.0,4658.02,4664.0,4656.82,4657.01,24.025
1775474100.0,4657.06,4659.27,4653.92,4656.05,46.2216
1775475000.0,4656.04,4661.57,4653.22,4653.22,51.639
1775475900.0,4653.22,4653.22,4646.41,4646.84,45.222
1775476800.0,4646.85,4653.22,4640.29,4640.9,49.6388
1775477700.0,4640.9,4641.79,4630.0,4634.64,42.6291
1775478600.0,4634.64,4645.83,4634.64,4644.24,33.7451
1775479500.0,4644.25,4648.39,4642.66,4643.8,28.067
1775480400.0,4643.81,4644.99,4631.44,4636.37,93.442
1775481300.0,4636.37,4640.86,4628.47,4635.64,46.8475
1775482200.0,4635.75,4645.0,4630.11,4634.26,103.8207
1775483100.0,4634.09,4647.94,4631.0,4647.49,53.6139
1775484000.0,4647.5,4658.47,4630.0,4638.7,82.8817
1775484900.0,4639.11,4653.03,4638.52,4652.35,55.1825
1775485800.0,4652.35,4661.29,4646.0,4650.83,68.5627
1775486700.0,4650.83,4654.32,4643.11,4650.04,55.1853
1775487600.0,4650.57,4650.8,4630.52,4631.03,83.8699
1775488500.0,4631.03,4636.72,4623.73,4634.86,72.9807
1775489400.0,4634.86,4637.24,4621.45,4629.43,42.4746
1775490300.0,4629.42,4635.17,4628.21,4634.09,49.5683
1775491200.0,4634.09,4635.99,4627.73,4635.29,57.0353
1775492100.0,4635.29,4636.2,4628.81,4632.02,203.5408
1775493000.0,4632.03,4637.45,4631.07,4631.08,29.9155
1775493900.0,4631.08,4633.42,4625.96,4626.82,42.5924
1775494800.0,4626.97,4627.57,4613.63,4620.22,52.516
1775495700.0,4620.24,4627.26,4617.47,4623.67,43.3083
1775496600.0,4623.68,4627.44,4620.89,4624.04,11.6709
1775497500.0,4623.8,4624.09,4620.22,4620.89,38.5115
1775498400.0,4621.01,4632.35,4618.8,4625.9,26.5675
1775499300.0,4625.9,4631.31,4625.9,4628.25,31.3792
1775500200.0,4628.26,4630.83,4618.38,4619.12,23.5183
1775501100.0,4619.11,4626.29,4617.8,4626.18,24.832
1775502000.0,4626.18,4626.39,4618.46,4618.77,17.5081
1775502900.0,4618.77,4618.78,4615.15,4618.16,21.0893
1775503800.0,4618.16,4623.52,4618.15,4621.03,43.3903
1775504700.0,4621.03,4625.8,4621.02,4623.99,16.7453
1775505600.0,4624.0,4625.02,4621.45,4624.85,19.1102
1775506500.0,4625.02,4626.38,4625.02,4625.87,3.8003
1775507400.0,4625.85,4627.06,4621.63,4622.82,10.318
1775508300.0,4623.13,4623.13,4620.0,4620.0,10.8678
1775509200.0,4620.01,4625.79,4620.01,4624.99,24.3473
1775510100.0,4624.82,4624.82,4622.94,4623.56,5.3358
1775511000.0,4623.56,4623.56,4618.58,4618.58,4.9559
1775511900.0,4618.58,4623.21,4618.57,4622.91,14.2643
1775512800.0,4622.91,4635.14,4620.49,4632.5,69.8001
1775513700.0,4632.34,4633.86,4625.32,4628.59,19.4641
1775514600.0,4628.6,4629.61,4626.72,4626.81,9.4479
1775515500.0,4626.72,4628.93,4624.35,4624.82,7.9624
1775516400.0,4624.82,4627.23,4624.35,4626.95,20.5897
1775517300.0,4627.06,4627.3,4621.38,4622.37,17.7221
1775518200.0,4622.38,4622.64,4620.08,4621.45,18.2266
1775519100.0,4621.62,4626.7,4621.62,4626.7,29.1798
1775520000.0,4626.15,4629.43,4618.42,4625.87,79.5438
1775520900.0,4625.88,4629.19,4625.47,4627.9,46.6018
1775521800.0,4627.91,4629.46,4627.3,4628.84,15.845
1775522700.0,4628.83,4630.01,4624.0,4624.01,6.6829
1775523600.0,4623.83,4632.79,4599.09,4609.38,230.1896
1775524500.0,4609.55,4623.9,4607.86,4622.28,50.8631
1775525400.0,4622.28,4628.73,4599.66,4610.39,70.7843
1775526300.0,4610.4,4614.99,4588.16,4597.37,109.6717
1775527200.0,4597.38,4603.59,4590.97,4596.97,28.5935
1775528100.0,4597.31,4604.78,4594.31,4604.78,18.5637
1775529000.0,4604.78,4614.79,4604.78,4614.79,31.5636
1775529900.0,4614.78,4622.23,4614.0,4619.53,53.1409
1775530800.0,4619.53,4622.78,4612.5,4614.82,24.3233
1775531700.0,4614.81,4616.92,4611.08,4613.63,12.5346
1775532600.0,4613.63,4618.66,4613.63,4617.72,17.5856
1775533500.0,4617.72,4620.69,4617.71,4620.08,11.8359
1775534400.0,4620.09,4621.26,4616.19,4616.19,11.5086
1775535300.0,4616.2,4621.11,4616.19,4621.11,18.4051
1775536200.0,4621.1,4633.63,4621.1,4632.34,62.5745
1775537100.0,4632.33,4633.68,4630.29,4630.29,25.2473
1775538000.0,4630.3,4631.13,4625.18,4626.71,15.0533
1775538900.0,4626.72,4628.58,4604.0,4605.64,136.0521
1775539800.0,4605.63,4612.77,4597.58,4602.97,76.2693
1775540700.0,4602.97,4615.32,4601.56,4613.76,20.3277
1775541600.0,4613.77,4616.46,4609.38,4616.45,37.4823
1775542500.0,4616.46,4617.35,4609.56,4612.61,24.6254
1775543400.0,4612.44,4622.75,4612.06,4621.81,28.7693
1775544300.0,4622.02,4625.2,4619.39,4624.16,26.6246
1775545200.0,4624.19,4626.78,4620.9,4623.15,23.8732
1775546100.0,4623.15,4624.13,4612.0,4613.07,89.7707
1775547000.0,4613.06,4617.48,4610.55,4614.83,26.5183
1775547900.0,4614.82,4617.86,4612.37,4617.28,12.7815
1775548800.0,4617.68,4634.9,4617.06,4634.9,132.9222
1775549700.0,4634.87,4659.87,4629.24,4648.78,151.0297
1775550600.0,4648.77,4655.9,4647.72,4653.07,26.1876
1775551500.0,4653.06,4655.89,4649.48,4652.63,26.6418
1775552400.0,4652.63,4662.15,4652.0,4656.01,60.5339
1775553300.0,4656.0,4662.63,4653.6,4656.99,39.044
1775554200.0,4656.99,4656.99,4636.93,4638.69,326.212
1775555100.0,4638.69,4646.34,4632.0,4643.28,160.7175
1775556000.0,4643.73,4649.4,4635.49,4647.6,153.5135
1775556900.0,4647.6,4650.44,4629.84,4638.79,68.3138
1775557800.0,4639.32,4642.36,4625.91,4633.87,139.7101
1775558700.0,4633.87,4633.87,4622.7,4624.63,111.0705
1775559600.0,4625.03,4628.15,4605.27,4610.96,121.3148
1775560500.0,4610.96,4623.82,4608.16,4621.06,66.8731
1775561400.0,4621.05,4633.33,4620.01,4633.32,73.411
1775562300.0,4633.33,4634.28,4628.4,4631.07,22.1041
1775563200.0,4631.07,4635.3,4624.58,4626.18,65.7788
1775564100.0,4626.26,4640.6,4624.0,4638.21,117.9591
1775565000.0,4638.61,4639.53,4630.01,4630.01,44.9533
1775565900.0,4630.0,4633.86,4620.55,4624.81,112.0173
1775566800.0,4624.82,4631.54,4621.89,4629.86,54.4314
1775567700.0,4629.85,4634.68,4625.0,4631.12,25.3743
1775568600.0,4631.13,4634.98,4611.6,4614.13,105.2445
1775569500.0,4614.12,4626.38,4612.23,4617.68,367.7699
1775570400.0,4617.68,4618.74,4585.58,4597.74,239.3179
1775571300.0,4597.74,4621.0,4586.2,4618.15,147.1938
1775572200.0,4618.16,4631.55,4615.42,4620.21,135.0291
1775573100.0,4620.63,4628.7,4604.91,4606.76,45.7439
1775574000.0,4606.77,4616.47,4601.1,4616.01,71.6388
1775574900.0,4616.22,4625.3,4615.03,4625.29,50.8588
1775575800.0,4625.3,4628.12,4616.12,4619.59,294.6126
1775576700.0,4619.58,4631.71,4619.58,4629.64,95.4612
1775577600.0,4629.87,4641.03,4627.19,4632.38,69.9274
1775578500.0,4631.76,4641.16,4630.0,4637.43,188.9639
1775579400.0,4637.43,4638.2,4630.49,4636.16,301.3223
1775580300.0,4636.16,4638.0,4632.39,4632.61,33.6761
1775581200.0,4632.6,4646.65,4632.39,4643.51,51.8473
1775582100.0,4643.1,4643.13,4631.26,4636.64,39.6855
1775583000.0,4636.64,4659.27,4636.64,4646.75,280.2735
1775583900.0,4646.74,4652.97,4646.06,4649.18,21.1779
1775584800.0,4649.18,4656.13,4649.18,4656.13,159.4242
1775585700.0,4656.33,4658.0,4651.11,4654.23,52.5962
1775586600.0,4654.05,4658.59,4651.71,4653.1,17.6815
1775587500.0,4653.11,4653.38,4633.35,4636.59,47.8727
1775588400.0,4637.01,4642.0,4635.78,4641.65,30.9455
1775589300.0,4641.64,4673.29,4640.37,4659.69,114.934
1775590200.0,4659.48,4662.0,4654.83,4659.23,24.7808
1775591100.0,4658.87,4687.61,4657.31,4672.92,204.439
1775592000.0,4672.93,4681.53,4669.57,4679.85,37.9935
1775592900.0,4679.68,4683.21,4675.03,4680.95,22.3428
1775593800.0,4681.53,4685.52,4674.18,4678.39,34.5913
1775594700.0,4678.39,4681.95,4676.08,4676.83,46.3
1775595600.0,4676.28,4685.0,4674.19,4683.41,28.7458
1775596500.0,4682.99,4682.99,4675.51,4677.22,27.6804
1775597400.0,4677.22,4680.25,4675.0,4679.75,57.6312
1775598300.0,4679.78,4684.47,4679.74,4682.0,3.7522
1775599200.0,4681.98,4716.65,4681.98,4701.5,557.3267
1775600100.0,4702.0,4703.75,4695.07,4702.75,31.1846
1775601000.0,4702.88,4747.99,4683.26,4735.0,437.586
1775601900.0,4734.75,4778.4,4726.75,4776.48,275.5501
1775602800.0,4775.25,4782.42,4761.69,4775.5,188.9209
1775603700.0,4776.0,4785.99,4768.25,4772.5,84.45
1775604600.0,4772.7,4774.5,4762.01,4768.25,64.894
1775605500.0,4768.25,4790.12,4766.51,4787.09,105.0186
1775606400.0,4787.05,4810.46,4786.26,4789.49,379.8391
1775607300.0,4789.49,4792.5,4776.75,4779.01,78.6529
1775608200.0,4779.5,4779.74,4769.71,4771.14,67.4385
1775609100.0,4771.13,4783.27,4763.99,4772.75,417.655
1775610000.0,4772.93,4778.52,4763.25,4775.0,108.3726
1775610900.0,4774.75,4775.3,4749.85,4751.25,169.4119
1775611800.0,4751.25,4759.96,4747.25,4756.75,45.7962
1775612700.0,4756.76,4769.73,4756.0,4766.26,51.4982
1775613600.0,4766.26,4778.89,4766.26,4770.25,92.1805
1775614500.0,4770.25,4770.25,4764.0,4767.49,22.208
1775615400.0,4767.49,4775.4,4764.0,4764.0,52.9883
1775616300.0,4764.01,4765.97,4757.66,4762.48,28.2448
1775617200.0,4762.47,4763.32,4756.25,4756.41,28.8087
1775618100.0,4756.4,4761.29,4754.71,4760.75,35.9242
1775619000.0,4760.5,4760.5,4752.76,4757.5,19.7664
1775619900.0,4757.51,4760.49,4755.75,4756.0,12.7659
1775620800.0,4756.01,4758.88,4752.75,4754.99,19.6272
1775621700.0,4755.0,4759.99,4748.34,4759.82,23.2372
1775622600.0,4759.81,4762.0,4758.39,4760.02,85.8068
1775623500.0,4760.01,4760.02,4755.11,4759.23,23.3264
1775624400.0,4759.23,4766.08,4756.51,4765.38,25.3501
1775625300.0,4765.38,4772.26,4763.2,4772.26,56.7411
1775626200.0,4772.25,4780.0,4770.76,4778.69,26.9681
1775627100.0,4778.68,4797.99,4777.49,4784.76,35.0643
1775628000.0,4784.5,4790.5,4778.63,4783.53,46.3508
1775628900.0,4783.53,4792.44,4782.75,4792.44,46.1529
1775629800.0,4792.43,4795.87,4787.45,4793.75,92.6739
1775630700.0,4793.75,4796.53,4779.83,4779.83,57.8578
1775631600.0,4779.84,4779.84,4770.07,4773.84,49.7975
1775632500.0,4773.84,4780.83,4771.03,4778.78,38.615
1775633400.0,4778.4,4778.4,4768.32,4770.87,28.3659
1775634300.0,4770.87,4780.0,4770.61,4774.48,45.5649
1775635200.0,4774.22,4779.11,4770.0,4776.41,50.6542
1775636100.0,4776.42,4780.26,4763.16,4770.5,58.6542
1775637000.0,4770.8,4770.8,4755.51,4757.22,124.8629
1775637900.0,4757.57,4766.4,4755.26,4760.07,45.1125
1775638800.0,4760.07,4766.58,4759.56,4766.58,44.3571
1775639700.0,4766.58,4770.03,4761.36,4763.31,41.6029
1775640600.0,4763.34,4766.93,4743.78,4748.31,77.025
1775641500.0,4748.31,4756.32,4743.93,4750.02,46.7187
1775642400.0,4750.2,4756.68,4749.48,4750.02,96.4975
1775643300.0,4750.0,4750.01,4739.28,4749.47,105.8419
1775644200.0,4749.47,4758.12,4748.08,4758.11,38.1972
1775645100.0,4758.12,4761.5,4750.56,4750.56,30.7227
1775646000.0,4750.52,4757.74,4748.4,4755.24,32.352
1775646900.0,4755.25,4763.65,4751.26,4759.74,25.2704
1775647800.0,4759.56,4759.56,4746.78,4756.13,63.1901
1775648700.0,4756.13,4766.94,4755.78,4763.33,38.7526
1775649600.0,4763.34,4772.17,4763.34,4772.16,100.9728
1775650500.0,4771.8,4771.85,4736.84,4751.37,71.1698
1775651400.0,4751.06,4763.52,4751.01,4760.99,53.9224
1775652300.0,4760.99,4767.48,4760.98,4766.8,26.7294
1775653200.0,4766.8,4771.8,4758.49,4759.92,30.245
1775654100.0,4759.92,4764.78,4756.49,4757.58,44.2104
1775655000.0,4757.58,4760.99,4742.64,4742.64,114.4354
1775655900.0,4742.57,4754.7,4735.97,4745.88,219.2865
1775656800.0,4745.71,4757.39,4744.62,4748.04,56.49
1775657700.0,4748.0,4752.18,4730.89,4736.16,46.2257
1775658600.0,4736.34,4737.55,4720.02,4729.11,232.4385
1775659500.0,4729.14,4733.46,4703.4,4708.07,181.7267
1775660400.0,4708.25,4718.88,4706.33,4715.1,77.2155
1775661300.0,4714.92,4727.16,4714.38,4721.64,32.2873
1775662200.0,4721.63,4731.3,4721.4,4725.17,20.9333
1775663100.0,4725.18,4732.4,4725.18,4726.51,34.127
1775664000.0,4726.51,4732.0,4724.65,4724.66,34.4732
1775664900.0,4724.65,4724.65,4716.18,4719.67,26.0624
1775665800.0,4719.67,4728.7,4718.53,4727.97,56.7523
1775666700.0,4727.97,4734.0,4727.12,4729.83,30.0143
1775667600.0,4729.82,4733.28,4726.44,4729.67,19.64
1775668500.0,4729.68,4731.12,4715.83,4720.53,76.2469
1775669400.0,4720.2,4723.38,4708.26,4711.98,104.1159
1775670300.0,4711.87,4712.13,4703.89,4706.44,57.3034
1775671200.0,4706.63,4714.94,4701.18,4714.74,56.8888
1775672100.0,4714.73,4715.27,4690.71,4694.56,96.9974
1775673000.0,4694.58,4697.11,4680.91,4682.88,62.375
1775673900.0,4682.87,4688.94,4676.4,4678.39,41.2051
1775674800.0,4678.39,4688.28,4671.86,4688.27,22.9193
1775675700.0,4688.28,4690.2,4681.62,4681.63,15.3411
1775676600.0,4681.64,4696.38,4681.63,4694.67,23.4008
1775677500.0,4694.88,4704.16,4694.88,4703.35,17.6574
1775678400.0,4703.57,4704.16,4698.78,4699.45,7.5942
1775679300.0,4699.46,4700.87,4696.32,4697.1,15.8427
1775680200.0,4697.15,4698.72,4696.0,4697.78,6.2336
1775681100.0,4697.68,4699.81,4693.74,4697.28,23.2291
1775682000.0,4697.28,4700.5,4697.28,4700.0,18.6108
1775682900.0,4700.01,4701.0,4699.65,4700.99,15.5666
1775683800.0,4701.0,4701.68,4699.81,4700.9,13.9005
1775684700.0,4700.89,4703.64,4699.41,4702.24,12.8235
1775685600.0,4701.9,4706.65,4687.45,4690.31,86.8832
1775686500.0,4690.32,4693.66,4682.29,4689.98,46.8343
1775687400.0,4689.98,4695.6,4684.0,4690.32,43.893
1775688300.0,4690.32,4695.79,4689.38,4694.62,16.8932
1775689200.0,4694.63,4694.63,4684.06,4686.45,57.5622
1775690100.0,4686.44,4692.56,4684.57,4687.68,26.1592
1775691000.0,4687.61,4691.99,4685.19,4691.01,11.1964
1775691900.0,4691.0,4695.84,4689.92,4692.96,10.2272
1775692800.0,4692.72,4692.72,4674.87,4680.43,37.9092
1775693700.0,4680.43,4688.88,4678.51,4685.52,21.0006
1775694600.0,4685.51,4694.0,4684.09,4693.99,24.2813
1775695500.0,4694.0,4694.68,4683.82,4683.82,14.1561
1775696400.0,4683.91,4696.49,4677.98,4695.99,53.363
1775697300.0,4696.16,4698.75,4680.86,4682.16,42.8227
1775698200.0,4682.15,4695.83,4681.34,4692.23,23.2628
1775699100.0,4692.71,4703.75,4692.71,4703.74,18.9146
1775700000.0,4703.74,4704.49,4698.0,4699.23,17.1075
1775700900.0,4699.23,4704.5,4699.09,4702.37,31.9938
1775701800.0,4702.36,4708.72,4702.36,4708.72,19.2653
1775702700.0,4708.71,4708.72,4696.09,4696.94,32.9105
1775703600.0,4696.9,4698.15,4690.0,4690.79,58.1333
1775704500.0,4690.78,4691.1,4684.41,4690.89,16.4753
1775705400.0,4690.9,4693.18,4690.89,4693.03,8.5608
1775706300.0,4693.12,4693.12,4686.38,4689.6,17.9034
1775707200.0,4689.6,4698.71,4688.65,4698.59,26.9786
1775708100.0,4698.6,4699.2,4694.93,4694.94,12.6202
1775709000.0,4694.94,4699.3,4692.48,4698.0,14.7929
1775709900.0,4698.01,4701.26,4697.51,4697.53,35.2946
1775710800.0,4697.52,4699.77,4689.34,4692.11,35.4025
1775711700.0,4692.11,4702.88,4691.46,4702.88,29.0196
1775712600.0,4702.87,4702.88,4695.0,4701.5,32.7561
1775713500.0,4701.49,4701.5,4686.62,4692.96,22.0036
1775714400.0,4692.24,4702.8,4691.76,4697.4,24.8497
1775715300.0,4697.41,4698.57,4692.0,4695.5,14.8207
1775716200.0,4695.99,4699.49,4691.52,4692.01,16.0374
1775717100.0,4692.0,4693.16,4684.39,4691.51,31.6658
1775718000.0,4691.51,4706.81,4688.77,4701.75,41.6036
1775718900.0,4701.74,4701.96,4686.18,4687.2,47.2242
1775719800.0,4687.2,4706.65,4687.2,4700.17,59.3125
1775720700.0,4700.17,4701.4,4691.03,4701.4,25.9369
1775721600.0,4701.42,4703.04,4698.53,4702.01,35.7354
1775722500.0,4701.97,4704.84,4699.7,4700.29,12.0633
1775723400.0,4700.28,4708.62,4699.5,4707.71,26.0221
1775724300.0,4707.7,4710.72,4704.12,4704.2,72.5808
1775725200.0,4704.19,4710.8,4702.15,4708.59,98.2557
1775726100.0,4708.6,4712.39,4708.44,4708.8,18.7491
1775727000.0,4708.81,4711.28,4707.18,4707.19,46.0655
1775727900.0,4707.19,4709.24,4704.29,4708.89,112.5797
1775728800.0,4708.79,4711.18,4705.51,4706.4,28.0516
1775729700.0,4706.41,4717.38,4702.58,4715.58,122.2667
1775730600.0,4715.6,4719.18,4714.67,4718.0,25.734
1775731500.0,4717.99,4723.51,4717.62,4718.7,25.8654
1775732400.0,4718.65,4720.88,4716.52,4718.17,50.277
1775733300.0,4718.17,4723.83,4718.16,4723.02,59.794
1775734200.0,4723.02,4727.49,4721.3,4727.49,40.7437
1775735100.0,4727.48,4733.15,4727.48,4733.14,48.8265
1775736000.0,4733.15,4735.68,4719.76,4720.47,178.3565
1775736900.0,4720.33,4720.33,4713.65,4715.46,53.0721
1775737800.0,4715.63,4723.36,4713.4,4719.78,63.9964
1775738700.0,4719.95,4722.44,4714.93,4721.76,54.5182
1775739600.0,4721.76,4731.18,4715.82,4730.2,145.3979
1775740500.0,4730.21,4733.27,4728.0,4728.56,180.3833
1775741400.0,4728.57,4751.08,4727.21,4750.18,151.941
1775742300.0,4750.18,4750.46,4735.08,4739.18,166.198
1775743200.0,4739.18,4750.74,4738.12,4747.32,171.0229
1775744100.0,4747.33,4748.48,4737.24,4741.37,83.4893
1775745000.0,4741.37,4743.18,4725.91,4732.59,73.0024
1775745900.0,4732.58,4743.88,4732.52,4743.82,305.051
1775746800.0,4743.88,4746.0,4736.85,4745.51,333.9471
1775747700.0,4745.5,4760.64,4745.5,4753.08,102.7992
1775748600.0,4753.22,4771.7,4752.9,4765.18,154.5039
1775749500.0,4765.18,4768.0,4760.0,4768.0,145.1099
1775750400.0,4768.0,4776.12,4762.21,4762.36,32.538
1775751300.0,4762.36,4770.46,4762.01,4767.21,68.5827
1775752200.0,4767.2,4768.56,4761.43,4761.66,106.745
1775753100.0,4761.65,4764.06,4759.2,4762.64,24.1296
1775754000.0,4762.65,4769.09,4761.55,4767.29,31.6723
1775754900.0,4767.28,4771.81,4766.0,4767.47,30.7287
1775755800.0,4767.47,4773.74,4762.09,4769.09,24.7342
1775756700.0,4769.08,4773.0,4769.08,4771.45,30.1192
1775757600.0,4771.44,4771.45,4755.26,4756.86,60.4188
1775758500.0,4756.92,4760.63,4752.18,4754.93,21.0091
1775759400.0,4754.88,4754.88,4744.73,4744.78,27.2979
1775760300.0,4744.77,4751.27,4744.26,4748.05,107.2227
1775761200.0,4748.04,4757.29,4746.24,4754.7,49.2562
1775762100.0,4754.71,4755.24,4749.12,4749.79,7.5399
1775763000.0,4749.78,4753.43,4747.14,4748.41,20.8506
1775763900.0,4748.4,4749.3,4744.37,4745.34,35.2882
1775764800.0,4745.34,4746.78,4743.96,4746.39,23.0983
1775765700.0,4746.39,4749.25,4743.54,4746.81,13.0746
1775766600.0,4746.8,4748.34,4740.0,4741.56,16.5371
1775767500.0,4741.55,4744.42,4741.13,4742.84,7.0364
1775768400.0,4742.84,4742.92,4737.01,4738.85,15.0728
1775769300.0,4738.86,4740.58,4737.76,4739.91,15.2667
1775770200.0,4739.92,4739.92,4737.72,4737.74,14.7377
1775771100.0,4737.74,4741.35,4737.74,4741.34,9.5906
1775772000.0,4741.35,4755.0,4738.75,4743.85,101.2228
1775772900.0,4743.86,4744.0,4738.12,4738.12,34.0414
1775773800.0,4738.0,4739.74,4735.0,4735.73,7.4015
1775774700.0,4735.88,4737.0,4734.26,4737.0,11.8411
1775775600.0,4736.99,4736.99,4733.03,4733.64,32.8633
1775776500.0,4733.64,4735.21,4732.75,4732.95,11.3453
1775777400.0,4733.12,4736.57,4733.12,4734.42,8.2253
1775778300.0,4734.26,4738.02,4733.55,4737.89,6.9276
1775779200.0,4737.5,4737.51,4727.27,4728.98,32.2584
1775780100.0,4728.99,4732.5,4728.0,4728.75,13.7818
1775781000.0,4728.99,4735.77,4728.99,4730.51,13.1648
1775781900.0,4730.5,4736.75,4730.02,4736.75,21.6101
1775782800.0,4736.74,4741.16,4735.0,4736.07,68.3774
1775783700.0,4736.08,4739.99,4734.5,4737.5,23.978
1775784600.0,4737.49,4750.0,4736.87,4746.43,38.5779
1775785500.0,4746.42,4747.0,4736.75,4738.59,16.2168
1775786400.0,4738.58,4739.25,4725.92,4728.01,39.6746
1775787300.0,4728.0,4728.79,4719.25,4721.01,30.545
1775788200.0,4721.01,4723.49,4715.4,4723.37,57.8695
1775789100.0,4723.36,4726.46,4722.59,4726.45,27.2343
1775790000.0,4726.46,4734.93,4726.45,4733.53,19.7397
1775790900.0,4733.52,4734.47,4729.5,4729.5,16.4396
1775791800.0,4729.51,4741.0,4729.5,4738.91,21.4825
1775792700.0,4738.9,4741.98,4738.25,4739.49,13.0199
1775793600.0,4739.5,4740.49,4738.96,4739.48,27.3617
1775794500.0,4739.49,4743.23,4738.5,4738.51,34.1747
1775795400.0,4738.5,4738.51,4735.57,4736.03,22.4864
1775796300.0,4736.02,4738.59,4733.01,4733.01,17.8163
1775797200.0,4733.02,4736.74,4732.75,4733.28,19.3141
1775798100.0,4733.28,4737.45,4732.97,4734.76,15.1227
1775799000.0,4734.76,4741.0,4734.76,4738.38,31.9218
1775799900.0,4738.39,4741.93,4738.39,4740.23,35.2044
1775800800.0,4740.23,4740.23,4730.37,4730.71,36.3773
1775801700.0,4730.7,4730.9,4726.42,4729.18,25.6144
1775802600.0,4729.17,4731.46,4724.92,4725.57,28.4054
1775803500.0,4725.57,4727.25,4719.0,4721.09,27.8184
1775804400.0,4721.1,4726.24,4717.0,4722.02,26.9934
1775805300.0,4722.02,4728.83,4722.01,4728.47,27.2445
1775806200.0,4728.48,4730.93,4727.27,4728.52,14.2454
1775807100.0,4728.53,4729.75,4724.0,4724.32,30.7885
1775808000.0,4724.33,4727.71,4723.0,4724.81,56.1797
1775808900.0,4724.82,4724.82,4718.5,4722.01,22.7158
1775809800.0,4722.0,4725.83,4716.37,4716.62,35.5734
1775810700.0,4716.85,4717.95,4708.0,4716.11,65.9206
1775811600.0,4716.11,4720.18,4716.11,4720.17,52.5191
1775812500.0,4720.17,4732.89,4719.16,4723.47,78.1644
1775813400.0,4723.47,4723.74,4720.5,4723.74,28.1102
1775814300.0,4723.73,4726.0,4721.51,4725.47,32.7113
1775815200.0,4725.47,4725.72,4717.19,4720.99,19.276
1775816100.0,4720.99,4733.0,4720.99,4731.06,28.3541
1775817000.0,4731.05,4731.55,4727.92,4729.3,24.064
1775817900.0,4729.31,4732.7,4728.38,4730.86,46.4625
1775818800.0,4730.85,4732.2,4728.25,4730.48,47.3626
1775819700.0,4730.49,4737.0,4730.39,4736.82,31.0523
1775820600.0,4736.82,4739.58,4733.64,4739.58,17.744
1775821500.0,4739.69,4741.74,4737.93,4741.73,31.9896
1775822400.0,4741.74,4742.42,4737.96,4739.58,14.9302
1775823300.0,4739.58,4744.02,4734.79,4739.04,30.3537
1775824200.0,4739.15,4753.08,4737.97,4744.43,226.3158
1775825100.0,4744.42,4745.52,4738.51,4744.74,49.4277
1775826000.0,4744.74,4749.46,4742.08,4746.19,39.6664
1775826900.0,4746.19,4752.18,4741.0,4749.23,72.9645
1775827800.0,4749.24,4750.9,4740.0,4741.97,66.3479
1775828700.0,4741.97,4750.0,4740.26,4747.97,40.8041
1775829600.0,4747.98,4752.87,4741.93,4752.87,137.8664
1775830500.0,4752.87,4765.0,4752.57,4764.18,214.9378
1775831400.0,4764.17,4767.14,4748.99,4753.4,166.9806
1775832300.0,4753.4,4754.82,4745.0,4747.49,69.1655
1775833200.0,4747.5,4755.0,4742.7,4753.78,32.9423
1775834100.0,4753.79,4758.0,4748.0,4748.0,33.9806
1775835000.0,4748.01,4749.69,4728.99,4737.51,62.6997
1775835900.0,4737.51,4740.62,4731.77,4733.29,162.8994
1775836800.0,4733.29,4735.5,4722.01,4735.49,99.1641
1775837700.0,4735.5,4737.15,4728.89,4732.25,26.9668
1775838600.0,4732.25,4736.88,4730.33,4730.33,172.0597
1775839500.0,4730.34,4737.33,4729.73,4736.21,21.611
1775840400.0,4736.2,4737.64,4732.18,4737.08,20.4116
1775841300.0,4737.07,4740.39,4734.53,4734.9,61.4137
1775842200.0,4734.89,4737.15,4731.12,4732.44,27.9687
1775843100.0,4732.44,4736.58,4732.42,4734.17,20.9093
1775844000.0,4734.17,4735.44,4725.91,4735.43,24.875
1775844900.0,4735.42,4740.64,4735.42,4737.84,28.2539
1775845800.0,4737.84,4744.47,4737.84,4741.45,28.6621
1775846700.0,4741.45,4741.46,4737.1,4738.68,19.281
1775847600.0,4738.67,4740.12,4737.84,4739.99,7.8237
1775848500.0,4740.0,4742.57,4736.6,4736.93,13.8778
1775849400.0,4736.93,4736.93,4733.82,4736.21,14.8587
1775850300.0,4736.2,4736.68,4731.2,4731.87,26.2846
1775851200.0,4732.23,4732.23,4725.91,4728.15,33.2893
1775852100.0,4728.15,4728.15,4717.19,4721.07,54.8467
1775853000.0,4721.08,4726.61,4721.07,4726.61,48.9937
1775853900.0,4726.26,4726.71,4723.48,4724.28,20.8502
1775854800.0,4724.28,4725.47,4723.42,4725.04,11.619
1775855700.0,4725.04,4725.66,4725.02,4725.02,8.3154
1775856600.0,4725.03,4729.02,4725.02,4725.9,11.7974
1775857500.0,4725.91,4725.91,4724.01,4724.43,10.345
1775858400.0,4724.44,4724.64,4723.42,4724.29,12.7577
1775859300.0,4724.3,4725.33,4723.09,4723.09,6.9906
1775860200.0,4723.1,4726.28,4723.0,4723.2,16.6096
1775861100.0,4723.2,4723.54,4723.2,4723.21,8.8169
1775862000.0,4723.2,4723.21,4722.9,4722.9,14.2909
1775862900.0,4722.91,4722.91,4721.59,4721.99,36.4379
1775863800.0,4722.0,4722.0,4721.32,4721.49,17.9779
1775864700.0,4721.48,4721.49,4721.48,4721.49,4.3786
1775865600.0,4721.48,4721.48,4720.53,4720.54,7.0319
1775866500.0,4720.54,4721.0,4720.33,4720.34,15.7398
1775867400.0,4720.33,4721.37,4719.93,4721.36,17.0521
1775868300.0,4721.35,4721.36,4721.35,4721.35,8.712
1775869200.0,4721.36,4721.36,4720.5,4720.5,8.3052
1775870100.0,4720.51,4720.51,4719.2,4719.21,13.1434
1775871000.0,4719.2,4720.2,4719.2,4720.2,27.7584
1775871900.0,4720.2,4720.86,4720.2,4720.86,24.9281
1775872800.0,4720.86,4723.15,4720.8,4723.07,26.0421
1775873700.0,4723.07,4723.07,4722.36,4722.36,24.5677
1775874600.0,4722.36,4722.37,4721.66,4721.67,18.2835
1775875500.0,4721.66,4721.73,4721.42,4721.66,151.6602
1775876400.0,4721.66,4721.67,4721.14,4721.15,198.7531
1775877300.0,4721.14,4722.05,4720.01,4720.45,309.0157
1775878200.0,4720.44,4720.45,4720.29,4720.32,124.8993
1775879100.0,4720.31,4720.32,4719.94,4719.95,132.4958
1775880000.0,4719.94,4720.51,4719.94,4720.5,36.3794
1775880900.0,4720.5,4721.19,4720.5,4720.65,103.0695
1775881800.0,4720.65,4720.87,4720.64,4720.86,112.1665
1775882700.0,4720.87,4720.87,4719.92,4720.34,123.0054
1775883600.0,4720.35,4721.87,4720.34,4721.87,80.011
1775884500.0,4721.86,4721.91,4720.0,4720.79,58.3755
1775885400.0,4720.8,4721.7,4720.79,4721.38,65.583
1775886300.0,4721.37,4722.46,4721.37,4722.43,93.8038
1775887200.0,4722.44,4722.44,4722.27,4722.28,36.4291
1775888100.0,4722.27,4722.28,4722.27,4722.27,40.7395
1775889000.0,4722.28,4722.76,4722.27,4722.75,191.3505
1775889900.0,4722.75,4722.75,4722.06,4722.07,158.3552
1775890800.0,4722.07,4722.07,4721.71,4721.73,39.7142
1775891700.0,4721.73,4721.73,4721.72,4721.73,51.1324
1775892600.0,4721.72,4721.73,4721.22,4721.23,72.3892
1775893500.0,4721.22,4721.37,4721.0,4721.35,145.5342
1775894400.0,4721.35,4721.7,4720.9,4721.69,185.1882
1775895300.0,4721.69,4722.68,4721.38,4721.43,163.4558
1775896200.0,4721.43,4723.03,4721.43,4723.02,47.3032
1775897100.0,4723.03,4723.4,4723.02,4723.14,52.5222
1775898000.0,4723.15,4723.19,4722.69,4722.69,61.4202
1775898900.0,4722.7,4723.86,4722.61,4723.86,61.5648
1775899800.0,4723.85,4725.21,4723.85,4725.2,49.0195
1775900700.0,4725.21,4726.29,4725.2,4726.26,51.0134
1775901600.0,4726.26,4726.29,4723.96,4724.21,59.5903
1775902500.0,4724.2,4724.21,4724.2,4724.2,60.8369
1775903400.0,4724.21,4724.21,4724.19,4724.2,49.0788
1775904300.0,4724.19,4724.36,4724.19,4724.29,56.4453
1775905200.0,4724.28,4724.93,4724.19,4724.88,83.3207
1775906100.0,4724.88,4724.89,4722.65,4722.66,92.2928
1775907000.0,4722.66,4722.66,4722.42,4722.45,90.8578
1775907900.0,4722.46,4722.6,4722.0,4722.08,126.3894
1775908800.0,4722.07,4722.08,4721.57,4721.6,88.512
1775909700.0,4721.6,4721.6,4721.59,4721.6,55.0507
1775910600.0,4721.59,4721.6,4721.59,4721.6,80.3783
1775911500.0,4721.59,4722.44,4721.59,4722.43,94.546
1775912400.0,4722.44,4722.44,4721.46,4721.47,51.6691
1775913300.0,4721.46,4721.83,4721.46,4721.83,45.8764
1775914200.0,4721.83,4722.2,4721.82,4722.19,64.3321
1775915100.0,4722.2,4722.8,4722.19,4722.78,96.6393
1775916000.0,4722.79,4723.82,4722.79,4723.82,67.9621
1775916900.0,4723.81,4729.6,4723.81,4727.74,62.9153
1775917800.0,4727.75,4727.75,4724.5,4724.81,63.938
1775918700.0,4724.81,4724.81,4721.71,4721.8,116.4075
1775919600.0,4721.79,4723.31,4721.79,4722.99,81.6459
1775920500.0,4722.99,4724.34,4722.99,4724.18,51.1496
1775921400.0,4724.19,4724.19,4724.18,4724.19,21.5051
1775922300.0,4724.18,4724.4,4724.18,4724.31,37.0194
1775923200.0,4724.31,4724.68,4723.95,4723.96,31.4616
1775924100.0,4723.96,4725.03,4723.43,4723.43,58.378
1775925000.0,4723.44,4725.04,4722.7,4722.7,49.0829
1775925900.0,4722.7,4730.83,4722.7,4724.57,50.4741
1775926800.0,4724.57,4725.13,4723.39,4723.55,25.0351
1775927700.0,4723.55,4723.56,4722.22,4723.14,86.1419
1775928600.0,4723.15,4723.43,4721.57,4721.57,164.5661
1775929500.0,4721.58,4722.09,4720.15,4721.73,227.9704
1775930400.0,4721.73,4722.33,4721.72,4721.96,61.6344
1775931300.0,4721.97,4722.46,4721.96,4722.45,28.8946
1775932200.0,4722.46,4726.68,4722.39,4726.67,41.9068
1775933100.0,4726.67,4728.63,4726.05,4728.62,60.4718
1775934000.0,4728.63,4729.2,4727.92,4727.92,21.0428
1775934900.0,4727.93,4727.93,4726.85,4727.37,18.4037
1775935800.0,4727.37,4728.42,4727.36,4728.42,8.8427
1775936700.0,4728.41,4728.78,4728.34,4728.78,23.1262
1775937600.0,4728.77,4728.78,4727.37,4728.15,20.7148
1775938500.0,4728.14,4728.15,4728.14,4728.15,5.7405
1775939400.0,4728.14,4728.15,4726.81,4726.81,10.6024
1775940300.0,4726.81,4726.82,4726.72,4726.73,22.8595
1775941200.0,4726.82,4727.61,4726.82,4727.6,17.5617
1775942100.0,4727.6,4728.0,4727.6,4727.99,12.0033
1775943000.0,4728.0,4728.34,4727.68,4728.34,24.9761
1775943900.0,4728.33,4728.34,4726.49,4726.5,24.0808
1775944800.0,4726.51,4727.39,4726.5,4727.34,24.1683
1775945700.0,4727.34,4727.52,4725.59,4726.06,12.1593
1775946600.0,4726.07,4726.07,4723.39,4723.4,17.6016
1775947500.0,4723.39,4723.58,4723.39,4723.57,12.9692
1775948400.0,4723.57,4723.58,4722.63,4722.63,5.8056
1775949300.0,4722.63,4722.89,4722.63,4722.88,9.5251
1775950200.0,4722.87,4723.2,4722.87,4723.2,4.0203
1775951100.0,4723.19,4723.3,4723.19,4723.29,3.151
1775952000.0,4723.3,4724.1,4723.29,4724.09,9.2831
1775952900.0,4724.1,4724.1,4724.09,4724.1,14.4852
1775953800.0,4724.09,4724.1,4724.01,4724.01,12.2241
1775954700.0,4724.01,4724.02,4724.01,4724.02,12.9108
1775955600.0,4724.01,4724.2,4724.01,4724.19,7.697
1775956500.0,4724.19,4725.76,4724.19,4725.73,16.2584
1775957400.0,4725.74,4725.74,4714.74,4714.92,141.2208
1775958300.0,4714.92,4714.93,4708.2,4708.38,31.216
1775959200.0,4708.38,4708.39,4702.3,4706.09,37.4906
1775960100.0,4706.1,4710.24,4706.09,4706.46,63.5453
1775961000.0,4706.47,4711.96,4706.46,4708.44,53.5179
1775961900.0,4708.44,4709.87,4707.43,4709.68,59.5584
1775962800.0,4709.69,4710.78,4709.68,4710.63,38.1841
1775963700.0,4710.64,4710.78,4710.63,4710.78,13.1693
1775964600.0,4710.77,4711.86,4710.56,4710.94,18.6323
1775965500.0,4710.95,4712.58,4710.94,4712.17,100.8732
1775966400.0,4712.17,4712.91,4709.93,4709.97,370.1469
1775967300.0,4709.95,4710.0,4708.25,4708.39,547.8141
1775968200.0,4708.4,4708.4,4705.42,4705.43,217.3301
1775969100.0,4705.42,4706.67,4703.05,4705.45,173.8401
1775970000.0,4705.45,4705.45,4703.89,4703.89,56.8243
1775970900.0,4703.89,4705.6,4703.89,4705.28,15.0831
1775971800.0,4705.28,4705.28,4704.4,4705.22,17.6652
1775972700.0,4705.22,4705.81,4705.21,4705.33,44.9296
1775973600.0,4705.32,4705.33,4701.61,4701.63,166.2019
1775974500.0,4701.63,4702.3,4701.01,4702.29,146.282
1775975400.0,4702.29,4702.3,4699.04,4700.04,112.7114
1775976300.0,4700.05,4700.91,4698.9,4700.44,104.9504
1775977200.0,4700.43,4700.44,4700.0,4700.01,39.1799
1775978100.0,4700.01,4709.0,4699.76,4704.49,62.4243
1775979000.0,4704.48,4709.51,4704.48,4709.47,51.0838
1775979900.0,4709.48,4710.0,4703.36,4704.67,205.2866
1775980800.0,4704.66,4705.87,4702.91,4705.87,195.32
1775981700.0,4705.86,4705.87,4705.2,4705.64,110.617
1775982600.0,4705.63,4708.1,4705.63,4707.01,249.8414
1775983500.0,4707.01,4709.14,4706.73,4707.54,234.2471
1775984400.0,4707.54,4707.54,4705.4,4705.58,122.3458
1775985300.0,4705.58,4705.59,4705.21,4705.38,199.3757
1775986200.0,4705.38,4705.94,4704.7,4705.94,268.6966
1775987100.0,4705.94,4705.98,4702.16,4703.07,204.6738
1775988000.0,4703.06,4703.06,4702.32,4702.61,153.7825
1775988900.0,4702.62,4702.62,4701.58,4701.78,133.7451
1775989800.0,4701.77,4701.78,4701.05,4701.35,49.1444
1775990700.0,4701.34,4701.35,4699.96,4700.04,111.6346
1775991600.0,4700.04,4701.42,4699.67,4701.41,77.0822
1775992500.0,4701.42,4701.42,4699.31,4699.53,73.2228
1775993400.0,4699.53,4701.78,4699.52,4700.38,87.4531
1775994300.0,4700.38,4701.6,4700.37,4700.43,134.948
1775995200.0,4700.44,4700.44,4699.5,4699.5,84.4014
1775996100.0,4699.5,4699.51,4699.25,4699.26,196.564
1775997000.0,4699.25,4699.58,4696.74,4697.9,254.2335
1775997900.0,4697.89,4697.9,4691.86,4692.02,205.9836
1775998800.0,4692.02,4692.02,4688.0,4688.98,167.3199
1775999700.0,4688.98,4688.98,4686.44,4686.6,129.1429
1776000600.0,4686.61,4686.63,4684.21,4684.52,76.9575
1776001500.0,4684.52,4684.53,4680.0,4680.76,88.8708
1776002400.0,4680.77,4687.2,4680.0,4684.48,135.0181
1776003300.0,4684.49,4686.93,4684.49,4685.54,239.0035
1776004200.0,4685.54,4686.35,4682.91,4683.39,235.2552
1776005100.0,4683.38,4683.39,4681.14,4681.15,157.2026
1776006000.0,4681.15,4684.62,4681.14,4684.61,122.5014
1776006900.0,4684.61,4684.62,4682.44,4682.44,126.3773
1776007800.0,4682.44,4684.86,4682.21,4683.85,129.8036
1776008700.0,4683.86,4684.47,4683.85,4684.07,32.3077
1776009600.0,4684.06,4684.06,4677.75,4680.26,73.6105
1776010500.0,4680.27,4683.06,4679.42,4683.06,48.1111
1776011400.0,4683.06,4683.06,4682.65,4682.78,68.3264
1776012300.0,4682.78,4682.78,4682.77,4682.77,43.2287
1776013200.0,4682.78,4684.41,4682.77,4684.04,41.5459
1776014100.0,4684.05,4684.72,4683.92,4684.72,32.4596
1776015000.0,4684.71,4684.89,4684.46,4684.47,45.1547
1776015900.0,4684.46,4686.97,4683.92,4686.96,30.2095
1776016800.0,4686.96,4686.97,4683.84,4685.56,38.9172
1776017700.0,4685.56,4689.46,4685.56,4688.51,53.3138
1776018600.0,4688.52,4688.52,4686.43,4686.44,14.3852
1776019500.0,4686.43,4686.44,4684.11,4684.38,24.5786
1776020400.0,4684.39,4685.47,4684.38,4685.28,6.376
1776021300.0,4685.29,4686.18,4684.1,4684.11,15.5404
1776022200.0,4684.1,4685.11,4683.84,4683.84,15.9484
1776023100.0,4683.85,4686.57,4683.63,4684.9,25.8204
1776024000.0,4684.89,4684.89,4680.28,4682.59,41.8934
1776024900.0,4682.58,4683.39,4682.58,4683.36,5.4445
1776025800.0,4683.37,4684.5,4683.36,4683.66,6.4372
1776026700.0,4683.66,4683.67,4683.36,4683.37,5.2693
1776027600.0,4683.36,4683.37,4682.58,4682.59,4.0738
1776028500.0,4682.58,4682.59,4682.0,4682.56,11.7708
1776029400.0,4682.57,4683.22,4682.31,4683.22,17.5969
1776030300.0,4683.21,4684.75,4680.04,4680.04,24.1718
1776031200.0,4680.04,4680.04,4630.0,4650.01,706.845
1776032100.0,4650.0,4655.59,4622.22,4624.2,188.6113
1776033000.0,4624.2,4635.95,4624.2,4634.8,98.1506
1776033900.0,4634.85,4636.49,4630.41,4635.6,35.372
1776034800.0,4635.6,4636.4,4630.61,4636.39,59.0874
1776035700.0,4636.4,4636.49,4622.64,4633.55,129.5063
1776036600.0,4633.34,4638.59,4630.25,4633.78,46.8942
1776037500.0,4633.79,4649.75,4633.79,4649.75,36.685
1776038400.0,4649.75,4649.79,4642.61,4649.78,82.9651
1776039300.0,4649.79,4651.5,4645.4,4649.6,36.041
1776040200.0,4649.6,4657.2,4647.66,4654.16,32.175
1776041100.0,4654.17,4672.15,4654.16,4670.0,58.8792
1776042000.0,4670.01,4692.98,4669.74,4689.0,89.069
1776042900.0,4689.01,4693.7,4686.41,4690.79,49.5025
1776043800.0,4690.8,4693.5,4684.81,4688.61,107.5955
1776044700.0,4688.6,4699.87,4685.68,4695.27,109.9247
1776045600.0,4695.28,4698.35,4693.52,4696.57,49.9451
1776046500.0,4696.58,4697.4,4693.6,4694.0,20.9104
1776047400.0,4694.01,4699.99,4690.0,4690.0,82.2848
1776048300.0,4690.0,4694.85,4685.06,4694.84,54.7977
1776049200.0,4694.84,4695.4,4686.41,4687.3,48.3241
1776050100.0,4687.31,4693.39,4687.3,4692.9,30.6212
1776051000.0,4692.89,4696.59,4691.17,4695.41,24.8154
1776051900.0,4695.41,4695.41,4692.25,4692.81,28.5971
1776052800.0,4692.81,4692.81,4683.89,4687.39,50.0125
1776053700.0,4687.39,4688.38,4683.75,4686.62,39.6933
1776054600.0,4686.63,4691.58,4683.81,4691.57,17.0946
1776055500.0,4691.58,4697.09,4690.12,4696.61,66.4345
1776056400.0,4696.61,4699.0,4692.89,4693.0,98.3921
1776057300.0,4693.01,4694.7,4691.31,4694.69,26.1914
1776058200.0,4694.69,4697.01,4692.62,4694.84,43.9176
1776059100.0,4694.84,4703.11,4694.58,4702.6,128.6087
1776060000.0,4702.61,4702.61,4698.81,4701.57,45.6396
1776060900.0,4701.57,4705.4,4701.03,4705.4,61.2922
1776061800.0,4705.4,4706.66,4702.0,4702.19,50.8007
1776062700.0,4702.19,4702.2,4697.73,4699.78,23.9263
1776063600.0,4699.79,4711.78,4699.79,4702.13,60.5812
1776064500.0,4702.13,4707.4,4702.02,4706.01,39.2876
1776065400.0,4706.0,4708.6,4703.95,4707.65,24.099
1776066300.0,4707.65,4714.2,4706.44,4710.77,56.2563
1776067200.0,4710.76,4713.99,4708.77,4709.29,91.639
1776068100.0,4709.29,4710.14,4706.8,4709.49,29.0847
1776069000.0,4709.49,4712.48,4698.6,4698.61,164.7034
1776069900.0,4698.61,4705.2,4698.17,4700.49,184.8562
1776070800.0,4700.49,4704.31,4692.52,4694.96,128.2276
1776071700.0,4694.97,4696.27,4690.8,4691.04,96.0053
1776072600.0,4691.1,4694.85,4687.51,4689.97,55.9021
1776073500.0,4689.98,4692.2,4688.5,4691.03,43.5565
1776074400.0,4691.02,4694.02,4690.8,4693.5,35.55
1776075300.0,4693.5,4693.5,4684.59,4686.68,62.5481
1776076200.0,4686.68,4693.97,4686.68,4693.97,141.4927
1776077100.0,4693.97,4699.22,4693.96,4697.85,110.5174
1776078000.0,4697.88,4703.72,4696.93,4698.64,193.7447
1776078900.0,4698.63,4699.0,4694.3,4696.22,88.8053
1776079800.0,4696.21,4697.03,4680.19,4682.14,164.4784
1776080700.0,4682.13,4685.21,4680.0,4680.86,142.6421
1776081600.0,4680.87,4692.3,4679.24,4690.48,109.4769
1776082500.0,4690.49,4690.49,4679.57,4684.39,131.1877
1776083400.0,4684.4,4689.0,4683.58,4688.29,107.8531
1776084300.0,4688.29,4696.69,4688.28,4695.7,174.932
1776085200.0,4695.69,4707.65,4695.69,4706.93,246.1608
1776086100.0,4706.94,4708.56,4701.08,4704.46,174.5719
1776087000.0,4704.47,4707.7,4695.36,4697.34,152.7159
1776087900.0,4697.35,4714.99,4693.5,4703.52,190.5872
1776088800.0,4703.52,4703.53,4693.32,4699.11,130.0296
1776089700.0,4699.11,4699.15,4682.76,4687.39,177.1725
1776090600.0,4687.38,4694.4,4682.35,4693.83,637.5958
1776091500.0,4693.82,4695.68,4684.5,4690.27,202.6218
1776092400.0,4690.27,4690.79,4672.93,4679.24,143.7102
1776093300.0,4679.23,4682.88,4676.37,4677.12,117.8496
1776094200.0,4677.13,4688.63,4675.95,4685.33,129.0756
1776095100.0,4685.33,4687.89,4683.85,4686.9,105.9778
1776096000.0,4687.02,4692.06,4683.96,4691.87,116.768
1776096900.0,4691.87,4705.85,4691.45,4702.77,132.1605
1776097800.0,4702.76,4710.0,4700.98,4709.99,186.55
1776098700.0,4710.0,4717.96,4706.08,4706.57,114.5521
1776099600.0,4706.58,4711.72,4700.45,4704.24,121.9939
1776100500.0,4704.25,4721.39,4704.24,4715.25,142.1416
1776101400.0,4715.24,4718.68,4715.24,4716.02,112.6208
1776102300.0,4716.02,4716.03,4701.62,4704.3,131.182
1776103200.0,4704.3,4706.47,4703.37,4704.36,92.7312
1776104100.0,4704.36,4704.36,4697.64,4700.66,188.729
1776105000.0,4700.67,4708.26,4700.66,4706.27,96.6239
1776105900.0,4706.27,4713.3,4706.26,4711.59,116.8903
1776106800.0,4711.58,4712.03,4705.39,4708.79,108.4095
1776107700.0,4708.79,4715.64,4708.79,4715.15,187.2064
1776108600.0,4715.15,4718.94,4713.66,4715.56,144.5043
1776109500.0,4715.55,4718.93,4714.15,4714.79,109.5253
1776110400.0,4714.8,4716.74,4714.29,4715.39,58.4892
1776111300.0,4715.4,4716.9,4712.84,4712.84,19.8143
1776112200.0,4712.85,4713.48,4711.75,4713.12,56.398
1776113100.0,4713.12,4714.12,4712.24,4713.37,148.4593
1776114000.0,4713.36,4713.4,4712.94,4712.95,19.5788
1776114900.0,4712.94,4713.23,4712.93,4713.22,26.36
1776115800.0,4713.23,4717.5,4712.66,4712.67,47.3201
1776116700.0,4712.67,4715.66,4712.01,4715.02,30.6372
1776117600.0,4715.03,4727.0,4715.02,4722.52,212.5322
1776118500.0,4722.52,4723.95,4719.65,4721.9,67.7753
1776119400.0,4721.91,4723.93,4720.93,4723.93,79.3387
1776120300.0,4723.93,4732.0,4723.53,4731.51,59.726
1776121200.0,4731.51,4738.88,4731.51,4737.4,77.421
1776122100.0,4737.39,4737.4,4729.51,4729.52,52.3453
1776123000.0,4729.51,4734.66,4728.58,4733.43,46.3333
1776123900.0,4733.43,4734.62,4730.25,4731.57,35.4669
1776124800.0,4731.57,4733.19,4727.09,4733.18,75.6947
1776125700.0,4733.19,4738.57,4733.19,4735.05,74.7285
1776126600.0,4735.05,4747.28,4735.04,4743.14,97.1623
1776127500.0,4743.15,4744.32,4741.48,4742.62,35.7493
1776128400.0,4742.61,4750.2,4736.55,4746.42,212.5325
1776129300.0,4746.42,4748.72,4742.48,4743.07,53.4102
1776130200.0,4743.06,4744.11,4738.07,4744.11,42.8212
1776131100.0,4744.11,4744.74,4736.36,4738.4,55.9357
1776132000.0,4738.39,4743.66,4737.02,4742.02,43.423
1776132900.0,4742.03,4744.85,4741.8,4742.2,50.2203
1776133800.0,4742.19,4745.58,4737.0,4745.44,146.8136
1776134700.0,4745.45,4750.3,4745.44,4748.88,160.6369
1776135600.0,4748.87,4749.15,4743.27,4744.12,124.2346
1776136500.0,4744.13,4745.58,4742.4,4743.66,59.2678
1776137400.0,4743.65,4744.32,4741.05,4743.76,42.4644
1776138300.0,4743.77,4746.42,4742.54,4742.55,37.557
1776139200.0,4742.55,4744.1,4742.22,4743.17,70.1361
1776140100.0,4743.16,4749.65,4743.16,4749.26,47.9873
1776141000.0,4749.26,4749.26,4745.8,4747.63,38.0397
1776141900.0,4747.62,4750.92,4747.62,4748.98,111.1429
1776142800.0,4748.98,4748.98,4740.54,4740.96,119.3914
1776143700.0,4740.97,4743.69,4738.95,4741.1,284.9465
1776144600.0,4741.1,4741.79,4733.26,4735.65,397.225
1776145500.0,4735.65,4739.83,4734.46,4735.27,463.2001
1776146400.0,4735.27,4743.3,4735.26,4741.62,71.0621
1776147300.0,4741.62,4743.55,4738.86,4743.55,60.2086
1776148200.0,4743.55,4745.05,4741.12,4744.65,83.8061
1776149100.0,4744.65,4758.06,4744.31,4757.88,107.7178
1776150000.0,4757.88,4770.95,4757.87,4765.35,133.7812
1776150900.0,4765.35,4766.94,4745.81,4748.99,101.4769
1776151800.0,4748.99,4754.84,4748.0,4753.3,112.8266
1776152700.0,4753.3,4755.96,4749.82,4753.83,99.5899
1776153600.0,4753.82,4758.65,4751.57,4756.83,157.2346
1776154500.0,4756.82,4761.28,4752.84,4761.01,92.0425
1776155400.0,4761.01,4764.76,4758.82,4761.26,104.0824
1776156300.0,4761.25,4762.3,4758.51,4761.99,78.3302
1776157200.0,4762.0,4763.62,4757.66,4761.77,82.1133
1776158100.0,4761.77,4764.88,4756.59,4757.06,89.5582
1776159000.0,4757.07,4757.07,4750.31,4754.83,161.6548
1776159900.0,4754.83,4757.07,4750.57,4754.92,194.8416
1776160800.0,4754.92,4759.11,4754.92,4756.88,154.8631
1776161700.0,4756.88,4762.0,4755.74,4759.03,61.6871
1776162600.0,4759.03,4759.04,4731.01,4743.52,326.7744
1776163500.0,4743.52,4748.38,4743.52,4745.48,228.1753
1776164400.0,4745.48,4754.8,4743.86,4754.12,287.0217
1776165300.0,4754.13,4758.13,4752.83,4755.01,285.7865
1776166200.0,4755.0,4755.96,4750.89,4754.02,212.3497
1776167100.0,4754.03,4758.83,4746.6,4751.57,363.9615
1776168000.0,4751.57,4754.26,4746.78,4747.68,244.1128
1776168900.0,4747.67,4749.37,4740.48,4744.8,244.9223
1776169800.0,4744.79,4752.62,4744.79,4746.06,183.1664
1776170700.0,4746.06,4750.38,4741.22,4748.67,62.0807
1776171600.0,4748.66,4758.16,4748.66,4758.16,83.7694
1776172500.0,4758.15,4767.65,4758.15,4758.84,136.57
1776173400.0,4758.84,4781.59,4756.68,4769.81,533.1092
1776174300.0,4769.81,4773.15,4767.3,4771.44,195.9709
1776175200.0,4771.44,4777.81,4769.1,4770.5,227.786
1776176100.0,4770.49,4785.12,4770.49,4784.41,475.9701
1776177000.0,4784.41,4791.4,4773.96,4773.97,286.8331
1776177900.0,4773.96,4780.26,4771.1,4776.41,153.7908
1776178800.0,4776.4,4776.66,4765.86,4768.52,142.893
1776179700.0,4768.53,4779.07,4768.2,4777.4,66.6882
1776180600.0,4777.39,4785.68,4777.39,4784.4,189.7819
1776181500.0,4784.41,4790.21,4784.0,4784.01,125.357
1776182400.0,4784.0,4789.26,4784.0,4784.89,84.2057
1776183300.0,4784.9,4792.85,4784.0,4790.54,184.137
1776184200.0,4790.54,4793.0,4787.04,4788.71,224.6897
1776185100.0,4788.72,4793.42,4784.0,4784.0,165.4352
1776186000.0,4784.0,4805.4,4784.0,4801.16,419.6706
1776186900.0,4801.16,4804.86,4799.16,4799.16,409.3966
1776187800.0,4799.16,4815.18,4799.16,4811.23,479.9987
1776188700.0,4811.23,4813.21,4807.8,4808.34,280.1843
1776189600.0,4808.34,4814.99,4808.34,4811.62,221.6837
1776190500.0,4811.61,4812.45,4806.59,4810.91,161.0845
1776191400.0,4810.9,4812.04,4807.85,4807.85,57.3789
1776192300.0,4807.85,4812.4,4804.42,4812.35,120.6113
1776193200.0,4812.35,4820.0,4812.35,4818.25,95.6283
1776194100.0,4818.24,4818.94,4815.92,4818.23,105.6203
1776195000.0,4818.24,4820.5,4815.93,4817.35,75.4441
1776195900.0,4817.34,4822.28,4816.8,4821.97,162.5949
1776196800.0,4821.96,4822.38,4819.86,4819.86,41.5505
1776197700.0,4819.87,4819.87,4815.45,4815.45,53.2071
1776198600.0,4815.46,4816.91,4815.32,4816.67,62.3136
1776199500.0,4816.66,4817.0,4813.91,4814.45,354.3526
1776200400.0,4814.45,4814.45,4809.24,4809.24,233.853
1776201300.0,4809.24,4815.84,4808.52,4812.98,64.5914
1776202200.0,4812.98,4812.98,4804.59,4804.59,67.2397
1776203100.0,4804.6,4812.65,4803.39,4811.46,28.7521
1776204000.0,4811.45,4824.18,4809.23,4819.08,312.2061
1776204900.0,4819.28,4821.65,4811.74,4815.72,53.13
1776205800.0,4815.72,4817.81,4814.37,4816.87,87.0993
1776206700.0,4816.86,4816.87,4809.03,4810.26,117.2584
1776207600.0,4810.26,4818.47,4809.33,4812.65,74.4437
1776208500.0,4812.65,4814.04,4809.94,4810.76,81.1836
1776209400.0,4810.76,4817.16,4810.11,4816.65,58.8619
1776210300.0,4816.64,4817.95,4811.41,4811.78,90.4202
1776211200.0,4811.78,4814.84,4808.0,4809.18,43.4937
1776212100.0,4809.17,4810.82,4804.24,4808.15,40.7904
1776213000.0,4808.15,4808.15,4802.28,4803.06,55.3281
1776213900.0,4803.05,4811.46,4803.05,4810.06,55.5411
1776214800.0,4810.06,4824.95,4803.59,4824.3,107.5382
1776215700.0,4824.31,4844.84,4818.18,4825.86,168.2484
1776216600.0,4825.85,4825.85,4818.87,4818.87,161.7486
1776217500.0,4818.88,4822.92,4816.52,4821.18,117.7183
1776218400.0,4821.18,4828.0,4820.45,4820.73,144.9487
1776219300.0,4820.74,4820.93,4809.1,4811.12,43.9476
1776220200.0,4811.13,4811.44,4799.1,4805.02,112.9495
1776221100.0,4805.03,4806.06,4796.69,4799.24,83.2801
1776222000.0,4799.25,4800.59,4794.44,4797.56,78.5619
1776222900.0,4797.57,4803.59,4797.56,4803.59,71.3079
1776223800.0,4803.59,4804.8,4801.44,4803.76,48.1892
1776224700.0,4803.77,4805.4,4800.75,4800.76,886.8139
1776225600.0,4800.76,4802.13,4797.46,4801.02,101.4605
1776226500.0,4801.02,4801.64,4797.9,4801.02,807.3904
1776227400.0,4801.01,4804.27,4800.6,4801.05,851.9388
1776228300.0,4801.06,4804.38,4799.14,4802.58,1836.028
1776229200.0,4802.58,4806.14,4800.39,4803.74,1283.1912
1776230100.0,4803.74,4806.98,4800.86,4803.17,1974.9011
1776231000.0,4803.17,4804.74,4789.33,4792.83,1621.5131
1776231900.0,4792.83,4798.66,4790.53,4795.74,125.5404
1776232800.0,4795.73,4799.96,4793.58,4795.2,119.7495
1776233700.0,4795.2,4795.36,4790.95,4791.81,84.3358
1776234600.0,4791.81,4793.51,4789.14,4791.42,151.4313
1776235500.0,4791.43,4796.2,4787.83,4788.01,429.6288
1776236400.0,4788.01,4790.7,4781.33,4790.7,1441.7695
1776237300.0,4790.7,4790.7,4783.33,4788.72,259.9052
1776238200.0,4788.71,4791.5,4786.49,4788.25,108.3817
1776239100.0,4788.24,4790.3,4784.58,4788.55,193.7063
1776240000.0,4788.54,4789.41,4782.96,4788.14,178.5782
1776240900.0,4788.13,4791.68,4783.75,4786.2,138.0364
1776241800.0,4786.19,4788.99,4783.6,4788.13,173.9603
1776242700.0,4788.12,4798.44,4787.39,4795.68,285.6899
1776243600.0,4795.68,4795.68,4772.07,4782.53,515.5711
1776244500.0,4782.52,4784.54,4775.94,4776.4,433.8059
1776245400.0,4776.39,4780.44,4773.24,4774.04,329.1693
1776246300.0,4774.03,4777.13,4765.91,4775.76,270.3622
1776247200.0,4775.77,4779.57,4773.26,4778.28,123.4447
1776248100.0,4778.29,4778.29,4769.0,4771.38,456.1262
1776249000.0,4771.38,4778.81,4771.38,4778.81,220.2809
1776249900.0,4778.8,4783.46,4778.8,4779.54,161.718
1776250800.0,4779.55,4782.24,4775.63,4780.98,111.3901
1776251700.0,4780.98,4784.41,4778.55,4782.7,654.4283
1776252600.0,4782.7,4785.66,4781.2,4783.43,302.0368
1776253500.0,4783.44,4791.0,4782.43,4790.81,169.6508
1776254400.0,4790.8,4791.88,4785.84,4791.23,148.0722
1776255300.0,4791.22,4793.01,4788.72,4789.95,239.2767
1776256200.0,4789.95,4793.18,4788.9,4790.29,261.9358
1776257100.0,4790.29,4792.32,4787.92,4789.6,157.5495
1776258000.0,4789.59,4793.0,4786.74,4792.4,123.7461
1776258900.0,4792.4,4799.06,4788.9,4799.06,192.5547
1776259800.0,4799.06,4801.86,4795.18,4799.2,511.0566
1776260700.0,4799.2,4810.34,4799.02,4809.41,365.7201
1776261600.0,4809.41,4809.41,4803.23,4807.43,327.3462
1776262500.0,4807.44,4809.03,4800.21,4802.93,425.5341
1776263400.0,4802.93,4802.94,4793.22,4795.96,406.637
1776264300.0,4795.97,4796.62,4791.48,4793.31,280.4092
1776265200.0,4793.32,4793.77,4778.51,4787.34,389.4273
1776266100.0,4787.34,4789.08,4775.63,4775.64,228.5067
1776267000.0,4775.64,4783.12,4766.7,4781.57,420.3994
1776267900.0,4781.58,4784.71,4778.3,4780.08,274.1296
1776268800.0,4780.08,4787.84,4779.02,4786.44,109.0475
1776269700.0,4786.45,4788.53,4783.8,4788.08,143.4075
1776270600.0,4788.08,4789.8,4781.83,4782.43,168.7357
1776271500.0,4782.42,4785.84,4779.55,4783.01,131.5203
1776272400.0,4783.02,4783.85,4777.1,4777.11,420.0524
1776273300.0,4777.1,4786.96,4777.1,4779.96,650.7441
1776274200.0,4779.97,4781.36,4771.98,4773.23,729.6418
1776275100.0,4773.24,4775.18,4770.53,4772.34,693.1439
1776276000.0,4772.34,4779.78,4770.25,4776.42,716.7846
1776276900.0,4776.42,4777.02,4772.32,4773.96,738.2664
1776277800.0,4773.96,4778.1,4773.86,4776.16,772.28
1776278700.0,4776.16,4781.34,4776.16,4779.08,850.0551
1776279600.0,4779.09,4782.81,4777.56,4778.39,774.3996
1776280500.0,4778.38,4782.6,4777.2,4782.59,848.9164
1776281400.0,4782.6,4782.6,4775.01,4776.58,788.5632
1776282300.0,4776.59,4780.25,4774.39,4774.56,758.7731
1776283200.0,4774.57,4775.19,4770.85,4772.12,794.7951
1776284100.0,4772.13,4774.25,4771.26,4772.61,719.4154
1776285000.0,4772.61,4772.62,4769.47,4771.5,824.7626
1776285900.0,4771.5,4773.06,4766.59,4769.29,276.5949
1776286800.0,4769.29,4771.52,4769.09,4769.96,52.8619
1776287700.0,4769.96,4776.46,4769.73,4771.98,59.8658
1776288600.0,4771.99,4772.42,4769.0,4769.0,59.0771
1776289500.0,4769.01,4777.28,4769.0,4774.36,103.7165
1776290400.0,4774.36,4777.5,4770.9,4771.95,214.6784
1776291300.0,4771.94,4779.94,4771.94,4779.61,166.7997
1776292200.0,4779.62,4781.68,4779.26,4780.05,102.9244
1776293100.0,4780.04,4788.88,4780.04,4786.77,287.8728
1776294000.0,4786.76,4790.69,4786.76,4790.69,283.8698
1776294900.0,4790.69,4794.21,4790.68,4793.6,106.1645
1776295800.0,4793.59,4803.47,4793.59,4803.47,159.4044
1776296700.0,4803.47,4805.27,4802.04,4802.05,71.5135
1776297600.0,4802.05,4810.14,4802.04,4810.14,101.9206
1776298500.0,4810.13,4810.14,4803.33,4803.67,116.9069
1776299400.0,4803.68,4815.0,4800.42,4811.76,215.8544
1776300300.0,4811.77,4815.09,4810.68,4812.66,83.0484
1776301200.0,4812.65,4814.5,4808.52,4808.53,100.7591
1776302100.0,4808.53,4808.53,4802.0,4802.01,120.3272
1776303000.0,4802.01,4802.93,4789.88,4793.57,146.7068
1776303900.0,4793.57,4798.8,4793.56,4795.41,153.7692
1776304800.0,4795.4,4801.85,4794.85,4799.69,225.2872
1776305700.0,4799.7,4804.73,4797.68,4799.16,228.7614
1776306600.0,4799.17,4800.69,4792.5,4795.75,104.8751
1776307500.0,4795.75,4798.8,4794.76,4798.26,155.0628
1776308400.0,4798.26,4804.56,4798.26,4804.03,75.6053
1776309300.0,4804.03,4804.25,4801.32,4802.05,67.2403
1776310200.0,4802.05,4802.92,4797.87,4798.28,53.9479
1776311100.0,4798.28,4803.83,4798.27,4802.76,70.786
1776312000.0,4802.76,4804.25,4801.32,4804.25,200.7613
1776312900.0,4804.24,4806.95,4804.24,4805.98,71.3193
1776313800.0,4805.97,4808.0,4804.56,4807.35,247.2269
1776314700.0,4807.34,4810.64,4807.3,4810.64,204.1373
1776315600.0,4810.64,4815.59,4810.63,4813.73,194.3622
1776316500.0,4813.72,4814.53,4810.58,4811.58,194.1446
1776317400.0,4811.58,4811.66,4805.05,4805.06,96.0494
1776318300.0,4805.05,4807.75,4801.74,4801.74,126.0004
1776319200.0,4801.74,4805.91,4801.74,4802.65,123.9116
1776320100.0,4802.65,4802.75,4794.78,4795.38,141.3964
1776321000.0,4795.38,4803.11,4794.54,4801.86,216.2256
1776321900.0,4801.85,4808.33,4801.85,4806.2,100.7228
1776322800.0,4806.2,4808.6,4802.32,4804.4,103.6588
1776323700.0,4804.39,4807.61,4797.6,4806.21,142.9594
1776324600.0,4806.21,4806.9,4803.3,4805.55,84.2856
1776325500.0,4805.55,4805.55,4798.44,4799.62,120.4066
1776326400.0,4799.63,4799.63,4788.06,4791.05,162.4403
1776327300.0,4791.05,4794.06,4790.16,4791.23,81.7347
1776328200.0,4791.23,4792.66,4788.19,4791.6,93.8598
1776329100.0,4791.61,4793.99,4789.13,4793.44,132.8021
1776330000.0,4793.44,4797.35,4793.21,4795.88,194.6077
1776330900.0,4795.87,4795.88,4791.33,4792.74,147.3231
1776331800.0,4792.74,4794.74,4787.84,4794.73,147.2595
1776332700.0,4794.74,4795.14,4791.42,4793.21,135.0465
1776333600.0,4793.21,4795.3,4789.43,4789.44,114.3941
1776334500.0,4789.27,4791.51,4787.32,4790.16,125.3716
1776335400.0,4790.16,4793.86,4788.95,4790.88,285.9899
1776336300.0,4790.88,4798.0,4789.08,4797.99,207.7091
1776337200.0,4797.99,4801.86,4797.99,4799.09,255.9439
1776338100.0,4799.08,4800.42,4796.53,4796.55,323.5154
1776339000.0,4796.54,4800.07,4796.54,4797.71,320.3292
1776339900.0,4797.71,4801.66,4797.12,4801.66,224.7366
1776340800.0,4801.66,4803.54,4792.93,4797.41,968.9003
1776341700.0,4797.4,4798.59,4795.74,4796.01,316.7074
1776342600.0,4796.01,4800.34,4793.06,4796.73,381.27
1776343500.0,4796.72,4798.8,4795.0,4796.83,366.2331
1776344400.0,4796.83,4801.44,4795.56,4799.34,478.6927
1776345300.0,4799.33,4800.78,4796.82,4797.35,651.9625
1776346200.0,4797.36,4804.62,4794.36,4797.9,651.725
1776347100.0,4797.9,4799.95,4770.0,4777.73,668.7752
1776348000.0,4777.73,4787.82,4769.28,4784.11,840.2029
1776348900.0,4784.11,4785.66,4775.0,4781.71,620.8659
1776349800.0,4781.71,4783.32,4759.28,4771.44,1055.3321
1776350700.0,4771.43,4776.0,4769.09,4772.71,928.9602
1776351600.0,4772.7,4793.32,4771.92,4788.86,789.0145
1776352500.0,4788.87,4790.42,4783.91,4783.92,873.3846
1776353400.0,4783.92,4791.6,4780.08,4784.62,815.2849
1776354300.0,4784.63,4789.08,4781.89,4789.08,511.1589
1776355200.0,4789.08,4789.83,4783.16,4783.16,361.0116
1776356100.0,4783.16,4784.4,4776.31,4778.57,278.1048
1776357000.0,4778.56,4778.57,4767.84,4771.86,341.8805
1776357900.0,4771.85,4775.54,4768.33,4774.98,482.8621
1776358800.0,4774.98,4776.12,4771.85,4772.43,357.4719
1776359700.0,4772.44,4774.11,4768.12,4768.12,322.2253
1776360600.0,4768.12,4770.18,4764.1,4767.7,254.5736
1776361500.0,4767.69,4771.08,4766.58,4770.69,349.8972
1776362400.0,4770.68,4776.1,4768.71,4772.15,283.7116
1776363300.0,4772.14,4774.41,4770.22,4770.23,212.6168
1776364200.0,4770.22,4771.98,4770.07,4771.28,878.5404
1776365100.0,4771.27,4774.64,4771.16,4771.45,310.2088
1776366000.0,4771.46,4776.64,4771.45,4772.74,187.5738
1776366900.0,4772.74,4773.96,4772.73,4773.25,123.4422
1776367800.0,4773.25,4779.26,4773.25,4779.26,133.2494
1776368700.0,4779.25,4779.8,4775.04,4776.51,264.5497
1776369600.0,4776.51,4776.51,4772.88,4772.89,119.6307
1776370500.0,4772.89,4772.89,4771.16,4771.17,442.5974
1776371400.0,4771.16,4771.75,4769.13,4771.26,120.6072
1776372300.0,4771.25,4772.62,4770.54,4771.97,263.0819
1776373200.0,4771.97,4771.98,4768.0,4768.0,135.8186
1776374100.0,4768.01,4768.9,4763.72,4763.77,108.3084
1776375000.0,4763.77,4766.66,4763.44,4765.5,101.0624
1776375900.0,4765.49,4769.68,4765.49,4769.67,59.7806
1776376800.0,4769.68,4777.35,4769.68,4776.59,215.9208
1776377700.0,4776.59,4777.15,4774.5,4775.69,235.4629
1776378600.0,4775.69,4776.3,4772.0,4776.3,206.9952
1776379500.0,4776.29,4777.29,4776.29,4777.28,178.8599
1776380400.0,4777.28,4777.28,4773.32,4773.33,153.8012
1776381300.0,4773.32,4776.48,4773.1,4775.39,127.4872
1776382200.0,4775.39,4775.54,4775.39,4775.53,104.1403
1776383100.0,4775.54,4775.54,4773.09,4773.09,410.235
1776384000.0,4773.1,4773.1,4767.66,4770.36,652.8233
1776384900.0,4770.37,4773.45,4768.92,4773.45,319.5716
1776385800.0,4773.45,4778.39,4773.44,4777.29,717.9873
1776386700.0,4777.3,4779.71,4774.87,4775.23,644.3413
1776387600.0,4775.22,4775.23,4752.62,4761.5,498.6682
1776388500.0,4761.49,4766.76,4751.83,4752.75,882.5094
1776389400.0,4752.74,4760.0,4751.88,4759.03,829.3932
1776390300.0,4759.04,4769.84,4758.47,4769.82,361.3079
1776391200.0,4769.82,4772.35,4769.28,4770.25,806.548
1776392100.0,4770.26,4770.91,4768.56,4769.07,1563.6421
1776393000.0,4769.07,4774.57,4769.06,4772.55,1359.516
1776393900.0,4772.55,4773.24,4765.84,4766.04,538.2739
1776394800.0,4766.04,4776.14,4766.04,4775.29,1048.2731
1776395700.0,4775.29,4777.38,4774.48,4775.34,2693.1852
1776396600.0,4775.33,4775.4,4773.52,4774.49,1553.5243
1776397500.0,4774.49,4776.48,4774.32,4774.33,1687.7048
1776398400.0,4774.33,4776.97,4774.22,4776.97,1764.1052
1776399300.0,4776.97,4777.02,4775.92,4775.92,2122.3673
1776400200.0,4775.93,4781.72,4775.92,4781.72,1915.9232
1776401100.0,4781.72,4785.9,4781.38,4785.9,1902.2953
1776402000.0,4785.9,4787.0,4783.2,4785.83,2229.8558
1776402900.0,4785.83,4786.98,4785.82,4786.74,1902.0266
1776403800.0,4786.73,4788.0,4781.25,4781.31,1845.7919
1776404700.0,4781.32,4781.32,4780.07,4780.21,2144.0033
1776405600.0,4780.22,4780.22,4772.0,4772.0,2787.1626
1776406500.0,4772.01,4772.01,4770.18,4770.35,3333.2449
1776407400.0,4770.35,4770.35,4765.0,4770.0,2564.5008
1776408300.0,4769.99,4770.0,4769.28,4769.28,4198.9654
1776409200.0,4769.28,4774.63,4769.28,4772.9,7244.6513
1776410100.0,4772.9,4775.57,4770.67,4775.57,9700.5698
1776411000.0,4775.56,4775.57,4769.37,4770.21,9534.6164
1776411900.0,4770.21,4770.21,4766.4,4770.17,9525.1432
1776412800.0,4770.17,4774.43,4767.49,4768.35,21983.7568
1776413700.0,4768.34,4770.16,4766.05,4766.93,29981.7073
1776414600.0,4766.92,4777.2,4766.57,4776.84,28090.1878
1776415500.0,4776.85,4777.74,4770.72,4777.73,19371.4492
1776416400.0,4777.73,4780.93,4775.4,4775.41,202.8653
1776417300.0,4775.4,4779.54,4774.6,4778.29,129.7947
1776418200.0,4778.29,4780.52,4777.19,4778.06,33.9266
1776419100.0,4778.06,4778.06,4775.01,4775.4,48.7801
1776420000.0,4775.4,4776.1,4772.7,4774.8,42.4345
1776420900.0,4774.79,4776.1,4772.15,4772.15,8.2963
1776421800.0,4772.08,4772.08,4767.25,4768.07,26.3666
1776422700.0,4768.08,4770.35,4766.0,4770.22,46.7367
1776423600.0,4770.22,4772.08,4768.13,4769.94,50.89
1776424500.0,4769.76,4774.73,4768.87,4774.53,28.1291
1776425400.0,4774.53,4778.28,4772.73,4778.28,13.7963
1776426300.0,4778.46,4790.32,4778.46,4779.98,153.9376
1776427200.0,4779.99,4784.4,4779.37,4782.61,56.3677
1776428100.0,4782.61,4797.94,4782.61,4796.39,173.7688
1776429000.0,4796.4,4802.52,4795.61,4801.41,143.624
1776429900.0,4801.42,4825.62,4800.36,4823.82,677.6301
1776430800.0,4823.96,4865.08,4813.38,4858.02,440.2854
1776431700.0,4858.2,4858.9,4827.06,4829.14,374.3636
1776432600.0,4828.71,4848.47,4826.8,4840.81,244.392
1776433500.0,4840.86,4856.79,4830.28,4855.85,265.6531
1776434400.0,4855.86,4859.81,4837.69,4842.91,221.5814
1776435300.0,4842.91,4856.71,4842.91,4849.8,293.1368
1776436200.0,4849.75,4860.9,4848.3,4854.95,295.3519
1776437100.0,4854.95,4859.11,4849.56,4851.36,197.6381
1776438000.0,4851.36,4857.42,4840.8,4845.43,324.6338
1776438900.0,4845.59,4852.8,4842.36,4843.82,350.8304
1776439800.0,4843.83,4851.17,4835.26,4836.96,212.3921
1776440700.0,4836.97,4850.64,4836.97,4846.2,178.0165
1776441600.0,4846.21,4852.8,4843.53,4851.76,173.8234
1776442500.0,4851.77,4852.39,4847.13,4847.14,53.6159
1776443400.0,4847.13,4850.1,4846.35,4846.75,53.1225
1776444300.0,4846.75,4848.07,4844.73,4848.07,100.8959
1776445200.0,4848.06,4848.87,4837.98,4843.09,114.1382
1776446100.0,4843.1,4844.67,4833.15,4839.06,125.2485
1776447000.0,4839.06,4842.63,4834.26,4834.8,64.8269
1776447900.0,4834.82,4842.54,4834.82,4842.0,11.8729
1776448800.0,4842.08,4844.85,4839.69,4839.7,18.5201
1776449700.0,4839.69,4845.77,4838.12,4840.38,16.8438
1776450600.0,4840.38,4843.66,4838.54,4839.12,25.6757
1776451500.0,4839.28,4839.74,4833.96,4836.77,14.9931
1776452400.0,4836.77,4836.77,4832.13,4834.68,16.7996
1776453300.0,4834.72,4834.96,4832.27,4833.18,13.8273
1776454200.0,4833.26,4837.53,4833.25,4836.42,3.6457
1776455100.0,4836.41,4836.93,4831.53,4831.53,16.0028
1776456000.0,4831.5,4832.11,4824.18,4825.41,26.1972
1776456900.0,4825.36,4829.06,4822.28,4823.29,81.5119
1776457800.0,4823.33,4824.07,4815.21,4815.21,15.9532
1776458700.0,4815.4,4817.26,4810.14,4810.75,15.9043
1776459600.0,4810.46,4814.22,4810.0,4811.9,26.1379
1776460500.0,4811.91,4812.46,4811.73,4811.96,8.6869
1776461400.0,4811.95,4813.79,4811.93,4813.78,22.3016
1776462300.0,4813.78,4815.35,4812.16,4812.16,13.3545
1776463200.0,4812.16,4818.48,4812.15,4814.26,11.6681
1776464100.0,4814.26,4815.32,4812.02,4812.71,5.3414
1776465000.0,4812.7,4813.61,4812.15,4813.61,4.3009
1776465900.0,4813.6,4813.6,4810.0,4810.68,11.8786
1776466800.0,4810.68,4815.51,4810.44,4814.05,15.8717
1776467700.0,4814.04,4815.71,4810.5,4814.67,15.9243
1776468600.0,4814.67,4816.78,4811.73,4815.71,18.8172
1776469500.0,4815.71,4816.13,4813.98,4814.84,10.9151
1776470400.0,4814.84,4819.22,4814.28,4819.21,20.6009
1776471300.0,4819.21,4822.02,4818.19,4822.02,30.7655
1776472200.0,4822.02,4822.02,4821.49,4821.5,3.4793
1776473100.0,4821.5,4822.02,4821.5,4822.01,3.6949
1776474000.0,4822.02,4826.07,4822.01,4825.88,10.5436
1776474900.0,4825.93,4826.43,4818.68,4818.68,22.5063
1776475800.0,4818.69,4822.98,4818.69,4822.51,12.6707
1776476700.0,4822.52,4822.52,4817.26,4818.23,11.335
1776477600.0,4818.23,4823.82,4817.42,4817.42,27.3607
1776478500.0,4817.71,4820.97,4816.81,4820.95,18.7148
1776479400.0,4820.78,4820.78,4815.72,4816.97,9.475
1776480300.0,4816.98,4819.29,4816.98,4817.82,8.7224
1776481200.0,4817.82,4817.82,4816.5,4816.51,1.8403
1776482100.0,4816.5,4816.5,4814.12,4814.13,12.4148
1776483000.0,4814.12,4814.13,4812.37,4812.38,9.2054
1776483900.0,4812.38,4813.03,4811.73,4813.03,4.8406
1776484800.0,4813.02,4814.44,4813.02,4814.43,2.4943
1776485700.0,4814.44,4814.8,4814.43,4814.79,5.3878
1776486600.0,4814.8,4814.8,4814.15,4814.16,5.6198
1776487500.0,4814.16,4814.16,4812.34,4812.34,15.7015
1776488400.0,4812.35,4812.35,4809.85,4809.85,0.9403
1776489300.0,4809.85,4811.0,4809.28,4809.28,15.0261
1776490200.0,4809.29,4809.29,4809.28,4809.29,0.1357
1776491100.0,4809.29,4809.29,4808.55,4808.81,2.0491
1776492000.0,4808.82,4810.25,4808.81,4809.89,10.7357
1776492900.0,4809.89,4809.89,4809.43,4809.43,1.9568
1776493800.0,4809.43,4811.08,4809.43,4811.08,27.9018
1776494700.0,4811.08,4813.15,4811.08,4812.79,34.1213
1776495600.0,4812.81,4812.81,4812.16,4812.16,4.563
1776496500.0,4812.17,4812.17,4811.0,4811.01,1.3351
1776497400.0,4811.01,4811.01,4810.18,4810.19,2.0932
1776498300.0,4810.19,4810.19,4805.0,4805.01,8.5665
1776499200.0,4805.0,4807.04,4805.0,4807.04,7.2049
1776500100.0,4807.04,4807.53,4805.43,4805.43,6.3796
1776501000.0,4805.24,4805.24,4798.58,4799.08,56.9261
1776501900.0,4798.95,4805.0,4798.93,4804.82,36.5801
1776502800.0,4804.82,4804.82,4799.51,4800.31,11.1173
1776503700.0,4800.3,4803.24,4800.3,4803.23,3.9626
1776504600.0,4803.23,4804.68,4802.51,4802.51,2.9174
1776505500.0,4802.51,4802.51,4800.5,4800.5,2.9136
1776506400.0,4800.26,4800.64,4796.8,4796.8,14.4337
1776507300.0,4796.79,4799.17,4796.79,4799.17,2.9578
1776508200.0,4799.16,4799.17,4799.16,4799.17,1.0639
1776509100.0,4799.16,4799.17,4797.87,4797.88,4.5661
1776510000.0,4797.87,4797.87,4794.01,4796.34,15.8584
1776510900.0,4795.76,4795.76,4794.25,4794.25,2.2356
1776511800.0,4794.25,4794.36,4790.64,4790.64,7.3236
1776512700.0,4790.65,4790.65,4789.01,4789.02,4.9761
1776513600.0,4789.01,4789.65,4786.44,4787.26,9.9097
1776514500.0,4787.26,4787.52,4787.25,4787.52,5.6278
1776515400.0,4787.52,4787.52,4784.07,4784.28,6.7172
1776516300.0,4784.1,4785.59,4783.01,4785.59,4.6945
1776517200.0,4785.61,4787.22,4785.61,4787.15,4.6445
1776518100.0,4787.15,4788.35,4787.14,4788.34,2.8461
1776519000.0,4788.34,4788.34,4785.0,4785.89,11.6425
1776519900.0,4785.92,4788.75,4785.92,4788.75,20.4646
1776520800.0,4788.82,4788.98,4787.28,4787.55,2.4304
1776521700.0,4787.54,4789.72,4787.54,4789.72,10.8705
1776522600.0,4789.73,4791.69,4789.72,4790.18,9.9124
1776523500.0,4790.18,4790.75,4790.18,4790.75,6.1411
1776524400.0,4790.75,4795.75,4790.74,4794.2,10.6822
1776525300.0,4793.74,4793.74,4793.07,4793.09,1.7795
1776526200.0,4792.53,4792.67,4792.53,4792.67,1.0312
1776527100.0,4792.67,4792.67,4791.02,4791.02,0.9002
1776528000.0,4791.03,4791.03,4790.1,4790.1,1.8349
1776528900.0,4790.11,4794.75,4787.64,4794.75,4.6799
1776529800.0,4794.76,4794.99,4793.06,4793.06,1.9014
1776530700.0,4793.07,4793.07,4790.5,4790.62,6.799
1776531600.0,4790.63,4793.83,4790.63,4791.5,7.1133
1776532500.0,4791.25,4794.66,4791.25,4794.65,3.2757
1776533400.0,4794.58,4794.93,4794.58,4794.93,1.5707
1776534300.0,4794.92,4794.92,4793.5,4793.5,7.4134
1776535200.0,4793.5,4793.5,4793.0,4793.0,0.5296
1776536100.0,4793.01,4793.01,4787.72,4788.98,2.9511
1776537000.0,4788.99,4788.99,4781.82,4781.84,5.3132
1776537900.0,4781.84,4785.0,4781.24,4782.44,4.8679
1776538800.0,4782.45,4786.0,4782.45,4786.0,1.3916
1776539700.0,4786.02,4788.6,4779.35,4779.64,12.5253
1776540600.0,4780.17,4782.18,4777.27,4781.5,11.0196
1776541500.0,4781.5,4782.94,4781.49,4782.94,1.7925
1776542400.0,4782.99,4786.74,4782.68,4785.15,3.1799
1776543300.0,4785.15,4785.95,4785.15,4785.94,0.837
1776544200.0,4785.94,4786.58,4783.0,4786.02,10.5336
1776545100.0,4786.02,4787.75,4785.19,4787.74,9.5115
1776546000.0,4787.75,4788.74,4786.14,4786.25,3.9398
1776546900.0,4786.14,4786.14,4780.92,4784.74,30.7954
1776547800.0,4784.74,4784.9,4779.5,4783.08,18.1524
1776548700.0,4783.25,4783.87,4779.25,4779.25,3.7765
1776549600.0,4779.26,4784.34,4779.26,4782.71,11.0326
1776550500.0,4782.72,4784.26,4782.0,4782.0,4.0087
1776551400.0,4781.75,4783.15,4779.76,4782.52,4.5047
1776552300.0,4782.51,4783.35,4782.51,4783.24,1.0916
1776553200.0,4783.25,4785.68,4783.25,4783.34,4.1922
1776554100.0,4783.33,4783.33,4778.06,4779.75,7.5501
1776555000.0,4779.75,4779.75,4778.28,4778.29,0.7328
1776555900.0,4778.29,4778.29,4776.25,4776.26,0.9653
1776556800.0,4776.01,4776.01,4775.28,4775.29,4.505
1776557700.0,4775.28,4775.28,4772.19,4772.5,9.5601
1776558600.0,4772.5,4773.81,4769.16,4772.25,44.4825
1776559500.0,4772.24,4776.9,4771.26,4776.9,9.4201
1776560400.0,4776.9,4781.0,4776.06,4776.96,13.2206
1776561300.0,4776.96,4777.75,4776.96,4777.27,2.5044
1776562200.0,4777.26,4777.27,4773.74,4774.36,1.7438
1776563100.0,4774.06,4778.75,4774.06,4777.25,11.8006
1776564000.0,4777.0,4778.75,4777.0,4778.75,1.9254
1776564900.0,4778.75,4779.24,4776.5,4776.5,4.5427
1776565800.0,4776.52,4779.11,4776.52,4778.32,3.2782
1776566700.0,4778.03,4778.33,4777.0,4777.0,1.9308
1776567600.0,4776.99,4777.0,4772.51,4772.51,2.7084
1776568500.0,4772.51,4773.24,4772.51,4773.23,28.5729
1776569400.0,4773.24,4773.99,4773.23,4773.99,18.2584
1776570300.0,4773.98,4778.49,4773.98,4775.02,12.3947
1776571200.0,4775.75,4780.75,4775.75,4780.75,14.4282
1776572100.0,4780.99,4785.5,4780.99,4783.78,27.4962
1776573000.0,4783.77,4783.77,4779.79,4780.75,4.0761
1776573900.0,4780.76,4780.76,4778.58,4778.59,3.9018
1776574800.0,4778.59,4779.08,4777.61,4778.99,3.8209
1776575700.0,4779.0,4780.09,4778.89,4778.9,7.3
1776576600.0,4779.22,4780.0,4779.22,4779.99,1.3717
1776577500.0,4780.0,4780.0,4778.5,4778.5,1.2453
1776578400.0,4778.5,4778.5,4771.84,4773.49,8.5574
1776579300.0,4773.48,4775.29,4771.5,4774.78,10.4686
1776580200.0,4775.49,4778.49,4774.25,4778.48,11.3509
1776581100.0,4778.49,4778.49,4774.29,4775.4,7.3947
1776582000.0,4775.4,4776.0,4772.53,4772.53,2.454
1776582900.0,4772.52,4774.25,4770.66,4774.25,3.0022
1776583800.0,4774.4,4778.74,4774.39,4777.66,5.5114
1776584700.0,4777.66,4779.44,4777.66,4779.44,0.6115
1776585600.0,4779.43,4779.43,4778.02,4778.33,4.03
1776586500.0,4778.34,4778.81,4777.3,4778.8,9.0228
1776587400.0,4778.8,4780.99,4778.6,4780.99,14.5434
1776588300.0,4780.99,4780.99,4780.16,4780.16,13.3303
1776589200.0,4780.16,4780.79,4779.36,4779.36,11.5964
1776590100.0,4779.36,4779.37,4773.43,4775.23,12.8052
1776591000.0,4775.23,4775.23,4773.76,4773.76,10.5081
1776591900.0,4773.77,4773.77,4772.5,4773.2,13.9045
1776592800.0,4773.2,4776.59,4773.19,4776.19,22.3279
1776593700.0,4776.19,4777.25,4775.95,4776.99,19.6733
1776594600.0,4776.99,4777.94,4775.01,4775.02,11.0205
1776595500.0,4775.01,4777.24,4775.01,4777.18,5.5105
1776596400.0,4777.19,4777.47,4774.55,4777.47,12.8702
1776597300.0,4777.46,4778.78,4777.46,4777.78,5.9859
1776598200.0,4777.77,4777.78,4775.95,4777.08,9.3396
1776599100.0,4777.07,4779.73,4777.07,4778.33,8.2616
1776600000.0,4778.33,4779.75,4775.51,4779.75,37.0172
1776600900.0,4779.74,4781.84,4779.74,4780.75,22.9662
1776601800.0,4780.76,4780.9,4776.89,4776.89,21.1847
1776602700.0,4776.9,4783.21,4776.53,4782.4,23.7218
1776603600.0,4782.34,4784.33,4782.34,4784.21,9.0517
1776604500.0,4784.22,4790.8,4784.22,4788.84,22.3603
1776605400.0,4788.64,4789.89,4788.64,4789.89,12.2753
1776606300.0,4789.88,4790.12,4787.16,4787.16,8.2391
1776607200.0,4787.01,4787.65,4783.6,4784.24,19.8471
1776608100.0,4784.24,4786.32,4784.23,4786.32,5.9565
1776609000.0,4786.32,4786.32,4785.57,4786.28,1.4004
1776609900.0,4786.28,4790.35,4786.27,4788.22,18.0661
1776610800.0,4788.22,4788.22,4786.75,4786.76,3.4391
1776611700.0,4786.76,4790.49,4786.75,4790.49,9.8583
1776612600.0,4790.5,4795.0,4789.88,4793.05,31.6184
1776613500.0,4793.04,4793.05,4790.02,4790.02,5.584
1776614400.0,4790.02,4791.5,4788.84,4791.5,9.1408
1776615300.0,4791.5,4795.09,4791.5,4794.27,15.9783
1776616200.0,4794.27,4794.27,4793.26,4793.55,3.6982
1776617100.0,4793.54,4793.68,4790.0,4790.0,3.7068
1776618000.0,4790.0,4790.0,4781.76,4782.64,20.811
1776618900.0,4782.65,4785.43,4782.65,4785.42,2.684
1776619800.0,4785.43,4785.5,4781.8,4782.95,6.2712
1776620700.0,4782.96,4782.96,4778.32,4779.95,11.2988
1776621600.0,4779.95,4780.01,4777.66,4778.25,14.3781
1776622500.0,4778.25,4779.24,4777.1,4777.5,7.845
1776623400.0,4777.51,4777.51,4777.5,4777.51,1.2868
1776624300.0,4777.5,4777.51,4774.43,4775.52,22.5705
1776625200.0,4775.52,4780.72,4775.51,4778.31,15.9618
1776626100.0,4778.3,4780.56,4778.07,4780.24,5.643
1776627000.0,4780.23,4780.23,4776.01,4776.75,5.0125
1776627900.0,4776.88,4778.91,4776.88,4778.91,2.056
1776628800.0,4779.0,4779.0,4769.21,4769.5,15.1713
1776629700.0,4769.5,4769.51,4768.0,4768.48,8.7187
1776630600.0,4768.75,4769.99,4768.12,4769.17,4.6338
1776631500.0,4768.66,4768.66,4768.0,4768.01,3.9024
1776632400.0,4768.0,4768.01,4766.81,4766.81,2.5672
1776633300.0,4766.81,4766.81,4764.97,4765.01,8.4705
1776634200.0,4765.01,4765.01,4763.33,4763.33,7.0517
1776635100.0,4763.33,4764.87,4762.75,4762.75,5.223
1776636000.0,4762.76,4772.26,4745.01,4768.25,465.0328
1776636900.0,4768.01,4771.83,4761.76,4762.75,41.8975
1776637800.0,4762.59,4767.89,4758.21,4759.0,26.3799
1776638700.0,4759.0,4764.76,4757.51,4758.35,17.5504
1776639600.0,4758.01,4759.0,4753.0,4754.09,35.8852
1776640500.0,4754.07,4755.7,4750.54,4750.54,15.6468
1776641400.0,4750.96,4754.91,4730.01,4733.03,121.6076
1776642300.0,4733.03,4735.75,4721.32,4735.75,80.2766
1776643200.0,4735.51,4735.98,4725.88,4733.61,49.2221
1776644100.0,4734.0,4747.25,4733.75,4747.25,38.9666
1776645000.0,4747.49,4749.99,4743.96,4748.02,28.8392
1776645900.0,4748.03,4756.54,4745.0,4755.08,56.1365
1776646800.0,4755.07,4774.0,4754.2,4774.0,72.5375
1776647700.0,4774.25,4781.48,4769.76,4781.48,52.8977
1776648600.0,4781.48,4790.0,4780.52,4785.99,63.7888
1776649500.0,4785.25,4791.0,4785.07,4785.55,33.3683
1776650400.0,4785.55,4786.01,4778.29,4778.3,14.168
1776651300.0,4778.3,4780.0,4776.06,4777.99,22.72
1776652200.0,4777.99,4778.64,4772.58,4773.25,12.7849
1776653100.0,4773.5,4774.75,4771.83,4774.75,10.0143
1776654000.0,4774.99,4775.74,4770.25,4770.25,12.6829
1776654900.0,4770.26,4774.49,4768.51,4773.99,6.4314
1776655800.0,4774.0,4775.0,4770.75,4772.5,8.8474
1776656700.0,4772.76,4773.72,4770.0,4771.02,4.9531
1776657600.0,4771.01,4773.57,4771.01,4771.02,50.6423
1776658500.0,4771.02,4771.96,4769.79,4771.75,35.8279
1776659400.0,4771.99,4771.99,4767.21,4767.21,21.6744
1776660300.0,4767.22,4771.9,4767.22,4768.04,6.3097
1776661200.0,4768.05,4771.93,4764.76,4765.15,13.3311
1776662100.0,4765.22,4767.7,4764.75,4766.75,7.9673
1776663000.0,4766.74,4772.92,4759.0,4759.75,45.9323
1776663900.0,4759.61,4769.91,4759.61,4769.17,45.6929
1776664800.0,4769.09,4771.48,4764.55,4770.26,18.8215
1776665700.0,4770.26,4770.26,4764.5,4765.3,10.1211
1776666600.0,4765.31,4770.73,4765.31,4769.44,12.7666
1776667500.0,4769.43,4773.34,4765.51,4773.34,13.2714
1776668400.0,4773.62,4779.14,4771.82,4773.78,16.3196
1776669300.0,4773.95,4783.32,4772.53,4776.33,30.5578
1776670200.0,4776.33,4776.71,4768.92,4776.31,18.5594
1776671100.0,4776.31,4776.31,4766.58,4767.66,19.652
1776672000.0,4767.83,4769.99,4765.86,4768.2,24.2922
1776672900.0,4768.03,4771.26,4766.22,4771.25,20.7495
1776673800.0,4771.26,4771.56,4768.77,4771.08,15.6313
1776674700.0,4771.16,4773.96,4771.16,4773.96,32.2653
1776675600.0,4773.96,4775.75,4772.68,4774.68,8.9517
1776676500.0,4774.84,4774.84,4771.76,4771.76,9.5332
1776677400.0,4771.76,4772.99,4765.47,4771.44,22.1381
1776678300.0,4771.61,4775.77,4769.79,4772.03,22.0038
1776679200.0,4772.03,4778.19,4770.86,4776.16,22.2779
1776680100.0,4776.16,4779.71,4776.16,4778.12,11.7741
1776681000.0,4778.11,4779.52,4774.36,4774.36,2.4254
1776681900.0,4774.36,4775.4,4773.98,4774.88,5.2231
1776682800.0,4774.88,4774.88,4767.96,4769.64,17.4739
1776683700.0,4769.75,4770.87,4767.55,4769.54,4.3482
1776684600.0,4769.54,4774.5,4769.17,4774.5,11.8526
1776685500.0,4774.68,4789.69,4774.68,4789.44,27.7153
1776686400.0,4789.19,4790.78,4782.07,4789.62,47.5022
1776687300.0,4789.52,4799.33,4784.04,4784.04,62.1543
1776688200.0,4784.58,4788.1,4778.91,4784.77,47.2531
1776689100.0,4785.14,4786.38,4780.81,4782.58,10.6486
1776690000.0,4782.59,4794.64,4779.55,4793.22,34.3947
1776690900.0,4793.39,4802.37,4791.15,4802.37,28.3147
1776691800.0,4802.37,4804.07,4794.8,4800.29,59.0051
1776692700.0,4800.28,4801.84,4796.48,4796.9,16.7387
1776693600.0,4796.9,4796.9,4786.8,4794.48,25.9007
1776694500.0,4794.52,4803.0,4793.25,4800.6,26.6337
1776695400.0,4800.64,4804.05,4789.81,4792.65,33.0465
1776696300.0,4792.64,4792.92,4772.89,4782.99,96.3164
1776697200.0,4782.99,4785.32,4773.31,4777.54,38.6997
1776698100.0,4777.54,4789.02,4774.44,4788.71,28.4305
1776699000.0,4788.7,4788.7,4780.02,4780.02,33.2211
1776699900.0,4780.01,4781.27,4777.03,4781.27,13.2203
1776700800.0,4781.26,4781.57,4776.41,4780.91,41.3555
1776701700.0,4780.9,4783.53,4777.21,4783.53,37.2516
1776702600.0,4783.5,4785.73,4782.4,4785.64,22.3033
1776703500.0,4785.53,4787.84,4785.3,4787.45,2.2784
1776704400.0,4787.46,4790.79,4787.1,4789.75,37.0595
1776705300.0,4789.76,4790.03,4785.25,4788.29,19.6493
1776706200.0,4788.3,4790.43,4785.38,4788.71,14.1416
1776707100.0,4788.71,4789.07,4786.03,4786.31,9.7806
1776708000.0,4786.31,4794.64,4786.31,4794.09,8.2875
1776708900.0,4794.09,4794.09,4791.09,4791.81,7.134
1776709800.0,4792.32,4793.94,4792.25,4793.93,4.5323
1776710700.0,4794.0,4795.83,4793.99,4794.48,3.6588
1776711600.0,4794.41,4798.79,4794.41,4798.79,2.9841
1776712500.0,4798.8,4799.17,4796.64,4796.87,8.8296
1776713400.0,4796.86,4796.86,4790.99,4791.6,7.1171
1776714300.0,4792.12,4793.22,4791.97,4793.22,1.4602
1776715200.0,4793.22,4796.09,4793.22,4793.94,5.3036
1776716100.0,4793.94,4796.27,4793.14,4796.23,2.6989
1776717000.0,4796.23,4796.23,4795.02,4795.73,1.9677
1776717900.0,4795.74,4799.7,4795.74,4799.09,2.2986
1776718800.0,4799.27,4799.27,4796.28,4797.11,14.6603
1776719700.0,4797.11,4797.67,4797.1,4797.66,2.4507
1776720600.0,4797.66,4798.79,4797.13,4798.01,9.8777
1776721500.0,4798.01,4801.5,4798.01,4801.49,9.5197
1776722400.0,4801.5,4809.99,4801.5,4807.73,94.6849
1776723300.0,4807.74,4810.42,4807.74,4808.16,13.6413
1776724200.0,4808.15,4808.89,4804.54,4808.5,8.1146
1776725100.0,4808.51,4809.42,4805.75,4806.81,3.2229
1776726000.0,4806.83,4809.9,4804.15,4805.36,3.3891
1776726900.0,4805.35,4805.35,4803.77,4804.49,1.3454
1776727800.0,4804.49,4804.49,4802.51,4802.98,2.5833
1776728700.0,4802.98,4802.98,4800.56,4800.65,2.4457
1776729600.0,4800.79,4809.37,4800.73,4808.33,10.4407
1776730500.0,4808.14,4808.14,4800.35,4800.35,16.2225
1776731400.0,4800.18,4802.94,4796.93,4802.07,9.0114
1776732300.0,4802.07,4804.62,4801.38,4803.77,7.3064
1776733200.0,4803.76,4803.76,4794.35,4795.42,12.5574
1776734100.0,4795.42,4798.07,4795.16,4798.07,7.5108
1776735000.0,4798.24,4798.63,4790.41,4793.49,4.5244
1776735900.0,4793.5,4793.7,4787.67,4790.47,13.4682
1776736800.0,4790.65,4790.65,4787.04,4787.04,9.0185
1776737700.0,4787.05,4787.99,4784.77,4787.87,9.324
1776738600.0,4787.88,4787.88,4783.13,4784.61,90.2233
1776739500.0,4784.61,4784.96,4782.02,4784.96,65.6252
1776740400.0,4784.96,4784.96,4779.68,4779.68,24.9253
1776741300.0,4779.69,4780.4,4773.69,4777.7,73.1731
1776742200.0,4777.7,4778.87,4772.09,4773.75,44.7901
1776743100.0,4773.75,4774.88,4770.6,4774.88,223.7814
1776744000.0,4774.88,4775.65,4767.64,4770.87,279.8502
1776744900.0,4770.86,4772.81,4768.96,4770.52,135.3286
1776745800.0,4770.34,4771.55,4768.87,4770.57,6.0727
1776746700.0,4770.58,4771.31,4769.44,4769.82,6.257
1776747600.0,4769.76,4771.65,4767.35,4769.27,24.2857
1776748500.0,4769.28,4770.14,4768.25,4768.33,7.6821
1776749400.0,4768.32,4775.65,4768.09,4775.65,5.5786
1776750300.0,4775.83,4775.83,4766.8,4767.68,22.1533
1776751200.0,4767.67,4771.05,4759.31,4767.67,17.1226
1776752100.0,4767.62,4767.62,4759.45,4760.07,13.7753
1776753000.0,4760.07,4764.11,4760.07,4764.06,8.6464
1776753900.0,4764.11,4765.99,4759.7,4762.63,29.4582
1776754800.0,4762.62,4767.48,4758.0,4766.93,11.7894
1776755700.0,4767.11,4769.56,4765.53,4766.98,2.4298
1776756600.0,4766.99,4770.35,4766.34,4770.35,4.8759
1776757500.0,4770.34,4775.15,4769.67,4769.67,3.9309
1776758400.0,4769.68,4770.78,4760.25,4760.26,9.5484
1776759300.0,4760.89,4771.75,4760.89,4771.29,36.8966
1776760200.0,4771.29,4774.49,4769.17,4773.75,6.3963
1776761100.0,4774.25,4775.24,4771.4,4771.4,6.7604
1776762000.0,4771.4,4771.4,4766.53,4768.47,8.1507
1776762900.0,4768.27,4770.76,4766.37,4766.37,12.2759
1776763800.0,4766.38,4769.73,4766.38,4769.73,4.8108
1776764700.0,4769.79,4772.24,4768.09,4768.62,5.5094
1776765600.0,4768.62,4769.29,4767.64,4767.64,0.9862
1776766500.0,4767.65,4769.05,4766.43,4767.64,6.3618
1776767400.0,4767.64,4771.61,4767.63,4770.84,1.5034
1776768300.0,4770.84,4774.98,4770.84,4774.12,16.6171
1776769200.0,4774.13,4774.13,4762.33,4766.15,38.5217
1776770100.0,4766.15,4769.52,4765.33,4768.46,8.9522
1776771000.0,4768.46,4777.56,4768.45,4776.19,8.4599
1776771900.0,4776.2,4780.44,4776.2,4779.49,7.3636
1776772800.0,4779.6,4780.52,4776.88,4777.5,5.6988
1776773700.0,4777.29,4777.29,4766.38,4768.03,14.8019
1776774600.0,4768.05,4774.34,4755.67,4764.5,98.8316
1776775500.0,4764.5,4768.18,4763.08,4765.09,9.8307
1776776400.0,4765.09,4768.88,4753.32,4753.32,34.326
1776777300.0,4753.31,4760.48,4750.0,4760.48,29.4223
1776778200.0,4760.42,4775.39,4757.55,4773.29,57.9567
1776779100.0,4773.3,4776.86,4763.33,4763.33,19.4457
1776780000.0,4763.34,4767.13,4760.24,4765.87,4.3437
1776780900.0,4765.32,4766.16,4757.98,4760.81,11.3108
1776781800.0,4760.8,4761.24,4734.21,4734.21,105.5582
1776782700.0,4734.2,4734.21,4714.24,4727.94,122.7318
1776783600.0,4727.94,4738.01,4718.16,4737.18,86.4563
1776784500.0,4736.98,4744.32,4731.72,4731.73,46.8073
1776785400.0,4731.72,4735.38,4726.9,4734.87,16.325
1776786300.0,4734.88,4737.18,4728.78,4729.8,8.0067
1776787200.0,4729.53,4734.45,4717.47,4719.12,95.338
1776788100.0,4719.33,4723.64,4711.53,4711.78,68.8117
1776789000.0,4711.77,4717.99,4711.38,4712.01,48.9414
1776789900.0,4712.02,4712.81,4700.0,4701.31,110.3321
1776790800.0,4701.32,4707.31,4692.81,4695.39,160.1914
1776791700.0,4695.39,4697.06,4688.67,4691.39,41.1387
1776792600.0,4691.07,4710.29,4689.3,4707.1,82.8184
1776793500.0,4707.09,4707.09,4695.1,4698.33,25.041
1776794400.0,4698.33,4700.75,4693.33,4693.33,19.9245
1776795300.0,4693.34,4693.34,4681.46,4683.21,27.3188
1776796200.0,4683.42,4689.86,4683.42,4689.51,9.2479
1776797100.0,4689.69,4699.22,4687.2,4696.02,16.7095
1776798000.0,4696.02,4698.67,4692.66,4694.15,16.8662
1776798900.0,4694.34,4701.04,4693.72,4699.79,25.4941
1776799800.0,4699.8,4700.21,4657.56,4660.1,74.9737
1776800700.0,4660.11,4674.17,4660.11,4667.84,20.5924
1776801600.0,4668.29,4689.81,4660.74,4685.11,124.7338
1776802500.0,4685.11,4700.64,4685.1,4696.44,39.4666
1776803400.0,4696.45,4702.88,4696.45,4701.7,10.9876
1776804300.0,4702.32,4708.76,4700.86,4708.76,9.6387
1776805200.0,4708.78,4710.82,4708.68,4710.82,13.5087
1776806100.0,4710.82,4712.18,4710.81,4711.57,13.6622
1776807000.0,4711.57,4711.62,4710.01,4711.35,20.2104
1776807900.0,4711.35,4714.75,4711.22,4714.74,3.9293
1776808800.0,4714.29,4716.41,4707.9,4711.81,108.3152
1776809700.0,4711.5,4711.5,4705.95,4707.68,21.6749
1776810600.0,4707.74,4709.01,4706.0,4706.1,17.5038
1776811500.0,4706.46,4708.25,4705.01,4707.51,16.0454
1776812400.0,4708.21,4718.58,4707.6,4717.96,10.6781
1776813300.0,4717.95,4721.48,4716.76,4720.66,8.1117
1776814200.0,4720.5,4721.97,4719.5,4720.92,12.8259
1776815100.0,4721.0,4727.75,4721.0,4727.24,10.7625
1776816000.0,4726.77,4733.73,4726.77,4731.5,14.4813
1776816900.0,4731.25,4732.07,4729.26,4730.35,8.4226
1776817800.0,4730.34,4732.64,4729.25,4729.25,14.904
1776818700.0,4729.23,4731.69,4725.5,4726.53,3.3822
1776819600.0,4726.06,4730.49,4722.77,4724.25,16.6251
1776820500.0,4724.01,4732.99,4724.01,4730.01,9.8617
1776821400.0,4730.63,4737.98,4730.63,4735.36,23.9931
1776822300.0,4735.35,4739.5,4734.27,4738.65,5.3961
1776823200.0,4738.65,4742.7,4737.32,4742.69,18.5833
1776824100.0,4742.7,4745.73,4742.26,4744.21,20.5329
1776825000.0,4744.2,4745.18,4740.04,4740.74,17.0859
1776825900.0,4740.74,4744.18,4739.28,4743.85,27.7784
1776826800.0,4743.85,4748.41,4741.99,4746.07,26.9973
1776827700.0,4746.06,4749.5,4745.51,4749.49,21.4912
1776828600.0,4749.5,4751.0,4744.79,4746.53,15.9267
1776829500.0,4746.53,4747.26,4744.95,4745.36,16.9231
1776830400.0,4745.35,4746.19,4744.25,4744.47,24.4241
1776831300.0,4744.47,4744.48,4741.95,4742.38,11.4738
1776832200.0,4742.39,4743.37,4740.1,4742.47,21.6208
1776833100.0,4742.47,4745.24,4739.66,4741.25,12.055
1776834000.0,4741.24,4743.34,4739.68,4743.33,13.253
1776834900.0,4743.34,4758.96,4743.33,4753.0,99.4796
1776835800.0,4752.99,4756.4,4751.79,4755.75,21.8479
1776836700.0,4755.75,4758.25,4753.25,4755.48,28.2793
1776837600.0,4755.48,4755.49,4749.0,4750.5,19.8952
1776838500.0,4750.49,4753.48,4749.0,4753.47,13.8414
1776839400.0,4753.48,4754.15,4752.0,4752.0,8.395
1776840300.0,4752.0,4753.91,4751.25,4753.9,7.3679
1776841200.0,4753.91,4757.31,4752.58,4753.0,36.2435
1776842100.0,4753.0,4753.07,4750.2,4751.89,15.7251
1776843000.0,4751.9,4752.4,4750.0,4750.73,12.4309
1776843900.0,4750.73,4750.73,4747.4,4748.06,4.3803
1776844800.0,4748.06,4748.07,4745.09,4745.09,6.3444
1776845700.0,4745.08,4745.08,4741.3,4741.56,24.9679
1776846600.0,4741.56,4742.39,4738.34,4741.57,36.1966
1776847500.0,4741.58,4743.59,4741.5,4743.59,10.0234
1776848400.0,4743.6,4747.24,4743.58,4746.43,9.4081
1776849300.0,4746.63,4747.08,4743.8,4743.8,6.2531
1776850200.0,4743.81,4747.32,4742.22,4744.74,20.9972
1776851100.0,4744.74,4744.74,4740.63,4742.47,13.6368
1776852000.0,4742.48,4743.99,4734.66,4736.82,26.8661
1776852900.0,4736.57,4742.2,4736.57,4741.26,12.6193
1776853800.0,4741.27,4745.23,4741.26,4742.67,8.8203
1776854700.0,4742.67,4745.33,4742.64,4745.33,4.575
1776855600.0,4745.32,4745.8,4742.91,4743.41,7.7342
1776856500.0,4743.4,4745.99,4743.4,4743.61,8.3182
1776857400.0,4743.61,4745.22,4736.08,4736.68,12.2854
1776858300.0,4736.69,4739.74,4736.0,4737.65,8.1623
1776859200.0,4738.07,4743.62,4737.41,4738.67,24.074
1776860100.0,4738.68,4744.19,4735.0,4739.12,27.2408
1776861000.0,4739.13,4739.13,4732.62,4733.19,12.0633
1776861900.0,4733.2,4734.2,4730.0,4730.2,10.3018
1776862800.0,4730.2,4735.45,4726.0,4728.4,47.1806
1776863700.0,4728.4,4734.6,4723.03,4734.6,23.209
1776864600.0,4734.78,4740.2,4728.65,4740.2,34.1266
1776865500.0,4740.2,4744.6,4737.04,4738.15,17.4359
1776866400.0,4738.15,4741.72,4728.84,4731.03,26.5275
1776867300.0,4731.03,4735.0,4728.83,4728.84,48.7533
1776868200.0,4728.83,4728.84,4716.0,4717.81,62.894
1776869100.0,4717.8,4722.26,4717.3,4720.3,11.9756
1776870000.0,4720.29,4723.7,4719.17,4722.08,8.2629
1776870900.0,4722.09,4722.09,4715.62,4719.75,13.2021
1776871800.0,4719.75,4720.11,4709.19,4711.32,206.6218
1776872700.0,4711.32,4714.69,4709.8,4712.21,17.8743
1776873600.0,4712.21,4716.79,4710.89,4714.2,75.4965
1776874500.0,4714.21,4714.21,4708.5,4710.4,33.7719
1776875400.0,4710.39,4716.0,4708.45,4713.8,22.8587
1776876300.0,4713.8,4714.29,4711.01,4712.28,14.4609
1776877200.0,4712.29,4723.0,4712.28,4720.62,21.3801
1776878100.0,4720.61,4721.65,4718.8,4719.21,8.1719
1776879000.0,4719.2,4722.0,4719.2,4720.5,19.4281
1776879900.0,4720.5,4722.0,4718.61,4721.57,13.8786
1776880800.0,4721.56,4721.8,4720.4,4720.4,6.6733
1776881700.0,4720.41,4720.41,4714.29,4714.45,10.1189
1776882600.0,4714.45,4722.2,4714.44,4722.2,23.2924
1776883500.0,4722.2,4731.8,4722.19,4723.48,85.683
1776884400.0,4723.48,4724.0,4720.0,4720.0,18.8614
1776885300.0,4720.01,4725.6,4720.0,4725.59,5.7442
1776886200.0,4725.6,4725.6,4721.81,4722.16,22.6167
1776887100.0,4722.05,4723.37,4720.8,4722.8,9.7532
1776888000.0,4722.61,4723.11,4719.43,4719.44,19.2527
1776888900.0,4719.45,4720.25,4719.2,4720.25,1.3114
1776889800.0,4720.24,4721.66,4720.22,4720.26,5.1944
1776890700.0,4720.26,4722.0,4720.26,4721.99,2.1845
1776891600.0,4722.0,4724.6,4721.99,4724.59,5.0252
1776892500.0,4724.59,4724.6,4724.14,4724.28,1.3684
1776893400.0,4724.27,4726.2,4724.27,4726.19,9.2676
1776894300.0,4726.38,4726.58,4726.17,4726.17,1.5289
1776895200.0,4726.17,4726.17,4719.61,4719.61,18.1875
1776896100.0,4719.61,4720.42,4717.25,4717.25,10.1038
1776897000.0,4717.21,4717.8,4714.61,4714.61,5.5272
1776897900.0,4714.6,4714.8,4711.22,4711.22,3.2745
1776898800.0,4711.21,4711.22,4708.57,4709.81,5.0973
1776899700.0,4709.81,4711.96,4709.41,4709.79,10.4838
1776900600.0,4709.93,4710.31,4707.17,4707.25,9.6664
1776901500.0,4707.25,4711.0,4707.25,4710.44,5.0171
1776902400.0,4710.43,4710.44,4684.8,4684.8,237.5163
1776903300.0,4684.61,4723.39,4680.41,4723.39,184.1981
1776904200.0,4723.39,4733.09,4723.38,4725.76,29.2092
1776905100.0,4725.77,4733.19,4725.58,4728.8,35.1813
1776906000.0,4729.0,4730.4,4718.33,4718.33,16.0523
1776906900.0,4718.33,4718.8,4710.25,4710.31,25.7722
1776907800.0,4710.31,4716.92,4708.98,4715.62,5.2682
1776908700.0,4715.63,4717.44,4705.69,4705.7,8.9886
1776909600.0,4705.71,4705.71,4690.0,4690.0,43.1048
1776910500.0,4690.0,4699.71,4689.0,4696.82,23.1569
1776911400.0,4696.81,4697.2,4684.01,4684.67,28.2934
1776912300.0,4684.66,4689.8,4683.21,4683.31,13.101
1776913200.0,4683.32,4691.59,4683.32,4686.01,6.122
1776914100.0,4686.01,4688.44,4683.16,4685.73,51.4157
1776915000.0,4685.73,4688.39,4683.74,4687.28,28.7626
1776915900.0,4687.29,4688.95,4686.0,4687.38,24.387
1776916800.0,4687.38,4688.0,4684.03,4687.99,15.8439
1776917700.0,4688.19,4689.09,4686.6,4687.99,11.3697
1776918600.0,4687.99,4689.0,4685.8,4685.8,10.1163
1776919500.0,4685.78,4687.22,4683.47,4687.21,16.2033
1776920400.0,4687.21,4692.92,4687.21,4691.8,11.931
1776921300.0,4691.8,4692.0,4689.8,4690.0,6.1197
1776922200.0,4690.0,4690.0,4676.51,4686.13,45.3661
1776923100.0,4686.15,4697.14,4686.15,4696.79,6.1418
1776924000.0,4696.8,4699.73,4696.0,4696.12,7.9046
1776924900.0,4696.12,4698.11,4693.61,4696.36,4.7379
1776925800.0,4696.36,4700.76,4694.8,4699.81,9.0395
1776926700.0,4699.8,4704.2,4697.5,4697.5,20.8684
1776927600.0,4697.49,4698.84,4692.91,4695.09,23.5321
1776928500.0,4695.09,4697.25,4689.2,4691.54,17.2472
1776929400.0,4691.54,4697.46,4690.08,4697.46,5.5298
1776930300.0,4697.55,4703.85,4697.55,4703.69,34.3745
1776931200.0,4703.42,4706.99,4702.26,4702.89,16.2226
1776932100.0,4702.89,4704.58,4699.84,4699.85,6.7754
1776933000.0,4699.68,4699.68,4689.58,4689.58,20.2162
1776933900.0,4689.39,4690.9,4686.98,4689.09,9.09
1776934800.0,4689.08,4689.08,4681.03,4683.18,11.6067
1776935700.0,4683.19,4687.66,4682.56,4686.16,9.9418
1776936600.0,4686.16,4687.49,4685.02,4685.58,4.0246
1776937500.0,4685.59,4686.05,4681.22,4682.37,14.9978
1776938400.0,4682.42,4685.58,4672.33,4674.78,28.4315
1776939300.0,4674.78,4677.61,4671.15,4674.42,25.4847
1776940200.0,4674.42,4682.79,4672.29,4677.99,42.9679
1776941100.0,4677.99,4683.38,4677.13,4683.38,25.3559
1776942000.0,4683.38,4686.16,4682.98,4685.01,19.0443
1776942900.0,4685.0,4688.77,4684.14,4685.37,13.7493
1776943800.0,4685.37,4692.24,4684.07,4691.93,10.6256
1776944700.0,4691.93,4704.9,4691.93,4704.89,29.6401
1776945600.0,4704.89,4721.61,4704.89,4713.76,47.4855
1776946500.0,4713.75,4718.66,4711.8,4716.51,17.5908
1776947400.0,4716.51,4724.64,4716.51,4723.57,20.2166
1776948300.0,4723.58,4725.72,4715.75,4723.02,61.2158
1776949200.0,4723.03,4723.2,4707.66,4708.99,46.6417
1776950100.0,4708.99,4713.61,4708.78,4711.17,13.3012
1776951000.0,4711.17,4718.7,4709.17,4718.17,24.3519
1776951900.0,4718.33,4723.01,4709.17,4709.17,26.1516
1776952800.0,4709.16,4711.6,4702.15,4707.18,29.7853
1776953700.0,4707.36,4717.8,4707.36,4714.93,18.2452
1776954600.0,4714.92,4717.6,4711.08,4714.67,14.9371
1776955500.0,4714.68,4719.73,4712.8,4718.32,11.2744
1776956400.0,4718.31,4718.35,4711.59,4716.1,16.0527
1776957300.0,4715.72,4723.61,4715.64,4717.98,21.7315
1776958200.0,4717.81,4717.98,4713.84,4713.84,9.3942
1776959100.0,4713.66,4713.66,4702.71,4705.73,25.8255
1776960000.0,4705.73,4707.36,4703.05,4705.14,10.5674
1776960900.0,4705.14,4709.88,4705.14,4708.03,4.9325
1776961800.0,4708.02,4719.65,4708.02,4718.6,13.9718
1776962700.0,4718.59,4720.6,4714.57,4715.09,134.7073
1776963600.0,4715.09,4716.51,4692.28,4700.83,72.3216
1776964500.0,4700.83,4702.85,4691.71,4693.47,60.3864
1776965400.0,4693.48,4698.71,4663.83,4666.87,126.8514
1776966300.0,4666.72,4697.69,4656.0,4696.64,172.2259
1776967200.0,4696.74,4707.98,4696.04,4699.99,49.6265
1776968100.0,4699.98,4701.77,4697.37,4701.57,18.6411
1776969000.0,4701.78,4704.9,4694.94,4697.05,7.3075
1776969900.0,4697.1,4697.23,4687.29,4687.29,10.0758
1776970800.0,4687.73,4690.07,4682.43,4684.5,13.7227
1776971700.0,4684.49,4689.51,4684.02,4687.71,8.421
1776972600.0,4687.72,4687.91,4678.93,4680.76,8.1531
1776973500.0,4680.55,4686.33,4680.55,4683.97,8.5801
1776974400.0,4683.96,4685.39,4680.36,4680.36,4.7476
1776975300.0,4680.18,4680.18,4676.77,4678.75,8.2784
1776976200.0,4678.74,4680.08,4678.36,4680.07,2.8937
1776977100.0,4680.08,4682.12,4678.57,4681.43,9.5243
1776978000.0,4681.28,4686.69,4681.28,4686.46,12.9387
1776978900.0,4686.47,4686.47,4685.56,4686.29,2.361
1776979800.0,4686.29,4691.69,4686.28,4691.48,8.2277
1776980700.0,4691.48,4692.02,4691.47,4692.01,1.693
1776981600.0,4692.01,4692.01,4685.34,4687.57,60.6363
1776982500.0,4687.01,4687.01,4682.77,4684.2,11.0702
1776983400.0,4684.16,4686.28,4682.55,4683.94,6.211
1776984300.0,4684.0,4684.78,4682.03,4683.49,2.2175
1776985200.0,4683.5,4685.76,4681.62,4681.62,6.5354
1776986100.0,4681.5,4684.49,4679.03,4684.48,4.818
1776987000.0,4684.48,4690.0,4684.48,4688.01,9.4527
1776987900.0,4688.0,4690.7,4685.03,4686.25,56.0695
1776988800.0,4686.5,4690.49,4682.51,4688.24,23.0042
1776989700.0,4688.24,4695.0,4687.87,4695.0,14.9659
1776990600.0,4695.25,4696.67,4691.34,4691.35,10.6886
1776991500.0,4691.91,4694.24,4688.0,4694.23,10.8446
1776992400.0,4694.41,4698.24,4686.99,4697.99,19.9419
1776993300.0,4698.24,4699.48,4689.0,4689.0,7.9062
1776994200.0,4688.75,4690.75,4682.04,4682.04,9.0
1776995100.0,4682.03,4689.68,4682.03,4689.68,8.111
1776996000.0,4689.66,4689.67,4681.61,4683.69,4.1638
1776996900.0,4683.75,4685.34,4674.01,4674.83,9.1491
1776997800.0,4674.84,4680.96,4672.34,4674.41,6.7863
1776998700.0,4674.4,4675.24,4663.84,4667.16,71.9422
1776999600.0,4667.16,4667.59,4659.24,4659.88,51.1318
1777000500.0,4659.88,4666.87,4659.87,4664.12,43.7907
1777001400.0,4663.95,4666.67,4662.79,4665.01,14.5523
1777002300.0,4665.0,4665.85,4661.74,4661.74,10.924
1777003200.0,4662.03,4663.81,4658.5,4661.1,14.2197
1777004100.0,4660.98,4660.98,4650.59,4652.57,82.6478
1777005000.0,4652.56,4658.84,4650.02,4658.84,23.585
1777005900.0,4658.85,4665.82,4658.85,4665.19,22.0554
1777006800.0,4665.18,4666.71,4660.77,4663.44,19.0352
1777007700.0,4663.43,4667.67,4663.12,4667.17,8.2392
1777008600.0,4667.09,4675.68,4667.09,4671.69,20.897
1777009500.0,4671.7,4675.5,4671.1,4675.5,8.8668
1777010400.0,4675.5,4676.23,4671.0,4671.77,29.9657
1777011300.0,4671.76,4671.76,4662.08,4662.08,23.2091
1777012200.0,4662.09,4665.95,4662.09,4664.07,20.9463
1777013100.0,4664.07,4666.33,4658.99,4663.62,17.6965
1777014000.0,4663.61,4669.73,4662.59,4669.73,9.9552
1777014900.0,4669.73,4673.61,4668.97,4673.35,11.2094
1777015800.0,4673.34,4674.15,4671.29,4674.15,23.3412
1777016700.0,4674.15,4683.43,4674.15,4683.42,43.7671
1777017600.0,4683.42,4683.42,4676.0,4676.59,9.6455
1777018500.0,4676.59,4684.68,4676.59,4677.15,7.4955
1777019400.0,4677.15,4678.01,4675.08,4677.73,10.3307
1777020300.0,4677.73,4681.4,4677.73,4680.51,7.2394
1777021200.0,4680.54,4682.48,4679.47,4682.47,10.1812
1777022100.0,4682.52,4683.77,4672.26,4672.26,11.1135
1777023000.0,4672.28,4676.86,4670.02,4674.21,14.3583
1777023900.0,4674.21,4674.52,4670.01,4671.51,19.2604
1777024800.0,4671.52,4672.99,4670.49,4670.84,7.1265
1777025700.0,4670.85,4674.62,4669.82,4672.81,6.1145
1777026600.0,4672.8,4672.8,4666.5,4669.74,6.0353
1777027500.0,4669.56,4669.96,4667.86,4668.31,7.1329
1777028400.0,4668.31,4691.41,4668.31,4685.95,50.1223
1777029300.0,4685.95,4703.57,4681.84,4701.42,59.0133
1777030200.0,4701.6,4703.22,4691.99,4691.99,25.6633
1777031100.0,4692.0,4693.5,4690.28,4693.48,13.2244
1777032000.0,4693.41,4694.93,4690.93,4694.67,21.4294
1777032900.0,4694.66,4697.1,4688.65,4695.66,28.3403
1777033800.0,4695.65,4696.38,4686.54,4686.54,18.4131
1777034700.0,4686.48,4687.73,4679.11,4687.73,18.393
1777035600.0,4687.74,4691.51,4684.35,4690.26,18.9122
1777036500.0,4690.18,4691.19,4681.63,4683.75,23.8033
1777037400.0,4683.76,4695.0,4678.75,4693.92,29.2941
1777038300.0,4693.93,4702.87,4691.7,4697.08,22.123
1777039200.0,4697.3,4722.86,4693.18,4716.09,176.9196
1777040100.0,4716.08,4717.26,4707.15,4710.05,30.8535
1777041000.0,4709.72,4715.44,4708.43,4715.11,20.1976
1777041900.0,4714.93,4714.93,4708.33,4709.69,14.9387
1777042800.0,4709.88,4710.8,4704.66,4705.91,13.6385
1777043700.0,4705.92,4710.78,4703.51,4706.28,34.9255
1777044600.0,4706.58,4712.98,4700.88,4712.39,25.3404
1777045500.0,4712.39,4717.62,4709.17,4710.71,29.2472
1777046400.0,4710.72,4712.75,4705.24,4705.24,20.7086
1777047300.0,4705.21,4709.38,4704.66,4707.85,6.739
1777048200.0,4707.85,4710.74,4705.21,4707.47,18.5257
1777049100.0,4707.47,4712.13,4706.29,4712.12,2.1739
1777050000.0,4712.12,4714.0,4711.19,4712.56,4.1287
1777050900.0,4712.56,4713.44,4708.26,4708.26,4.047
1777051800.0,4708.27,4709.56,4704.83,4707.8,3.1871
1777052700.0,4707.82,4712.01,4706.46,4709.49,8.3774
1777053600.0,4709.49,4709.69,4706.77,4708.8,6.2609
1777054500.0,4708.79,4708.8,4704.12,4704.12,9.5129
1777055400.0,4704.02,4705.79,4703.73,4704.53,9.6958
1777056300.0,4704.52,4708.25,4704.52,4708.25,2.8192
1777057200.0,4708.26,4711.0,4708.26,4709.65,2.6407
1777058100.0,4709.66,4709.9,4705.4,4705.41,0.6356
1777059000.0,4705.41,4706.99,4703.93,4703.95,3.4936
1777059900.0,4703.95,4704.79,4698.29,4700.88,80.7705
1777060800.0,4700.7,4700.7,4688.18,4688.66,130.6695
1777061700.0,4688.65,4690.06,4686.85,4688.82,138.7501
1777062600.0,4688.81,4688.82,4684.86,4686.43,163.4391
1777063500.0,4686.48,4690.21,4686.48,4688.88,19.1925
1777064400.0,4688.83,4688.83,4685.1,4685.1,13.2907
1777065300.0,4685.11,4688.25,4685.1,4687.82,15.5782
1777066200.0,4687.83,4689.06,4685.34,4685.94,22.335
1777067100.0,4685.58,4688.3,4685.58,4687.81,6.5871
1777068000.0,4687.81,4688.76,4687.8,4688.74,1.5858
1777068900.0,4688.74,4692.44,4687.63,4690.04,19.7104
1777069800.0,4690.01,4692.45,4689.55,4692.45,4.0985
1777070700.0,4692.58,4693.81,4690.98,4690.98,3.7744
1777071600.0,4690.97,4691.4,4690.97,4691.39,1.4231
1777072500.0,4691.39,4691.64,4691.39,4691.64,0.1573
1777073400.0,4691.64,4692.03,4691.09,4691.09,2.4536
1777074300.0,4690.99,4690.99,4690.57,4690.58,0.4377
1777075200.0,4690.58,4692.66,4690.57,4692.66,3.4658
1777076100.0,4692.75,4693.0,4692.0,4692.0,5.4414
1777077000.0,4691.98,4691.98,4691.97,4691.98,1.3968
1777077900.0,4691.98,4692.94,4691.97,4692.94,0.7653
1777078800.0,4692.93,4692.94,4692.93,4692.94,1.1382
1777079700.0,4692.94,4692.94,4692.93,4692.94,2.2982
1777080600.0,4692.93,4693.14,4692.93,4693.14,1.5638
1777081500.0,4693.13,4693.14,4693.13,4693.14,0.1773
1777082400.0,4693.13,4693.14,4693.13,4693.13,0.2719
1777083300.0,4693.14,4693.35,4693.13,4693.34,0.8116
1777084200.0,4693.34,4693.81,4693.34,4693.8,1.0313
1777085100.0,4693.81,4693.81,4693.8,4693.81,0.8071
1777086000.0,4693.81,4693.81,4693.8,4693.8,0.7555
1777086900.0,4693.81,4694.25,4693.8,4694.24,1.6575
1777087800.0,4694.25,4694.25,4694.24,4694.25,1.7405
1777088700.0,4694.25,4694.9,4694.24,4694.26,7.061
1777089600.0,4694.27,4694.27,4694.26,4694.27,1.3471
1777090500.0,4694.27,4694.27,4694.26,4694.27,0.6074
1777091400.0,4694.26,4701.0,4694.26,4697.01,60.2525
1777092300.0,4697.02,4697.02,4696.57,4696.58,3.6803
1777093200.0,4696.58,4696.58,4696.0,4696.0,2.7622
1777094100.0,4695.75,4695.75,4695.56,4695.57,0.4371
1777095000.0,4695.56,4695.57,4695.31,4695.31,0.565
1777095900.0,4695.26,4695.26,4695.25,4695.25,1.6285
1777096800.0,4695.26,4695.26,4695.25,4695.25,1.7757
1777097700.0,4695.26,4695.26,4695.0,4695.0,1.1149
1777098600.0,4695.0,4695.01,4695.0,4695.0,3.4931
1777099500.0,4695.01,4695.01,4694.99,4694.99,1.5233
1777100400.0,4695.0,4695.0,4694.97,4694.98,2.7475
1777101300.0,4694.98,4694.98,4694.13,4694.13,1.6052
1777102200.0,4694.13,4694.13,4693.9,4693.9,0.6184
1777103100.0,4693.9,4693.91,4693.63,4693.63,1.5452
1777104000.0,4693.64,4696.23,4693.63,4696.22,3.7309
1777104900.0,4696.23,4696.23,4696.05,4696.06,8.1543
1777105800.0,4696.06,4696.06,4696.05,4696.05,0.7848
1777106700.0,4696.06,4698.23,4696.05,4697.04,10.2421
1777107600.0,4697.05,4697.58,4697.04,4697.57,1.7493
1777108500.0,4697.58,4697.73,4697.58,4697.72,0.7859
1777109400.0,4697.72,4700.99,4697.57,4700.74,10.5703
1777110300.0,4700.75,4700.75,4699.75,4699.75,2.4084
1777111200.0,4699.76,4699.76,4699.25,4699.26,1.9239
1777112100.0,4699.26,4699.26,4698.89,4698.89,1.0985
1777113000.0,4698.9,4698.9,4698.89,4698.9,1.4017
1777113900.0,4698.89,4698.9,4698.89,4698.89,0.9155
1777114800.0,4698.89,4698.9,4698.61,4698.61,0.9386
1777115700.0,4698.62,4698.62,4698.0,4698.01,0.5031
1777116600.0,4698.0,4698.01,4697.1,4697.11,1.0876
1777117500.0,4697.1,4699.35,4697.1,4698.42,19.0495
1777118400.0,4698.31,4698.31,4696.32,4696.32,3.7604
1777119300.0,4696.33,4696.33,4696.32,4696.32,1.5887
1777120200.0,4696.32,4696.33,4696.28,4696.28,2.3564
1777121100.0,4696.28,4696.28,4694.84,4694.89,15.0093
1777122000.0,4694.89,4694.9,4692.86,4693.89,12.7076
1777122900.0,4693.9,4695.75,4693.89,4695.75,2.5645
1777123800.0,4695.75,4696.59,4695.74,4695.87,4.8155
1777124700.0,4695.88,4696.49,4695.87,4696.48,1.8864
1777125600.0,4696.49,4696.49,4696.48,4696.49,4.1015
1777126500.0,4696.48,4696.49,4696.48,4696.48,2.4913
1777127400.0,4696.48,4696.49,4696.48,4696.48,0.7903
1777128300.0,4696.49,4696.49,4696.48,4696.49,0.7615
1777129200.0,4696.49,4696.49,4696.36,4696.36,1.2337
1777130100.0,4696.36,4696.37,4696.21,4696.21,6.7895
1777131000.0,4696.22,4696.5,4696.21,4696.49,2.8754
1777131900.0,4696.5,4696.5,4693.79,4693.79,5.1201
1777132800.0,4693.79,4693.8,4693.21,4693.21,2.8101
1777133700.0,4693.22,4693.22,4691.59,4691.59,6.1751
1777134600.0,4691.59,4691.6,4690.65,4690.66,3.9453
1777135500.0,4690.65,4693.28,4690.65,4693.27,22.7438
1777136400.0,4693.28,4693.28,4692.25,4692.26,2.5184
1777137300.0,4692.26,4692.62,4692.17,4692.61,2.5403
1777138200.0,4692.61,4692.62,4691.63,4691.63,8.0437
1777139100.0,4691.64,4691.64,4691.33,4691.34,2.1827
1777140000.0,4691.33,4691.34,4691.33,4691.34,1.6296
1777140900.0,4691.34,4691.99,4691.34,4691.99,1.1781
1777141800.0,4691.98,4691.99,4691.98,4691.98,1.3076
1777142700.0,4691.99,4691.99,4691.98,4691.98,0.6552
1777143600.0,4691.99,4691.99,4691.98,4691.99,0.5716
1777144500.0,4691.99,4691.99,4691.93,4691.93,5.7963
1777145400.0,4691.93,4691.94,4691.69,4691.76,2.7798
1777146300.0,4691.77,4691.98,4691.76,4691.98,0.6412
1777147200.0,4691.97,4691.98,4691.97,4691.98,0.5331
1777148100.0,4691.97,4691.98,4691.97,4691.97,0.3663
1777149000.0,4691.97,4691.97,4691.39,4691.53,1.3069
1777149900.0,4691.52,4693.09,4691.52,4693.08,5.0789
1777150800.0,4693.09,4693.09,4693.08,4693.09,0.4357
1777151700.0,4693.09,4693.88,4693.08,4693.86,6.2435
1777152600.0,4693.87,4693.87,4692.01,4692.38,5.5612
1777153500.0,4692.26,4692.26,4691.8,4691.8,0.8704
1777154400.0,4691.81,4693.58,4691.8,4693.58,9.1512
1777155300.0,4693.58,4695.4,4693.57,4694.8,14.5044
1777156200.0,4694.8,4694.8,4693.71,4693.72,1.3628
1777157100.0,4693.72,4693.72,4693.71,4693.71,0.0315
1777158000.0,4693.72,4693.72,4693.71,4693.72,1.0238
1777158900.0,4693.72,4693.72,4691.71,4691.71,2.8997
1777159800.0,4691.51,4691.51,4690.75,4691.39,2.0186
1777160700.0,4691.39,4691.39,4688.1,4688.1,2.3395
1777161600.0,4688.11,4688.11,4687.57,4687.58,1.525
1777162500.0,4687.58,4687.58,4685.94,4686.05,5.9689
1777163400.0,4686.06,4686.06,4685.74,4685.74,0.7165
1777164300.0,4685.75,4688.97,4685.74,4688.96,11.5727
1777165200.0,4688.97,4688.97,4688.79,4688.79,0.7643
1777166100.0,4688.79,4689.16,4688.79,4689.16,1.0126
1777167000.0,4689.15,4690.08,4689.15,4690.08,1.6889
1777167900.0,4690.08,4690.08,4690.07,4690.07,0.9638
1777168800.0,4690.07,4690.24,4690.07,4690.23,0.8004
1777169700.0,4690.24,4691.5,4690.23,4691.49,2.7163
1777170600.0,4691.5,4691.5,4691.49,4691.49,1.0922
1777171500.0,4691.5,4691.54,4690.08,4690.81,9.5045
1777172400.0,4690.81,4691.08,4690.81,4691.08,1.8745
1777173300.0,4691.07,4691.74,4691.07,4691.74,1.0188
1777174200.0,4691.73,4692.24,4691.73,4692.22,2.8905
1777175100.0,4692.22,4692.22,4691.73,4691.73,2.288
1777176000.0,4691.74,4691.74,4691.73,4691.73,1.941
1777176900.0,4691.73,4693.49,4691.73,4692.23,7.0139
1777177800.0,4692.23,4692.23,4692.22,4692.22,1.0825
1777178700.0,4692.23,4692.75,4692.22,4692.74,3.2404
1777179600.0,4692.75,4692.75,4692.74,4692.75,0.7609
1777180500.0,4692.75,4692.75,4692.74,4692.75,3.3082
1777181400.0,4692.75,4692.75,4692.74,4692.74,0.9694
1777182300.0,4692.75,4692.75,4691.07,4691.07,2.5411
1777183200.0,4691.08,4691.08,4690.24,4690.31,1.9731
1777184100.0,4690.31,4690.32,4689.78,4689.79,0.6185
1777185000.0,4689.79,4692.45,4689.78,4691.75,11.1712
1777185900.0,4691.76,4691.76,4691.5,4691.5,0.4508
1777186800.0,4691.51,4691.51,4691.29,4691.29,0.2676
1777187700.0,4691.3,4691.3,4691.1,4691.1,3.4442
1777188600.0,4691.11,4691.11,4691.0,4691.1,3.6081
1777189500.0,4691.11,4691.12,4691.1,4691.11,1.7662
1777190400.0,4691.11,4693.01,4691.11,4693.0,2.521
1777191300.0,4693.01,4693.01,4693.0,4693.0,1.0192
1777192200.0,4693.01,4693.01,4692.99,4693.01,4.8531
1777193100.0,4693.0,4693.01,4693.0,4693.0,2.8525
1777194000.0,4693.01,4693.43,4693.0,4693.42,7.3406
1777194900.0,4693.43,4693.43,4692.51,4692.51,3.8362
1777195800.0,4692.52,4692.52,4692.48,4692.48,1.7182
1777196700.0,4692.49,4692.5,4692.48,4692.49,3.6274
1777197600.0,4692.49,4692.5,4692.49,4692.49,0.6276
1777198500.0,4692.5,4692.5,4692.49,4692.49,3.0798
1777199400.0,4692.49,4693.44,4692.49,4693.43,12.9323
1777200300.0,4693.44,4693.44,4693.43,4693.44,2.3568
1777201200.0,4693.43,4693.44,4691.11,4692.24,9.5271
1777202100.0,4692.25,4693.5,4692.24,4693.5,3.5185
1777203000.0,4693.54,4694.99,4693.54,4694.98,3.543
1777203900.0,4694.99,4695.45,4694.97,4695.45,4.71
1777204800.0,4695.46,4699.11,4695.46,4699.11,1.3885
1777205700.0,4699.1,4699.2,4697.0,4697.48,5.373
1777206600.0,4697.49,4698.5,4697.48,4698.5,10.7529
1777207500.0,4698.49,4699.0,4697.46,4699.0,4.6875
1777208400.0,4699.0,4699.28,4699.0,4699.28,21.3568
1777209300.0,4699.28,4700.22,4699.27,4700.22,22.006
1777210200.0,4700.22,4701.75,4700.21,4701.75,5.7276
1777211100.0,4701.74,4702.19,4701.74,4702.19,3.0269
1777212000.0,4702.18,4702.88,4702.18,4702.88,7.8604
1777212900.0,4702.88,4705.25,4702.87,4705.25,5.1182
1777213800.0,4705.24,4705.75,4704.29,4704.29,8.6931
1777214700.0,4704.29,4704.3,4702.91,4702.91,14.443
1777215600.0,4702.87,4703.42,4702.24,4703.41,4.6733
1777216500.0,4703.42,4703.42,4699.4,4699.8,22.4239
1777217400.0,4699.81,4700.0,4699.73,4699.74,1.3453
1777218300.0,4699.74,4700.06,4699.73,4700.05,1.3444
1777219200.0,4700.05,4705.4,4700.0,4700.15,38.158
1777220100.0,4700.15,4700.52,4700.14,4700.51,2.7474
1777221000.0,4700.52,4702.55,4700.51,4701.75,3.2575
1777221900.0,4701.75,4701.76,4701.75,4701.76,0.5823
1777222800.0,4701.75,4705.78,4701.75,4705.28,33.3896
1777223700.0,4705.27,4706.01,4703.56,4705.75,34.847
1777224600.0,4705.75,4708.42,4705.75,4707.91,9.208
1777225500.0,4707.92,4708.42,4706.39,4707.24,4.754
1777226400.0,4707.25,4708.43,4707.24,4708.42,9.7282
1777227300.0,4708.43,4709.48,4708.09,4708.09,3.1799
1777228200.0,4708.1,4708.1,4705.29,4705.38,3.5031
1777229100.0,4705.3,4705.58,4705.29,4705.57,8.9393
1777230000.0,4705.58,4706.72,4705.57,4706.72,1.9584
1777230900.0,4706.72,4708.21,4703.77,4704.5,7.2696
1777231800.0,4704.49,4705.5,4704.49,4704.77,1.18
1777232700.0,4704.77,4705.25,4704.15,4705.24,5.2578
1777233600.0,4705.25,4706.58,4703.75,4703.75,3.1426
1777234500.0,4703.72,4703.72,4703.26,4703.26,0.3767
1777235400.0,4703.26,4703.26,4697.92,4697.93,6.934
1777236300.0,4698.27,4699.86,4698.26,4699.49,9.1285
1777237200.0,4699.49,4699.5,4698.63,4698.64,6.3429
1777238100.0,4698.64,4699.5,4698.64,4699.45,3.1053
1777239000.0,4699.44,4699.45,4696.7,4696.7,6.0599
1777239900.0,4696.51,4700.6,4693.48,4697.67,19.5536
1777240800.0,4697.67,4697.67,4673.26,4678.21,145.9782
1777241700.0,4678.21,4680.33,4676.72,4679.35,29.1941
1777242600.0,4679.37,4679.37,4675.02,4677.76,26.982
1777243500.0,4677.76,4678.89,4676.0,4678.57,8.372
1777244400.0,4678.56,4678.56,4672.68,4677.99,32.0771
1777245300.0,4677.99,4679.49,4671.4,4672.42,24.259
1777246200.0,4671.75,4673.78,4670.0,4671.9,23.2638
1777247100.0,4671.89,4676.1,4671.89,4675.48,12.5853
1777248000.0,4674.75,4674.76,4668.01,4673.28,17.4789
1777248900.0,4673.29,4674.54,4671.48,4674.48,19.6321
1777249800.0,4674.48,4674.48,4670.0,4672.96,7.0863
1777250700.0,4672.96,4687.89,4672.96,4687.89,50.6325
1777251600.0,4687.89,4698.0,4682.06,4682.06,41.0832
1777252500.0,4682.06,4687.63,4681.1,4686.84,15.2949
1777253400.0,4686.85,4689.5,4685.71,4686.71,11.7539
1777254300.0,4686.72,4694.41,4686.71,4690.64,24.3572
1777255200.0,4690.65,4693.02,4684.24,4686.5,31.6804
1777256100.0,4686.49,4694.47,4686.49,4692.23,30.7025
1777257000.0,4692.23,4699.0,4691.27,4697.74,21.1626
1777257900.0,4697.75,4707.0,4697.5,4703.82,50.8275
1777258800.0,4703.82,4706.98,4701.61,4702.23,38.6055
1777259700.0,4702.23,4703.1,4700.75,4700.75,8.3304
1777260600.0,4700.76,4713.48,4700.75,4713.23,28.8432
1777261500.0,4713.23,4713.23,4707.58,4707.58,30.6687
1777262400.0,4707.59,4711.07,4707.47,4709.23,29.5232
1777263300.0,4709.24,4709.89,4708.13,4709.04,19.5374
1777264200.0,4709.25,4711.15,4707.51,4708.93,12.4838
1777265100.0,4708.94,4708.94,4704.5,4707.22,16.439
1777266000.0,4707.13,4707.13,4700.38,4700.38,8.818
1777266900.0,4700.38,4701.23,4697.75,4700.24,19.7157
1777267800.0,4700.23,4700.23,4692.39,4693.98,12.9804
1777268700.0,4693.99,4695.43,4692.34,4692.96,13.9322
1777269600.0,4692.96,4697.75,4692.75,4697.74,17.9363
1777270500.0,4697.75,4698.23,4695.48,4697.16,13.316
1777271400.0,4697.17,4697.17,4693.5,4695.34,17.9345
1777272300.0,4695.24,4698.43,4694.8,4697.14,9.8191
1777273200.0,4697.0,4700.66,4695.54,4700.05,18.7453
1777274100.0,4700.06,4701.14,4696.76,4699.18,10.6603
1777275000.0,4699.19,4699.51,4696.59,4697.54,25.3862
1777275900.0,4697.55,4697.8,4692.87,4695.46,11.7124
1777276800.0,4695.46,4695.46,4693.0,4693.88,15.6589
1777277700.0,4693.78,4695.0,4693.25,4693.43,7.3927
1777278600.0,4693.33,4693.63,4689.12,4693.63,8.3231
1777279500.0,4693.69,4696.72,4690.68,4690.68,6.9669
1777280400.0,4690.68,4691.84,4688.17,4689.99,9.1841
1777281300.0,4689.99,4690.14,4688.0,4688.01,9.2101
1777282200.0,4688.0,4689.46,4685.89,4688.8,20.2015
1777283100.0,4688.8,4689.21,4685.74,4689.21,17.4313
1777284000.0,4689.2,4691.4,4687.98,4687.99,7.7116
1777284900.0,4687.88,4689.93,4686.47,4689.47,12.9485
1777285800.0,4689.47,4694.0,4689.46,4693.92,7.7093
1777286700.0,4693.93,4694.77,4692.92,4693.72,8.1468
1777287600.0,4693.72,4693.72,4689.94,4689.94,14.3653
1777288500.0,4689.93,4691.64,4686.93,4691.38,10.7375
1777289400.0,4691.19,4692.46,4686.59,4687.91,7.2164
1777290300.0,4688.17,4689.55,4687.22,4689.55,6.4476
1777291200.0,4689.41,4693.95,4688.59,4693.94,7.2559
1777292100.0,4693.94,4696.64,4688.63,4691.14,7.6366
1777293000.0,4691.17,4691.92,4684.01,4685.05,13.6129
1777293900.0,4685.04,4689.48,4684.46,4684.7,7.8198
1777294800.0,4684.79,4686.22,4680.34,4680.46,16.26
1777295700.0,4680.66,4688.0,4680.66,4685.0,9.0652
1777296600.0,4685.01,4687.19,4675.98,4679.81,25.7664
1777297500.0,4679.82,4682.92,4676.76,4682.91,64.2915
1777298400.0,4682.91,4682.91,4676.01,4679.18,61.9772
1777299300.0,4679.19,4682.47,4675.36,4676.76,27.2348
1777300200.0,4676.73,4684.46,4672.89,4682.21,27.8743
1777301100.0,4682.22,4682.22,4667.1,4667.14,31.7947
1777302000.0,4667.13,4667.72,4658.6,4664.36,64.3633
1777302900.0,4664.42,4668.59,4661.6,4668.59,30.2347
1777303800.0,4668.58,4670.27,4666.47,4667.05,14.0725
1777304700.0,4667.06,4667.06,4657.9,4659.78,54.4906
1777305600.0,4659.77,4663.37,4657.87,4663.29,16.9604
1777306500.0,4663.29,4665.87,4663.02,4663.89,9.9047
1777307400.0,4663.88,4667.1,4663.79,4663.79,10.2483
1777308300.0,4663.8,4665.53,4663.79,4665.36,4.9782
1777309200.0,4665.37,4667.8,4662.69,4663.12,13.2789
1777310100.0,4663.13,4668.21,4659.61,4668.21,13.9457
1777311000.0,4668.21,4673.79,4668.21,4671.07,21.8422
1777311900.0,4671.07,4672.57,4671.07,4672.17,12.0781
1777312800.0,4672.17,4672.17,4669.24,4671.92,5.9276
1777313700.0,4671.92,4673.94,4671.42,4673.92,3.0324
1777314600.0,4673.92,4674.62,4673.65,4673.84,30.9098
1777315500.0,4673.72,4673.73,4671.7,4671.71,4.1077
1777316400.0,4671.7,4672.2,4669.5,4671.64,49.8784
1777317300.0,4671.63,4675.11,4671.63,4673.77,28.2154
1777318200.0,4673.77,4675.11,4670.82,4672.92,70.383
1777319100.0,4672.91,4675.93,4672.72,4674.01,29.856
1777320000.0,4674.02,4674.38,4671.26,4672.81,23.2018
1777320900.0,4672.81,4676.17,4672.81,4675.47,30.8026
1777321800.0,4675.47,4676.16,4674.52,4675.58,27.7125
1777322700.0,4675.58,4677.39,4674.95,4677.17,25.1363
1777323600.0,4677.18,4679.54,4677.18,4679.32,7.6485
1777324500.0,4679.31,4679.66,4679.11,4679.66,5.9064
1777325400.0,4679.66,4680.0,4679.53,4679.82,9.751
1777326300.0,4679.82,4680.96,4679.18,4680.64,13.4624
1777327200.0,4680.64,4685.74,4677.66,4684.55,55.9204
1777328100.0,4684.55,4684.56,4683.36,4683.9,5.1458
1777329000.0,4683.91,4684.02,4682.92,4682.92,2.8744
1777329900.0,4682.93,4682.93,4682.26,4682.62,7.5746
1777330800.0,4682.73,4683.8,4682.73,4683.8,4.9267
1777331700.0,4683.8,4685.26,4683.8,4685.26,13.0585
1777332600.0,4685.25,4687.1,4685.25,4687.1,10.4514
1777333500.0,4687.1,4688.09,4685.92,4685.92,16.577
1777334400.0,4685.93,4691.88,4685.93,4690.2,19.1118
1777335300.0,4690.18,4690.24,4685.34,4685.49,7.7511
1777336200.0,4685.5,4685.77,4684.42,4684.89,7.0219
1777337100.0,4684.92,4684.96,4682.61,4682.61,5.6936
1777338000.0,4682.61,4682.61,4676.93,4679.93,14.6851
1777338900.0,4679.92,4680.76,4678.5,4678.96,9.2551
1777339800.0,4678.96,4681.6,4676.23,4679.85,4.7114
1777340700.0,4679.86,4679.86,4662.53,4664.32,42.1093
1777341600.0,4664.32,4671.48,4662.0,4671.47,52.1549
1777342500.0,4671.48,4673.46,4669.73,4669.74,6.7533
1777343400.0,4669.73,4669.73,4665.14,4665.19,7.6539
1777344300.0,4665.1,4665.31,4662.46,4663.9,13.7929
1777345200.0,4663.9,4667.56,4663.9,4667.55,7.4677
1777346100.0,4667.53,4668.78,4666.4,4668.77,13.0533
1777347000.0,4668.78,4668.78,4666.4,4666.4,6.6451
1777347900.0,4666.4,4666.41,4664.1,4664.76,4.028
1777348800.0,4664.77,4664.77,4661.58,4663.22,5.605
1777349700.0,4663.23,4663.23,4661.46,4661.46,1.6645
1777350600.0,4661.46,4663.12,4661.46,4663.12,7.1886
1777351500.0,4663.22,4663.23,4662.23,4662.77,5.1643
1777352400.0,4662.77,4662.77,4646.56,4649.7,366.5594
1777353300.0,4649.7,4655.5,4649.09,4655.35,40.324
1777354200.0,4655.34,4655.34,4626.0,4626.0,107.5924
1777355100.0,4626.01,4633.54,4625.37,4632.76,44.7916
1777356000.0,4632.76,4640.72,4627.48,4638.48,24.6552
1777356900.0,4638.7,4639.32,4620.24,4628.65,178.7615
1777357800.0,4628.66,4631.67,4620.02,4626.38,173.8828
1777358700.0,4626.36,4628.99,4620.0,4625.49,160.0353
1777359600.0,4625.34,4633.53,4624.2,4628.58,32.1364
1777360500.0,4628.8,4628.96,4623.73,4625.75,32.5637
1777361400.0,4625.76,4629.92,4620.6,4624.67,66.7212
1777362300.0,4624.66,4627.8,4617.11,4627.8,75.5986
1777363200.0,4627.99,4627.99,4611.23,4616.59,98.9693
1777364100.0,4616.6,4622.99,4616.0,4622.99,155.6163
1777365000.0,4623.0,4630.15,4622.39,4622.81,17.2597
1777365900.0,4622.8,4625.64,4621.04,4625.64,16.4036
1777366800.0,4625.63,4625.63,4618.6,4622.4,13.5883
1777367700.0,4622.3,4622.3,4610.0,4613.78,1277.9055
1777368600.0,4613.78,4613.78,4603.48,4610.29,170.7571
1777369500.0,4610.4,4611.17,4601.0,4602.79,70.4345
1777370400.0,4602.8,4609.4,4602.7,4609.2,33.443
1777371300.0,4609.19,4612.15,4608.24,4608.67,20.459
1777372200.0,4608.68,4611.92,4608.68,4609.94,16.2519
1777373100.0,4610.13,4611.2,4600.0,4601.22,54.6196
1777374000.0,4601.21,4605.19,4594.22,4595.75,175.0209
1777374900.0,4595.75,4600.19,4590.62,4596.19,135.0223
1777375800.0,4596.2,4596.2,4564.21,4568.66,520.3697
1777376700.0,4568.66,4570.59,4551.35,4559.85,498.4368
1777377600.0,4560.0,4577.2,4550.51,4577.19,228.7839
1777378500.0,4577.19,4591.99,4570.61,4577.2,121.1924
1777379400.0,4577.15,4585.16,4568.52,4583.26,46.4435
1777380300.0,4583.6,4593.4,4582.12,4588.39,200.8574
1777381200.0,4588.39,4588.39,4570.01,4575.4,140.8807
1777382100.0,4575.4,4582.4,4571.62,4581.01,68.1915
1777383000.0,4581.0,4588.98,4570.81,4580.36,70.6373
1777383900.0,4580.35,4589.8,4574.19,4578.92,84.9205
1777384800.0,4578.6,4578.6,4565.2,4567.99,80.7668
1777385700.0,4568.0,4574.6,4562.93,4568.95,271.6573
1777386600.0,4568.67,4574.0,4557.01,4563.0,126.2216
1777387500.0,4563.2,4572.2,4558.43,4572.2,55.0674
1777388400.0,4572.4,4578.38,4568.6,4570.6,89.8181
1777389300.0,4570.6,4574.32,4566.02,4573.8,16.0026
1777390200.0,4574.0,4578.72,4569.01,4575.01,29.2476
1777391100.0,4575.01,4581.8,4574.51,4581.4,23.961
1777392000.0,4581.59,4582.4,4578.8,4581.12,20.7716
1777392900.0,4581.13,4581.8,4575.9,4580.8,13.1327
1777393800.0,4580.61,4583.19,4578.2,4581.42,24.8912
1777394700.0,4581.59,4590.12,4581.41,4588.04,31.6155
1777395600.0,4588.03,4588.95,4584.81,4588.2,13.6235
1777396500.0,4588.2,4591.48,4582.15,4590.0,40.5528
1777397400.0,4590.0,4595.6,4590.0,4594.42,16.501
1777398300.0,4594.42,4594.6,4590.58,4590.58,8.4246
1777399200.0,4590.59,4592.64,4588.82,4591.83,13.109
1777400100.0,4591.82,4595.7,4591.82,4594.82,14.3704
1777401000.0,4594.81,4594.82,4590.99,4593.21,18.0912
1777401900.0,4593.2,4593.8,4590.4,4590.66,4.5347
1777402800.0,4590.67,4593.6,4590.66,4592.43,9.8126
1777403700.0,4592.4,4592.41,4591.04,4592.35,5.8262
1777404600.0,4592.36,4596.39,4591.81,4595.83,18.885
1777405500.0,4595.83,4596.14,4590.59,4592.19,17.9572
1777406400.0,4592.39,4594.18,4592.39,4594.17,5.4617
1777407300.0,4594.18,4594.18,4587.81,4588.59,8.9625
1777408200.0,4588.59,4591.64,4588.59,4589.81,26.5664
1777409100.0,4589.81,4592.39,4589.81,4592.39,1.8633
1777410000.0,4592.19,4593.0,4590.01,4591.62,13.6004
1777410900.0,4591.61,4593.49,4591.0,4591.85,5.4573
1777411800.0,4591.84,4593.95,4590.7,4591.34,13.2694
1777412700.0,4591.59,4595.6,4591.52,4595.6,38.1054
1777413600.0,4595.59,4595.99,4592.81,4593.51,32.3181
1777414500.0,4593.51,4593.68,4591.88,4591.88,3.5161
1777415400.0,4591.8,4592.44,4589.26,4589.26,8.6175
1777416300.0,4589.13,4591.2,4589.13,4589.78,22.2591
1777417200.0,4589.99,4589.99,4585.62,4586.37,11.858
1777418100.0,4586.36,4587.98,4586.36,4587.48,5.2288
1777419000.0,4587.49,4588.68,4584.97,4585.65,14.824
1777419900.0,4585.65,4590.57,4585.38,4590.57,12.0498
1777420800.0,4590.56,4604.4,4590.35,4603.4,34.7672
1777421700.0,4603.2,4603.2,4593.94,4593.94,20.8817
1777422600.0,4593.94,4598.39,4593.94,4597.77,5.0544
1777423500.0,4597.78,4597.78,4591.67,4594.05,13.5745
1777424400.0,4594.34,4594.34,4572.03,4578.41,59.128
1777425300.0,4578.4,4581.59,4575.81,4577.21,15.3652
1777426200.0,4577.2,4586.59,4576.21,4586.14,16.7359
1777427100.0,4586.13,4586.79,4578.0,4580.8,10.1433
1777428000.0,4580.8,4596.26,4580.8,4595.79,28.1166
1777428900.0,4595.8,4597.2,4593.61,4593.65,14.3635
1777429800.0,4593.6,4595.38,4590.4,4591.39,12.389
1777430700.0,4591.4,4595.19,4588.0,4588.5,8.6698
1777431600.0,4588.5,4596.6,4588.31,4596.59,6.3189
1777432500.0,4596.59,4597.8,4593.72,4593.8,3.6986
1777433400.0,4593.81,4593.81,4589.39,4589.71,5.6048
1777434300.0,4589.71,4591.22,4589.4,4590.85,6.4801
1777435200.0,4590.86,4596.61,4590.86,4596.0,5.3808
1777436100.0,4595.89,4595.89,4591.49,4594.75,19.5843
1777437000.0,4594.74,4598.03,4594.74,4596.4,15.8703
1777437900.0,4596.3,4598.6,4596.29,4598.51,10.7695
1777438800.0,4598.52,4599.85,4595.33,4595.34,20.7015
1777439700.0,4595.34,4595.63,4592.74,4595.63,59.6615
1777440600.0,4595.37,4595.79,4590.26,4592.95,15.2552
1777441500.0,4592.95,4596.95,4588.0,4588.0,20.1421
1777442400.0,4587.8,4592.98,4584.64,4584.81,23.0345
1777443300.0,4584.8,4584.81,4579.48,4581.81,20.9969
1777444200.0,4581.8,4583.01,4578.6,4581.54,28.9284
1777445100.0,4581.53,4582.83,4578.73,4580.93,10.2661
1777446000.0,4580.94,4584.34,4575.61,4576.19,15.2349
1777446900.0,4576.26,4577.79,4569.6,4573.84,18.5724
1777447800.0,4573.84,4576.0,4569.2,4569.2,38.0591
1777448700.0,4569.2,4570.6,4567.41,4567.69,17.9023
1777449600.0,4567.69,4571.34,4564.2,4564.22,39.1916
1777450500.0,4564.23,4569.22,4564.23,4565.51,18.9465
1777451400.0,4565.56,4567.34,4559.01,4567.34,41.8876
1777452300.0,4567.35,4574.12,4567.35,4572.61,17.4353
1777453200.0,4572.6,4574.17,4570.43,4573.03,31.0365
1777454100.0,4573.03,4577.55,4565.19,4565.19,31.0106
1777455000.0,4565.01,4567.52,4560.0,4560.02,19.8364
1777455900.0,4560.03,4562.64,4553.11,4556.36,86.225
1777456800.0,4556.35,4567.38,4556.35,4567.37,17.7069
1777457700.0,4567.37,4571.42,4567.37,4570.14,11.9104
1777458600.0,4570.14,4574.18,4564.85,4564.85,17.246
1777459500.0,4564.55,4569.91,4564.41,4569.76,17.6759
1777460400.0,4569.76,4571.31,4566.02,4567.25,8.7083
1777461300.0,4567.26,4569.8,4565.25,4565.78,28.3389
1777462200.0,4565.77,4570.0,4564.23,4566.09,25.6963
1777463100.0,4566.09,4566.09,4560.49,4562.42,20.1631
1777464000.0,4562.14,4567.49,4561.54,4564.75,71.9685
1777464900.0,4564.74,4568.33,4560.37,4560.37,43.4171
1777465800.0,4560.38,4560.38,4552.03,4556.96,51.7113
1777466700.0,4556.55,4557.92,4542.88,4545.82,69.5665
1777467600.0,4545.82,4553.6,4545.82,4550.72,40.8086
1777468500.0,4550.71,4551.74,4537.4,4540.69,52.8553
1777469400.0,4540.19,4540.87,4518.96,4519.61,128.2638
1777470300.0,4519.62,4537.13,4516.77,4529.82,316.1341
1777471200.0,4529.72,4533.89,4525.41,4532.2,60.2791
1777472100.0,4532.36,4541.17,4531.18,4536.89,91.8674
1777473000.0,4536.98,4545.61,4534.9,4542.4,76.7135
1777473900.0,4542.44,4542.52,4536.75,4542.14,34.479
1777474800.0,4541.47,4549.17,4538.15,4538.35,89.9618
1777475700.0,4538.38,4546.31,4537.84,4544.79,48.8249
1777476600.0,4544.61,4555.19,4541.95,4552.02,60.2472
1777477500.0,4552.21,4556.97,4543.47,4547.47,59.6668
1777478400.0,4547.47,4562.7,4547.46,4557.53,62.7156
1777479300.0,4557.56,4561.31,4556.58,4559.62,29.7215
1777480200.0,4559.43,4559.43,4547.47,4551.39,38.4073
1777481100.0,4551.39,4552.32,4546.89,4546.9,17.7331
1777482000.0,4546.99,4552.02,4545.23,4551.56,26.5633
1777482900.0,4551.55,4553.96,4547.93,4547.93,58.5426
1777483800.0,4547.94,4549.17,4544.72,4545.31,16.4404
1777484700.0,4545.31,4547.65,4542.91,4547.65,15.0957
1777485600.0,4547.84,4553.72,4529.04,4529.04,153.6089
1777486500.0,4529.03,4540.97,4528.47,4536.25,28.7983
1777487400.0,4536.06,4542.39,4524.47,4525.38,70.3799
1777488300.0,4525.29,4544.07,4523.41,4541.87,31.3004
1777489200.0,4541.88,4549.85,4536.85,4549.85,86.1997
1777490100.0,4549.86,4551.85,4543.31,4544.4,15.067
1777491000.0,4544.4,4545.61,4539.36,4540.09,6.5019
1777491900.0,4540.2,4549.2,4540.2,4546.87,14.3998
1777492800.0,4546.87,4552.96,4543.59,4546.58,13.3471
1777493700.0,4546.52,4547.7,4542.48,4544.01,7.0736
1777494600.0,4544.0,4546.81,4543.56,4545.51,6.5639
1777495500.0,4545.52,4545.68,4543.59,4545.68,6.7591
1777496400.0,4545.68,4548.28,4545.68,4548.28,2.6825
1777497300.0,4548.27,4548.28,4548.19,4548.2,3.192
1777498200.0,4548.2,4551.18,4548.19,4551.18,8.517
1777499100.0,4551.18,4553.72,4551.03,4551.03,8.2405
1777500000.0,4551.02,4551.02,4540.36,4545.96,22.0006
1777500900.0,4546.24,4549.71,4546.24,4548.24,9.3221
1777501800.0,4548.23,4550.22,4546.83,4549.04,86.9829
1777502700.0,4549.03,4550.56,4548.69,4550.48,27.486
1777503600.0,4550.47,4552.12,4550.47,4551.75,2.5882
1777504500.0,4551.92,4553.79,4550.05,4551.06,4.5377
1777505400.0,4551.06,4553.77,4551.06,4553.68,1.501
1777506300.0,4553.77,4559.97,4553.77,4559.97,4.433
1777507200.0,4559.97,4567.53,4557.42,4557.59,26.2633
1777508100.0,4557.59,4562.08,4556.69,4561.61,15.434
1777509000.0,4561.78,4564.96,4561.78,4564.96,11.6733
1777509900.0,4565.0,4572.0,4564.99,4567.22,24.4735
1777510800.0,4567.51,4568.64,4564.33,4566.86,17.8163
1777511700.0,4566.88,4577.75,4565.35,4577.74,35.3719
1777512600.0,4577.47,4578.04,4569.6,4574.87,22.5967
1777513500.0,4574.71,4578.78,4572.83,4576.27,15.2758
1777514400.0,4576.28,4577.92,4573.17,4576.74,14.2638
1777515300.0,4576.73,4576.73,4568.74,4568.98,16.1816
1777516200.0,4568.99,4569.76,4559.06,4559.45,34.0735
1777517100.0,4559.45,4563.95,4558.52,4563.3,12.2155
1777518000.0,4563.3,4566.76,4561.96,4563.47,7.5501
1777518900.0,4563.47,4564.4,4562.12,4562.47,8.0936
1777519800.0,4562.47,4562.47,4556.93,4560.22,8.1637
1777520700.0,4560.22,4560.22,4555.97,4556.09,14.4166
1777521600.0,4556.05,4556.06,4551.45,4554.3,12.7831
1777522500.0,4554.47,4555.15,4546.37,4548.18,10.674
1777523400.0,4548.15,4548.15,4542.07,4544.44,17.1346
1777524300.0,4544.61,4548.86,4541.89,4541.89,41.5238
1777525200.0,4541.74,4551.78,4541.74,4551.25,15.245
1777526100.0,4551.24,4556.17,4550.73,4554.19,6.6178
1777527000.0,4553.95,4563.65,4553.12,4561.0,16.2651
1777527900.0,4560.99,4565.7,4560.42,4560.42,7.7248
1777528800.0,4560.46,4564.65,4558.26,4564.65,32.3962
1777529700.0,4564.66,4567.89,4561.96,4567.23,15.7822
1777530600.0,4567.73,4575.26,4567.73,4571.38,21.4087
1777531500.0,4571.66,4587.0,4571.66,4586.0,90.5217
1777532400.0,4585.98,4591.77,4583.21,4588.05,52.5008
1777533300.0,4588.05,4589.39,4581.61,4586.75,18.256
1777534200.0,4586.89,4591.95,4584.25,4591.95,34.5408
1777535100.0,4591.94,4599.54,4589.42,4593.45,44.014
1777536000.0,4593.46,4622.32,4593.46,4613.11,108.5205
1777536900.0,4613.11,4613.96,4606.93,4611.27,40.957
1777537800.0,4611.27,4614.48,4608.97,4609.65,34.0883
1777538700.0,4609.66,4612.86,4609.65,4610.79,16.3442
1777539600.0,4610.79,4613.1,4607.97,4611.19,86.1657
1777540500.0,4611.18,4618.24,4608.36,4618.23,91.196
1777541400.0,4618.24,4624.6,4610.81,4611.28,184.0123
1777542300.0,4611.28,4617.06,4609.95,4616.38,94.6534
1777543200.0,4616.39,4619.58,4615.38,4617.69,98.7803
1777544100.0,4617.7,4633.23,4617.7,4633.23,59.7898
1777545000.0,4633.33,4635.61,4624.21,4626.72,72.5362
1777545900.0,4626.52,4628.43,4623.81,4628.43,38.4142
1777546800.0,4628.43,4635.8,4627.98,4628.61,71.1637
1777547700.0,4628.4,4633.74,4622.75,4628.35,52.1005
1777548600.0,4628.36,4628.4,4618.6,4621.05,30.283
1777549500.0,4621.16,4625.89,4620.63,4621.69,25.3717
1777550400.0,4621.69,4629.23,4621.69,4628.61,58.3123
1777551300.0,4628.82,4630.48,4623.24,4623.57,26.1655
1777552200.0,4623.58,4628.81,4618.52,4620.42,58.5155
1777553100.0,4620.21,4631.05,4619.96,4631.04,26.7691
1777554000.0,4631.05,4635.8,4627.57,4632.18,33.643
1777554900.0,4632.18,4636.58,4624.62,4624.84,21.1649
1777555800.0,4624.54,4625.49,4613.92,4617.68,79.2312
1777556700.0,4617.48,4617.48,4603.84,4604.11,164.0104
1777557600.0,4604.1,4616.55,4602.99,4612.02,29.5951
1777558500.0,4612.01,4616.39,4608.89,4614.1,103.8666
1777559400.0,4613.84,4613.84,4602.7,4609.93,48.2591
1777560300.0,4609.92,4614.32,4609.48,4610.76,21.8194
1777561200.0,4610.57,4613.28,4605.3,4608.62,25.3428
1777562100.0,4608.62,4613.91,4606.56,4613.16,33.337
1777563000.0,4613.17,4615.13,4605.08,4605.43,16.6103
1777563900.0,4605.5,4607.2,4602.9,4606.35,15.1035
1777564800.0,4606.35,4606.35,4601.59,4602.99,15.9233
1777565700.0,4603.0,4603.0,4597.58,4598.85,13.9812
1777566600.0,4598.85,4603.83,4598.15,4601.51,46.4078
1777567500.0,4601.14,4608.48,4598.44,4600.01,30.511
1777568400.0,4600.02,4610.64,4600.02,4607.95,11.4274
1777569300.0,4607.95,4611.85,4605.34,4608.04,9.3176
1777570200.0,4608.23,4611.81,4606.99,4608.03,6.2464
1777571100.0,4608.24,4609.89,4607.1,4608.06,3.0523
1777572000.0,4608.06,4615.38,4608.06,4612.44,18.1619
1777572900.0,4612.48,4615.99,4612.44,4612.44,10.4611
1777573800.0,4612.44,4614.43,4611.9,4612.79,7.4172
1777574700.0,4612.78,4615.8,4612.78,4615.0,4.3098
1777575600.0,4615.01,4618.22,4615.01,4616.43,8.0639
1777576500.0,4616.39,4616.39,4608.94,4609.46,20.4392
1777577400.0,4608.94,4613.61,4607.62,4613.55,6.6154
1777578300.0,4613.61,4613.67,4606.77,4607.68,17.115
1777579200.0,4608.1,4610.36,4607.63,4608.07,5.3027
1777580100.0,4608.06,4609.64,4608.06,4608.52,1.8541
1777581000.0,4608.52,4608.72,4607.74,4608.52,3.9484
1777581900.0,4608.45,4611.9,4608.29,4611.87,1.9395
1777582800.0,4611.87,4611.87,4609.01,4609.47,8.0478
1777583700.0,4609.48,4609.48,4609.43,4609.44,2.1757
1777584600.0,4609.44,4609.51,4608.37,4608.38,13.7254
1777585500.0,4608.38,4609.32,4608.37,4609.3,4.908
1777586400.0,4609.31,4624.19,4609.31,4621.12,101.5227
1777587300.0,4621.11,4621.11,4619.29,4620.09,7.8763
1777588200.0,4620.09,4620.47,4615.9,4619.1,35.0669
1777589100.0,4619.23,4619.35,4617.25,4618.44,5.5844
1777590000.0,4618.45,4618.93,4616.92,4617.72,16.2071
1777590900.0,4617.72,4619.82,4617.71,4619.07,4.4565
1777591800.0,4619.06,4620.94,4619.06,4619.59,5.9336
1777592700.0,4619.58,4619.85,4615.17,4615.21,10.4048
1777593600.0,4615.2,4618.2,4609.9,4610.19,20.275
1777594500.0,4610.33,4615.98,4610.33,4612.36,13.0362
1777595400.0,4612.35,4612.77,4608.33,4608.7,11.527
1777596300.0,4608.79,4612.95,4608.79,4608.88,7.0217
1777597200.0,4608.87,4608.87,4605.56,4607.0,10.7711
1777598100.0,4607.17,4607.67,4604.11,4604.6,3.4288
1777599000.0,4604.62,4610.05,4604.62,4608.88,5.1694
1777599900.0,4608.87,4609.72,4607.32,4609.71,22.1805
1777600800.0,4609.71,4621.33,4608.88,4617.89,13.8534
1777601700.0,4617.88,4622.6,4615.85,4616.01,9.574
1777602600.0,4616.37,4617.19,4611.76,4611.76,9.8424
1777603500.0,4611.59,4611.59,4605.79,4607.33,10.2431
1777604400.0,4607.33,4609.21,4606.66,4609.21,6.6101
1777605300.0,4609.21,4614.14,4609.21,4614.14,13.7867
1777606200.0,4614.23,4618.83,4613.13,4613.8,22.4086
1777607100.0,4613.64,4614.98,4613.64,4613.98,1.9918
1777608000.0,4614.19,4615.73,4608.88,4610.23,8.8673
1777608900.0,4610.23,4610.8,4606.66,4606.66,1.6937
1777609800.0,4606.5,4606.5,4601.78,4602.41,14.2957
1777610700.0,4602.58,4603.03,4600.19,4600.22,11.4426
1777611600.0,4600.22,4603.63,4598.34,4603.28,13.0145
1777612500.0,4603.3,4605.13,4602.08,4604.96,4.3025
1777613400.0,4604.96,4605.01,4600.49,4600.49,5.0819
1777614300.0,4600.42,4602.24,4594.26,4595.27,11.1113
1777615200.0,4595.6,4597.87,4593.22,4593.22,12.2673
1777616100.0,4593.22,4593.23,4586.26,4586.27,14.6021
1777617000.0,4586.27,4588.89,4584.03,4585.39,15.6591
1777617900.0,4585.4,4587.7,4583.83,4586.59,7.6611
1777618800.0,4586.59,4587.72,4582.58,4586.79,17.5122
1777619700.0,4586.98,4588.49,4577.79,4584.26,52.4812
1777620600.0,4584.25,4584.25,4576.94,4579.38,55.1321
1777621500.0,4579.37,4579.37,4571.23,4572.83,46.1394
1777622400.0,4572.84,4576.14,4568.55,4569.51,50.9842
1777623300.0,4569.51,4571.6,4563.81,4564.45,57.6734
1777624200.0,4564.44,4568.74,4564.24,4568.07,112.0135
1777625100.0,4568.07,4569.12,4563.05,4565.0,49.9048
1777626000.0,4565.0,4565.13,4562.28,4564.57,45.2046
1777626900.0,4564.57,4569.5,4564.56,4568.62,36.5235
1777627800.0,4568.61,4571.58,4567.25,4571.2,21.0409
1777628700.0,4571.2,4571.2,4560.77,4562.07,58.7846
1777629600.0,4562.08,4567.22,4562.07,4566.77,22.677
1777630500.0,4566.78,4572.23,4566.77,4572.23,27.0513
1777631400.0,4572.24,4575.76,4568.83,4570.07,25.7257
1777632300.0,4570.24,4571.4,4567.41,4567.6,6.6532
1777633200.0,4567.61,4568.5,4564.0,4565.7,13.0975
1777634100.0,4565.82,4575.46,4565.8,4572.54,13.5616
1777635000.0,4572.54,4577.33,4571.4,4576.47,13.5264
1777635900.0,4576.48,4579.13,4573.49,4578.79,15.9541
1777636800.0,4578.79,4589.55,4575.77,4585.37,40.5126
1777637700.0,4584.87,4604.16,4583.71,4600.74,66.623
1777638600.0,4600.74,4600.74,4585.76,4587.74,25.3161
1777639500.0,4587.73,4590.84,4585.23,4585.67,63.3552
1777640400.0,4585.67,4592.03,4585.15,4585.44,87.4147
1777641300.0,4585.45,4587.11,4581.33,4583.0,114.0792
1777642200.0,4583.01,4601.09,4581.16,4600.03,143.1449
1777643100.0,4600.2,4619.87,4591.56,4617.21,245.4578
1777644000.0,4617.21,4647.62,4617.21,4643.84,237.5134
1777644900.0,4643.91,4647.86,4633.01,4633.01,228.8537
1777645800.0,4633.01,4633.35,4620.0,4621.8,63.9277
1777646700.0,4621.79,4623.15,4616.4,4620.92,80.9736
1777647600.0,4620.65,4623.49,4609.22,4623.49,87.9913
1777648500.0,4623.66,4627.9,4622.64,4623.86,29.8409
1777649400.0,4624.16,4631.48,4624.16,4631.1,33.226
1777650300.0,4631.09,4634.73,4620.61,4629.45,96.6277
1777651200.0,4629.95,4630.96,4624.69,4629.1,14.4175
1777652100.0,4629.1,4635.32,4623.83,4624.06,61.8067
1777653000.0,4624.06,4627.06,4620.96,4626.22,33.2246
1777653900.0,4626.21,4628.85,4624.34,4625.7,12.2279
1777654800.0,4625.71,4628.59,4624.85,4625.57,14.8928
1777655700.0,4625.68,4625.79,4617.88,4617.89,7.0961
1777656600.0,4618.35,4618.38,4614.65,4615.85,18.4554
1777657500.0,4615.58,4622.12,4615.5,4618.03,30.1863
1777658400.0,4618.04,4618.04,4605.0,4605.0,27.2783
1777659300.0,4605.01,4612.6,4603.49,4612.6,21.742
1777660200.0,4612.6,4612.93,4606.66,4610.48,16.4266
1777661100.0,4610.48,4613.62,4609.56,4612.46,2.5478
1777662000.0,4612.61,4614.43,4609.91,4614.43,3.2816
1777662900.0,4614.43,4615.5,4613.8,4613.8,5.3666
1777663800.0,4613.67,4613.67,4602.63,4602.63,14.7704
1777664700.0,4602.63,4605.54,4600.19,4601.22,11.7528
1777665600.0,4601.38,4603.09,4599.02,4601.4,11.8406
1777666500.0,4601.4,4605.12,4600.54,4604.45,2.3568
1777667400.0,4604.28,4604.28,4601.39,4603.09,4.0324
1777668300.0,4603.09,4605.3,4601.91,4602.58,9.9036
1777669200.0,4602.57,4602.57,4600.4,4600.4,3.8501
1777670100.0,4600.41,4603.1,4600.41,4603.1,14.9215
1777671000.0,4603.11,4605.35,4602.42,4604.66,140.6468
1777671900.0,4604.66,4604.8,4603.41,4603.41,34.8153
1777672800.0,4603.41,4603.59,4602.81,4602.81,6.1595
1777673700.0,4602.8,4602.8,4602.2,4602.21,3.2206
1777674600.0,4602.2,4602.21,4601.81,4601.94,3.4473
1777675500.0,4601.93,4601.94,4601.93,4601.93,0.3397
1777676400.0,4601.94,4601.94,4601.93,4601.93,1.095
1777677300.0,4601.93,4601.94,4601.93,4601.94,3.5212
1777678200.0,4601.93,4603.42,4601.93,4603.42,5.5029
1777679100.0,4603.42,4603.43,4602.99,4602.99,3.9144
1777680000.0,4603.0,4603.31,4602.99,4603.31,1.6123
1777680900.0,4603.31,4603.32,4603.31,4603.31,0.6927
1777681800.0,4603.32,4603.32,4602.03,4602.03,4.7679
1777682700.0,4602.03,4602.04,4602.02,4602.04,2.8293
1777683600.0,4602.04,4602.04,4602.03,4602.04,1.141
1777684500.0,4602.04,4602.16,4602.03,4602.16,1.6103
1777685400.0,4602.15,4602.75,4602.15,4602.74,2.6853
1777686300.0,4602.75,4602.76,4602.74,4602.75,1.0432
1777687200.0,4602.75,4602.76,4602.03,4602.12,15.8245
1777688100.0,4602.12,4602.23,4602.12,4602.23,0.66
1777689000.0,4602.23,4602.79,4602.23,4602.79,4.2229
1777689900.0,4602.79,4603.6,4602.78,4603.59,2.5162
1777690800.0,4603.59,4603.59,4603.14,4603.14,1.2785
1777691700.0,4603.14,4603.15,4603.14,4603.15,0.9464
1777692600.0,4603.14,4603.15,4603.14,4603.14,0.3924
1777693500.0,4603.15,4603.15,4603.14,4603.14,0.6086
1777694400.0,4603.15,4603.15,4603.14,4603.15,1.5722
1777695300.0,4603.15,4603.15,4602.67,4602.68,2.2866
1777696200.0,4602.68,4602.68,4602.4,4602.4,1.3904
1777697100.0,4602.4,4602.4,4602.06,4602.06,3.5745
1777698000.0,4602.06,4602.07,4602.03,4602.04,3.9697
1777698900.0,4602.04,4602.04,4602.03,4602.03,10.995
1777699800.0,4602.04,4602.04,4600.61,4600.61,7.4871
1777700700.0,4600.62,4600.62,4600.61,4600.61,1.491
1777701600.0,4600.62,4600.72,4598.59,4599.12,28.9997
1777702500.0,4599.11,4599.12,4599.11,4599.12,0.6188
1777703400.0,4599.11,4599.32,4598.93,4599.31,1.8755
1777704300.0,4599.32,4599.32,4599.31,4599.31,1.2008
1777705200.0,4599.32,4600.71,4599.31,4600.7,1.0811
1777706100.0,4600.71,4601.46,4600.7,4601.35,2.3541
1777707000.0,4601.35,4601.36,4601.32,4601.32,1.3451
1777707900.0,4601.32,4601.33,4600.2,4600.2,1.1971
1777708800.0,4600.21,4600.21,4599.53,4599.53,2.9857
1777709700.0,4599.53,4599.54,4599.53,4599.53,1.7422
1777710600.0,4599.53,4599.54,4599.52,4599.54,2.0841
1777711500.0,4599.53,4600.4,4599.53,4600.39,1.1785
1777712400.0,4600.39,4600.76,4600.39,4600.76,5.3527
1777713300.0,4600.76,4600.76,4600.15,4600.15,4.4576
1777714200.0,4600.15,4600.84,4600.08,4600.66,10.3678
1777715100.0,4600.66,4600.84,4600.66,4600.84,2.0504
1777716000.0,4600.87,4601.5,4600.86,4601.5,2.2188
1777716900.0,4601.49,4601.93,4601.49,4601.92,0.7662
1777717800.0,4601.93,4601.93,4601.92,4601.92,0.7914
1777718700.0,4601.92,4601.93,4601.92,4601.92,1.756
1777719600.0,4601.92,4601.93,4601.78,4601.78,3.0169
1777720500.0,4601.79,4601.84,4601.79,4601.83,0.609
1777721400.0,4601.83,4601.84,4601.83,4601.83,2.8448
1777722300.0,4601.84,4601.84,4601.77,4601.77,1.6992
1777723200.0,4601.78,4601.78,4601.68,4601.68,5.148
1777724100.0,4601.68,4601.69,4601.68,4601.68,0.6376
1777725000.0,4601.69,4601.69,4601.68,4601.68,1.2461
1777725900.0,4601.68,4601.69,4601.68,4601.69,0.5924
1777726800.0,4601.69,4604.85,4601.68,4603.94,13.369
1777727700.0,4603.94,4604.0,4603.85,4603.91,7.5772
1777728600.0,4603.9,4603.91,4602.2,4602.2,3.2843
1777729500.0,4602.21,4602.48,4602.0,4602.0,13.2999
1777730400.0,4601.99,4602.2,4601.7,4602.19,27.7593
1777731300.0,4602.2,4602.2,4602.19,4602.19,0.6877
1777732200.0,4602.19,4602.6,4602.19,4602.59,1.789
1777733100.0,4602.6,4602.6,4602.59,4602.59,0.4849
1777734000.0,4602.59,4602.6,4602.59,4602.59,1.5589
1777734900.0,4602.59,4602.6,4602.59,4602.59,4.2863
1777735800.0,4602.6,4602.65,4602.59,4602.64,1.3287
1777736700.0,4602.64,4603.4,4602.59,4603.4,7.9814
1777737600.0,4603.59,4603.6,4603.49,4603.49,5.6751
1777738500.0,4603.5,4603.91,4603.08,4603.09,11.3409
1777739400.0,4603.02,4603.02,4603.01,4603.02,0.9297
1777740300.0,4603.02,4603.28,4603.01,4603.27,2.1393
1777741200.0,4603.27,4603.27,4602.6,4602.61,6.4428
1777742100.0,4602.61,4602.61,4601.49,4601.5,5.7147
1777743000.0,4601.49,4601.5,4599.89,4599.89,5.4284
1777743900.0,4599.89,4599.89,4597.29,4598.2,19.2619
1777744800.0,4598.2,4598.2,4598.19,4598.2,1.9318
1777745700.0,4598.19,4598.81,4598.19,4598.67,9.1907
1777746600.0,4598.67,4599.82,4598.66,4599.82,3.8432
1777747500.0,4599.81,4599.82,4599.2,4599.21,2.9338
1777748400.0,4599.2,4599.21,4599.2,4599.21,1.0139
1777749300.0,4599.21,4599.63,4599.21,4599.63,3.3471
1777750200.0,4599.63,4599.8,4599.62,4599.79,1.113
1777751100.0,4599.8,4600.74,4599.8,4599.91,9.5002
1777752000.0,4599.91,4599.91,4599.9,4599.91,0.7404
1777752900.0,4599.91,4599.91,4599.9,4599.91,0.6871
1777753800.0,4599.9,4599.91,4599.9,4599.91,0.1703
1777754700.0,4599.91,4599.91,4599.4,4599.4,6.4015
1777755600.0,4599.41,4599.41,4599.21,4599.21,0.7937
1777756500.0,4599.2,4600.0,4599.0,4600.0,4.8537
1777757400.0,4600.0,4603.91,4599.91,4601.76,13.6351
1777758300.0,4601.77,4602.51,4599.37,4599.37,4.5006
1777759200.0,4599.37,4599.37,4597.44,4597.44,9.7505
1777760100.0,4597.45,4597.48,4597.44,4597.48,2.2207
1777761000.0,4597.48,4597.7,4597.47,4597.7,2.378
1777761900.0,4597.7,4599.3,4597.69,4599.3,1.4473
1777762800.0,4599.3,4599.3,4599.23,4599.24,5.4454
1777763700.0,4599.23,4599.24,4599.22,4599.23,3.1122
1777764600.0,4599.22,4599.23,4597.46,4597.46,2.9761
1777765500.0,4597.46,4598.39,4597.46,4598.38,3.8133
1777766400.0,4598.39,4599.59,4598.38,4599.17,6.0257
1777767300.0,4599.17,4599.17,4598.69,4598.86,0.6801
1777768200.0,4598.86,4598.87,4597.45,4597.46,9.4724
1777769100.0,4597.47,4597.47,4597.46,4597.46,0.3136
1777770000.0,4597.46,4597.61,4597.45,4597.6,1.9276
1777770900.0,4597.6,4597.61,4597.49,4597.5,1.5195
1777771800.0,4597.49,4597.49,4597.45,4597.45,0.4434
1777772700.0,4597.46,4597.46,4597.45,4597.45,0.949
1777773600.0,4597.45,4597.51,4597.45,4597.51,1.1773
1777774500.0,4597.51,4597.93,4597.51,4597.92,1.5774
1777775400.0,4597.93,4598.16,4597.92,4598.16,1.0998
1777776300.0,4598.17,4598.28,4597.91,4598.28,7.4561
1777777200.0,4598.28,4598.28,4598.27,4598.28,2.7746
1777778100.0,4598.27,4598.28,4598.27,4598.28,4.6576
1777779000.0,4598.28,4598.28,4598.27,4598.27,0.9009
1777779900.0,4598.28,4599.35,4598.27,4599.35,2.5481
1777780800.0,4599.35,4599.79,4599.34,4599.78,2.1368
1777781700.0,4599.79,4600.87,4599.78,4600.86,5.3954
1777782600.0,4600.87,4600.87,4600.85,4600.85,2.9076
1777783500.0,4600.86,4600.86,4600.85,4600.85,0.9558
1777784400.0,4600.86,4600.86,4600.85,4600.85,0.8331
1777785300.0,4600.85,4600.86,4599.75,4599.76,6.6162
1777786200.0,4599.76,4600.57,4599.75,4600.49,1.7293
1777787100.0,4600.5,4602.72,4600.5,4602.71,11.2667
1777788000.0,4602.72,4603.18,4602.72,4603.18,1.0641
1777788900.0,4603.17,4603.95,4603.17,4603.38,14.2849
1777789800.0,4603.37,4603.41,4603.3,4603.41,1.9561
1777790700.0,4603.4,4603.41,4603.4,4603.4,1.1148
1777791600.0,4603.41,4603.41,4603.16,4603.38,3.4998
1777792500.0,4603.37,4603.39,4603.37,4603.38,2.2088
1777793400.0,4603.39,4603.55,4603.38,4603.54,1.7811
1777794300.0,4603.54,4603.55,4603.07,4603.38,5.1513
1777795200.0,4603.37,4603.55,4603.37,4603.55,1.8388
1777796100.0,4603.54,4606.33,4603.54,4606.3,4.0007
1777797000.0,4606.29,4606.69,4606.29,4606.69,1.2918
1777797900.0,4606.7,4607.3,4605.17,4605.17,6.7732
1777798800.0,4605.17,4605.88,4605.17,4605.88,1.6828
1777799700.0,4605.88,4606.49,4605.87,4606.49,1.0445
1777800600.0,4606.48,4607.51,4606.48,4607.5,1.6648
1777801500.0,4607.5,4607.51,4607.5,4607.5,0.5394
1777802400.0,4607.51,4607.75,4607.51,4607.75,2.1292
1777803300.0,4607.75,4607.99,4607.74,4607.98,1.1082
1777804200.0,4607.99,4607.99,4607.98,4607.98,0.9512
1777805100.0,4607.98,4608.24,4607.98,4608.24,1.2841
1777806000.0,4608.24,4610.16,4608.23,4610.16,3.5696
1777806900.0,4610.15,4610.86,4610.15,4610.5,10.7938
1777807800.0,4610.5,4610.5,4610.17,4610.18,4.8481
1777808700.0,4610.18,4610.71,4608.49,4610.7,11.769
1777809600.0,4610.71,4614.4,4610.71,4614.08,20.6836
1777810500.0,4614.07,4614.74,4611.6,4614.74,15.43
1777811400.0,4614.74,4614.98,4614.73,4614.97,2.7605
1777812300.0,4614.98,4615.28,4614.57,4614.57,5.7954
1777813200.0,4614.58,4614.8,4614.57,4614.79,1.5472
1777814100.0,4614.79,4614.8,4614.59,4614.6,1.5035
1777815000.0,4614.6,4614.84,4612.37,4612.38,8.664
1777815900.0,4612.38,4613.52,4612.37,4613.51,5.9961
1777816800.0,4613.51,4616.75,4613.51,4615.67,20.7479
1777817700.0,4615.68,4616.51,4615.09,4616.5,14.7992
1777818600.0,4616.5,4616.51,4615.31,4615.32,26.164
1777819500.0,4615.31,4615.32,4609.42,4614.66,59.0609
1777820400.0,4614.67,4616.51,4614.67,4616.18,11.8674
1777821300.0,4616.18,4616.19,4615.5,4615.81,12.0186
1777822200.0,4615.82,4615.82,4612.75,4614.03,21.6566
1777823100.0,4614.02,4614.18,4613.59,4614.17,6.8836
1777824000.0,4614.18,4617.57,4614.18,4615.32,38.9026
1777824900.0,4615.32,4615.77,4615.32,4615.77,6.5041
1777825800.0,4615.77,4616.0,4615.05,4615.21,12.3742
1777826700.0,4615.21,4615.21,4612.45,4612.45,2.9859
1777827600.0,4612.45,4612.46,4608.4,4609.69,37.2431
1777828500.0,4609.7,4611.27,4608.81,4611.02,15.8246
1777829400.0,4611.03,4614.76,4611.02,4613.01,9.484
1777830300.0,4613.01,4613.01,4611.87,4612.21,2.5063
1777831200.0,4612.22,4616.88,4611.88,4612.77,12.3911
1777832100.0,4612.78,4612.94,4612.77,4612.93,3.5619
1777833000.0,4612.94,4615.35,4612.93,4615.31,6.5226
1777833900.0,4615.3,4615.3,4610.55,4613.69,30.6595
1777834800.0,4613.68,4613.69,4612.33,4612.55,6.9322
1777835700.0,4612.56,4614.99,4611.56,4614.98,23.2109
1777836600.0,4614.99,4614.99,4612.74,4612.74,4.8559
1777837500.0,4612.75,4618.55,4612.75,4615.54,16.9079
1777838400.0,4615.65,4616.5,4615.6,4616.02,2.5197
1777839300.0,4616.02,4617.23,4615.3,4616.71,13.0139
1777840200.0,4616.71,4618.57,4615.2,4617.6,7.513
1777841100.0,4617.59,4618.17,4617.59,4618.17,2.4703
1777842000.0,4618.17,4629.35,4618.17,4629.24,38.3491
1777842900.0,4629.23,4629.23,4622.41,4622.83,35.3274
1777843800.0,4622.84,4632.58,4622.84,4631.6,30.9327
1777844700.0,4631.47,4631.47,4626.89,4630.19,9.1891
1777845600.0,4630.19,4630.19,4610.59,4616.4,289.8383
1777846500.0,4616.39,4616.8,4607.2,4613.21,58.286
1777847400.0,4613.46,4620.44,4613.46,4620.43,16.7355
1777848300.0,4620.4,4620.65,4611.82,4612.01,19.4753
1777849200.0,4611.88,4613.19,4605.56,4608.04,30.7834
1777850100.0,4608.04,4610.8,4606.85,4610.8,14.2464
1777851000.0,4610.79,4610.93,4605.76,4605.76,8.2496
1777851900.0,4605.63,4608.6,4604.6,4605.7,13.6192
1777852800.0,4605.69,4609.8,4599.51,4605.99,25.5711
1777853700.0,4605.99,4608.27,4596.62,4600.43,29.8579
1777854600.0,4600.43,4604.0,4599.96,4601.0,23.729
1777855500.0,4600.92,4607.4,4600.01,4606.56,19.7607
1777856400.0,4606.57,4607.8,4592.39,4595.73,47.1207
1777857300.0,4595.73,4599.33,4591.21,4591.21,25.652
1777858200.0,4591.2,4596.89,4589.5,4596.59,18.9701
1777859100.0,4596.6,4607.26,4596.6,4607.26,48.066
1777860000.0,4607.26,4611.38,4599.4,4603.61,46.4305
1777860900.0,4603.6,4603.6,4587.01,4587.96,62.693
1777861800.0,4587.96,4598.52,4586.87,4598.52,32.3856
1777862700.0,4598.59,4606.04,4596.6,4600.88,42.3693
1777863600.0,4600.87,4605.94,4599.43,4605.2,37.0838
1777864500.0,4605.21,4605.21,4602.2,4604.01,19.8941
1777865400.0,4603.69,4604.5,4594.2,4599.2,22.8078
1777866300.0,4599.4,4609.2,4599.4,4608.4,42.3226
1777867200.0,4608.2,4608.2,4601.6,4604.01,17.3541
1777868100.0,4604.59,4606.19,4601.04,4601.13,21.0024
1777869000.0,4601.14,4605.99,4601.14,4602.0,9.9143
1777869900.0,4602.0,4602.8,4599.0,4599.65,8.2918
1777870800.0,4599.65,4600.0,4596.28,4597.0,16.1953
1777871700.0,4597.0,4605.39,4591.2,4591.2,32.2669
1777872600.0,4591.2,4593.2,4587.81,4593.2,34.0313
1777873500.0,4593.4,4596.04,4590.21,4594.2,10.8671
1777874400.0,4594.2,4594.8,4584.0,4592.65,36.5299
1777875300.0,4592.26,4592.26,4584.6,4588.75,26.3924
1777876200.0,4588.76,4591.0,4580.16,4580.6,37.0897
1777877100.0,4580.55,4586.78,4580.0,4584.41,17.4177
1777878000.0,4584.4,4588.54,4581.61,4588.53,21.048
1777878900.0,4588.53,4588.53,4580.11,4581.05,38.8846
1777879800.0,4581.2,4583.4,4579.12,4583.4,15.6179
1777880700.0,4583.59,4585.79,4576.2,4576.2,26.6008
1777881600.0,4576.0,4577.15,4571.63,4576.79,24.3734
1777882500.0,4576.8,4577.4,4572.2,4572.61,39.1924
1777883400.0,4572.61,4578.0,4572.41,4576.42,25.1995
1777884300.0,4576.4,4576.52,4573.42,4573.42,22.4663
1777885200.0,4573.37,4577.52,4573.37,4577.21,243.0261
1777886100.0,4577.66,4577.67,4575.39,4575.9,33.6353
1777887000.0,4575.91,4578.8,4575.89,4577.35,14.4503
1777887900.0,4577.29,4577.36,4568.21,4571.05,34.0199
1777888800.0,4570.93,4570.93,4536.15,4540.0,242.5499
1777889700.0,4540.09,4542.59,4525.21,4542.59,254.7435
1777890600.0,4542.6,4560.86,4542.2,4556.2,133.6303
1777891500.0,4556.21,4563.2,4556.21,4560.0,46.182
1777892400.0,4560.0,4566.39,4558.8,4563.2,27.7183
1777893300.0,4563.01,4565.79,4559.4,4559.6,13.0526
1777894200.0,4559.6,4559.6,4549.21,4551.21,39.6963
1777895100.0,4551.2,4558.75,4550.8,4556.58,35.8165
1777896000.0,4556.57,4560.9,4556.49,4560.51,15.965
1777896900.0,4560.51,4573.12,4560.19,4563.99,33.3229
1777897800.0,4563.97,4566.39,4557.81,4565.35,14.7905
1777898700.0,4565.39,4569.98,4562.8,4563.61,29.8956
1777899600.0,4563.6,4570.0,4553.55,4561.62,97.9996
1777900500.0,4561.62,4562.34,4557.4,4557.4,82.2209
1777901400.0,4557.39,4565.99,4553.4,4560.33,145.689
1777902300.0,4560.26,4561.6,4554.21,4560.2,31.0611
1777903200.0,4560.15,4560.39,4551.16,4557.21,50.124
1777904100.0,4557.2,4576.39,4556.81,4566.03,58.5735
1777905000.0,4566.4,4575.9,4565.2,4569.01,71.6199
1777905900.0,4569.01,4570.2,4555.81,4556.81,40.4598
1777906800.0,4556.62,4560.39,4544.0,4544.71,87.7136
1777907700.0,4544.71,4550.5,4514.08,4535.8,323.3155
1777908600.0,4536.0,4542.0,4527.68,4536.2,148.4937
1777909500.0,4536.17,4536.17,4514.05,4523.0,219.7605
1777910400.0,4523.0,4526.03,4504.07,4511.6,348.6703
1777911300.0,4511.8,4528.8,4511.8,4517.78,190.1177
1777912200.0,4517.78,4521.71,4514.41,4514.81,67.639
1777913100.0,4514.8,4517.4,4510.18,4512.8,44.8522
1777914000.0,4512.8,4526.67,4512.8,4523.4,85.7633
1777914900.0,4523.39,4532.79,4523.21,4524.4,237.5133
1777915800.0,4524.8,4527.8,4523.06,4525.99,18.579
1777916700.0,4526.0,4526.6,4522.4,4522.81,19.9498
1777917600.0,4522.75,4524.99,4520.0,4520.23,20.5357
1777918500.0,4520.24,4520.24,4510.77,4512.56,61.3947
1777919400.0,4512.62,4515.0,4511.4,4511.78,8.2526
1777920300.0,4511.79,4515.99,4511.47,4515.99,25.2574
1777921200.0,4516.0,4522.29,4512.2,4518.74,51.5549
1777922100.0,4518.75,4524.2,4517.83,4521.89,16.68
1777923000.0,4521.89,4525.19,4520.85,4520.85,8.3888
1777923900.0,4520.8,4521.86,4516.44,4517.8,38.4711
1777924800.0,4517.99,4517.99,4513.63,4515.45,21.7466
1777925700.0,4515.45,4515.8,4513.81,4515.8,7.7739
1777926600.0,4515.98,4518.79,4515.98,4518.79,18.1732
1777927500.0,4518.79,4522.94,4518.79,4522.94,16.161
1777928400.0,4522.94,4524.42,4522.01,4523.08,51.5311
1777929300.0,4523.08,4524.11,4523.08,4523.81,3.9628
1777930200.0,4523.81,4525.39,4523.21,4524.03,27.8228
1777931100.0,4524.04,4524.59,4522.83,4523.0,13.8765
1777932000.0,4522.8,4523.6,4519.2,4521.2,29.9871
1777932900.0,4521.2,4521.35,4519.6,4519.61,9.1509
1777933800.0,4519.6,4520.94,4518.45,4518.45,23.8826
1777934700.0,4518.41,4518.41,4515.65,4516.0,25.4458
1777935600.0,4516.0,4518.96,4515.82,4518.71,26.2793
1777936500.0,4518.71,4519.4,4518.27,4519.39,3.9345
1777937400.0,4519.39,4519.43,4517.42,4517.59,6.7138
1777938300.0,4517.59,4519.06,4516.01,4517.56,39.1453
1777939200.0,4517.28,4525.2,4516.22,4525.19,28.7763
1777940100.0,4525.19,4525.19,4513.1,4514.19,28.8226
1777941000.0,4514.2,4520.97,4514.2,4520.97,12.3911
1777941900.0,4521.0,4528.44,4521.0,4527.6,31.8582
1777942800.0,4527.61,4535.4,4524.61,4535.39,41.3351
1777943700.0,4535.4,4536.88,4533.81,4535.75,58.9213
1777944600.0,4535.75,4539.39,4532.58,4535.02,30.2787
1777945500.0,4535.02,4537.99,4535.02,4537.97,14.3365
1777946400.0,4537.98,4539.21,4535.69,4535.69,15.5772
1777947300.0,4535.7,4537.79,4532.86,4537.79,5.9928
1777948200.0,4537.8,4542.19,4537.8,4541.6,11.7342
1777949100.0,4541.59,4541.8,4536.85,4537.0,15.9501
1777950000.0,4536.94,4538.46,4535.85,4538.44,6.247
1777950900.0,4538.45,4539.17,4534.41,4534.77,6.7506
1777951800.0,4534.51,4535.8,4533.6,4533.61,9.2228
1777952700.0,4533.61,4534.59,4530.31,4532.23,12.165
1777953600.0,4532.24,4532.33,4530.54,4530.54,4.6029
1777954500.0,4530.55,4530.55,4527.27,4527.29,19.8755
1777955400.0,4527.29,4530.06,4526.2,4529.41,6.7155
1777956300.0,4529.41,4533.33,4529.2,4530.94,14.1748
1777957200.0,4530.93,4541.51,4529.08,4537.0,11.7989
1777958100.0,4537.01,4537.01,4533.6,4536.49,10.547
1777959000.0,4536.5,4546.67,4536.5,4542.61,24.3874
1777959900.0,4542.6,4544.59,4540.42,4541.28,50.4131
1777960800.0,4541.28,4547.0,4538.94,4540.0,50.2081
1777961700.0,4540.21,4540.65,4532.22,4534.78,30.3643
1777962600.0,4534.79,4545.85,4534.79,4542.82,34.6457
1777963500.0,4543.01,4546.39,4543.01,4543.96,23.411
1777964400.0,4543.96,4549.2,4543.96,4549.2,29.4051
1777965300.0,4549.19,4549.84,4544.6,4544.6,9.8497
1777966200.0,4544.55,4553.58,4544.55,4547.2,29.5094
1777967100.0,4547.02,4547.02,4540.06,4542.1,17.1976
1777968000.0,4542.11,4547.32,4542.11,4547.14,11.3638
1777968900.0,4546.87,4549.4,4544.81,4546.64,33.1416
1777969800.0,4546.41,4547.78,4543.47,4544.57,14.7436
1777970700.0,4544.56,4553.31,4543.28,4553.0,15.6567
1777971600.0,4553.0,4554.09,4549.05,4552.49,16.7723
1777972500.0,4552.4,4552.4,4548.59,4548.66,47.4888
1777973400.0,4548.48,4552.61,4547.57,4550.09,23.7236
1777974300.0,4550.46,4551.94,4548.55,4550.84,7.6569
1777975200.0,4550.83,4551.0,4546.86,4548.2,11.3063
1777976100.0,4548.03,4549.42,4543.66,4543.66,12.91
1777977000.0,4543.65,4549.43,4541.13,4541.13,28.1623
1777977900.0,4541.13,4541.8,4537.45,4540.01,67.2559
1777978800.0,4539.9,4546.67,4535.7,4546.66,62.8015
1777979700.0,4546.67,4551.11,4544.81,4550.09,55.428
1777980600.0,4550.09,4556.53,4549.78,4555.63,42.801
1777981500.0,4556.3,4556.89,4553.52,4555.37,37.0093
1777982400.0,4555.38,4559.37,4548.94,4557.71,48.4312
1777983300.0,4558.16,4566.26,4555.39,4566.25,52.0907
1777984200.0,4566.26,4566.41,4559.3,4559.53,199.0848
1777985100.0,4559.53,4559.58,4554.01,4556.48,32.9466
1777986000.0,4556.48,4571.32,4556.48,4570.52,172.5691
1777986900.0,4570.52,4575.82,4568.03,4568.26,41.3776
1777987800.0,4568.04,4572.4,4563.9,4565.12,14.6973
1777988700.0,4565.12,4573.74,4564.71,4569.65,40.862
1777989600.0,4569.65,4574.69,4562.52,4564.3,54.6635
1777990500.0,4564.11,4577.22,4558.37,4575.62,40.2068
1777991400.0,4575.39,4576.08,4569.41,4574.25,63.5075
1777992300.0,4574.25,4574.36,4568.26,4574.36,86.8102
1777993200.0,4574.36,4576.05,4571.73,4573.1,81.1166
1777994100.0,4573.1,4573.71,4568.95,4571.48,30.8307
1777995000.0,4571.5,4573.08,4566.2,4566.2,14.1265
1777995900.0,4566.2,4568.01,4562.33,4562.74,13.403
1777996800.0,4562.52,4562.52,4556.87,4559.43,8.4919
1777997700.0,4559.43,4559.43,4550.9,4552.6,22.2957
1777998600.0,4552.62,4553.08,4549.0,4550.78,13.0435
1777999500.0,4550.56,4555.3,4549.87,4555.0,6.7916
1778000400.0,4554.69,4555.14,4548.26,4549.63,6.6284
1778001300.0,4549.84,4555.15,4549.84,4552.16,5.1035
1778002200.0,4552.16,4555.88,4550.56,4554.13,7.2636
1778003100.0,4554.13,4555.15,4552.36,4553.07,5.6897
1778004000.0,4553.07,4556.3,4551.83,4556.3,60.3504
1778004900.0,4556.53,4557.0,4554.47,4554.67,15.2041
1778005800.0,4554.67,4554.81,4550.83,4553.77,5.7517
1778006700.0,4554.0,4556.53,4552.4,4552.79,9.7836
1778007600.0,4553.08,4553.35,4550.04,4550.81,22.3202
1778008500.0,4550.81,4551.6,4548.55,4548.55,31.843
1778009400.0,4548.55,4549.47,4548.13,4548.27,22.4955
1778010300.0,4548.27,4551.41,4545.5,4547.79,63.8964
1778011200.0,4547.8,4549.39,4547.49,4549.39,5.9942
1778012100.0,4549.39,4552.16,4548.42,4552.16,11.9168
1778013000.0,4552.15,4552.15,4550.33,4550.33,3.9361
1778013900.0,4550.32,4550.93,4549.18,4550.24,14.8053
1778014800.0,4550.24,4552.15,4548.73,4549.62,26.0707
1778015700.0,4549.62,4552.14,4549.62,4551.48,5.1783
1778016600.0,4551.48,4553.33,4551.48,4553.08,5.0866
1778017500.0,4553.3,4553.85,4548.56,4548.57,11.3967
1778018400.0,4548.57,4551.98,4544.58,4546.64,70.6983
1778019300.0,4546.22,4546.22,4542.97,4542.97,6.6515
1778020200.0,4542.97,4545.49,4541.69,4544.8,11.8283
1778021100.0,4544.79,4569.49,4543.4,4566.18,99.6338
1778022000.0,4566.19,4582.87,4563.95,4582.29,67.4968
1778022900.0,4582.06,4582.06,4575.39,4575.39,20.8028
1778023800.0,4575.16,4579.88,4572.87,4577.23,42.5783
1778024700.0,4577.14,4586.67,4577.09,4585.0,68.0421
1778025600.0,4585.17,4588.87,4580.82,4582.98,33.1763
1778026500.0,4582.97,4593.92,4580.01,4592.25,39.6537
1778027400.0,4592.25,4599.34,4591.95,4598.54,125.731
1778028300.0,4598.55,4607.66,4597.94,4606.2,70.8514
1778029200.0,4606.21,4609.88,4597.61,4598.62,79.2811
1778030100.0,4598.62,4612.65,4597.94,4611.74,40.7966
1778031000.0,4611.77,4613.32,4608.54,4611.04,27.4979
1778031900.0,4611.26,4615.17,4611.26,4612.61,10.6023
1778032800.0,4612.85,4620.43,4612.85,4620.12,32.7808
1778033700.0,4620.12,4622.6,4616.55,4616.55,28.5454
1778034600.0,4616.55,4619.78,4613.54,4619.78,23.993
1778035500.0,4619.77,4626.96,4619.77,4626.0,20.8654
1778036400.0,4625.99,4633.57,4624.63,4632.94,49.1213
1778037300.0,4632.94,4634.72,4630.13,4630.81,46.8907
1778038200.0,4630.81,4637.02,4628.46,4633.11,33.7409
1778039100.0,4633.1,4633.57,4629.5,4629.51,17.7839
1778040000.0,4629.51,4633.38,4629.51,4633.12,24.3516
1778040900.0,4633.35,4638.63,4631.52,4638.6,18.0037
1778041800.0,4638.28,4638.28,4633.37,4633.82,18.2758
1778042700.0,4633.82,4638.13,4633.81,4635.43,46.0268
1778043600.0,4635.43,4639.99,4635.43,4639.54,22.5527
1778044500.0,4639.52,4639.52,4634.71,4635.54,60.0597
1778045400.0,4635.45,4636.06,4629.83,4635.0,25.8923
1778046300.0,4634.99,4646.92,4634.12,4646.65,51.2019
1778047200.0,4646.65,4648.53,4641.63,4644.59,44.4525
1778048100.0,4644.39,4648.6,4641.86,4648.07,16.5936
1778049000.0,4648.08,4651.06,4643.93,4647.37,44.0088
1778049900.0,4647.38,4652.21,4645.89,4651.97,20.107
1778050800.0,4651.98,4652.56,4643.7,4643.7,30.5918
1778051700.0,4643.47,4652.69,4642.55,4650.53,35.2424
1778052600.0,4650.53,4653.36,4646.63,4653.36,19.4318
1778053500.0,4653.36,4665.82,4653.36,4665.82,64.6076
1778054400.0,4665.86,4666.99,4661.43,4666.15,40.165
1778055300.0,4666.15,4666.32,4663.22,4664.64,22.8216
1778056200.0,4664.64,4664.64,4658.04,4663.94,38.8018
1778057100.0,4663.94,4689.28,4663.93,4686.46,160.7047
1778058000.0,4686.47,4694.23,4676.99,4682.49,52.5341
1778058900.0,4682.49,4690.47,4680.0,4686.65,30.5579
1778059800.0,4686.74,4692.78,4685.03,4685.03,40.5885
1778060700.0,4685.0,4690.97,4683.68,4690.47,72.3243
1778061600.0,4690.48,4693.28,4686.05,4688.15,76.0638
1778062500.0,4688.15,4693.01,4685.72,4693.01,82.5382
1778063400.0,4693.02,4703.73,4693.02,4702.89,132.2766
1778064300.0,4702.88,4709.98,4696.88,4707.13,83.3544
1778065200.0,4706.89,4708.83,4698.89,4701.16,30.9982
1778066100.0,4701.17,4701.62,4695.4,4695.4,44.6807
1778067000.0,4695.4,4702.03,4685.08,4686.39,43.383
1778067900.0,4686.4,4688.08,4678.75,4679.33,48.3438
1778068800.0,4679.23,4679.41,4659.53,4661.75,150.6911
1778069700.0,4661.21,4675.94,4650.0,4671.77,151.9694
1778070600.0,4671.6,4672.45,4666.59,4670.22,28.4571
1778071500.0,4669.89,4671.76,4666.6,4670.76,86.9039
1778072400.0,4671.09,4679.41,4659.27,4671.31,174.1894
1778073300.0,4671.31,4678.2,4668.36,4673.51,37.4042
1778074200.0,4673.26,4685.44,4669.81,4682.4,43.543
1778075100.0,4682.64,4692.48,4680.34,4688.45,61.111
1778076000.0,4688.44,4697.0,4685.0,4696.97,47.0905
1778076900.0,4696.54,4701.35,4690.62,4690.89,41.3691
1778077800.0,4690.89,4698.0,4690.05,4697.27,74.4386
1778078700.0,4697.28,4697.76,4686.72,4688.39,38.0488
1778079600.0,4688.05,4690.31,4679.04,4681.37,17.3428
1778080500.0,4681.37,4687.2,4679.76,4680.63,35.3492
1778081400.0,4680.63,4681.92,4675.43,4678.56,15.2075
1778082300.0,4678.33,4679.51,4675.44,4675.44,5.6692
1778083200.0,4675.36,4675.36,4671.1,4672.44,58.0172
1778084100.0,4671.85,4674.95,4671.11,4674.85,12.0167
1778085000.0,4674.85,4677.69,4672.57,4675.66,83.663
1778085900.0,4675.67,4675.67,4667.54,4669.93,215.4469
1778086800.0,4669.94,4673.04,4668.0,4671.6,25.2352
1778087700.0,4671.59,4671.6,4667.0,4669.79,7.5234
1778088600.0,4669.74,4669.74,4666.66,4666.67,13.8625
1778089500.0,4667.01,4671.62,4666.99,4671.03,12.2762
1778090400.0,4671.04,4673.13,4668.84,4673.13,8.1009
1778091300.0,4673.13,4677.08,4673.13,4675.41,3.5425
1778092200.0,4675.42,4676.69,4673.47,4673.97,3.0395
1778093100.0,4673.56,4674.63,4672.96,4674.14,29.5474
1778094000.0,4674.15,4682.42,4674.15,4682.42,3.2894
1778094900.0,4682.42,4686.66,4682.42,4686.06,5.9298
1778095800.0,4686.05,4686.05,4682.13,4682.13,5.8237
1778096700.0,4682.14,4684.72,4680.61,4680.61,23.6544
1778097600.0,4680.58,4686.22,4680.57,4686.22,10.162
1778098500.0,4686.21,4686.21,4680.78,4680.78,3.6821
1778099400.0,4680.79,4680.79,4678.06,4678.06,2.242
1778100300.0,4677.89,4679.07,4675.52,4679.03,6.4146
1778101200.0,4678.74,4679.42,4678.73,4679.42,1.7369
1778102100.0,4679.42,4681.48,4679.41,4680.21,8.0255
1778103000.0,4680.2,4682.19,4679.93,4679.93,8.2608
1778103900.0,4679.92,4681.46,4679.8,4681.46,2.5864
1778104800.0,4681.45,4684.83,4677.6,4684.01,12.3792
1778105700.0,4683.67,4686.07,4681.21,4681.8,8.8236
1778106600.0,4681.91,4686.06,4681.91,4686.04,6.8687
1778107500.0,4686.04,4686.04,4682.47,4682.47,2.4578
1778108400.0,4682.41,4684.56,4681.54,4681.88,3.1182
1778109300.0,4681.88,4684.13,4678.8,4680.95,2.9506
1778110200.0,4680.86,4681.18,4679.57,4680.24,1.6379
1778111100.0,4680.72,4685.99,4680.72,4685.28,8.1856
1778112000.0,4685.52,4687.5,4678.33,4687.5,13.4611
1778112900.0,4687.49,4687.6,4680.25,4680.25,13.4546
1778113800.0,4680.25,4680.25,4674.25,4674.67,16.0919
1778114700.0,4674.95,4678.56,4673.6,4675.2,12.0879
1778115600.0,4675.43,4696.99,4673.34,4696.08,20.3219
1778116500.0,4696.31,4701.59,4691.52,4692.09,19.0193
1778117400.0,4691.82,4703.44,4690.12,4699.44,22.7775
1778118300.0,4699.45,4706.64,4699.45,4701.57,11.4084
1778119200.0,4701.82,4704.71,4691.16,4691.16,91.0766
1778120100.0,4691.48,4694.63,4690.57,4690.57,48.1156
1778121000.0,4690.56,4692.24,4688.88,4692.24,23.022
1778121900.0,4692.46,4697.27,4692.46,4695.84,13.1263
1778122800.0,4695.61,4696.31,4692.9,4693.12,10.9968
1778123700.0,4693.33,4695.12,4692.73,4693.36,4.1923
1778124600.0,4693.35,4693.35,4690.8,4691.06,8.2655
1778125500.0,4691.07,4691.28,4687.2,4687.21,5.6313
1778126400.0,4686.97,4687.43,4685.04,4685.04,6.0309
1778127300.0,4685.03,4685.03,4683.51,4684.4,4.7788
1778128200.0,4684.4,4685.75,4681.44,4685.74,10.0137
1778129100.0,4685.75,4685.75,4682.64,4684.56,8.9875
1778130000.0,4684.56,4688.35,4684.55,4688.12,6.6997
1778130900.0,4688.11,4688.12,4683.35,4683.77,3.7305
1778131800.0,4683.77,4692.36,4683.77,4691.49,15.6499
1778132700.0,4691.28,4693.4,4689.17,4689.83,23.1921
1778133600.0,4689.27,4695.81,4689.27,4694.98,10.3306
1778134500.0,4694.99,4702.88,4694.74,4702.88,11.0698
1778135400.0,4702.88,4731.83,4702.88,4729.41,293.3105
1778136300.0,4729.42,4729.44,4720.8,4723.19,36.4207
1778137200.0,4723.2,4733.03,4716.96,4732.68,34.2888
1778138100.0,4732.78,4733.16,4722.72,4723.98,52.2097
1778139000.0,4723.74,4728.0,4723.74,4728.0,30.9098
1778139900.0,4727.99,4728.98,4723.54,4728.35,18.3341
1778140800.0,4728.37,4736.66,4727.31,4727.31,105.9502
1778141700.0,4727.1,4727.1,4719.85,4725.42,41.4988
1778142600.0,4725.43,4726.95,4720.59,4720.6,22.6788
1778143500.0,4720.59,4721.39,4717.25,4717.25,29.5948
1778144400.0,4717.24,4720.59,4709.04,4719.26,23.9471
1778145300.0,4719.26,4722.27,4718.01,4720.21,16.4815
1778146200.0,4720.21,4724.16,4719.13,4723.74,13.8574
1778147100.0,4723.74,4723.75,4715.5,4717.8,158.1602
1778148000.0,4717.79,4721.72,4715.14,4721.65,32.7932
1778148900.0,4721.66,4722.69,4717.07,4720.65,22.1344
1778149800.0,4720.64,4726.68,4717.45,4726.68,13.1119
1778150700.0,4726.67,4726.68,4723.52,4723.75,14.1442
1778151600.0,4723.75,4724.12,4717.86,4717.86,9.2918
1778152500.0,4717.87,4724.57,4716.38,4720.6,14.3777
1778153400.0,4720.89,4724.99,4720.88,4724.98,14.048
1778154300.0,4724.98,4729.19,4722.69,4728.56,23.8784
1778155200.0,4728.57,4732.69,4727.46,4730.64,121.2027
1778156100.0,4730.87,4731.98,4720.0,4723.74,20.1171
1778157000.0,4723.74,4735.0,4723.74,4734.94,136.988
1778157900.0,4734.95,4736.45,4730.0,4734.2,95.9284
1778158800.0,4734.2,4734.65,4718.57,4719.37,70.9124
1778159700.0,4719.37,4731.51,4719.15,4731.5,15.6125
1778160600.0,4731.5,4742.96,4729.79,4734.66,33.002
1778161500.0,4734.45,4734.87,4725.0,4732.57,33.1702
1778162400.0,4733.19,4739.02,4729.63,4737.53,31.6809
1778163300.0,4737.79,4744.57,4728.79,4742.64,61.4995
1778164200.0,4742.59,4743.48,4734.46,4738.03,68.958
1778165100.0,4738.52,4749.42,4738.51,4749.42,49.3769
1778166000.0,4749.41,4750.68,4743.69,4743.69,203.2518
1778166900.0,4743.69,4743.7,4724.6,4726.67,61.8136
1778167800.0,4726.9,4733.81,4726.17,4726.17,24.7123
1778168700.0,4726.17,4726.17,4714.09,4715.21,29.0016
1778169600.0,4715.21,4715.97,4701.91,4703.17,59.375
1778170500.0,4703.16,4711.1,4693.7,4709.15,59.524
1778171400.0,4709.15,4709.24,4702.55,4702.95,133.2128
1778172300.0,4702.96,4709.66,4702.96,4707.41,89.723
1778173200.0,4707.42,4711.13,4705.26,4706.8,37.4253
1778174100.0,4706.81,4710.72,4682.5,4692.87,121.9687
1778175000.0,4692.66,4699.8,4688.25,4693.5,64.9748
1778175900.0,4693.28,4704.84,4692.52,4704.84,29.5456
1778176800.0,4705.0,4705.5,4698.97,4701.46,22.1755
1778177700.0,4701.46,4704.63,4700.43,4704.63,9.4197
1778178600.0,4704.73,4707.64,4696.65,4698.33,23.9772
1778179500.0,4698.53,4703.16,4689.91,4703.15,58.0772
1778180400.0,4703.14,4704.83,4698.76,4703.16,11.2388
1778181300.0,4702.95,4703.79,4691.96,4697.48,30.7167
1778182200.0,4697.49,4704.0,4697.08,4703.15,19.744
1778183100.0,4703.15,4704.05,4696.84,4696.91,78.8035
1778184000.0,4696.91,4711.13,4696.91,4704.42,36.6311
1778184900.0,4704.43,4706.09,4702.96,4705.61,12.8789
1778185800.0,4705.51,4706.92,4691.19,4696.02,55.1122
1778186700.0,4696.05,4696.05,4679.15,4679.45,59.7753
1778187600.0,4679.94,4687.2,4679.94,4687.19,42.2899
1778188500.0,4687.2,4687.9,4684.05,4685.99,35.8828
1778189400.0,4686.0,4686.0,4678.0,4678.43,104.9885
1778190300.0,4678.74,4679.74,4678.0,4679.74,19.923
1778191200.0,4679.74,4688.5,4672.34,4682.25,347.8779
1778192100.0,4682.5,4690.42,4682.0,4685.75,25.1583
1778193000.0,4685.73,4686.26,4679.0,4679.75,17.0427
1778193900.0,4679.74,4681.24,4675.25,4679.51,29.8749
1778194800.0,4679.51,4686.5,4679.5,4684.2,32.2707
1778195700.0,4684.2,4689.65,4684.2,4688.88,30.9163
1778196600.0,4688.89,4691.29,4688.0,4690.5,12.1747
1778197500.0,4691.24,4697.14,4691.24,4696.0,12.559
1778198400.0,4696.16,4700.75,4695.25,4695.25,20.5255
1778199300.0,4695.02,4696.98,4687.5,4690.0,13.5532
1778200200.0,4690.01,4698.99,4690.01,4697.51,21.0076
1778201100.0,4697.5,4697.51,4690.01,4693.24,6.7228
1778202000.0,4692.61,4709.0,4692.61,4704.66,51.3612
1778202900.0,4704.65,4708.74,4702.57,4704.34,12.4973
1778203800.0,4704.34,4704.99,4696.46,4701.37,27.3516
1778204700.0,4701.49,4712.97,4701.49,4712.26,32.4062
1778205600.0,4712.26,4719.99,4710.5,4713.76,25.206
1778206500.0,4713.75,4713.75,4708.74,4711.75,15.7073
1778207400.0,4711.75,4712.19,4698.0,4701.76,48.6316
1778208300.0,4701.75,4706.74,4699.65,4704.0,19.7123
1778209200.0,4703.75,4709.49,4702.51,4709.21,14.4759
1778210100.0,4709.22,4711.74,4708.75,4711.31,8.3752
1778211000.0,4711.31,4720.75,4711.31,4715.02,20.4664
1778211900.0,4715.03,4715.03,4709.04,4710.53,7.6127
1778212800.0,4710.53,4712.9,4706.61,4706.61,24.582
1778213700.0,4706.5,4708.49,4705.0,4708.25,7.0463
1778214600.0,4708.32,4708.32,4700.51,4701.73,8.5656
1778215500.0,4701.74,4705.75,4701.0,4701.33,8.7812
1778216400.0,4701.34,4705.5,4700.75,4702.76,12.2024
1778217300.0,4702.5,4708.33,4701.25,4708.33,11.1428
1778218200.0,4708.47,4715.41,4708.47,4714.26,16.0933
1778219100.0,4714.5,4719.49,4713.51,4717.5,9.2726
1778220000.0,4717.25,4719.18,4704.06,4713.6,23.6935
1778220900.0,4713.51,4722.99,4712.57,4722.0,16.5078
1778221800.0,4722.01,4723.1,4715.63,4718.08,17.3872
1778222700.0,4718.0,4718.0,4712.01,4715.75,9.5072
1778223600.0,4715.74,4715.74,4706.59,4706.59,19.4676
1778224500.0,4706.5,4708.48,4691.01,4699.17,31.0132
1778225400.0,4699.06,4702.0,4694.51,4699.0,20.8199
1778226300.0,4699.01,4703.49,4698.57,4699.26,26.7935
1778227200.0,4699.25,4703.13,4698.61,4703.01,37.615
1778228100.0,4703.0,4711.57,4703.0,4707.25,21.4173
1778229000.0,4707.0,4711.5,4706.76,4707.67,11.2344
1778229900.0,4707.51,4709.83,4706.26,4706.26,16.9319
1778230800.0,4706.25,4709.67,4704.24,4707.85,48.0971
1778231700.0,4707.85,4712.75,4707.85,4708.5,25.6689
1778232600.0,4708.51,4708.51,4700.94,4703.3,14.0784
1778233500.0,4703.3,4703.3,4698.76,4702.99,11.5062
1778234400.0,4702.93,4707.92,4702.26,4707.91,17.0152
1778235300.0,4708.0,4712.72,4708.0,4710.84,13.6999
1778236200.0,4710.84,4715.99,4710.84,4715.27,8.0189
1778237100.0,4715.0,4715.0,4705.75,4708.75,13.075
1778238000.0,4709.0,4715.54,4709.0,4710.42,10.1126
1778238900.0,4710.64,4713.72,4710.42,4712.84,6.6701
1778239800.0,4712.84,4713.93,4710.41,4710.41,6.2974
1778240700.0,4710.41,4710.41,4702.94,4706.41,35.7665
1778241600.0,4706.42,4707.5,4693.81,4694.58,29.7852
1778242500.0,4694.36,4699.63,4693.93,4699.43,19.3879
1778243400.0,4699.63,4716.3,4694.15,4710.87,385.2741
1778244300.0,4710.87,4717.09,4707.5,4710.41,58.973
1778245200.0,4710.41,4715.47,4704.7,4707.49,43.6427
1778246100.0,4707.5,4714.81,4707.5,4714.18,9.2509
1778247000.0,4714.37,4730.0,4714.37,4724.99,41.8361
1778247900.0,4724.99,4734.23,4722.74,4734.23,44.8837
1778248800.0,4734.4,4736.15,4708.34,4718.58,89.3156
1778249700.0,4718.78,4720.75,4706.0,4706.0,28.0652
1778250600.0,4705.83,4713.72,4703.44,4711.51,16.8145
1778251500.0,4711.41,4712.61,4704.08,4705.91,9.4096
1778252400.0,4705.9,4709.1,4697.49,4698.54,18.7538
1778253300.0,4698.51,4702.06,4695.61,4702.06,12.7749
1778254200.0,4702.28,4704.25,4695.33,4696.73,16.3886
1778255100.0,4696.72,4700.89,4693.8,4698.76,25.3039
1778256000.0,4698.97,4703.11,4698.1,4702.49,11.1812
1778256900.0,4702.5,4708.46,4702.5,4707.11,14.1763
1778257800.0,4707.12,4709.41,4704.58,4704.58,7.5716
1778258700.0,4704.57,4705.57,4702.5,4703.34,7.8285
1778259600.0,4703.01,4706.23,4703.01,4704.71,4.1018
1778260500.0,4704.92,4711.53,4704.91,4711.02,5.9036
1778261400.0,4711.02,4712.73,4710.59,4711.73,59.9067
1778262300.0,4711.74,4712.4,4711.37,4711.73,2.9151
1778263200.0,4711.73,4717.46,4711.73,4717.17,8.5024
1778264100.0,4717.17,4717.46,4713.64,4715.04,8.1717
1778265000.0,4715.1,4715.1,4713.94,4713.94,1.884
1778265900.0,4713.93,4713.93,4710.31,4712.18,3.6695
1778266800.0,4712.17,4714.12,4711.53,4713.48,5.2831
1778267700.0,4713.39,4714.59,4713.38,4714.42,5.4422
1778268600.0,4714.41,4715.16,4711.82,4714.26,4.1936
1778269500.0,4714.26,4714.5,4712.84,4713.08,32.3087
1778270400.0,4712.84,4712.85,4706.99,4707.56,3.3545
1778271300.0,4707.77,4707.78,4705.01,4705.13,14.4105
1778272200.0,4705.13,4706.31,4703.82,4703.82,6.701
1778273100.0,4703.82,4703.82,4701.8,4702.18,11.488
1778274000.0,4702.18,4702.19,4701.88,4702.18,20.9799
1778274900.0,4702.19,4702.46,4701.72,4701.72,5.7745
1778275800.0,4701.72,4701.73,4701.01,4701.22,9.1731
1778276700.0,4701.21,4701.25,4701.21,4701.25,2.7614
1778277600.0,4701.24,4702.28,4701.24,4702.27,4.6363
1778278500.0,4702.27,4702.28,4701.84,4702.09,1.2066
1778279400.0,4702.09,4703.18,4702.09,4703.18,2.5989
1778280300.0,4703.18,4703.18,4702.19,4702.19,2.7053
1778281200.0,4702.19,4702.19,4701.54,4701.54,1.5594
1778282100.0,4701.54,4701.55,4700.89,4700.89,2.3774
1778283000.0,4700.89,4700.9,4700.89,4700.89,0.9644
1778283900.0,4700.89,4700.9,4700.89,4700.89,0.4956
1778284800.0,4700.9,4700.9,4700.89,4700.89,1.5349
1778285700.0,4700.89,4700.89,4700.41,4700.88,5.4655
1778286600.0,4700.89,4700.89,4700.88,4700.88,1.0376
1778287500.0,4700.88,4700.9,4700.88,4700.89,0.3352
1778288400.0,4700.9,4703.15,4700.9,4703.15,1.7815
1778289300.0,4703.14,4703.29,4702.51,4702.51,2.7012
1778290200.0,4702.51,4702.52,4701.97,4701.98,6.3014
1778291100.0,4701.98,4704.32,4701.97,4704.32,4.0433
1778292000.0,4704.32,4706.61,4704.31,4706.6,3.443
1778292900.0,4706.6,4706.74,4703.46,4703.46,6.7617
1778293800.0,4703.42,4703.42,4702.72,4702.72,3.2084
1778294700.0,4702.51,4702.51,4701.94,4701.94,5.0306
1778295600.0,4701.95,4701.95,4701.46,4701.47,4.031
1778296500.0,4701.47,4701.47,4698.58,4698.59,6.3191
1778297400.0,4698.59,4698.98,4698.13,4698.97,2.9498
1778298300.0,4698.98,4700.65,4698.97,4699.57,8.9905
1778299200.0,4699.58,4701.59,4699.57,4701.58,3.2754
1778300100.0,4701.58,4701.59,4701.41,4701.41,0.8756
1778301000.0,4701.42,4701.42,4698.66,4699.1,16.7672
1778301900.0,4699.11,4701.05,4698.41,4701.04,3.7966
1778302800.0,4701.05,4702.06,4701.04,4702.05,1.7234
1778303700.0,4702.13,4702.38,4702.12,4702.37,1.0193
1778304600.0,4702.38,4702.38,4701.18,4701.18,3.6337
1778305500.0,4701.19,4701.19,4700.88,4700.88,1.322
1778306400.0,4700.89,4700.89,4700.71,4700.72,3.4118
1778307300.0,4700.72,4700.72,4700.15,4700.15,2.2184
1778308200.0,4700.16,4700.16,4700.15,4700.16,0.768
1778309100.0,4700.15,4700.53,4699.0,4699.01,4.039
1778310000.0,4699.01,4700.16,4699.01,4699.55,11.1827
1778310900.0,4699.54,4700.12,4699.54,4700.11,12.9754
1778311800.0,4700.11,4700.43,4700.11,4700.42,1.9814
1778312700.0,4700.42,4700.43,4700.3,4700.31,1.6195
1778313600.0,4700.31,4700.31,4700.25,4700.25,0.8926
1778314500.0,4700.25,4700.26,4699.98,4699.98,4.4769
1778315400.0,4699.99,4699.99,4699.93,4699.93,2.0283
1778316300.0,4699.99,4699.99,4699.93,4699.93,1.0926
1778317200.0,4699.94,4699.94,4699.93,4699.94,1.2409
1778318100.0,4699.93,4699.94,4699.93,4699.93,0.6858
1778319000.0,4699.94,4699.94,4699.93,4699.93,1.7585
1778319900.0,4699.93,4700.73,4699.93,4700.26,7.965
1778320800.0,4700.26,4700.27,4700.06,4700.07,1.2494
1778321700.0,4700.06,4700.06,4698.59,4699.11,7.5995
1778322600.0,4699.12,4699.12,4699.11,4699.11,1.5802
1778323500.0,4699.11,4699.12,4699.1,4699.1,1.3313
1778324400.0,4699.1,4699.86,4699.09,4699.53,8.1109
1778325300.0,4699.53,4699.54,4699.53,4699.53,1.6384
1778326200.0,4699.53,4699.95,4699.53,4699.94,5.1608
1778327100.0,4699.94,4699.95,4699.94,4699.95,0.9817
1778328000.0,4699.95,4700.08,4699.94,4700.07,0.6513
1778328900.0,4700.07,4700.08,4700.07,4700.07,1.5413
1778329800.0,4700.08,4700.08,4700.07,4700.07,0.5153
1778330700.0,4700.07,4700.08,4700.06,4700.06,2.1734
1778331600.0,4700.06,4700.07,4700.06,4700.06,1.2383
1778332500.0,4700.07,4700.07,4699.94,4699.95,5.9796
1778333400.0,4700.04,4701.01,4700.03,4700.36,46.5507
1778334300.0,4700.34,4700.88,4699.1,4700.41,22.6526
1778335200.0,4700.41,4700.7,4700.41,4700.69,4.3682
1778336100.0,4700.69,4700.74,4700.69,4700.73,2.9486
1778337000.0,4700.74,4700.74,4699.65,4699.65,6.3364
1778337900.0,4699.65,4700.09,4699.65,4700.09,5.0462
1778338800.0,4700.08,4700.09,4699.87,4699.88,3.3594
1778339700.0,4699.88,4700.26,4699.87,4700.25,6.4151
1778340600.0,4700.26,4700.28,4700.25,4700.27,3.1466
1778341500.0,4700.28,4700.9,4700.27,4700.5,2.8459
1778342400.0,4700.5,4700.97,4698.99,4699.45,38.8861
1778343300.0,4699.44,4699.64,4699.44,4699.63,1.7307
1778344200.0,4699.64,4699.64,4699.63,4699.64,1.4668
1778345100.0,4699.64,4699.95,4699.63,4699.94,1.5736
1778346000.0,4699.95,4700.52,4699.63,4700.51,5.27
1778346900.0,4700.51,4701.62,4700.51,4701.62,3.8463
1778347800.0,4701.62,4705.15,4701.61,4705.15,4.5032
1778348700.0,4705.36,4706.03,4705.36,4706.02,10.34
1778349600.0,4706.03,4706.15,4705.86,4705.87,4.8813
1778350500.0,4705.86,4707.66,4705.86,4707.66,4.1077
1778351400.0,4707.65,4707.75,4707.64,4707.74,1.5474
1778352300.0,4707.74,4708.0,4707.74,4707.91,2.6383
1778353200.0,4707.92,4708.63,4707.75,4708.21,13.1482
1778354100.0,4708.22,4708.24,4706.73,4707.42,4.489
1778355000.0,4707.42,4709.96,4707.42,4709.8,11.326
1778355900.0,4709.8,4709.98,4709.78,4709.97,2.3921
1778356800.0,4709.97,4710.0,4709.97,4710.0,0.7042
1778357700.0,4710.0,4710.21,4709.94,4710.08,5.1504
1778358600.0,4710.08,4710.09,4709.59,4709.6,1.0091
1778359500.0,4709.59,4710.25,4709.59,4710.25,2.0171
1778360400.0,4710.26,4710.26,4710.05,4710.05,1.1641
1778361300.0,4710.05,4710.06,4710.05,4710.05,0.4487
1778362200.0,4710.05,4710.4,4709.76,4710.03,8.1679
1778363100.0,4710.03,4710.62,4710.02,4710.62,2.0091
1778364000.0,4710.62,4711.15,4709.54,4709.55,10.6681
1778364900.0,4709.55,4709.55,4709.54,4709.55,1.2008
1778365800.0,4709.55,4711.7,4709.55,4711.47,1.5503
1778366700.0,4711.47,4711.5,4711.47,4711.5,0.6544
1778367600.0,4711.5,4711.51,4711.5,4711.51,2.341
1778368500.0,4711.5,4711.51,4708.99,4709.0,1.4751
1778369400.0,4708.99,4708.99,4708.56,4708.56,0.377
1778370300.0,4708.57,4709.01,4708.57,4709.01,6.5147
1778371200.0,4709.01,4710.0,4709.01,4710.0,1.0639
1778372100.0,4710.0,4711.47,4710.0,4711.43,1.7838
1778373000.0,4711.43,4711.43,4710.91,4710.92,2.3643
1778373900.0,4710.92,4711.51,4710.91,4711.51,1.9729
1778374800.0,4711.51,4711.51,4711.5,4711.51,0.3764
1778375700.0,4711.51,4711.51,4710.81,4710.89,2.5866
1778376600.0,4710.9,4710.9,4708.57,4708.58,4.2487
1778377500.0,4708.57,4708.57,4707.35,4707.65,6.1701
1778378400.0,4707.64,4707.78,4707.64,4707.77,2.6673
1778379300.0,4707.78,4709.76,4707.77,4709.75,1.6019
1778380200.0,4709.75,4709.76,4709.31,4709.31,1.2106
1778381100.0,4709.32,4710.0,4709.31,4710.0,0.495
1778382000.0,4710.2,4710.31,4710.19,4710.3,0.4405
1778382900.0,4710.31,4711.88,4710.3,4711.87,2.3136
1778383800.0,4711.88,4711.88,4711.87,4711.88,0.4103
1778384700.0,4711.87,4711.88,4711.87,4711.87,0.1951
1778385600.0,4711.88,4711.88,4711.87,4711.87,0.5046
1778386500.0,4711.87,4712.62,4711.87,4712.62,6.3221
1778387400.0,4712.62,4712.62,4712.6,4712.61,6.3602
1778388300.0,4712.61,4712.65,4711.4,4711.4,4.6109
1778389200.0,4711.41,4711.41,4710.87,4710.87,1.6027
1778390100.0,4710.87,4712.49,4710.87,4712.48,2.08
1778391000.0,4712.49,4712.49,4711.09,4711.1,2.7013
1778391900.0,4711.09,4712.88,4711.09,4712.88,2.6313
1778392800.0,4712.88,4712.94,4712.87,4712.88,2.6019
1778393700.0,4712.89,4713.1,4712.88,4713.09,1.4962
1778394600.0,4713.09,4713.1,4712.88,4712.89,0.7208
1778395500.0,4712.88,4712.89,4712.18,4712.19,2.3706
1778396400.0,4712.19,4712.19,4712.17,4712.18,1.032
1778397300.0,4712.18,4712.18,4711.75,4711.75,1.0251
1778398200.0,4711.75,4711.75,4710.64,4710.64,3.3309
1778399100.0,4710.64,4710.64,4710.0,4710.0,1.1844
1778400000.0,4710.0,4710.0,4708.71,4708.72,2.3691
1778400900.0,4708.72,4708.72,4708.22,4708.22,5.4938
1778401800.0,4708.22,4708.38,4707.79,4707.79,6.1481
1778402700.0,4707.8,4710.03,4707.79,4709.88,9.0458
1778403600.0,4709.87,4710.49,4709.87,4710.47,1.2752
1778404500.0,4710.47,4710.83,4710.47,4710.48,8.909
1778405400.0,4710.48,4710.49,4709.58,4709.59,4.3447
1778406300.0,4709.59,4709.59,4708.86,4708.9,4.7792
1778407200.0,4708.9,4708.9,4708.49,4708.89,9.0993
1778408100.0,4708.89,4709.61,4708.89,4709.6,3.889
1778409000.0,4709.61,4709.99,4709.6,4709.97,1.4756
1778409900.0,4709.9,4709.9,4709.0,4709.0,3.5995
1778410800.0,4709.01,4709.01,4709.0,4709.01,1.0047
1778411700.0,4709.0,4710.41,4709.0,4710.41,2.1074
1778412600.0,4710.4,4711.96,4710.4,4711.95,4.0297
1778413500.0,4711.96,4713.28,4711.95,4713.27,1.5775
1778414400.0,4713.34,4714.41,4713.34,4714.4,6.9798
1778415300.0,4714.4,4714.41,4711.29,4712.67,11.3473
1778416200.0,4712.68,4713.44,4712.68,4713.43,1.1141
1778417100.0,4713.44,4713.99,4712.62,4713.06,8.302
1778418000.0,4713.07,4719.16,4713.06,4717.66,18.1351
1778418900.0,4717.67,4717.69,4716.58,4717.44,3.4754
1778419800.0,4717.45,4718.0,4717.44,4717.51,8.4078
1778420700.0,4717.52,4717.52,4717.51,4717.52,1.6659
1778421600.0,4717.51,4717.69,4716.56,4717.68,23.275
1778422500.0,4716.93,4718.25,4716.93,4717.03,17.1526
1778423400.0,4717.02,4717.03,4717.02,4717.03,1.9784
1778424300.0,4717.02,4717.95,4716.14,4717.94,5.1073
1778425200.0,4717.95,4717.95,4717.94,4717.94,2.3776
1778426100.0,4717.94,4718.19,4717.78,4717.79,7.6956
1778427000.0,4717.78,4718.02,4717.78,4717.8,14.8624
1778427900.0,4717.79,4718.11,4717.79,4717.92,25.492
1778428800.0,4717.92,4718.04,4717.14,4717.14,27.0735
1778429700.0,4717.15,4717.15,4716.35,4716.35,5.4037
1778430600.0,4716.46,4716.52,4716.45,4716.52,2.7365
1778431500.0,4716.52,4718.09,4716.51,4717.02,30.142
1778432400.0,4717.02,4717.56,4716.8,4716.84,21.2482
1778433300.0,4716.84,4716.85,4716.39,4716.39,2.0029
1778434200.0,4716.39,4718.11,4716.39,4717.87,14.8365
1778435100.0,4717.88,4718.1,4717.87,4717.97,57.9533
1778436000.0,4717.97,4718.83,4717.68,4717.69,45.094
1778436900.0,4717.69,4717.7,4717.4,4717.57,14.0895
1778437800.0,4717.57,4717.58,4717.57,4717.57,1.5894
1778438700.0,4717.58,4717.58,4716.68,4717.24,13.0577
1778439600.0,4717.24,4717.24,4712.85,4716.05,14.9448
1778440500.0,4716.04,4717.53,4715.0,4715.01,4.2754
1778441400.0,4715.01,4715.01,4713.26,4713.26,4.1006
1778442300.0,4713.27,4714.09,4713.26,4713.29,2.0811
1778443200.0,4713.28,4713.74,4712.23,4712.4,7.5273
1778444100.0,4712.39,4712.4,4708.67,4709.38,9.2078
1778445000.0,4709.38,4709.38,4700.86,4701.73,31.7936
1778445900.0,4701.73,4701.73,4695.05,4701.18,15.8417
1778446800.0,4701.18,4705.38,4700.52,4700.52,16.7921
1778447700.0,4700.53,4700.77,4699.2,4700.51,14.9211
1778448600.0,4700.52,4701.98,4698.5,4698.5,12.0035
1778449500.0,4698.49,4700.3,4693.68,4699.42,33.6391
1778450400.0,4699.64,4702.69,4677.0,4680.29,560.6102
1778451300.0,4680.3,4688.13,4677.0,4686.65,127.1812
1778452200.0,4686.44,4686.44,4681.16,4684.01,32.8418
1778453100.0,4684.02,4687.31,4683.59,4684.95,34.7229
1778454000.0,4684.95,4689.07,4682.51,4683.84,31.8209
1778454900.0,4683.84,4689.66,4683.26,4688.01,27.0626
1778455800.0,4688.43,4691.06,4688.43,4691.06,29.143
1778456700.0,4691.06,4692.22,4684.68,4685.68,11.9054
1778457600.0,4685.67,4685.67,4675.89,4676.76,31.4134
1778458500.0,4676.97,4681.94,4672.16,4678.96,31.1028
1778459400.0,4678.96,4688.09,4678.96,4684.91,19.9121
1778460300.0,4684.9,4687.2,4666.21,4679.17,106.068
1778461200.0,4679.18,4693.69,4671.26,4687.54,140.0359
1778462100.0,4687.32,4699.63,4685.13,4694.8,50.3189
1778463000.0,4694.58,4696.16,4686.67,4689.33,33.5714
1778463900.0,4688.87,4691.0,4676.55,4681.16,31.2368
1778464800.0,4680.95,4687.97,4674.47,4682.63,34.4664
1778465700.0,4682.48,4684.01,4679.63,4684.01,9.6666
1778466600.0,4684.02,4694.8,4684.02,4684.9,41.6428
1778467500.0,4684.68,4688.64,4673.98,4677.2,23.2216
1778468400.0,4677.02,4683.57,4672.34,4682.04,13.1815
1778469300.0,4681.82,4683.57,4678.34,4683.57,22.2541
1778470200.0,4683.58,4683.8,4677.21,4681.95,12.7965
1778471100.0,4681.96,4681.96,4672.81,4674.51,13.2917
1778472000.0,4674.56,4674.78,4670.17,4672.58,13.6755
1778472900.0,4672.72,4673.79,4666.11,4666.27,83.8851
1778473800.0,4666.2,4667.95,4662.89,4667.07,20.2767
1778474700.0,4667.07,4669.49,4666.85,4666.85,9.6595
1778475600.0,4666.84,4669.89,4665.55,4667.52,9.4042
1778476500.0,4667.62,4669.5,4666.24,4666.24,8.322
1778477400.0,4666.2,4674.33,4658.51,4658.53,68.7933
1778478300.0,4658.5,4659.64,4646.62,4649.92,92.2107
1778479200.0,4649.93,4664.21,4648.17,4663.34,30.7866
1778480100.0,4663.33,4666.98,4662.24,4664.22,32.1023
1778481000.0,4664.44,4670.82,4664.44,4670.82,16.8608
1778481900.0,4670.81,4675.71,4669.5,4674.79,25.2717
1778482800.0,4675.0,4675.95,4671.92,4673.2,9.9369
1778483700.0,4673.2,4674.57,4669.73,4672.98,10.2079
1778484600.0,4672.98,4674.32,4669.07,4669.07,11.5912
1778485500.0,4669.09,4669.42,4662.9,4665.32,24.4787
1778486400.0,4665.54,4670.56,4662.6,4669.73,59.2716
1778487300.0,4669.73,4674.77,4669.73,4670.1,10.6361
1778488200.0,4670.0,4672.45,4667.05,4667.08,8.3919
1778489100.0,4667.08,4668.47,4664.1,4665.2,8.5078
1778490000.0,4665.2,4666.73,4662.8,4664.62,11.0916
1778490900.0,4664.63,4664.63,4655.33,4655.73,13.2804
1778491800.0,4655.73,4660.86,4650.0,4660.86,15.9487
1778492700.0,4660.84,4662.0,4655.0,4655.01,13.8769
1778493600.0,4655.02,4660.67,4655.02,4660.38,10.5419
1778494500.0,4660.08,4662.56,4658.68,4661.28,35.7388
1778495400.0,4661.1,4663.66,4658.55,4660.27,18.9545
1778496300.0,4660.38,4663.26,4659.66,4661.82,7.2366
1778497200.0,4661.98,4667.76,4661.97,4665.23,16.0113
1778498100.0,4665.23,4667.57,4665.23,4667.57,2.5888
1778499000.0,4667.58,4672.25,4666.51,4670.81,30.3197
1778499900.0,4670.82,4670.82,4667.05,4669.5,8.7019
1778500800.0,4669.74,4670.81,4664.53,4664.53,7.9444
1778501700.0,4664.53,4690.44,4664.53,4686.3,81.7783
1778502600.0,4686.46,4692.5,4685.59,4687.92,13.2123
1778503500.0,4687.82,4695.45,4682.16,4693.51,59.7852
1778504400.0,4694.04,4714.92,4693.87,4713.85,54.0561
1778505300.0,4714.01,4725.71,4713.68,4720.14,315.3058
1778506200.0,4720.14,4735.25,4720.14,4734.48,64.3149
1778507100.0,4734.49,4737.76,4725.85,4727.52,40.4075
1778508000.0,4727.5,4728.42,4709.59,4722.12,86.9582
1778508900.0,4722.13,4724.64,4716.35,4716.73,26.8233
1778509800.0,4716.73,4724.0,4707.8,4723.64,34.909
1778510700.0,4723.65,4725.18,4716.54,4718.29,29.2604
1778511600.0,4718.28,4721.76,4715.29,4719.2,14.7961
1778512500.0,4719.02,4728.57,4719.01,4723.2,32.2448
1778513400.0,4723.21,4725.0,4718.16,4718.7,19.8975
1778514300.0,4718.69,4722.66,4716.37,4722.63,14.6428
1778515200.0,4722.53,4723.72,4717.9,4717.91,21.379
1778516100.0,4718.1,4718.36,4714.12,4714.13,8.1749
1778517000.0,4714.38,4716.18,4700.34,4703.05,22.521
1778517900.0,4703.04,4706.81,4701.43,4706.64,9.0838
1778518800.0,4706.82,4710.78,4706.82,4709.16,4.2344
1778519700.0,4709.33,4711.97,4708.81,4709.52,17.774
1778520600.0,4709.35,4713.74,4709.35,4713.73,2.4509
1778521500.0,4713.73,4714.95,4711.94,4713.3,17.2483
1778522400.0,4713.48,4716.99,4713.48,4714.41,4.9141
1778523300.0,4714.41,4716.71,4711.73,4716.71,4.7358
1778524200.0,4716.72,4719.05,4716.58,4716.59,3.4507
1778525100.0,4716.58,4718.93,4715.42,4716.01,4.4552
1778526000.0,4716.0,4717.11,4714.75,4715.11,6.118
1778526900.0,4715.1,4715.11,4713.66,4713.67,1.8887
1778527800.0,4713.99,4717.8,4712.96,4717.29,2.5037
1778528700.0,4717.29,4725.18,4717.28,4722.84,14.2242
1778529600.0,4723.03,4725.26,4719.78,4724.64,12.7788
1778530500.0,4724.64,4724.64,4722.48,4723.59,4.0883
1778531400.0,4723.58,4726.78,4723.58,4725.29,25.9549
1778532300.0,4725.29,4725.3,4721.77,4723.19,5.379
1778533200.0,4723.18,4723.18,4721.0,4721.0,5.4878
1778534100.0,4720.88,4720.88,4718.0,4718.06,5.6034
1778535000.0,4718.07,4718.07,4717.51,4717.51,7.2183
1778535900.0,4717.51,4724.15,4717.5,4723.44,18.1584
1778536800.0,4723.45,4730.66,4723.45,4727.95,52.8225
1778537700.0,4727.94,4728.99,4727.1,4728.4,8.4211
1778538600.0,4728.41,4732.41,4728.15,4732.41,8.5372
1778539500.0,4732.4,4741.23,4732.4,4737.6,156.8115
1778540400.0,4737.61,4740.96,4733.19,4736.97,19.733
1778541300.0,4737.18,4740.44,4737.18,4739.91,21.0398
1778542200.0,4739.79,4744.53,4738.87,4743.05,24.8681
1778543100.0,4743.06,4755.65,4742.86,4754.19,34.9834
1778544000.0,4754.19,4756.28,4746.11,4754.34,35.5642
1778544900.0,4754.2,4759.43,4741.1,4750.28,25.1471
1778545800.0,4749.83,4749.98,4745.58,4745.58,12.8363
1778546700.0,4745.58,4748.72,4738.02,4738.02,33.0651
1778547600.0,4738.0,4743.58,4731.73,4734.45,39.6739
1778548500.0,4734.45,4739.7,4724.01,4725.63,44.5721
1778549400.0,4725.43,4727.69,4711.57,4719.59,45.2882
1778550300.0,4719.96,4722.04,4715.98,4717.23,21.5444
1778551200.0,4717.44,4724.13,4716.62,4721.85,14.7836
1778552100.0,4721.85,4721.85,4716.61,4717.85,17.9988
1778553000.0,4717.86,4720.38,4714.53,4720.38,17.1532
1778553900.0,4720.58,4722.69,4717.5,4721.22,12.4493
1778554800.0,4721.01,4722.27,4717.5,4721.64,8.8217
1778555700.0,4721.56,4721.56,4714.5,4714.5,12.6031
1778556600.0,4714.51,4717.7,4714.51,4715.22,7.0694
1778557500.0,4715.13,4715.13,4709.52,4711.0,18.5898
1778558400.0,4711.0,4713.45,4711.0,4712.62,5.1921
1778559300.0,4712.62,4720.41,4712.62,4713.46,12.6415
1778560200.0,4713.45,4716.59,4713.04,4716.11,5.3457
1778561100.0,4716.12,4716.12,4703.79,4706.1,30.0257
1778562000.0,4705.9,4709.04,4701.41,4703.37,12.166
1778562900.0,4703.57,4707.15,4703.57,4706.22,10.8628
1778563800.0,4706.22,4712.39,4704.22,4705.7,14.8583
1778564700.0,4706.14,4710.08,4702.33,4705.9,16.7864
1778565600.0,4705.89,4705.89,4695.19,4696.23,73.3659
1778566500.0,4696.22,4698.12,4688.09,4688.33,29.0445
1778567400.0,4688.38,4694.99,4688.09,4693.29,31.8099
1778568300.0,4693.29,4694.93,4686.0,4688.82,16.8345
1778569200.0,4688.46,4689.71,4679.44,4688.44,45.1881
1778570100.0,4688.44,4691.88,4687.21,4690.92,12.7369
1778571000.0,4690.92,4694.63,4689.28,4693.5,16.352
1778571900.0,4693.5,4696.08,4691.17,4693.21,17.5293
1778572800.0,4693.21,4699.05,4693.14,4693.14,24.5895
1778573700.0,4693.0,4695.0,4690.99,4694.98,32.0877
1778574600.0,4695.0,4695.0,4691.7,4692.41,21.6474
1778575500.0,4692.41,4698.0,4692.08,4695.65,22.925
1778576400.0,4695.65,4695.65,4691.34,4691.34,8.0636
1778577300.0,4691.34,4693.98,4690.8,4690.86,6.786
1778578200.0,4690.86,4697.29,4688.64,4689.48,19.5601
1778579100.0,4689.38,4694.76,4688.93,4692.77,10.1522
1778580000.0,4692.77,4700.59,4692.77,4698.22,6.0061
1778580900.0,4698.23,4698.41,4693.33,4694.0,26.2189
1778581800.0,4694.0,4694.0,4679.32,4685.77,74.0846
1778582700.0,4685.93,4688.11,4685.04,4688.11,11.095
1778583600.0,4688.27,4690.98,4681.62,4685.93,23.721
1778584500.0,4685.94,4692.5,4685.94,4692.5,11.0556
1778585400.0,4692.5,4698.57,4692.07,4698.55,15.9587
1778586300.0,4698.55,4701.4,4696.74,4700.71,10.1777
1778587200.0,4700.7,4700.92,4692.6,4699.26,12.2075
1778588100.0,4699.25,4701.39,4690.62,4692.78,36.4597
1778589000.0,4693.14,4703.21,4685.94,4698.36,45.4114
1778589900.0,4698.02,4706.99,4696.98,4701.24,21.1105
1778590800.0,4701.41,4703.7,4683.89,4685.39,25.2233
1778591700.0,4685.38,4691.7,4676.33,4688.6,67.9646
1778592600.0,4687.92,4697.28,4681.44,4694.76,31.9034
1778593500.0,4694.94,4697.28,4675.0,4676.33,43.6037
1778594400.0,4676.41,4691.6,4674.63,4690.99,39.5632
1778595300.0,4690.98,4690.99,4680.4,4680.42,47.6595
1778596200.0,4680.59,4685.71,4669.74,4683.71,35.9897
1778597100.0,4683.66,4683.66,4668.01,4670.92,31.7115
1778598000.0,4670.93,4673.74,4664.13,4664.13,59.5683
1778598900.0,4664.12,4664.68,4642.19,4658.0,467.8182
1778599800.0,4658.1,4668.0,4656.81,4665.64,41.2117
1778600700.0,4665.64,4669.21,4665.24,4666.51,39.7376
1778601600.0,4666.51,4671.25,4664.92,4671.24,22.9794
1778602500.0,4671.24,4672.75,4665.83,4667.13,13.7843
1778603400.0,4667.13,4668.77,4665.32,4668.2,24.8526
1778604300.0,4668.19,4671.8,4665.66,4669.74,19.3203
1778605200.0,4669.82,4676.82,4669.82,4675.17,16.7632
1778606100.0,4675.17,4680.44,4675.16,4677.72,13.9212
1778607000.0,4677.72,4679.52,4675.55,4679.52,6.8592
1778607900.0,4679.58,4679.58,4677.59,4677.76,6.535
1778608800.0,4677.76,4681.35,4675.51,4679.14,21.0519
1778609700.0,4679.14,4685.0,4678.96,4683.33,13.9719
1778610600.0,4683.17,4694.2,4683.17,4693.53,17.0239
1778611500.0,4693.36,4695.32,4688.77,4694.38,20.8441
1778612400.0,4694.38,4699.47,4694.38,4698.29,13.0972
1778613300.0,4698.26,4701.08,4697.79,4701.07,10.452
1778614200.0,4701.07,4707.03,4701.07,4707.03,22.3187
1778615100.0,4707.04,4711.72,4707.03,4711.72,11.9135
1778616000.0,4711.89,4714.45,4708.79,4709.54,10.4329
1778616900.0,4709.53,4710.53,4708.66,4708.67,7.9712
1778617800.0,4708.66,4709.34,4708.39,4709.16,8.2784
1778618700.0,4709.16,4710.02,4709.16,4710.02,8.3053
1778619600.0,4710.01,4710.01,4705.7,4705.7,4.4407
1778620500.0,4705.7,4705.87,4705.2,4705.86,5.2159
1778621400.0,4705.87,4706.38,4703.81,4703.88,9.4138
1778622300.0,4703.88,4704.59,4703.87,4704.59,2.4522
1778623200.0,4704.6,4715.0,4704.6,4708.5,38.4326
1778624100.0,4708.5,4712.94,4708.41,4710.9,25.0593
1778625000.0,4710.9,4713.88,4709.61,4710.13,14.6322
1778625900.0,4710.12,4715.2,4710.12,4710.62,8.6156
1778626800.0,4710.62,4716.11,4710.2,4711.8,30.3156
1778627700.0,4711.81,4716.52,4711.2,4714.8,19.8419
1778628600.0,4714.63,4714.93,4710.83,4714.2,6.4825
1778629500.0,4714.19,4716.65,4709.81,4712.2,13.3869
1778630400.0,4712.06,4720.0,4709.63,4714.4,37.2754
1778631300.0,4714.4,4719.6,4714.4,4716.12,14.6164
1778632200.0,4716.21,4718.2,4712.51,4714.53,19.5682
1778633100.0,4714.52,4714.52,4706.69,4707.59,19.5264
1778634000.0,4707.6,4710.19,4702.01,4704.0,37.3101
1778634900.0,4703.85,4703.85,4697.5,4698.19,13.8232
1778635800.0,4698.18,4703.6,4696.76,4703.58,11.7476
1778636700.0,4703.59,4705.0,4695.54,4696.62,10.9048
1778637600.0,4696.73,4701.39,4694.49,4696.51,10.9092
1778638500.0,4696.51,4698.97,4694.6,4695.23,8.6456
1778639400.0,4695.22,4695.22,4690.94,4690.94,3.4839
1778640300.0,4690.85,4691.36,4685.01,4687.99,17.6756
1778641200.0,4687.99,4689.2,4685.6,4687.61,11.7439
1778642100.0,4688.01,4695.05,4688.01,4695.05,4.9335
1778643000.0,4695.05,4700.39,4695.05,4699.21,10.6036
1778643900.0,4699.2,4699.6,4690.41,4691.4,7.3735
1778644800.0,4691.4,4694.2,4691.21,4693.0,3.6055
1778645700.0,4693.0,4698.26,4693.0,4696.99,2.9323
1778646600.0,4697.0,4698.17,4694.51,4695.23,3.5002
1778647500.0,4695.16,4697.49,4695.15,4695.41,2.7297
1778648400.0,4695.59,4701.41,4695.27,4699.64,8.6952
1778649300.0,4699.61,4699.61,4693.06,4693.06,9.2154
1778650200.0,4693.06,4695.6,4688.87,4691.45,8.2661
1778651100.0,4691.41,4697.99,4691.03,4697.98,2.042
1778652000.0,4697.98,4705.0,4697.98,4704.17,6.9786
1778652900.0,4704.17,4707.49,4701.46,4701.79,4.0053
1778653800.0,4701.78,4706.74,4701.78,4706.0,4.9894
1778654700.0,4705.82,4705.83,4694.98,4695.6,8.4428
1778655600.0,4695.6,4699.6,4692.5,4696.71,11.9577
1778656500.0,4696.71,4701.5,4696.71,4701.49,14.1155
1778657400.0,4701.49,4701.49,4697.67,4697.67,29.2528
1778658300.0,4697.67,4698.25,4696.26,4697.48,14.1615
1778659200.0,4697.48,4697.48,4693.51,4694.99,5.3534
1778660100.0,4695.0,4695.25,4691.0,4692.1,16.9147
1778661000.0,4692.11,4694.24,4690.65,4691.1,4.4251
1778661900.0,4691.1,4696.74,4691.0,4695.76,5.6836
1778662800.0,4695.76,4696.02,4690.0,4690.0,5.4398
1778663700.0,4690.0,4690.27,4682.13,4685.02,38.2866
1778664600.0,4685.02,4690.0,4683.01,4690.0,12.2023
1778665500.0,4689.99,4695.41,4689.54,4695.41,10.4515
1778666400.0,4695.4,4703.25,4694.59,4697.52,15.322
1778667300.0,4697.51,4699.49,4694.12,4694.25,14.3499
1778668200.0,4694.01,4694.36,4689.26,4689.7,11.1934
1778669100.0,4689.71,4691.25,4688.46,4689.36,14.8096
1778670000.0,4689.36,4693.28,4686.6,4692.74,9.2242
1778670900.0,4692.73,4693.99,4691.51,4693.23,3.8086
1778671800.0,4693.24,4699.24,4693.24,4697.19,11.0047
1778672700.0,4697.25,4699.38,4693.75,4693.75,8.4939
1778673600.0,4693.75,4695.74,4690.01,4690.01,19.4101
1778674500.0,4690.01,4690.01,4680.87,4680.87,22.1085
1778675400.0,4680.87,4682.4,4673.99,4679.72,93.3123
1778676300.0,4679.73,4680.69,4675.0,4679.41,22.621
1778677200.0,4679.41,4685.8,4679.41,4685.2,6.1886
1778678100.0,4685.21,4688.19,4683.0,4684.0,11.5712
1778679000.0,4683.99,4685.0,4670.0,4675.01,30.6748
1778679900.0,4675.01,4679.39,4666.7,4677.0,18.6909
1778680800.0,4676.8,4680.0,4671.1,4678.02,13.2575
1778681700.0,4678.01,4682.0,4671.6,4681.95,6.0971
1778682600.0,4681.95,4686.65,4681.15,4681.2,14.7051
1778683500.0,4681.02,4681.21,4675.07,4676.6,17.0666
1778684400.0,4676.6,4685.94,4676.01,4683.8,26.5588
1778685300.0,4683.6,4686.18,4681.41,4686.05,15.738
1778686200.0,4686.04,4694.02,4683.01,4693.42,15.4795
1778687100.0,4693.43,4693.43,4688.88,4689.29,41.8767
1778688000.0,4689.28,4702.17,4689.28,4698.19,409.8515
1778688900.0,4698.2,4704.82,4695.61,4702.8,55.6809
1778689800.0,4702.8,4702.8,4695.8,4695.8,29.3396
1778690700.0,4695.8,4696.59,4690.61,4690.71,22.5755
1778691600.0,4690.71,4695.0,4690.71,4694.99,70.4498
1778692500.0,4694.99,4694.99,4692.14,4693.2,6.2984
1778693400.0,4692.61,4692.61,4685.61,4686.6,10.9217
1778694300.0,4686.21,4688.39,4680.63,4680.64,14.7332
1778695200.0,4680.63,4686.4,4680.41,4686.4,2.2398
1778696100.0,4686.58,4688.39,4684.46,4686.41,4.4501
1778697000.0,4686.41,4687.05,4681.4,4681.41,12.8587
1778697900.0,4681.4,4682.31,4674.0,4680.61,10.9988
1778698800.0,4680.61,4683.47,4679.21,4683.47,6.8434
1778699700.0,4683.47,4684.54,4682.82,4682.85,6.2722
1778700600.0,4682.85,4683.59,4681.0,4683.17,4.4998
1778701500.0,4683.58,4684.24,4679.0,4682.39,11.3848
1778702400.0,4682.4,4683.99,4679.65,4683.99,8.2332
1778703300.0,4684.16,4686.59,4684.16,4686.03,2.225
1778704200.0,4686.0,4686.39,4684.0,4684.82,2.8939
1778705100.0,4684.82,4684.97,4682.92,4683.82,11.7039
1778706000.0,4684.0,4684.0,4682.15,4683.2,11.1049
1778706900.0,4683.19,4683.19,4682.88,4682.88,3.06
1778707800.0,4682.89,4683.0,4681.97,4682.5,8.0142
1778708700.0,4682.49,4683.05,4682.49,4683.05,0.4652
1778709600.0,4683.05,4687.68,4683.05,4684.57,25.5676
1778710500.0,4684.57,4689.83,4684.57,4689.83,4.1349
1778711400.0,4689.84,4693.0,4689.84,4692.99,3.3234
1778712300.0,4692.99,4693.47,4691.76,4693.3,3.5086
1778713200.0,4693.29,4694.62,4693.29,4694.61,2.0022
1778714100.0,4694.62,4694.62,4691.07,4691.33,11.735
1778715000.0,4691.32,4691.33,4689.37,4689.4,6.0678
1778715900.0,4689.4,4689.55,4687.41,4689.35,15.5244
1778716800.0,4689.35,4692.24,4683.47,4689.7,54.8201
1778717700.0,4690.32,4696.66,4690.32,4692.95,29.195
1778718600.0,4692.95,4694.88,4686.01,4692.5,19.4749
1778719500.0,4692.49,4698.27,4692.01,4697.51,15.8394
1778720400.0,4697.52,4698.57,4678.8,4683.11,47.4726
1778721300.0,4683.1,4688.62,4681.81,4686.73,16.5808
1778722200.0,4686.72,4688.16,4678.78,4683.35,23.714
1778723100.0,4683.35,4688.4,4679.53,4683.03,15.4034
1778724000.0,4683.04,4687.19,4681.2,4681.91,11.3369
1778724900.0,4681.92,4686.96,4681.47,4686.47,7.2751
1778725800.0,4686.48,4692.0,4683.85,4684.8,10.1204
1778726700.0,4685.02,4686.48,4675.36,4679.52,11.6177
1778727600.0,4679.52,4683.35,4676.65,4677.77,10.5589
1778728500.0,4677.76,4685.0,4675.92,4684.32,12.2028
1778729400.0,4684.14,4684.15,4670.88,4670.89,17.3031
1778730300.0,4670.89,4671.42,4668.0,4668.73,9.3854
1778731200.0,4668.48,4674.83,4663.32,4674.83,38.9193
1778732100.0,4674.83,4697.09,4674.83,4693.36,48.4863
1778733000.0,4693.2,4701.97,4692.51,4694.72,35.0152
1778733900.0,4694.72,4696.58,4693.54,4693.55,8.6672
1778734800.0,4693.55,4695.22,4690.82,4690.82,7.1448
1778735700.0,4690.81,4690.81,4685.57,4685.6,5.1428
1778736600.0,4685.6,4691.65,4685.38,4689.47,24.5739
1778737500.0,4689.28,4694.37,4682.31,4682.33,16.4665
1778738400.0,4682.32,4686.72,4679.86,4680.44,18.5994
1778739300.0,4680.43,4684.86,4680.43,4684.01,8.7747
1778740200.0,4683.93,4691.25,4683.29,4691.25,16.3116
1778741100.0,4691.24,4693.75,4688.1,4691.82,10.0842
1778742000.0,4691.82,4693.19,4686.9,4687.91,14.4452
1778742900.0,4687.91,4697.08,4687.5,4696.77,8.1324
1778743800.0,4696.78,4708.43,4694.57,4700.3,27.9842
1778744700.0,4700.08,4700.09,4684.9,4686.43,38.7396
1778745600.0,4686.43,4692.81,4685.79,4691.5,16.6926
1778746500.0,4691.72,4696.54,4690.63,4696.33,17.8793
1778747400.0,4695.91,4697.5,4689.3,4689.31,14.2806
1778748300.0,4689.31,4689.31,4686.26,4686.26,24.4773
1778749200.0,4686.27,4690.83,4683.8,4687.76,20.9282
1778750100.0,4687.3,4688.75,4684.57,4684.68,5.3364
1778751000.0,4683.82,4690.0,4682.26,4688.42,8.4958
1778751900.0,4688.43,4694.57,4688.43,4693.04,5.8757
1778752800.0,4693.04,4696.56,4690.01,4690.02,19.4468
1778753700.0,4690.02,4690.84,4687.5,4690.58,15.6839
1778754600.0,4690.39,4690.39,4685.57,4686.42,11.4366
1778755500.0,4686.42,4690.0,4685.41,4689.48,9.8341
1778756400.0,4689.49,4690.99,4686.67,4690.79,5.7482
1778757300.0,4690.7,4690.7,4684.21,4686.28,7.0637
1778758200.0,4686.01,4689.74,4685.34,4689.08,3.9031
1778759100.0,4688.98,4697.5,4686.22,4689.3,149.4708
1778760000.0,4688.86,4695.68,4687.21,4695.68,11.2451
1778760900.0,4696.11,4699.64,4691.96,4695.69,14.3078
1778761800.0,4695.68,4702.12,4692.8,4692.8,9.6017
1778762700.0,4692.01,4698.75,4690.42,4698.74,12.8408
1778763600.0,4698.75,4700.0,4690.21,4697.5,13.8863
1778764500.0,4697.49,4697.49,4682.8,4682.8,21.61
1778765400.0,4682.62,4683.41,4663.33,4672.48,81.2994
1778766300.0,4672.47,4685.4,4672.1,4674.6,35.9087
1778767200.0,4674.6,4684.0,4673.2,4681.2,23.0918
1778768100.0,4681.2,4692.83,4681.2,4684.6,31.8513
1778769000.0,4684.6,4685.65,4681.22,4681.22,15.4681
1778769900.0,4681.2,4684.4,4676.0,4676.0,16.5081
1778770800.0,4675.96,4681.6,4673.95,4680.55,18.3446
1778771700.0,4680.54,4683.75,4680.2,4682.0,13.5362
1778772600.0,4681.6,4683.81,4677.61,4678.59,9.868
1778773500.0,4678.6,4681.25,4677.5,4680.67,16.3397
1778774400.0,4680.68,4681.24,4671.52,4675.17,35.9999
1778775300.0,4675.17,4677.5,4672.5,4672.99,12.1442
1778776200.0,4673.31,4674.82,4668.0,4671.27,22.1094
1778777100.0,4671.28,4675.56,4669.76,4675.56,14.0382
1778778000.0,4675.57,4678.52,4675.45,4675.45,9.1829
1778778900.0,4675.17,4679.17,4674.12,4674.13,12.8025
1778779800.0,4674.13,4677.35,4673.76,4677.34,32.1951
1778780700.0,4677.35,4677.96,4675.39,4675.39,7.8715
1778781600.0,4675.0,4675.0,4667.01,4671.24,41.4386
1778782500.0,4671.23,4672.36,4670.68,4670.69,5.5498
1778783400.0,4670.69,4671.04,4667.11,4667.12,7.2875
1778784300.0,4667.11,4669.3,4665.81,4669.29,22.9229
1778785200.0,4669.3,4669.3,4665.37,4665.37,10.1712
1778786100.0,4665.37,4665.92,4661.8,4661.8,9.8645
1778787000.0,4661.8,4662.56,4655.17,4655.7,53.6811
1778787900.0,4655.7,4657.66,4647.19,4651.78,125.7274
1778788800.0,4651.77,4654.71,4648.05,4649.02,28.0394
1778789700.0,4649.02,4649.18,4646.47,4646.6,11.274
1778790600.0,4646.83,4652.07,4644.09,4650.34,31.3443
1778791500.0,4650.33,4652.17,4650.33,4652.17,8.3071
1778792400.0,4652.2,4656.96,4652.2,4656.96,12.2863
1778793300.0,4656.96,4658.58,4656.96,4658.58,7.2368
1778794200.0,4658.57,4659.2,4658.17,4658.88,31.4878
1778795100.0,4658.97,4659.43,4657.5,4657.5,16.5917
1778796000.0,4657.27,4658.75,4647.12,4656.69,171.4423
1778796900.0,4656.69,4658.75,4656.69,4658.68,7.1792
1778797800.0,4658.68,4661.4,4658.68,4661.4,16.2154
1778798700.0,4661.4,4661.4,4660.07,4661.17,6.7252
1778799600.0,4661.17,4661.82,4658.42,4659.11,35.1593
1778800500.0,4659.1,4662.5,4656.01,4662.5,25.0233
1778801400.0,4662.5,4663.48,4647.13,4656.69,64.63
1778802300.0,4656.69,4656.69,4648.75,4651.81,12.972
1778803200.0,4651.81,4652.87,4643.93,4649.02,67.5343
1778804100.0,4649.02,4656.15,4630.55,4630.55,144.1026
1778805000.0,4630.55,4630.99,4616.67,4621.26,244.1326
1778805900.0,4621.26,4631.25,4620.0,4631.25,99.5276
1778806800.0,4631.3,4631.85,4611.0,4616.42,129.457
1778807700.0,4616.41,4624.97,4610.25,4610.25,116.6749
1778808600.0,4610.43,4621.59,4610.0,4621.38,51.6272
1778809500.0,4621.38,4622.94,4608.09,4613.28,79.3855
1778810400.0,4613.28,4617.74,4610.57,4613.77,38.9108
1778811300.0,4613.77,4615.65,4610.53,4612.51,11.4108
1778812200.0,4612.51,4616.19,4610.11,4616.19,11.8251
1778813100.0,4616.25,4621.86,4611.87,4617.28,27.3042
1778814000.0,4617.28,4620.77,4615.05,4616.71,102.1909
1778814900.0,4616.71,4617.22,4610.26,4612.42,18.8778
1778815800.0,4612.42,4615.65,4607.82,4613.75,29.1594
1778816700.0,4613.5,4616.24,4611.26,4615.37,28.9843
1778817600.0,4615.37,4620.85,4613.5,4619.15,23.7052
1778818500.0,4619.14,4619.15,4607.96,4610.7,25.5534
1778819400.0,4610.69,4613.49,4605.72,4605.72,30.186
1778820300.0,4605.72,4611.23,4605.67,4605.67,23.5055
1778821200.0,4605.56,4605.57,4589.69,4592.61,104.8496
1778822100.0,4592.61,4595.13,4583.27,4591.06,60.9007
1778823000.0,4590.55,4590.94,4567.86,4572.57,217.3568
1778823900.0,4572.56,4575.96,4563.55,4563.61,109.3737
1778824800.0,4563.55,4575.96,4561.63,4572.99,90.7216
1778825700.0,4573.26,4581.08,4573.26,4578.45,45.5095
1778826600.0,4578.44,4583.25,4573.06,4573.06,58.7179
1778827500.0,4573.07,4578.66,4569.24,4573.8,31.1087
1778828400.0,4574.19,4589.18,4571.17,4589.01,32.8838
1778829300.0,4589.18,4592.16,4584.54,4586.24,42.2104
1778830200.0,4586.25,4586.76,4580.83,4583.24,23.3481
1778831100.0,4583.24,4583.75,4575.42,4576.73,27.4178
1778832000.0,4576.73,4577.96,4563.55,4569.88,40.7621
1778832900.0,4570.3,4570.3,4559.27,4563.76,181.4987
1778833800.0,4563.75,4567.13,4556.76,4567.12,52.1526
1778834700.0,4567.2,4568.26,4556.73,4558.21,65.8421
1778835600.0,4558.21,4566.9,4552.64,4553.08,79.1874
1778836500.0,4553.08,4560.59,4546.34,4559.96,94.1094
1778837400.0,4559.96,4561.2,4550.26,4550.99,66.863
1778838300.0,4550.99,4552.2,4539.6,4551.8,178.823
1778839200.0,4551.8,4566.89,4550.22,4566.0,45.7556
1778840100.0,4565.86,4566.9,4557.6,4557.6,40.4357
1778841000.0,4557.61,4561.49,4555.55,4559.7,78.9067
1778841900.0,4560.0,4573.6,4559.6,4567.56,165.1054
1778842800.0,4567.57,4571.99,4563.9,4568.4,33.5748
1778843700.0,4568.4,4569.99,4562.7,4564.99,44.2271
1778844600.0,4564.99,4565.0,4555.8,4555.8,76.7667
1778845500.0,4555.65,4561.5,4554.62,4555.96,32.2848
1778846400.0,4555.95,4558.96,4550.4,4550.42,41.7547
1778847300.0,4550.42,4562.09,4550.12,4559.56,38.1951
1778848200.0,4559.56,4559.56,4548.96,4550.87,59.3063
1778849100.0,4550.87,4558.8,4549.21,4550.95,35.9711
1778850000.0,4550.95,4553.4,4541.77,4550.86,86.8105
1778850900.0,4550.86,4559.99,4545.41,4553.24,58.1609
1778851800.0,4553.25,4555.0,4527.93,4527.93,206.8433
1778852700.0,4527.63,4547.46,4520.0,4539.02,212.4878
1778853600.0,4539.02,4554.49,4532.5,4550.0,99.7228
1778854500.0,4549.75,4566.0,4547.0,4558.74,81.6271
1778855400.0,4558.75,4564.02,4554.14,4560.5,83.0216
1778856300.0,4560.49,4568.75,4550.89,4566.26,55.1023
1778857200.0,4566.26,4568.6,4556.51,4557.34,92.3924
1778858100.0,4557.5,4558.25,4550.12,4552.5,54.8775
1778859000.0,4552.75,4556.19,4548.0,4548.75,44.3282
1778859900.0,4548.74,4551.0,4542.01,4547.49,78.7478
1778860800.0,4547.5,4549.5,4538.75,4541.15,34.6446
1778861700.0,4541.14,4550.25,4540.5,4548.5,24.3242
1778862600.0,4548.5,4555.0,4548.5,4555.0,21.7308
1778863500.0,4555.0,4555.46,4550.51,4552.24,16.3163
1778864400.0,4552.25,4563.72,4551.51,4563.48,45.6716
1778865300.0,4563.49,4569.34,4562.01,4563.65,19.9459
1778866200.0,4563.65,4568.5,4563.65,4566.94,19.9175
1778867100.0,4566.94,4568.25,4563.76,4565.24,13.5764
1778868000.0,4565.25,4566.88,4562.75,4566.5,16.8954
1778868900.0,4566.5,4568.0,4556.75,4561.27,81.0095
1778869800.0,4562.0,4562.82,4557.32,4562.0,22.8818
1778870700.0,4562.01,4566.6,4562.0,4564.26,13.1876
1778871600.0,4564.26,4564.73,4556.09,4556.75,8.8524
1778872500.0,4556.53,4557.75,4555.76,4555.77,9.9776
1778873400.0,4555.77,4560.0,4555.77,4559.26,20.0666
1778874300.0,4559.26,4559.8,4552.77,4552.99,8.3218
1778875200.0,4552.77,4552.9,4541.84,4542.59,202.5469
1778876100.0,4542.59,4542.59,4535.8,4541.5,137.3841
1778877000.0,4541.75,4546.22,4539.47,4540.21,261.4576
1778877900.0,4540.34,4541.5,4537.01,4541.5,137.9366
1778878800.0,4541.49,4541.5,4539.76,4541.5,18.7409
1778879700.0,4541.49,4541.97,4540.49,4540.5,10.2156
1778880600.0,4540.5,4540.5,4538.0,4538.0,5.8435
1778881500.0,4538.0,4538.74,4538.0,4538.74,1.8761
1778882400.0,4538.75,4543.0,4538.75,4541.93,49.6318
1778883300.0,4541.93,4542.5,4541.84,4541.84,2.6143
1778884200.0,4541.83,4541.83,4541.49,4541.69,4.135
1778885100.0,4541.7,4541.7,4541.69,4541.7,1.0387
1778886000.0,4541.7,4542.51,4541.69,4542.51,3.0787
1778886900.0,4542.51,4542.74,4541.76,4541.76,15.7277
1778887800.0,4541.76,4541.76,4540.59,4540.68,4.1804
1778888700.0,4540.68,4542.11,4540.67,4542.11,2.4675
1778889600.0,4542.1,4542.1,4540.77,4542.0,13.1924
1778890500.0,4542.0,4542.0,4541.59,4541.61,4.5084
1778891400.0,4541.61,4542.96,4541.61,4542.71,22.048
1778892300.0,4542.7,4542.7,4541.75,4541.76,4.5977
1778893200.0,4541.76,4542.25,4541.76,4541.87,5.2058
1778894100.0,4542.25,4542.25,4541.51,4541.51,1.3192
1778895000.0,4541.51,4541.51,4540.89,4540.89,2.1602
1778895900.0,4540.89,4542.0,4540.89,4542.0,7.1042
1778896800.0,4542.0,4542.0,4541.99,4542.0,1.0623
1778897700.0,4541.99,4542.87,4541.99,4542.26,8.3926
1778898600.0,4542.25,4542.26,4541.99,4541.99,12.4114
1778899500.0,4541.96,4541.96,4541.09,4541.45,14.6935
1778900400.0,4541.45,4541.8,4541.44,4541.79,3.4922
1778901300.0,4541.79,4541.84,4541.78,4541.83,6.7584
1778902200.0,4541.84,4542.84,4541.84,4542.7,20.1626
1778903100.0,4542.71,4542.95,4542.7,4542.71,52.2257
1778904000.0,4542.7,4542.75,4541.79,4542.15,16.9892
1778904900.0,4542.14,4542.15,4542.14,4542.15,1.381
1778905800.0,4541.97,4542.09,4540.51,4542.09,17.0611
1778906700.0,4542.09,4542.74,4541.84,4541.84,10.0875
1778907600.0,4541.84,4542.95,4541.76,4542.8,62.2175
1778908500.0,4542.66,4542.8,4542.64,4542.65,14.711
1778909400.0,4542.65,4542.83,4542.25,4542.49,16.5509
1778910300.0,4542.49,4542.79,4542.48,4542.69,25.1719
1778911200.0,4542.69,4542.71,4542.49,4542.7,5.8874
1778912100.0,4542.71,4542.71,4540.38,4541.96,2.352
1778913000.0,4541.96,4542.71,4541.0,4541.0,8.3229
1778913900.0,4541.01,4541.01,4538.38,4538.39,13.0123
1778914800.0,4538.39,4538.39,4529.07,4529.51,17.9511
1778915700.0,4529.51,4533.6,4526.59,4533.6,66.1361
1778916600.0,4532.49,4535.5,4532.03,4535.5,6.6845
1778917500.0,4535.5,4536.0,4535.49,4535.99,2.4537
1778918400.0,4535.99,4535.99,4535.46,4535.71,9.9063
1778919300.0,4535.71,4535.72,4533.74,4535.48,29.2567
1778920200.0,4535.48,4536.57,4535.47,4536.57,6.3688
1778921100.0,4536.58,4536.58,4535.76,4535.76,2.97
1778922000.0,4535.76,4535.76,4535.47,4535.48,3.7812
1778922900.0,4535.47,4535.47,4528.24,4528.76,31.0659
1778923800.0,4528.75,4532.64,4528.75,4532.64,24.1914
1778924700.0,4532.64,4534.24,4531.23,4531.67,47.0423
1778925600.0,4531.67,4531.75,4522.31,4527.9,151.8055
1778926500.0,4527.81,4528.8,4527.55,4528.25,24.6327
1778927400.0,4528.24,4530.1,4528.24,4529.5,3.3259
1778928300.0,4529.5,4531.13,4527.66,4528.06,42.5395
1778929200.0,4528.07,4529.67,4523.0,4525.29,279.6072
1778930100.0,4525.3,4525.49,4524.01,4524.85,40.8176
1778931000.0,4524.86,4526.52,4524.85,4525.18,44.1963
1778931900.0,4525.17,4529.0,4524.48,4529.0,46.7084
1778932800.0,4528.99,4529.0,4527.25,4528.61,12.7394
1778933700.0,4528.6,4530.49,4528.6,4530.49,4.0375
1778934600.0,4530.5,4532.0,4530.5,4531.99,3.08
1778935500.0,4532.0,4532.0,4531.98,4532.0,1.3983
1778936400.0,4531.99,4531.99,4531.0,4531.18,3.5753
1778937300.0,4531.18,4533.45,4531.17,4532.85,9.962
1778938200.0,4532.85,4533.0,4531.26,4531.26,4.3519
1778939100.0,4531.26,4531.26,4528.01,4529.75,19.6937
1778940000.0,4529.75,4530.0,4529.4,4529.57,7.7727
1778940900.0,4529.57,4529.57,4529.56,4529.57,2.6254
1778941800.0,4529.57,4532.28,4529.57,4532.28,5.5078
1778942700.0,4532.28,4533.7,4532.28,4533.7,8.2954
1778943600.0,4533.75,4535.43,4533.75,4534.53,17.8217
1778944500.0,4534.53,4534.53,4533.22,4533.22,4.9069
1778945400.0,4533.23,4542.71,4533.22,4536.77,108.4655
1778946300.0,4536.75,4536.75,4536.5,4536.5,6.8007
1778947200.0,4536.51,4536.89,4536.5,4536.5,2.7753
1778948100.0,4536.5,4538.43,4536.45,4536.9,20.4383
1778949000.0,4536.91,4537.19,4536.0,4536.0,4.812
1778949900.0,4535.75,4537.2,4535.0,4537.16,7.7241
1778950800.0,4537.16,4537.2,4535.5,4535.51,2.7685
1778951700.0,4535.51,4537.51,4535.5,4537.5,4.9811
1778952600.0,4537.5,4537.51,4537.5,4537.51,2.772
1778953500.0,4537.51,4537.75,4536.0,4536.0,3.6008
1778954400.0,4535.76,4537.32,4535.75,4537.31,4.6417
1778955300.0,4537.09,4537.09,4536.19,4537.0,7.6092
1778956200.0,4537.0,4537.83,4536.99,4537.83,3.9255
1778957100.0,4537.82,4540.18,4537.81,4540.15,2.541
1778958000.0,4540.16,4540.27,4540.15,4540.26,2.6059
1778958900.0,4540.27,4540.55,4540.26,4540.55,2.7423
1778959800.0,4540.55,4540.55,4540.47,4540.47,1.9415
1778960700.0,4540.47,4540.47,4538.25,4538.25,2.6312
1778961600.0,4538.11,4538.11,4537.65,4537.66,7.8953
1778962500.0,4537.65,4538.87,4537.65,4538.87,2.902
1778963400.0,4538.98,4538.98,4537.96,4537.97,2.4275
1778964300.0,4537.96,4537.96,4537.0,4537.01,5.4602
1778965200.0,4537.01,4537.01,4535.5,4535.5,2.1224
1778966100.0,4535.51,4538.25,4535.51,4538.2,5.1519
1778967000.0,4537.75,4537.75,4534.03,4534.62,8.8448
1778967900.0,4534.62,4534.62,4534.04,4534.46,0.9053
1778968800.0,4534.46,4537.09,4533.6,4537.08,11.1189
1778969700.0,4537.08,4537.5,4537.08,4537.49,1.389
1778970600.0,4537.5,4538.74,4537.49,4538.74,2.1451
1778971500.0,4538.75,4538.75,4538.72,4538.72,3.3399
1778972400.0,4538.73,4538.73,4538.56,4538.57,2.9003
1778973300.0,4538.57,4538.57,4538.56,4538.57,0.0794
1778974200.0,4538.56,4539.24,4538.56,4539.24,2.3465
1778975100.0,4539.25,4539.25,4538.25,4538.25,1.1765
1778976000.0,4538.26,4539.88,4538.26,4538.51,8.8803
1778976900.0,4538.52,4538.86,4538.52,4538.86,1.8293
1778977800.0,4539.19,4539.49,4538.29,4538.29,1.0954
1778978700.0,4538.29,4539.24,4538.05,4538.05,4.2833
1778979600.0,4538.06,4538.06,4536.19,4536.31,0.9439
1778980500.0,4536.3,4536.76,4536.0,4536.0,4.2438
1778981400.0,4536.0,4536.01,4532.67,4532.67,3.3411
1778982300.0,4532.68,4534.61,4532.68,4532.97,2.4646
1778983200.0,4532.97,4533.75,4532.97,4533.75,4.1747
1778984100.0,4533.75,4534.78,4533.74,4533.75,5.3677
1778985000.0,4533.75,4534.33,4533.74,4534.33,2.8549
1778985900.0,4534.33,4534.72,4534.32,4534.72,3.2164
1778986800.0,4534.72,4534.72,4534.46,4534.47,2.0572
1778987700.0,4534.47,4535.9,4534.46,4535.9,2.3923
1778988600.0,4535.9,4536.39,4535.86,4535.86,5.5894
1778989500.0,4535.86,4536.13,4535.86,4536.12,0.9848
1778990400.0,4536.13,4536.13,4536.0,4536.0,0.4117
1778991300.0,4536.0,4536.01,4536.0,4536.0,0.4228
1778992200.0,4536.01,4536.01,4536.0,4536.0,0.5222
1778993100.0,4536.01,4536.68,4536.0,4536.68,1.6779
1778994000.0,4536.67,4536.98,4536.67,4536.98,1.4737
1778994900.0,4536.98,4537.06,4533.76,4533.76,3.8541
1778995800.0,4533.76,4533.76,4531.51,4532.25,3.9733
1778996700.0,4532.24,4532.25,4527.5,4528.0,24.4229
1778997600.0,4528.01,4530.49,4526.96,4530.49,76.8585
1778998500.0,4530.49,4530.68,4529.93,4530.01,11.5614
1778999400.0,4530.0,4530.16,4529.95,4530.15,3.5272
1779000300.0,4530.16,4530.16,4530.15,4530.16,1.955
1779001200.0,4530.15,4533.51,4530.15,4533.51,39.5208
1779002100.0,4533.51,4533.51,4533.11,4533.12,4.7365
1779003000.0,4533.11,4533.12,4532.87,4532.88,2.0151
1779003900.0,4532.88,4532.88,4532.5,4532.51,0.1351
1779004800.0,4532.5,4532.51,4532.19,4532.35,2.3626
1779005700.0,4532.36,4532.5,4532.35,4532.49,2.0506
1779006600.0,4532.49,4532.5,4532.49,4532.5,0.3938
1779007500.0,4532.5,4532.51,4532.49,4532.49,7.0795
1779008400.0,4532.5,4532.51,4532.49,4532.5,2.6655
1779009300.0,4532.5,4532.51,4532.36,4532.37,1.8486
1779010200.0,4532.37,4532.37,4532.36,4532.36,1.621
1779011100.0,4532.37,4533.15,4532.36,4533.15,2.7288
1779012000.0,4533.15,4535.22,4533.15,4534.28,11.2098
1779012900.0,4534.29,4535.2,4534.28,4535.19,7.4225
1779013800.0,4535.19,4538.9,4535.19,4538.25,16.9773
1779014700.0,4538.25,4538.26,4538.25,4538.25,1.6835
1779015600.0,4538.26,4538.26,4537.26,4537.46,2.5644
1779016500.0,4537.46,4537.47,4537.46,4537.46,0.5965
1779017400.0,4537.46,4539.31,4537.46,4539.31,4.3488
1779018300.0,4539.34,4541.03,4539.34,4541.01,19.8686
1779019200.0,4541.02,4541.02,4540.27,4540.28,1.6634
1779020100.0,4540.28,4540.28,4540.27,4540.28,1.3119
1779021000.0,4540.28,4540.28,4540.27,4540.28,7.0525
1779021900.0,4540.28,4541.0,4540.27,4541.0,3.0619
1779022800.0,4541.0,4541.0,4540.3,4540.31,7.35
1779023700.0,4540.31,4540.31,4538.5,4538.51,1.6098
1779024600.0,4538.51,4540.42,4538.5,4540.42,2.351
1779025500.0,4540.42,4542.0,4540.2,4540.76,10.5097
1779026400.0,4540.76,4540.76,4539.75,4539.75,5.963
1779027300.0,4539.76,4539.76,4537.79,4539.5,2.585
1779028200.0,4539.49,4539.49,4537.46,4538.0,4.2361
1779029100.0,4537.99,4541.0,4537.99,4540.3,12.0272
1779030000.0,4540.25,4543.63,4539.51,4542.75,7.7283
1779030900.0,4542.76,4543.25,4542.0,4542.59,49.9959
1779031800.0,4542.59,4543.24,4541.96,4541.97,22.1997
1779032700.0,4541.97,4543.24,4540.63,4540.64,52.0609
1779033600.0,4540.64,4542.07,4540.63,4542.07,5.8395
1779034500.0,4542.07,4542.53,4540.81,4540.81,19.9746
1779035400.0,4540.81,4542.58,4540.81,4542.58,3.6394
1779036300.0,4542.58,4542.58,4540.81,4540.85,3.0111
1779037200.0,4540.85,4540.85,4538.87,4538.88,3.1434
1779038100.0,4538.88,4538.94,4538.84,4538.94,8.7409
1779039000.0,4538.94,4539.33,4537.46,4537.47,9.8494
1779039900.0,4537.47,4538.47,4537.46,4538.46,2.2949
1779040800.0,4538.47,4538.47,4537.5,4537.51,5.452
1779041700.0,4537.51,4538.0,4537.25,4537.99,2.6754
1779042600.0,4537.99,4538.5,4537.98,4538.48,5.3335
1779043500.0,4538.49,4538.88,4538.48,4538.88,2.782
1779044400.0,4538.87,4539.98,4529.43,4532.76,115.9896
1779045300.0,4532.76,4532.9,4525.86,4529.96,113.4126
1779046200.0,4529.96,4529.96,4527.51,4529.4,20.722
1779047100.0,4529.4,4529.4,4529.38,4529.39,6.5412
1779048000.0,4529.39,4529.39,4528.03,4528.04,3.5013
1779048900.0,4528.03,4528.47,4528.03,4528.47,3.978
1779049800.0,4528.46,4528.47,4527.3,4528.0,6.9886
1779050700.0,4528.0,4530.46,4525.96,4525.96,25.739
1779051600.0,4525.96,4528.95,4525.78,4528.94,20.2021
1779052500.0,4528.95,4529.67,4528.95,4529.65,14.972
1779053400.0,4529.65,4536.43,4529.64,4534.56,54.7268
1779054300.0,4534.56,4535.99,4529.4,4531.55,23.1831
1779055200.0,4531.2,4552.18,4528.2,4545.91,224.2696
1779056100.0,4545.91,4547.25,4535.01,4538.4,79.8202
1779057000.0,4538.1,4549.33,4538.1,4546.25,79.5504
1779057900.0,4546.25,4549.06,4540.01,4541.69,47.459
1779058800.0,4541.69,4543.23,4536.25,4537.79,54.4229
1779059700.0,4537.79,4540.19,4535.01,4535.59,49.6588
1779060600.0,4535.19,4538.62,4529.53,4535.78,107.5893
1779061500.0,4535.46,4540.52,4529.11,4533.31,69.9198
1779062400.0,4533.31,4538.75,4522.7,4524.59,90.0661
1779063300.0,4524.59,4530.88,4513.91,4515.24,78.6592
1779064200.0,4515.24,4516.8,4480.0,4480.34,337.0577
1779065100.0,4480.01,4511.96,4479.16,4511.44,136.02
1779066000.0,4511.1,4511.1,4488.34,4494.86,110.7739
1779066900.0,4494.41,4506.0,4491.91,4502.1,57.4472
1779067800.0,4501.79,4509.5,4497.9,4508.75,66.5152
1779068700.0,4508.75,4530.62,4508.48,4521.3,52.3401
1779069600.0,4521.25,4534.31,4518.91,4532.69,56.832
1779070500.0,4532.69,4535.91,4528.76,4530.9,25.6109
1779071400.0,4530.9,4535.86,4526.01,4531.44,14.4022
1779072300.0,4532.01,4537.48,4527.41,4529.98,14.1766
1779073200.0,4529.98,4531.71,4524.31,4526.41,32.667
1779074100.0,4526.41,4534.19,4526.08,4532.68,25.8515
1779075000.0,4532.7,4543.38,4524.0,4541.41,42.9293
1779075900.0,4541.41,4543.06,4536.25,4538.71,37.1182
1779076800.0,4539.02,4545.0,4539.02,4540.44,29.4722
1779077700.0,4540.44,4542.81,4528.75,4530.3,30.54
1779078600.0,4530.29,4539.99,4530.29,4538.54,17.8472
1779079500.0,4538.42,4541.1,4533.3,4536.9,27.2113
1779080400.0,4537.2,4538.99,4530.63,4534.2,19.7329
1779081300.0,4534.41,4546.2,4531.77,4544.88,114.3357
1779082200.0,4544.88,4547.65,4536.58,4537.21,77.0353
1779083100.0,4537.2,4539.89,4528.96,4529.86,18.6732
1779084000.0,4529.12,4536.9,4528.75,4534.49,16.6622
1779084900.0,4534.5,4543.75,4532.5,4534.81,22.9561
1779085800.0,4534.8,4542.89,4532.5,4536.6,27.0501
1779086700.0,4537.48,4544.09,4536.0,4544.09,13.8409
1779087600.0,4544.1,4545.87,4539.33,4539.57,10.6919
1779088500.0,4539.57,4547.4,4536.53,4547.4,13.4741
1779089400.0,4547.4,4555.77,4545.0,4546.2,52.8031
1779090300.0,4545.9,4547.67,4538.22,4543.58,25.632
1779091200.0,4543.58,4546.24,4540.13,4543.75,12.7484
1779092100.0,4544.1,4548.29,4540.03,4544.92,13.1679
1779093000.0,4545.04,4549.4,4543.84,4545.46,8.5942
1779093900.0,4545.46,4552.49,4545.46,4547.34,15.6256
1779094800.0,4547.34,4548.12,4539.52,4543.3,13.5556
1779095700.0,4543.3,4545.71,4542.22,4542.22,12.3076
1779096600.0,4542.21,4543.02,4537.63,4540.58,70.474
1779097500.0,4540.58,4541.12,4538.16,4540.41,4.328
1779098400.0,4540.4,4541.62,4535.0,4536.55,48.7469
1779099300.0,4537.17,4539.5,4536.42,4537.16,9.704
1779100200.0,4537.16,4540.95,4531.42,4540.95,32.3787
1779101100.0,4540.95,4544.31,4535.19,4537.54,47.3224
1779102000.0,4537.55,4538.75,4529.52,4537.35,22.1898
1779102900.0,4537.34,4537.5,4531.25,4533.22,32.413
1779103800.0,4533.22,4562.7,4533.22,4558.29,106.7929
1779104700.0,4558.63,4560.21,4548.18,4548.19,28.8696
1779105600.0,4548.15,4553.57,4546.26,4551.18,16.3937
1779106500.0,4551.18,4552.57,4544.11,4547.89,32.3964
1779107400.0,4547.89,4565.85,4547.89,4565.85,37.6717
1779108300.0,4565.94,4570.22,4560.92,4568.4,29.277
1779109200.0,4568.41,4572.72,4559.39,4565.7,74.1401
1779110100.0,4565.17,4572.16,4562.19,4567.99,14.9096
1779111000.0,4568.13,4574.34,4561.56,4562.72,48.6459
1779111900.0,4562.72,4578.88,4560.31,4571.37,77.4363
1779112800.0,4571.37,4571.37,4557.07,4560.46,59.5007
1779113700.0,4560.46,4564.62,4553.29,4557.87,29.4993
1779114600.0,4558.14,4559.75,4536.59,4544.48,72.0367
1779115500.0,4544.48,4544.99,4536.58,4543.28,23.5849
1779116400.0,4543.29,4543.75,4529.29,4537.8,94.814
1779117300.0,4537.8,4539.63,4532.22,4532.22,28.5403
1779118200.0,4532.22,4540.86,4530.6,4536.55,21.1855
1779119100.0,4536.55,4543.28,4536.27,4540.41,6.2032
1779120000.0,4540.41,4545.63,4538.16,4545.61,18.8242
1779120900.0,4545.61,4547.72,4533.05,4535.48,35.8758
1779121800.0,4535.47,4542.49,4533.57,4540.69,4.5581
1779122700.0,4540.69,4551.0,4540.69,4547.37,16.9899
1779123600.0,4547.36,4554.92,4546.17,4550.97,12.5978
1779124500.0,4550.98,4553.16,4550.01,4551.54,11.806
1779125400.0,4551.54,4551.55,4546.62,4547.13,7.5827
1779126300.0,4546.94,4547.48,4544.59,4544.71,5.1165
1779127200.0,4544.98,4545.45,4542.54,4543.08,4.7954
1779128100.0,4543.07,4543.07,4535.89,4539.64,19.7076
1779129000.0,4539.65,4541.59,4537.51,4539.2,14.358
1779129900.0,4539.2,4540.36,4534.0,4534.92,22.594
1779130800.0,4534.67,4562.0,4534.67,4550.98,109.6896
1779131700.0,4550.98,4553.48,4545.01,4548.64,30.4828
1779132600.0,4548.64,4557.35,4548.63,4555.62,6.704
1779133500.0,4555.62,4559.56,4555.33,4555.33,14.9039
1779134400.0,4555.33,4559.65,4555.33,4559.64,30.6901
1779135300.0,4559.65,4562.48,4559.65,4560.37,20.7553
1779136200.0,4560.37,4561.12,4559.09,4561.11,7.8737
1779137100.0,4561.12,4562.7,4560.06,4562.7,8.54
1779138000.0,4562.7,4562.7,4562.52,4562.69,1.8888
1779138900.0,4562.68,4562.69,4561.73,4561.73,3.1094
1779139800.0,4561.73,4564.46,4561.72,4563.83,16.249
1779140700.0,4563.84,4565.3,4563.45,4563.45,7.4735
1779141600.0,4563.46,4568.75,4563.46,4568.75,26.4291
1779142500.0,4568.75,4570.02,4568.51,4568.75,5.6029
1779143400.0,4568.75,4572.24,4568.75,4571.75,21.2017
1779144300.0,4571.74,4571.74,4569.13,4569.48,9.5484
1779145200.0,4569.55,4579.97,4569.55,4579.26,35.3105
1779146100.0,4579.26,4582.18,4577.85,4579.39,19.5697
1779147000.0,4579.39,4580.84,4576.92,4579.67,17.8246
1779147900.0,4579.67,4579.67,4573.88,4575.33,22.0876
1779148800.0,4575.33,4581.7,4570.99,4573.12,36.5591
1779149700.0,4573.12,4579.68,4564.6,4568.08,55.9738
1779150600.0,4568.58,4570.0,4563.33,4565.76,12.1789
1779151500.0,4565.48,4566.62,4558.17,4558.29,14.1473
1779152400.0,4558.17,4563.75,4554.46,4560.27,28.3455
1779153300.0,4560.27,4562.73,4551.57,4555.02,43.0197
1779154200.0,4555.02,4565.32,4551.55,4565.17,27.9516
1779155100.0,4565.17,4565.23,4557.35,4558.75,23.4926
1779156000.0,4558.75,4558.75,4550.68,4551.25,20.3197
1779156900.0,4550.96,4557.5,4548.96,4555.9,9.2985
1779157800.0,4555.61,4555.61,4548.65,4552.71,27.0697
1779158700.0,4552.56,4553.57,4545.0,4546.51,111.4366
1779159600.0,4546.51,4549.23,4543.51,4548.44,35.039
1779160500.0,4548.44,4548.94,4545.17,4547.17,22.4306
1779161400.0,4547.17,4551.25,4545.18,4546.33,8.8045
1779162300.0,4546.25,4546.25,4541.38,4543.16,34.8733
1779163200.0,4543.16,4543.69,4538.67,4539.21,30.2656
1779164100.0,4539.21,4541.48,4538.36,4538.76,23.3497
1779165000.0,4538.76,4541.11,4537.93,4539.08,21.412
1779165900.0,4539.09,4542.85,4539.09,4541.7,19.3326
1779166800.0,4541.7,4545.0,4539.96,4542.86,14.7023
1779167700.0,4542.85,4542.86,4530.81,4537.92,20.3865
1779168600.0,4537.93,4541.35,4532.7,4536.24,30.4065
1779169500.0,4536.13,4541.39,4532.12,4539.76,25.5736
1779170400.0,4539.75,4544.58,4533.75,4541.26,27.0671
1779171300.0,4541.25,4550.68,4541.25,4546.25,29.3861
1779172200.0,4546.04,4550.56,4543.17,4549.89,19.4902
1779173100.0,4549.89,4549.89,4543.02,4546.01,14.7789
1779174000.0,4546.27,4552.79,4543.68,4546.99,23.1594
1779174900.0,4547.0,4547.55,4543.15,4546.0,13.5295
1779175800.0,4546.33,4547.49,4542.0,4542.01,14.5007
1779176700.0,4542.01,4555.32,4542.01,4554.01,38.5701
1779177600.0,4554.01,4555.94,4542.33,4545.32,37.1271
1779178500.0,4545.32,4546.32,4536.9,4538.44,19.5596
1779179400.0,4538.44,4543.32,4537.69,4542.33,5.1617
1779180300.0,4542.34,4546.32,4538.7,4541.69,13.0286
1779181200.0,4542.0,4542.0,4537.04,4537.66,11.976
1779182100.0,4537.67,4544.32,4536.33,4539.34,10.8305
1779183000.0,4539.34,4541.33,4536.33,4539.43,45.7864
1779183900.0,4539.41,4544.2,4535.99,4541.34,159.0587
1779184800.0,4541.33,4542.23,4536.64,4541.64,39.4276
1779185700.0,4541.64,4541.65,4539.33,4540.04,5.4512
1779186600.0,4540.04,4543.08,4526.56,4529.44,46.1587
1779187500.0,4529.44,4543.92,4528.64,4543.92,49.3734
1779188400.0,4543.92,4546.45,4537.33,4537.7,35.2537
1779189300.0,4537.33,4542.55,4537.33,4539.72,19.1159
1779190200.0,4539.72,4543.1,4538.34,4542.56,23.0579
1779191100.0,4542.56,4542.56,4532.49,4532.49,39.6266
1779192000.0,4532.44,4546.67,4530.12,4543.05,65.8165
1779192900.0,4543.06,4545.31,4539.2,4544.99,34.8314
1779193800.0,4544.7,4547.78,4539.33,4539.34,50.4599
1779194700.0,4539.33,4542.39,4538.01,4538.9,10.8624
1779195600.0,4538.89,4538.89,4516.75,4525.77,101.5458
1779196500.0,4526.33,4527.93,4498.88,4499.33,179.2344
1779197400.0,4499.33,4502.68,4473.29,4482.6,784.1212
1779198300.0,4482.67,4512.84,4478.29,4506.74,555.8094
1779199200.0,4506.74,4515.63,4495.36,4495.37,258.0163
1779200100.0,4495.36,4502.33,4485.55,4492.4,148.5032
1779201000.0,4492.63,4500.19,4491.01,4496.8,146.1036
1779201900.0,4497.0,4498.33,4489.31,4496.8,43.0074
1779202800.0,4496.8,4501.64,4493.28,4499.87,66.5308
1779203700.0,4499.87,4506.09,4496.6,4500.76,51.8757
1779204600.0,4500.75,4508.0,4500.38,4502.97,60.907
1779205500.0,4502.96,4509.56,4502.34,4509.55,18.0507
1779206400.0,4509.55,4510.99,4499.12,4502.08,25.8743
1779207300.0,4502.08,4512.84,4501.75,4510.84,37.7729
1779208200.0,4510.67,4513.61,4508.25,4508.25,48.5578
1779209100.0,4508.25,4510.06,4507.14,4510.05,17.7564
1779210000.0,4510.05,4511.54,4508.23,4511.54,39.5123
1779210900.0,4511.54,4511.93,4506.67,4509.83,21.3284
1779211800.0,4509.83,4509.83,4505.99,4506.33,18.588
1779212700.0,4506.33,4506.33,4502.13,4504.92,58.3136
1779213600.0,4504.91,4507.0,4504.5,4506.04,37.5141
1779214500.0,4505.83,4505.83,4500.2,4501.33,23.9456
1779215400.0,4501.33,4503.61,4498.03,4502.54,36.4911
1779216300.0,4502.55,4503.0,4496.37,4497.68,5.1614
1779217200.0,4497.68,4500.98,4497.68,4500.98,8.6154
1779218100.0,4500.98,4500.98,4491.75,4492.85,10.3564
1779219000.0,4492.85,4494.6,4492.18,4492.84,7.4877
1779219900.0,4492.83,4492.83,4487.0,4487.7,8.7621
1779220800.0,4487.69,4491.11,4486.88,4490.56,5.4436
1779221700.0,4490.55,4491.96,4489.32,4491.31,4.7334
1779222600.0,4491.3,4491.3,4488.22,4488.72,4.6901
1779223500.0,4488.5,4488.5,4486.1,4487.21,13.1445
1779224400.0,4487.34,4490.98,4487.34,4490.98,7.6667
1779225300.0,4490.98,4491.15,4489.78,4491.15,6.5086
1779226200.0,4491.16,4497.14,4491.16,4496.31,11.2498
1779227100.0,4496.32,4496.32,4491.91,4491.92,5.6665
1779228000.0,4491.91,4491.91,4487.56,4487.56,30.1889
1779228900.0,4487.35,4487.35,4483.48,4483.61,26.6764
1779229800.0,4483.6,4488.33,4482.02,4486.13,15.9004
1779230700.0,4486.13,4487.12,4483.77,4487.11,10.1575
1779231600.0,4487.11,4489.49,4484.27,4489.06,6.3693
1779232500.0,4489.06,4491.72,4486.91,4490.02,7.9656
1779233400.0,4490.02,4499.53,4490.01,4496.0,57.0483
1779234300.0,4496.0,4498.26,4492.33,4492.34,95.7448
1779235200.0,4492.34,4492.36,4484.34,4491.51,22.2035
1779236100.0,4491.3,4503.56,4485.58,4503.56,46.2911
1779237000.0,4503.56,4508.63,4502.75,4507.57,52.3359
1779237900.0,4507.57,4511.1,4501.67,4502.96,48.4088
1779238800.0,4502.96,4507.35,4491.75,4495.34,29.5134
1779239700.0,4495.34,4499.01,4478.55,4478.86,48.9403
1779240600.0,4478.77,4482.06,4462.65,4473.02,127.9366
1779241500.0,4473.02,4491.94,4470.0,4485.58,69.3987
1779242400.0,4485.58,4489.97,4481.01,4484.7,127.6492
1779243300.0,4484.92,4489.98,4481.41,4486.46,7.8312
1779244200.0,4486.24,4486.97,4467.5,4467.5,33.0071
1779245100.0,4467.33,4471.32,4466.26,4470.67,15.0286
1779246000.0,4470.75,4472.0,4461.16,4463.34,58.6472
1779246900.0,4463.69,4469.67,4463.69,4467.49,9.4424
1779247800.0,4467.49,4472.13,4464.9,4467.33,30.2198
1779248700.0,4467.33,4470.0,4465.34,4469.99,4.8781
1779249600.0,4470.0,4475.19,4469.53,4475.19,20.0474
1779250500.0,4475.18,4476.02,4469.1,4471.27,19.3833
1779251400.0,4471.28,4471.28,4467.34,4469.67,21.4662
1779252300.0,4469.67,4469.67,4463.88,4467.33,14.3924
1779253200.0,4467.54,4478.53,4467.54,4474.98,10.7135
1779254100.0,4474.97,4480.51,4474.01,4475.46,19.5312
1779255000.0,4475.47,4483.67,4475.47,4477.89,35.6573
1779255900.0,4477.89,4479.33,4469.69,4477.99,8.4921
1779256800.0,4477.88,4482.0,4472.77,4476.88,110.7556
1779257700.0,4476.88,4483.04,4472.13,4476.56,84.7592
1779258600.0,4476.56,4476.56,4465.93,4471.28,235.0743
1779259500.0,4471.28,4482.21,4469.48,4479.18,56.1165
1779260400.0,4478.55,4487.99,4477.0,4484.27,35.1637
1779261300.0,4484.27,4486.02,4480.04,4486.02,17.0841
1779262200.0,4486.01,4488.87,4480.32,4485.01,25.4909
1779263100.0,4485.0,4485.0,4479.21,4480.98,25.3602
1779264000.0,4480.98,4486.67,4480.67,4485.33,42.7576
1779264900.0,4485.32,4487.95,4482.01,4487.67,63.2177
1779265800.0,4487.74,4491.35,4480.91,4483.32,32.2148
1779266700.0,4483.33,4491.85,4483.33,4487.32,29.8749
1779267600.0,4487.32,4488.47,4484.0,4484.01,39.7418
1779268500.0,4484.02,4487.29,4477.7,4477.71,45.4734
1779269400.0,4477.71,4486.25,4477.5,4486.24,80.1069
1779270300.0,4486.09,4492.49,4484.63,4486.65,18.0637
1779271200.0,4486.65,4492.83,4486.65,4489.45,17.405
1779272100.0,4489.45,4493.5,4489.45,4490.51,14.6026
1779273000.0,4490.5,4498.95,4490.5,4496.0,25.9423
1779273900.0,4496.01,4496.66,4493.01,4495.67,15.6054
1779274800.0,4495.75,4497.99,4494.56,4494.56,6.2626
1779275700.0,4494.57,4502.0,4492.78,4501.01,12.0658
1779276600.0,4501.13,4501.13,4494.75,4495.99,44.5039
1779277500.0,4495.99,4499.25,4492.67,4498.65,25.675
1779278400.0,4498.64,4500.75,4497.08,4497.08,22.3492
1779279300.0,4497.08,4499.66,4494.33,4498.75,20.1902
1779280200.0,4499.0,4504.34,4499.0,4502.98,90.6666
1779281100.0,4502.98,4505.24,4496.33,4496.54,21.6729
1779282000.0,4496.54,4505.99,4496.0,4504.19,37.648
1779282900.0,4504.19,4504.24,4490.0,4490.0,23.0597
1779283800.0,4489.89,4492.5,4484.25,4489.9,60.259
1779284700.0,4489.93,4491.5,4483.01,4483.06,26.9812
1779285600.0,4483.18,4485.24,4469.67,4478.01,60.0293
1779286500.0,4478.01,4508.11,4478.01,4505.25,240.5035
1779287400.0,4505.25,4524.5,4505.25,4516.33,108.0039
1779288300.0,4516.5,4532.66,4514.37,4527.34,93.5517
1779289200.0,4527.33,4531.0,4519.68,4521.0,33.7272
1779290100.0,4520.76,4549.0,4520.76,4525.87,159.8935
1779291000.0,4525.87,4534.97,4525.34,4532.38,76.3006
1779291900.0,4532.59,4533.33,4524.53,4525.83,18.4144
1779292800.0,4525.82,4532.0,4525.34,4529.32,25.9659
1779293700.0,4529.3,4529.3,4520.94,4521.62,37.7265
1779294600.0,4521.62,4529.67,4521.33,4529.33,12.7922
1779295500.0,4529.67,4531.54,4527.42,4530.77,14.371
1779296400.0,4530.78,4535.0,4528.33,4531.54,37.1825
1779297300.0,4531.54,4533.0,4528.8,4529.01,25.4985
1779298200.0,4529.01,4532.28,4527.33,4530.51,28.992
1779299100.0,4530.52,4530.8,4527.35,4527.35,12.143
1779300000.0,4527.89,4530.33,4526.09,4529.67,5.8486
1779300900.0,4529.67,4532.67,4528.95,4530.23,15.0719
1779301800.0,4530.24,4538.81,4530.24,4534.5,34.2269
1779302700.0,4534.4,4539.78,4534.0,4538.56,11.3995
1779303600.0,4538.34,4540.2,4538.05,4539.34,11.0219
1779304500.0,4539.34,4540.62,4539.11,4539.79,3.9727
1779305400.0,4539.86,4544.67,4539.86,4540.39,42.8496
1779306300.0,4540.41,4542.66,4540.13,4541.0,9.0691
1779307200.0,4541.2,4544.33,4540.31,4542.01,17.0991
1779308100.0,4542.02,4542.72,4536.89,4540.35,21.6008
1779309000.0,4540.34,4540.54,4538.05,4538.05,5.8359
1779309900.0,4538.05,4538.78,4537.41,4538.03,4.9017
1779310800.0,4538.03,4539.74,4537.96,4538.02,4.3674
1779311700.0,4537.94,4537.95,4536.22,4536.22,0.8502
1779312600.0,4536.22,4536.23,4535.44,4535.45,2.3998
1779313500.0,4535.45,4536.9,4534.94,4536.81,22.6964
1779314400.0,4536.8,4539.94,4531.89,4532.34,73.3741
1779315300.0,4532.34,4532.67,4529.34,4531.88,11.5282
1779316200.0,4531.89,4535.61,4531.89,4535.3,9.2334
1779317100.0,4535.29,4537.14,4532.33,4533.67,15.3314
1779318000.0,4533.75,4535.33,4532.33,4533.2,6.2731
1779318900.0,4533.2,4533.2,4530.34,4531.88,6.415
1779319800.0,4531.89,4538.09,4531.89,4536.85,4.7145
1779320700.0,4536.85,4540.56,4536.55,4539.63,10.5348
1779321600.0,4539.63,4541.25,4534.68,4538.66,13.8456
1779322500.0,4538.67,4545.6,4532.51,4537.54,22.9979
1779323400.0,4537.54,4538.67,4534.37,4536.85,9.1278
1779324300.0,4536.93,4541.66,4535.93,4538.69,17.4973
1779325200.0,4538.71,4552.27,4534.37,4551.73,51.3777
1779326100.0,4552.0,4559.33,4550.8,4558.86,23.2403
1779327000.0,4558.85,4561.64,4555.15,4559.52,25.7437
1779327900.0,4559.51,4559.54,4552.23,4553.28,10.3505
1779328800.0,4553.29,4556.32,4544.91,4545.26,11.8811
1779329700.0,4545.25,4545.83,4535.0,4535.0,18.6605
1779330600.0,4535.0,4536.0,4529.1,4530.96,22.9946
1779331500.0,4530.37,4530.75,4527.0,4528.34,18.7574
1779332400.0,4528.33,4532.63,4526.75,4532.63,5.6432
1779333300.0,4532.63,4533.4,4527.87,4529.1,8.0583
1779334200.0,4529.11,4530.33,4526.15,4527.67,7.8072
1779335100.0,4527.67,4527.67,4521.65,4521.65,5.1214
1779336000.0,4521.67,4528.0,4521.63,4528.0,23.9916
1779336900.0,4528.0,4531.48,4527.95,4531.48,3.9129
1779337800.0,4531.48,4532.2,4527.34,4529.33,7.7057
1779338700.0,4529.33,4530.96,4528.8,4530.96,25.1334
1779339600.0,4530.99,4531.67,4524.77,4524.78,10.6975
1779340500.0,4524.78,4524.78,4517.63,4518.25,51.5677
1779341400.0,4517.94,4520.67,4514.33,4520.04,18.8114
1779342300.0,4520.05,4523.21,4513.31,4521.66,20.9323
1779343200.0,4521.66,4528.08,4520.83,4525.06,13.7204
1779344100.0,4525.05,4531.57,4522.67,4525.71,32.9356
1779345000.0,4526.12,4527.67,4519.0,4520.07,57.4935
1779345900.0,4519.8,4521.12,4515.51,4516.66,30.1736
1779346800.0,4516.67,4519.48,4514.8,4516.69,29.2824
1779347700.0,4516.69,4518.66,4510.0,4510.01,32.7399
1779348600.0,4510.01,4515.68,4510.0,4514.22,110.7119
1779349500.0,4514.23,4521.27,4512.28,4517.86,114.4093
1779350400.0,4517.86,4530.67,4516.43,4530.33,66.6035
1779351300.0,4530.34,4531.54,4525.4,4531.24,96.7105
1779352200.0,4531.23,4531.23,4520.42,4525.75,37.2574
1779353100.0,4525.46,4528.34,4524.35,4528.12,13.1975
1779354000.0,4527.92,4533.45,4526.32,4532.01,23.6655
1779354900.0,4532.0,4535.08,4530.68,4532.12,26.9354
1779355800.0,4532.12,4536.47,4526.67,4526.67,99.2642
1779356700.0,4526.62,4527.93,4525.55,4526.44,9.0164
1779357600.0,4526.43,4530.62,4526.32,4528.33,23.6649
1779358500.0,4528.25,4528.93,4508.11,4513.7,68.6868
1779359400.0,4513.85,4513.85,4502.93,4513.27,42.0185
1779360300.0,4513.28,4513.72,4508.06,4508.67,16.9505
1779361200.0,4508.67,4515.25,4507.67,4512.88,34.3083
1779362100.0,4512.89,4517.03,4510.38,4510.83,37.1597
1779363000.0,4510.83,4511.66,4506.01,4508.96,19.0007
1779363900.0,4508.93,4512.31,4507.33,4509.2,34.8871
1779364800.0,4509.21,4514.65,4509.21,4511.24,9.1821
1779365700.0,4511.01,4511.01,4501.04,4503.66,28.1307
1779366600.0,4503.66,4513.27,4503.34,4510.82,50.8333
1779367500.0,4510.82,4513.78,4499.28,4501.3,33.3566
1779368400.0,4501.3,4509.27,4497.2,4500.61,21.9109
1779369300.0,4500.01,4502.49,4494.76,4497.24,26.1475
1779370200.0,4497.24,4498.67,4486.99,4495.52,76.9631
1779371100.0,4495.53,4517.12,4493.95,4511.38,69.4547
1779372000.0,4511.33,4513.34,4501.3,4505.35,48.4429
1779372900.0,4505.35,4505.88,4497.0,4504.67,32.7751
1779373800.0,4504.72,4507.92,4500.33,4501.64,23.8264
1779374700.0,4501.64,4508.15,4500.2,4505.67,80.4649
1779375600.0,4505.67,4511.26,4494.82,4507.15,52.7778
1779376500.0,4507.15,4508.96,4500.47,4502.07,27.8275
1779377400.0,4501.85,4506.66,4501.21,4505.16,25.3518
1779378300.0,4505.17,4509.33,4505.16,4508.66,13.1212
1779379200.0,4508.23,4516.5,4508.23,4513.41,30.0703
1779380100.0,4513.72,4515.27,4512.34,4513.34,6.1164
1779381000.0,4513.34,4515.5,4513.09,4514.72,6.1705
1779381900.0,4514.72,4516.41,4513.77,4514.97,10.9126
1779382800.0,4514.97,4525.66,4511.54,4522.09,71.8107
1779383700.0,4522.09,4539.65,4522.09,4535.43,54.7406
1779384600.0,4535.43,4541.24,4533.1,4540.24,34.5122
1779385500.0,4540.25,4550.73,4538.33,4545.2,25.1388
1779386400.0,4545.2,4547.84,4537.29,4539.19,18.5767
1779387300.0,4539.19,4542.34,4538.5,4541.33,16.7637
1779388200.0,4541.04,4541.04,4536.07,4537.66,9.305
1779389100.0,4537.65,4537.65,4522.34,4524.67,55.1789
1779390000.0,4524.96,4530.89,4524.75,4530.38,18.7383
1779390900.0,4530.46,4534.4,4530.46,4531.44,25.5756
1779391800.0,4531.46,4535.08,4531.46,4533.33,5.0471
1779392700.0,4533.34,4536.17,4529.37,4535.4,20.5443
1779393600.0,4535.4,4536.2,4534.31,4534.48,4.4783
1779394500.0,4534.47,4534.48,4533.42,4533.42,1.8801
1779395400.0,4533.43,4533.76,4533.39,4533.48,4.4093
1779396300.0,4533.48,4534.63,4533.32,4534.63,4.8663
1779397200.0,4534.64,4536.35,4534.64,4536.23,4.6573
1779398100.0,4536.23,4536.57,4535.58,4536.56,2.6758
1779399000.0,4536.57,4536.57,4535.3,4535.32,4.7267
1779399900.0,4535.3,4535.3,4535.3,4535.3,0.9597
1779400800.0,4535.3,4538.22,4534.5,4535.48,16.1397
1779401700.0,4535.47,4535.5,4534.0,4534.01,1.1252
1779402600.0,4534.01,4536.37,4534.01,4535.75,8.1588
1779403500.0,4535.76,4535.76,4534.26,4535.39,7.1688
1779404400.0,4535.39,4537.4,4535.38,4535.82,5.7053
1779405300.0,4535.82,4535.82,4530.92,4532.67,8.147
1779406200.0,4532.66,4532.66,4527.36,4527.36,5.156
1779407100.0,4527.36,4528.62,4527.0,4528.24,5.4335
1779408000.0,4528.25,4528.75,4525.33,4525.33,21.7595
1779408900.0,4525.25,4529.33,4524.33,4528.0,5.0805
1779409800.0,4528.25,4532.9,4528.25,4530.15,10.9723
1779410700.0,4530.16,4530.46,4519.89,4520.0,19.611
1779411600.0,4520.0,4527.99,4518.73,4522.49,10.8296
1779412500.0,4522.49,4525.67,4521.34,4523.34,5.82
1779413400.0,4523.33,4523.33,4516.75,4519.33,9.0769
1779414300.0,4519.34,4524.67,4519.34,4520.01,11.9565
1779415200.0,4520.02,4522.09,4517.51,4521.67,5.4184
1779416100.0,4521.68,4521.85,4518.0,4518.5,8.5058
1779417000.0,4518.49,4518.49,4514.75,4517.74,13.1761
1779417900.0,4517.74,4520.67,4515.75,4517.25,7.2624
1779418800.0,4517.33,4518.94,4515.67,4515.68,5.3553
1779419700.0,4515.68,4516.81,4514.68,4515.75,3.9596
1779420600.0,4515.75,4520.32,4515.75,4520.32,6.509
1779421500.0,4520.32,4522.45,4520.32,4522.25,6.1123
1779422400.0,4522.33,4523.5,4522.33,4523.0,4.4252
1779423300.0,4523.01,4525.82,4522.33,4525.81,5.8791
1779424200.0,4525.9,4525.9,4521.33,4522.75,5.9228
1779425100.0,4522.74,4523.25,4521.67,4522.69,40.7717
1779426000.0,4522.69,4523.33,4519.5,4520.85,6.5583
1779426900.0,4520.85,4522.24,4519.67,4521.33,11.1189
1779427800.0,4521.3,4527.67,4520.68,4527.45,9.8296
1779428700.0,4527.45,4527.5,4504.67,4506.4,22.751
1779429600.0,4506.99,4518.49,4506.76,4517.17,12.0486
1779430500.0,4517.18,4519.66,4512.67,4519.66,15.2037
1779431400.0,4519.67,4520.49,4516.99,4520.38,36.6759
1779432300.0,4520.38,4521.63,4519.0,4520.48,9.4311
1779433200.0,4520.48,4520.48,4515.34,4515.34,10.4552
1779434100.0,4515.67,4520.67,4515.67,4519.68,23.9202
1779435000.0,4519.74,4519.97,4512.01,4515.04,66.6222
1779435900.0,4514.99,4516.94,4513.51,4516.49,21.5582
1779436800.0,4516.66,4523.62,4516.66,4519.5,10.7289
1779437700.0,4519.5,4524.67,4519.21,4520.81,105.3082
1779438600.0,4520.84,4521.4,4513.01,4516.58,31.0984
1779439500.0,4516.58,4519.19,4516.58,4517.01,10.7396
1779440400.0,4517.0,4518.89,4513.33,4513.33,15.1783
1779441300.0,4513.33,4514.67,4511.33,4512.46,10.5827
1779442200.0,4512.47,4518.99,4510.67,4518.34,12.5165
1779443100.0,4518.33,4527.6,4518.33,4526.4,19.3702
1779444000.0,4526.41,4529.1,4523.42,4527.91,17.0922
1779444900.0,4527.9,4527.9,4520.67,4520.67,8.7456
1779445800.0,4520.67,4520.67,4509.33,4509.33,15.5503
1779446700.0,4509.33,4511.0,4507.67,4511.0,10.9997
1779447600.0,4511.0,4512.55,4510.17,4511.0,5.1215
1779448500.0,4511.32,4511.33,4508.67,4509.33,11.967
1779449400.0,4509.33,4517.0,4509.0,4517.0,8.3199
1779450300.0,4516.99,4519.19,4516.21,4516.21,28.845
1779451200.0,4516.0,4524.7,4515.0,4523.7,55.4548
1779452100.0,4523.8,4529.87,4517.24,4517.24,28.8219
1779453000.0,4517.25,4518.59,4512.02,4514.66,15.2124
1779453900.0,4514.67,4523.01,4514.66,4523.01,16.9221
1779454800.0,4523.01,4527.83,4517.41,4522.2,49.9627
1779455700.0,4522.19,4524.0,4516.8,4516.8,13.0153
1779456600.0,4516.79,4520.67,4508.21,4513.8,57.7306
1779457500.0,4513.79,4514.05,4507.37,4510.32,42.9037
1779458400.0,4510.32,4510.32,4493.01,4495.27,107.4907
1779459300.0,4495.32,4497.67,4489.35,4496.1,107.6291
1779460200.0,4496.1,4502.33,4495.67,4500.68,56.4178
1779461100.0,4500.68,4503.42,4497.9,4497.9,30.7061
1779462000.0,4497.67,4506.58,4497.33,4506.01,8.8363
1779462900.0,4506.01,4513.1,4506.01,4513.1,8.861
1779463800.0,4513.1,4516.32,4513.1,4514.29,13.4622
1779464700.0,4514.0,4516.66,4511.11,4516.0,10.8872
1779465600.0,4516.0,4516.0,4512.7,4514.45,12.5912
1779466500.0,4514.44,4518.65,4512.33,4518.65,11.834
1779467400.0,4518.65,4520.79,4508.33,4509.74,22.4447
1779468300.0,4509.74,4512.33,4508.67,4509.67,10.2801
1779469200.0,4509.89,4515.29,4509.88,4514.66,6.7437
1779470100.0,4514.66,4520.63,4509.67,4520.63,27.2172
1779471000.0,4520.67,4522.2,4515.34,4517.67,22.6783
1779471900.0,4517.67,4517.67,4514.19,4514.67,9.78
1779472800.0,4514.68,4514.68,4508.67,4510.01,21.9818
1779473700.0,4510.01,4513.16,4509.31,4512.0,7.0999
1779474600.0,4512.0,4514.94,4510.5,4511.11,27.7329
1779475500.0,4511.11,4511.11,4508.52,4509.66,9.7037
1779476400.0,4509.67,4510.13,4504.67,4504.67,41.6536
1779477300.0,4504.68,4505.0,4503.01,4503.01,16.4721
1779478200.0,4503.0,4505.4,4500.2,4505.21,16.3903
1779479100.0,4505.08,4505.08,4502.25,4503.55,22.0388
1779480000.0,4503.56,4504.21,4499.57,4500.94,84.2227
1779480900.0,4500.95,4502.96,4500.33,4502.95,73.6695
1779481800.0,4502.96,4503.27,4498.76,4498.76,60.8345
1779482700.0,4498.77,4501.5,4498.16,4499.5,167.8761
1779483600.0,4499.5,4500.58,4499.11,4500.58,25.625
1779484500.0,4500.58,4501.49,4500.58,4501.49,4.1645
1779485400.0,4501.49,4503.33,4501.48,4503.33,10.3042
1779486300.0,4503.24,4503.6,4503.24,4503.51,4.4239
1779487200.0,4503.51,4503.51,4501.81,4502.67,4.9893
1779488100.0,4502.66,4502.66,4501.47,4502.32,5.8654
1779489000.0,4502.33,4502.33,4499.83,4499.83,5.7731
1779489900.0,4499.83,4501.19,4499.83,4500.71,3.1222
1779490800.0,4500.71,4500.71,4500.54,4500.71,4.566
1779491700.0,4500.71,4500.71,4499.68,4499.68,2.4772
1779492600.0,4499.68,4499.68,4498.16,4498.17,2.7676
1779493500.0,4498.17,4498.17,4495.0,4497.02,9.4622
1779494400.0,4497.02,4498.78,4495.05,4498.31,14.877
1779495300.0,4498.17,4498.18,4497.2,4497.21,1.8554
1779496200.0,4497.2,4497.88,4495.8,4497.11,7.496
1779497100.0,4497.11,4497.9,4497.11,4497.9,0.3908
1779498000.0,4497.94,4499.66,4497.33,4497.33,2.6487
1779498900.0,4497.31,4499.32,4497.31,4499.32,0.595
1779499800.0,4499.32,4500.29,4499.32,4500.1,2.6468
1779500700.0,4500.1,4502.99,4500.09,4501.68,13.1843
1779501600.0,4501.68,4501.68,4500.62,4500.62,6.6809
1779502500.0,4500.63,4501.18,4499.67,4499.67,4.5258
1779503400.0,4499.68,4502.84,4499.67,4502.84,2.721
1779504300.0,4502.84,4504.67,4502.84,4504.66,4.8617
1779505200.0,4504.67,4505.85,4504.67,4505.85,0.8501
1779506100.0,4505.86,4507.1,4505.0,4505.01,9.0527
1779507000.0,4505.0,4505.0,4502.34,4503.95,4.1346
1779507900.0,4503.95,4504.89,4503.95,4504.88,2.1665
1779508800.0,4504.89,4505.35,4504.89,4505.35,0.5864
1779509700.0,4505.35,4505.76,4505.35,4505.36,1.8002
1779510600.0,4505.35,4506.24,4504.8,4504.8,4.9007
1779511500.0,4504.8,4504.81,4504.2,4504.2,2.3143
1779512400.0,4504.2,4504.21,4504.2,4504.2,0.8496
1779513300.0,4504.2,4504.21,4504.2,4504.21,1.1739
1779514200.0,4504.2,4506.0,4504.2,4506.0,4.7999
1779515100.0,4506.0,4506.0,4504.8,4505.12,2.8176
1779516000.0,4505.12,4505.67,4505.12,4505.67,2.3962
1779516900.0,4505.67,4506.24,4505.66,4506.24,1.053
1779517800.0,4506.23,4506.92,4506.23,4506.92,5.957
1779518700.0,4506.92,4509.0,4506.0,4509.0,6.7887
1779519600.0,4509.0,4509.0,4505.7,4506.21,5.785
1779520500.0,4506.21,4507.11,4506.2,4507.1,1.7598
1779521400.0,4507.11,4507.11,4505.67,4506.39,3.1532
1779522300.0,4506.39,4506.4,4496.66,4499.1,38.7517
1779523200.0,4499.22,4499.22,4496.85,4498.33,7.0783
1779524100.0,4498.33,4499.28,4497.75,4499.01,7.1561
1779525000.0,4499.01,4499.66,4498.09,4498.33,8.6047
1779525900.0,4498.33,4500.33,4498.33,4500.33,3.5245
1779526800.0,4500.33,4500.94,4500.32,4500.94,1.6408
1779527700.0,4500.94,4501.28,4500.93,4500.94,2.473
1779528600.0,4500.94,4501.02,4500.94,4500.94,5.7067
1779529500.0,4500.95,4500.95,4498.86,4499.97,26.0945
1779530400.0,4499.96,4499.97,4499.69,4499.7,2.4198
1779531300.0,4499.7,4499.7,4498.43,4499.07,7.2607
1779532200.0,4499.07,4499.08,4498.67,4498.68,1.9408
1779533100.0,4498.68,4498.68,4498.67,4498.67,3.774
1779534000.0,4498.67,4498.68,4498.67,4498.67,3.0696
1779534900.0,4498.67,4499.09,4498.67,4499.06,5.7282
1779535800.0,4499.05,4499.05,4496.97,4496.97,4.7953
1779536700.0,4496.97,4497.3,4496.0,4497.29,2.3923
1779537600.0,4497.3,4497.3,4497.27,4497.28,1.1533
1779538500.0,4497.27,4497.28,4496.5,4496.78,4.6225
1779539400.0,4496.78,4496.79,4496.65,4496.66,2.3226
1779540300.0,4496.66,4496.66,4496.26,4496.27,0.3656
1779541200.0,4496.27,4497.82,4496.26,4497.81,5.7711
1779542100.0,4497.82,4500.9,4497.82,4500.9,7.4216
1779543000.0,4500.9,4501.0,4500.89,4501.0,0.323
1779543900.0,4501.0,4501.94,4500.99,4501.87,1.6035
1779544800.0,4501.87,4501.97,4501.87,4501.97,0.4184
1779545700.0,4501.97,4503.59,4501.97,4503.34,8.9117
1779546600.0,4503.35,4504.15,4503.22,4503.9,9.1664
1779547500.0,4503.9,4505.9,4503.9,4504.51,6.5454
1779548400.0,4504.51,4505.54,4503.71,4505.54,5.6475
1779549300.0,4505.53,4505.88,4505.04,4505.44,7.7671
1779550200.0,4505.44,4505.44,4503.9,4503.9,3.5759
1779551100.0,4503.9,4504.59,4503.9,4504.59,0.6302
1779552000.0,4504.59,4505.33,4504.5,4504.51,3.4626
1779552900.0,4504.51,4504.51,4503.0,4503.0,0.629
1779553800.0,4503.0,4504.97,4503.0,4504.97,3.5055
1779554700.0,4504.97,4504.97,4504.78,4504.78,0.9987
1779555600.0,4504.78,4505.86,4504.77,4505.86,2.9054
1779556500.0,4505.85,4506.18,4504.68,4505.15,7.4404
1779557400.0,4505.16,4505.16,4505.02,4505.03,3.0305
1779558300.0,4505.02,4505.27,4504.82,4505.27,3.9984
1779559200.0,4505.26,4507.65,4505.26,4507.64,5.128
1779560100.0,4507.65,4508.11,4507.33,4507.76,9.3593
1779561000.0,4507.76,4508.1,4506.12,4508.1,15.2674
1779561900.0,4508.09,4508.1,4507.01,4507.01,4.7171
1779562800.0,4507.01,4508.4,4507.01,4508.39,4.5309
1779563700.0,4508.39,4509.23,4508.31,4508.92,13.4461
1779564600.0,4508.91,4508.92,4508.31,4508.32,4.7556
1779565500.0,4508.32,4509.3,4508.31,4509.3,6.9489
1779566400.0,4509.29,4510.6,4509.0,4510.31,16.998
1779567300.0,4510.31,4510.41,4509.9,4510.33,8.4719
1779568200.0,4510.33,4514.96,4510.0,4514.37,254.23
1779569100.0,4514.37,4518.59,4510.41,4514.66,274.7393
1779570000.0,4514.35,4515.75,4511.4,4513.79,34.5836
1779570900.0,4513.51,4514.4,4510.79,4510.79,18.7425
1779571800.0,4510.67,4511.36,4507.5,4508.32,23.9645
1779572700.0,4508.32,4509.89,4508.05,4509.64,12.6934
1779573600.0,4509.64,4514.62,4509.64,4511.96,19.5343
1779574500.0,4511.97,4512.41,4510.8,4512.24,18.0651
1779575400.0,4512.25,4515.0,4511.67,4514.33,23.949
1779576300.0,4514.46,4516.19,4514.44,4514.44,19.9894
1779577200.0,4514.44,4515.9,4512.62,4514.44,87.655
1779578100.0,4514.49,4515.28,4514.4,4514.41,47.6219
1779579000.0,4514.4,4514.93,4513.52,4513.9,26.9775
1779579900.0,4513.9,4514.53,4512.9,4512.9,24.1927
1779580800.0,4512.88,4514.32,4510.12,4511.5,254.2688
1779581700.0,4511.49,4513.49,4511.28,4513.01,47.9476
1779582600.0,4513.0,4515.33,4512.87,4515.33,90.6568
1779583500.0,4515.33,4519.31,4514.71,4516.2,17.2619
1779584400.0,4516.19,4519.22,4516.19,4518.66,51.5774
1779585300.0,4518.6,4519.46,4517.8,4518.5,194.6194
1779586200.0,4518.4,4518.95,4518.0,4518.0,73.4744
1779587100.0,4518.0,4519.23,4518.0,4518.9,39.6163
1779588000.0,4518.91,4520.61,4518.45,4518.87,78.7547
1779588900.0,4518.87,4518.87,4514.68,4517.46,38.3069
1779589800.0,4517.46,4517.46,4515.34,4515.84,14.736
1779590700.0,4515.84,4518.0,4515.83,4516.98,3.6724
1779591600.0,4516.99,4518.58,4516.99,4518.19,48.8353
1779592500.0,4518.19,4518.55,4518.19,4518.49,54.681
1779593400.0,4518.5,4518.82,4517.67,4517.88,72.3329
1779594300.0,4517.87,4517.95,4514.2,4514.76,21.5645
1779595200.0,4514.76,4517.84,4514.76,4516.2,17.6972
1779596100.0,4516.01,4516.01,4513.81,4513.82,8.3914
1779597000.0,4513.82,4516.19,4513.82,4516.19,6.2439
1779597900.0,4516.19,4516.95,4515.9,4515.9,4.9079
1779598800.0,4515.91,4518.32,4515.28,4518.32,2.3316
1779599700.0,4518.32,4518.54,4517.0,4518.51,43.1238
1779600600.0,4518.45,4518.9,4518.0,4518.9,34.4647
1779601500.0,4519.0,4525.84,4519.0,4525.48,17.0765
1779602400.0,4525.48,4527.54,4521.33,4521.33,31.591
1779603300.0,4521.31,4523.72,4515.49,4516.07,120.9658
1779604200.0,4516.07,4519.48,4514.11,4517.41,63.9504
1779605100.0,4517.41,4519.03,4515.46,4516.0,47.4194
1779606000.0,4515.87,4518.28,4514.88,4515.01,47.9025
1779606900.0,4515.0,4521.0,4514.39,4518.33,16.4176
1779607800.0,4518.33,4519.68,4514.33,4514.67,57.7482
1779608700.0,4514.67,4520.49,4514.66,4514.72,39.1118
1779609600.0,4514.72,4519.5,4513.85,4519.19,68.4486
1779610500.0,4519.19,4519.19,4514.94,4515.06,50.5592
1779611400.0,4515.06,4515.8,4515.06,4515.54,11.22
1779612300.0,4515.54,4515.87,4513.58,4513.58,70.8039
1779613200.0,4513.58,4516.75,4512.39,4513.14,87.4688
1779614100.0,4513.13,4513.56,4511.68,4511.73,57.5177
1779615000.0,4511.73,4513.74,4511.69,4512.34,83.4183
1779615900.0,4512.35,4513.63,4511.78,4512.77,65.4292
1779616800.0,4512.78,4514.63,4512.28,4514.1,66.4642
1779617700.0,4514.11,4514.29,4511.97,4512.84,60.4368
1779618600.0,4512.84,4513.64,4511.35,4512.36,63.1524
1779619500.0,4512.37,4514.41,4512.36,4512.83,69.1288
1779620400.0,4512.83,4515.11,4511.45,4514.25,118.3869
1779621300.0,4514.25,4516.57,4514.25,4515.08,113.0866
1779622200.0,4515.08,4515.08,4512.26,4512.27,152.2962
1779623100.0,4512.27,4513.24,4511.68,4511.68,122.7224
1779624000.0,4511.68,4512.04,4510.79,4511.18,127.788
1779624900.0,4511.18,4511.18,4510.14,4510.71,35.4001
1779625800.0,4510.71,4511.7,4510.59,4510.88,147.8936
1779626700.0,4510.89,4511.47,4510.78,4511.07,138.2053
1779627600.0,4511.07,4511.27,4510.78,4511.27,107.2788
1779628500.0,4511.27,4513.13,4510.78,4510.89,145.6511
1779629400.0,4510.9,4512.86,4510.78,4512.46,133.9725
1779630300.0,4512.46,4512.46,4510.77,4510.98,44.6461
1779631200.0,4510.99,4511.84,4504.69,4504.69,80.4365
1779632100.0,4504.69,4508.46,4501.54,4506.98,189.7941
1779633000.0,4507.06,4510.62,4507.05,4508.35,20.4232
1779633900.0,4508.35,4509.0,4507.38,4508.34,5.757
1779634800.0,4508.33,4509.11,4506.98,4508.95,36.7208
1779635700.0,4508.73,4511.27,4508.2,4509.54,10.6657
1779636600.0,4509.54,4510.24,4508.75,4509.34,14.8486
1779637500.0,4509.33,4509.85,4509.33,4509.7,4.5324
1779638400.0,4509.71,4511.26,4509.1,4510.32,16.6412
1779639300.0,4510.32,4512.19,4510.13,4510.13,16.2522
1779640200.0,4510.09,4510.93,4510.09,4510.67,3.493
1779641100.0,4510.67,4510.93,4510.67,4510.78,15.6129
1779642000.0,4510.79,4510.79,4507.97,4508.19,6.6212
1779642900.0,4508.19,4508.99,4507.33,4508.99,16.634
1779643800.0,4508.99,4509.14,4508.18,4508.24,8.3411
1779644700.0,4508.24,4508.24,4508.23,4508.24,1.7684
1779645600.0,4508.25,4508.64,4508.23,4508.24,1.2984
1779646500.0,4508.24,4508.9,4508.23,4508.89,8.6753
1779647400.0,4508.9,4510.07,4508.9,4509.68,14.3899
1779648300.0,4509.67,4509.67,4508.19,4508.2,4.9156
1779649200.0,4508.2,4508.67,4506.01,4506.99,37.3878
1779650100.0,4507.01,4507.91,4507.0,4507.09,5.2691
1779651000.0,4507.09,4507.09,4505.76,4507.0,3.9651
1779651900.0,4507.0,4507.78,4506.3,4507.0,12.4068
1779652800.0,4507.0,4508.99,4505.77,4508.0,16.6616
1779653700.0,4508.01,4510.31,4508.01,4510.31,24.2065
1779654600.0,4510.31,4510.31,4510.0,4510.0,16.381
1779655500.0,4510.0,4510.01,4508.5,4508.5,168.0113
1779656400.0,4508.5,4512.14,4508.5,4512.14,9.5637
1779657300.0,4512.15,4513.67,4512.15,4513.1,7.3963
1779658200.0,4513.1,4513.1,4509.27,4509.27,6.0272
1779659100.0,4509.27,4509.63,4505.53,4507.86,13.8623
1779660000.0,4507.87,4541.16,4507.87,4538.24,666.6415
1779660900.0,4538.25,4538.81,4533.83,4535.69,41.9501
1779661800.0,4535.68,4542.99,4535.68,4541.69,34.2923
1779662700.0,4541.7,4547.6,4541.7,4546.0,199.0741
1779663600.0,4546.0,4557.46,4546.0,4557.27,143.712
1779664500.0,4557.28,4561.33,4557.28,4559.33,28.0005
1779665400.0,4559.33,4563.74,4559.33,4561.93,21.7131
1779666300.0,4561.92,4561.92,4551.21,4551.53,20.6534
1779667200.0,4551.54,4559.65,4551.54,4557.0,23.91
1779668100.0,4557.01,4558.87,4554.71,4556.0,19.9846
1779669000.0,4556.0,4559.7,4556.0,4557.43,11.8019
1779669900.0,4557.44,4564.67,4553.92,4556.15,25.6666
1779670800.0,4556.15,4561.66,4548.48,4551.67,49.9195
1779671700.0,4551.66,4559.67,4549.05,4558.72,11.7418
1779672600.0,4558.68,4559.32,4550.33,4550.33,16.0891
1779673500.0,4550.33,4552.33,4547.49,4547.68,39.7018
1779674400.0,4547.68,4553.28,4547.68,4548.68,27.5025
1779675300.0,4548.68,4549.32,4546.01,4548.48,24.7752
1779676200.0,4548.67,4554.67,4548.34,4554.67,22.5653
1779677100.0,4554.67,4555.95,4548.0,4548.01,14.245
1779678000.0,4548.01,4550.67,4547.84,4548.81,36.6442
1779678900.0,4549.06,4550.57,4548.0,4548.0,28.0594
1779679800.0,4548.0,4550.17,4546.34,4546.34,21.9429
1779680700.0,4546.33,4546.55,4544.32,4546.54,15.9926
1779681600.0,4546.54,4547.44,4546.0,4546.01,12.4028
1779682500.0,4546.0,4549.67,4545.92,4549.66,12.0788
1779683400.0,4549.66,4549.67,4545.28,4546.99,22.5604
1779684300.0,4546.99,4549.99,4546.98,4549.56,8.176
1779685200.0,4549.56,4550.97,4548.72,4549.77,16.3839
1779686100.0,4549.77,4549.77,4542.14,4542.14,24.4852
1779687000.0,4542.15,4545.59,4540.81,4542.72,23.896
1779687900.0,4542.73,4543.03,4540.33,4540.68,13.4566
1779688800.0,4540.68,4540.95,4538.24,4539.83,17.9542
1779689700.0,4539.83,4541.66,4538.15,4540.01,22.6758
1779690600.0,4540.0,4541.51,4539.34,4541.51,19.5459
1779691500.0,4541.51,4546.55,4541.51,4546.55,17.0444
1779692400.0,4546.54,4548.67,4546.54,4547.06,13.9183
1779693300.0,4547.06,4547.06,4538.51,4540.01,89.3612
1779694200.0,4540.01,4546.25,4539.93,4544.99,60.9698
1779695100.0,4545.0,4548.5,4543.75,4548.5,43.5912
1779696000.0,4548.49,4548.49,4544.35,4545.99,31.2472
1779696900.0,4545.99,4545.99,4540.67,4541.14,19.9428
1779697800.0,4541.14,4542.99,4541.0,4541.0,13.9584
1779698700.0,4541.01,4541.78,4540.54,4541.77,8.0622
1779699600.0,4541.77,4543.25,4541.67,4541.7,16.3852
1779700500.0,4541.7,4543.55,4541.51,4543.55,7.7656
1779701400.0,4543.54,4549.12,4543.54,4549.12,8.5722
1779702300.0,4549.12,4552.37,4549.11,4552.32,14.8638
1779703200.0,4552.33,4555.8,4552.33,4555.01,10.1512
1779704100.0,4555.34,4556.29,4555.0,4555.0,9.6074
1779705000.0,4555.0,4556.0,4553.63,4553.65,15.3449
1779705900.0,4554.0,4555.66,4554.0,4554.01,9.2085
1779706800.0,4554.0,4555.99,4553.16,4555.99,11.9892
1779707700.0,4555.99,4558.26,4554.46,4555.33,26.8398
1779708600.0,4555.33,4558.92,4555.33,4557.86,33.8889
1779709500.0,4557.86,4560.0,4554.0,4554.01,25.9131
1779710400.0,4554.01,4554.01,4542.21,4542.22,44.8621
1779711300.0,4542.21,4545.33,4539.75,4545.33,28.5813
1779712200.0,4545.5,4553.99,4545.5,4551.76,17.9136
1779713100.0,4551.76,4552.4,4549.68,4552.39,17.7671
1779714000.0,4552.39,4554.48,4547.03,4548.33,12.9152
1779714900.0,4548.34,4548.67,4546.03,4547.53,7.4336
1779715800.0,4547.53,4550.0,4547.53,4549.33,13.4634
1779716700.0,4549.34,4549.34,4545.55,4548.49,33.9772
1779717600.0,4548.49,4553.48,4548.33,4551.98,7.4903
1779718500.0,4551.97,4553.11,4551.34,4552.47,7.104
1779719400.0,4552.47,4552.47,4550.23,4551.0,15.5445
1779720300.0,4551.0,4551.84,4550.12,4550.13,5.7328
1779721200.0,4550.13,4556.61,4550.13,4554.61,27.2667
1779722100.0,4554.6,4557.47,4552.1,4556.67,17.6329
1779723000.0,4556.67,4556.67,4551.6,4552.83,16.3008
1779723900.0,4552.83,4554.92,4552.83,4554.6,4.5494
1779724800.0,4554.6,4554.6,4552.8,4553.76,8.7032
1779725700.0,4553.76,4553.77,4552.81,4553.08,3.8389
1779726600.0,4553.07,4555.33,4553.07,4555.32,2.781
1779727500.0,4555.33,4557.46,4554.31,4556.3,19.3946
1779728400.0,4556.67,4559.38,4556.55,4557.43,48.1167
1779729300.0,4557.42,4557.42,4554.67,4554.67,3.1026
1779730200.0,4554.63,4554.63,4551.0,4551.0,3.9059
1779731100.0,4551.0,4551.0,4548.69,4549.4,16.8599
1779732000.0,4549.39,4553.28,4549.34,4552.45,5.3491
1779732900.0,4552.45,4553.28,4552.32,4553.01,5.9393
1779733800.0,4553.27,4554.03,4551.88,4551.88,22.1876
1779734700.0,4551.89,4552.58,4551.29,4552.57,12.8668
1779735600.0,4552.58,4552.58,4552.18,4552.18,0.6343
1779736500.0,4552.19,4553.18,4552.18,4553.17,10.0536
1779737400.0,4553.18,4553.18,4551.67,4552.57,9.8485
1779738300.0,4552.5,4552.87,4552.49,4552.87,6.5334
1779739200.0,4552.96,4552.98,4552.95,4552.97,6.6975
1779740100.0,4552.98,4553.27,4552.97,4553.27,3.9115
1779741000.0,4553.27,4553.93,4552.71,4552.71,13.2125
1779741900.0,4552.72,4553.11,4552.71,4553.1,0.9577
1779742800.0,4553.1,4554.33,4553.1,4553.98,4.4729
1779743700.0,4553.98,4553.98,4553.02,4553.02,5.4084
1779744600.0,4553.24,4553.24,4552.71,4552.72,6.5615
1779745500.0,4552.72,4552.72,4552.21,4552.21,2.7524
1779746400.0,4552.21,4556.79,4552.21,4556.79,42.223
1779747300.0,4556.78,4557.67,4556.78,4557.32,2.3948
1779748200.0,4557.06,4557.06,4553.69,4556.99,10.4354
1779749100.0,4556.99,4558.0,4556.98,4557.94,6.3648
1779750000.0,4557.94,4561.0,4557.74,4560.99,13.5683
1779750900.0,4561.0,4562.33,4552.68,4552.68,20.3597
1779751800.0,4552.68,4552.68,4542.0,4542.01,20.4832
1779752700.0,4542.01,4546.33,4542.01,4544.67,8.1044
1779753600.0,4544.67,4544.67,4534.01,4537.07,14.0731
1779754500.0,4537.08,4537.33,4527.02,4533.0,47.3408
1779755400.0,4533.0,4535.96,4531.0,4535.01,476.99
1779756300.0,4535.01,4537.14,4526.84,4534.65,61.3876
1779757200.0,4534.65,4535.33,4528.8,4533.56,49.0819
1779758100.0,4533.56,4533.56,4529.01,4530.34,10.5435
1779759000.0,4530.33,4530.33,4514.4,4517.45,85.8584
1779759900.0,4517.45,4522.5,4517.36,4522.5,14.3905
1779760800.0,4522.49,4525.18,4521.47,4524.58,3.1309
1779761700.0,4524.58,4524.69,4523.58,4523.59,7.0893
1779762600.0,4523.58,4525.2,4521.74,4522.01,8.2547
1779763500.0,4522.01,4522.01,4518.67,4520.07,17.8839
1779764400.0,4520.0,4523.94,4519.99,4523.93,5.3321
1779765300.0,4523.94,4528.67,4523.93,4528.43,13.53
1779766200.0,4528.43,4531.0,4528.2,4528.2,5.824
1779767100.0,4528.2,4529.58,4528.17,4529.0,3.9384
1779768000.0,4529.01,4529.58,4524.67,4525.32,7.772
1779768900.0,4525.32,4526.25,4521.45,4521.45,8.5513
1779769800.0,4521.42,4521.42,4514.64,4515.66,26.3781
1779770700.0,4515.67,4516.55,4513.05,4514.32,20.9069
1779771600.0,4514.32,4518.33,4513.0,4517.37,28.752
1779772500.0,4517.37,4519.26,4517.37,4519.26,5.9453
1779773400.0,4519.25,4521.66,4516.68,4518.6,12.7561
1779774300.0,4518.6,4518.6,4512.59,4516.82,14.3936
1779775200.0,4516.82,4520.36,4516.82,4520.34,9.3655
1779776100.0,4520.34,4523.31,4516.83,4519.15,29.5348
1779777000.0,4519.0,4521.17,4517.1,4521.17,8.113
1779777900.0,4521.33,4521.67,4517.36,4520.01,10.2386
1779778800.0,4520.01,4520.99,4515.47,4517.31,12.3228
1779779700.0,4517.32,4518.67,4512.67,4518.49,8.4367
1779780600.0,4518.49,4518.49,4511.68,4515.51,25.8073
1779781500.0,4515.66,4525.14,4515.31,4525.01,9.7489
1779782400.0,4525.01,4525.01,4516.68,4516.69,10.7955
1779783300.0,4516.69,4518.33,4511.37,4511.73,13.6437
1779784200.0,4511.72,4514.55,4509.12,4514.55,35.9945
1779785100.0,4514.55,4514.88,4509.42,4512.32,12.8299
1779786000.0,4512.33,4513.32,4509.44,4509.44,18.2647
1779786900.0,4509.45,4514.55,4508.13,4513.97,38.3063
1779787800.0,4513.73,4513.73,4503.36,4503.83,296.8686
1779788700.0,4503.84,4512.2,4503.84,4511.68,24.9809
1779789600.0,4511.68,4519.65,4509.11,4517.68,20.2195
1779790500.0,4518.0,4524.14,4517.38,4522.62,21.8802
1779791400.0,4522.63,4526.33,4521.13,4521.97,29.315
1779792300.0,4521.97,4527.5,4521.96,4523.32,34.2233
1779793200.0,4523.32,4524.33,4521.04,4521.05,10.5065
1779794100.0,4521.04,4521.32,4513.91,4514.17,33.2529
1779795000.0,4514.17,4514.17,4498.0,4502.13,146.6748
1779795900.0,4502.29,4505.99,4496.67,4498.34,47.7823
1779796800.0,4498.55,4502.67,4496.41,4502.08,113.2029
1779797700.0,4502.07,4505.6,4496.67,4497.69,36.8088
1779798600.0,4497.7,4502.0,4494.16,4501.85,32.27
1779799500.0,4501.86,4512.64,4501.67,4510.62,22.0124
1779800400.0,4510.61,4514.84,4507.17,4509.03,18.3263
1779801300.0,4509.04,4516.33,4509.0,4513.67,11.085
1779802200.0,4513.53,4519.46,4512.21,4518.33,16.2824
1779803100.0,4518.14,4518.33,4504.74,4505.01,75.4716
1779804000.0,4505.01,4510.65,4501.67,4502.52,31.3207
1779804900.0,4502.67,4508.46,4502.09,4507.91,13.6785
1779805800.0,4507.91,4514.4,4507.91,4512.64,34.1105
1779806700.0,4512.65,4513.28,4506.48,4507.56,24.105
1779807600.0,4507.56,4507.56,4502.0,4502.67,14.8546
1779808500.0,4502.94,4502.95,4498.89,4499.78,20.7771
1779809400.0,4499.78,4500.83,4495.75,4499.89,25.5103
1779810300.0,4499.88,4502.1,4498.75,4499.29,13.4737
1779811200.0,4499.23,4500.19,4494.37,4495.35,15.5445
1779812100.0,4495.34,4500.9,4494.36,4500.63,16.2585
1779813000.0,4500.63,4503.67,4499.03,4499.03,15.5075
1779813900.0,4499.0,4499.41,4496.71,4497.75,5.8084
1779814800.0,4497.74,4499.0,4496.7,4496.71,8.2038
1779815700.0,4496.7,4498.33,4493.5,4493.76,13.9426
1779816600.0,4493.76,4493.76,4487.96,4490.22,68.306
1779817500.0,4490.23,4493.1,4481.56,4484.06,47.2662
1779818400.0,4484.05,4485.84,4475.71,4479.74,193.0367
1779819300.0,4480.33,4488.76,4480.33,4488.76,9.8288
1779820200.0,4488.76,4490.84,4488.75,4490.12,11.4993
1779821100.0,4490.11,4492.13,4490.11,4492.13,3.9605
1779822000.0,4492.13,4493.98,4491.9,4493.79,4.6264
1779822900.0,4493.78,4496.67,4493.78,4496.37,13.6521
1779823800.0,4496.38,4498.67,4496.0,4498.66,6.7392
1779824700.0,4498.66,4502.32,4498.66,4501.34,25.5867
1779825600.0,4502.0,4504.61,4501.04,4501.86,17.2559
1779826500.0,4502.0,4503.29,4501.34,4501.34,1.6617
1779827400.0,4501.35,4503.0,4500.68,4503.0,2.3112
1779828300.0,4503.0,4503.47,4499.45,4501.0,11.3766
1779829200.0,4500.99,4502.0,4500.64,4502.0,3.0295
1779830100.0,4501.99,4502.0,4501.99,4501.99,2.0926
1779831000.0,4502.0,4502.33,4501.99,4502.33,1.5021
1779831900.0,4502.32,4502.33,4502.31,4502.33,3.6366
1779832800.0,4502.33,4504.74,4498.79,4499.0,49.499
1779833700.0,4499.01,4503.29,4498.94,4499.78,26.8716
1779834600.0,4499.72,4500.55,4495.0,4497.01,50.9555
1779835500.0,4497.0,4506.19,4495.81,4505.4,37.3222
1779836400.0,4505.33,4506.9,4503.05,4503.87,15.4243
1779837300.0,4503.87,4506.71,4499.67,4506.09,105.9589
1779838200.0,4506.09,4517.67,4504.82,4517.67,76.6936
1779839100.0,4517.66,4518.59,4512.39,4512.39,32.9433
1779840000.0,4512.38,4517.66,4511.67,4513.68,14.2838
1779840900.0,4513.68,4513.99,4508.11,4509.68,24.3045
1779841800.0,4510.33,4511.67,4510.0,4510.47,4.5933
1779842700.0,4510.47,4513.32,4508.41,4508.41,10.5301
1779843600.0,4508.41,4511.7,4506.21,4511.68,17.0777
1779844500.0,4511.39,4511.39,4507.21,4507.34,6.6806
1779845400.0,4507.33,4507.67,4503.33,4503.33,7.6086
1779846300.0,4503.34,4503.34,4500.67,4501.66,12.455
1779847200.0,4501.34,4501.66,4496.27,4497.0,10.1973
1779848100.0,4497.32,4497.33,4493.71,4497.33,7.0431
1779849000.0,4497.33,4497.5,4492.67,4493.0,37.7212
1779849900.0,4493.0,4498.74,4492.34,4497.86,31.7151
1779850800.0,4497.87,4501.33,4497.87,4501.32,7.8916
1779851700.0,4501.32,4502.97,4498.5,4498.75,13.0244
1779852600.0,4498.76,4499.32,4495.34,4496.01,15.7881
1779853500.0,4496.01,4496.75,4491.26,4491.27,32.7213
1779854400.0,4491.27,4495.66,4490.77,4495.23,58.8047
1779855300.0,4495.22,4496.28,4493.33,4493.33,66.9624
1779856200.0,4493.33,4499.33,4491.33,4499.33,50.2562
1779857100.0,4499.66,4507.0,4499.66,4502.66,84.336
1779858000.0,4502.66,4504.98,4500.69,4502.06,48.7655
1779858900.0,4501.68,4501.68,4496.45,4499.74,124.8399
1779859800.0,4499.74,4500.33,4486.67,4487.49,33.1534
1779860700.0,4487.49,4494.25,4486.67,4491.51,12.0884
1779861600.0,4491.5,4492.25,4487.97,4488.51,20.7167
1779862500.0,4488.52,4489.25,4480.0,4481.98,90.0654
1779863400.0,4481.98,4481.98,4476.1,4481.67,26.8274
1779864300.0,4482.0,4484.99,4480.67,4480.97,8.4838
1779865200.0,4480.97,4483.98,4477.82,4477.82,33.086
1779866100.0,4477.68,4482.67,4477.5,4480.34,15.5938
1779867000.0,4480.34,4482.66,4478.0,4478.02,35.8314
1779867900.0,4478.02,4478.02,4471.33,4475.36,95.1044
1779868800.0,4475.35,4482.0,4475.35,4479.14,16.2334
1779869700.0,4479.3,4485.02,4479.3,4482.91,24.7188
1779870600.0,4482.9,4488.0,4480.95,4488.0,15.213
1779871500.0,4488.0,4490.12,4486.0,4489.0,23.8306
1779872400.0,4488.99,4489.2,4483.01,4485.59,17.8375
1779873300.0,4485.59,4487.64,4483.67,4483.68,7.0477
1779874200.0,4483.69,4484.67,4481.33,4482.61,11.8711
1779875100.0,4482.61,4486.33,4482.61,4484.96,8.5689
1779876000.0,4484.67,4484.67,4480.51,4480.51,44.3304
1779876900.0,4480.45,4480.45,4473.01,4473.51,57.0783
1779877800.0,4473.45,4473.45,4459.2,4462.67,92.377
1779878700.0,4462.67,4464.51,4441.9,4445.01,447.4921
1779879600.0,4445.01,4451.25,4443.47,4448.77,101.9257
1779880500.0,4449.33,4450.05,4438.58,4439.7,46.3555
1779881400.0,4439.67,4443.3,4432.67,4443.29,109.9953
1779882300.0,4443.29,4443.3,4426.2,4428.29,76.6234
1779883200.0,4428.3,4435.8,4428.3,4430.09,68.7478
1779884100.0,4430.09,4461.84,4428.33,4452.0,131.69
1779885000.0,4452.34,4456.5,4443.98,4445.71,54.1464
1779885900.0,4445.71,4446.11,4437.67,4437.68,16.8861
1779886800.0,4437.99,4438.0,4413.34,4417.5,152.7055
1779887700.0,4417.49,4421.7,4404.0,4406.68,99.8572
1779888600.0,4406.67,4424.99,4406.41,4419.29,61.8274
1779889500.0,4419.3,4431.51,4419.23,4425.61,82.971
1779890400.0,4426.2,4450.79,4425.86,4444.36,76.1258
1779891300.0,4444.36,4450.67,4437.33,4441.5,35.3497
1779892200.0,4441.66,4444.67,4431.28,4438.51,219.975
1779893100.0,4438.51,4441.0,4430.41,4430.67,30.8081
1779894000.0,4430.72,4434.59,4427.1,4430.08,39.1018
1779894900.0,4430.07,4433.3,4429.0,4433.0,19.77
1779895800.0,4433.32,4438.96,4431.51,4431.51,46.0931
1779896700.0,4431.68,4435.0,4430.0,4433.47,22.3731
1779897600.0,4433.47,4438.18,4432.26,4437.97,23.3251
1779898500.0,4437.97,4443.41,4437.97,4443.32,9.7764
1779899400.0,4443.5,4448.12,4443.01,4447.0,20.6652
1779900300.0,4447.0,4448.31,4445.5,4446.34,30.1921
1779901200.0,4446.34,4446.34,4439.47,4439.8,26.8761
1779902100.0,4439.8,4446.34,4439.8,4446.31,13.5557
1779903000.0,4446.01,4448.48,4446.01,4446.14,16.1325
1779903900.0,4446.07,4447.75,4445.55,4446.67,7.9369
1779904800.0,4446.45,4446.45,4444.16,4444.66,9.3429
1779905700.0,4444.67,4453.07,4444.67,4450.33,27.2078
1779906600.0,4450.32,4450.33,4447.83,4448.28,8.1655
1779907500.0,4448.32,4449.67,4447.51,4449.67,8.6759
1779908400.0,4449.67,4449.68,4446.76,4447.12,10.2935
1779909300.0,4447.12,4449.25,4446.33,4447.65,36.2133
1779910200.0,4447.65,4450.19,4447.26,4449.68,15.2354
1779911100.0,4449.67,4449.68,4446.03,4446.75,9.0916
1779912000.0,4446.74,4450.75,4446.74,4450.75,25.5984
1779912900.0,4451.0,4453.5,4451.0,4451.0,20.5629
1779913800.0,4451.01,4451.01,4447.34,4448.46,3.4783
1779914700.0,4448.47,4451.32,4448.26,4451.32,9.925
1779915600.0,4451.32,4451.32,4449.76,4449.76,2.8793
1779916500.0,4449.76,4449.76,4449.33,4449.57,4.7834
1779917400.0,4449.33,4449.33,4445.3,4445.3,10.846
1779918300.0,4445.33,4446.6,4444.76,4446.59,36.6044
1779919200.0,4446.6,4457.68,4446.6,4451.94,121.3243
1779920100.0,4451.77,4454.32,4450.91,4453.51,8.6249
1779921000.0,4453.5,4454.7,4449.67,4452.04,21.1865
1779921900.0,4452.0,4452.0,4449.33,4450.16,5.4796
1779922800.0,4450.15,4450.16,4445.34,4446.29,9.9298
1779923700.0,4446.28,4447.32,4442.81,4443.44,8.8021
1779924600.0,4443.44,4445.89,4443.32,4444.5,10.5195
1779925500.0,4444.5,4444.5,4437.79,4441.0,21.1927
1779926400.0,4441.0,4445.0,4439.1,4439.11,12.5629
1779927300.0,4439.1,4446.3,4438.34,4440.33,14.2276
1779928200.0,4440.34,4445.4,4438.51,4444.73,13.8196
1779929100.0,4444.73,4449.66,4444.67,4449.09,11.7361
1779930000.0,4449.1,4450.5,4433.45,4433.75,19.553
1779930900.0,4433.41,4434.3,4414.81,4416.02,61.5177
1779931800.0,4416.01,4421.91,4414.33,4415.33,38.1317
1779932700.0,4415.12,4416.89,4406.66,4408.8,68.931
1779933600.0,4408.8,4411.11,4398.0,4402.5,91.7993
1779934500.0,4402.73,4406.33,4400.7,4405.31,42.9689
1779935400.0,4405.32,4408.67,4400.68,4401.1,45.8864
1779936300.0,4401.09,4401.09,4394.1,4394.7,43.1106
1779937200.0,4394.7,4396.32,4391.0,4393.91,76.5877
1779938100.0,4393.67,4393.67,4383.33,4386.9,173.011
1779939000.0,4386.89,4386.89,4371.0,4377.61,106.3255
1779939900.0,4377.6,4378.8,4369.33,4374.68,80.7598
1779940800.0,4374.62,4379.53,4370.33,4376.0,40.53
1779941700.0,4376.0,4376.0,4367.0,4367.4,48.7731
1779942600.0,4367.39,4372.67,4367.39,4372.67,24.5846
1779943500.0,4372.67,4373.4,4368.31,4372.34,47.5024
1779944400.0,4372.55,4375.19,4367.11,4374.33,38.3606
1779945300.0,4374.33,4379.23,4371.6,4377.91,56.129
1779946200.0,4377.91,4389.67,4375.5,4387.51,57.1071
1779947100.0,4387.51,4391.33,4385.7,4385.7,25.515
1779948000.0,4386.01,4387.0,4375.0,4375.89,17.9737
1779948900.0,4375.88,4382.4,4374.33,4379.53,27.2533
1779949800.0,4379.4,4383.05,4376.84,4379.02,28.1297
1779950700.0,4379.01,4383.0,4379.01,4382.52,9.7598
1779951600.0,4382.52,4389.67,4382.52,4388.03,30.3331
1779952500.0,4388.03,4393.39,4386.61,4390.52,21.2166
1779953400.0,4390.53,4391.89,4386.01,4389.6,104.698
1779954300.0,4389.61,4390.33,4383.61,4388.32,31.5786
1779955200.0,4388.32,4392.9,4387.01,4391.68,22.2951
1779956100.0,4391.68,4392.42,4386.68,4387.89,25.914
1779957000.0,4387.88,4393.09,4385.41,4388.67,37.8008
1779957900.0,4388.67,4389.42,4385.0,4385.08,14.2628
1779958800.0,4385.07,4389.3,4385.07,4387.85,30.0249
1779959700.0,4387.66,4395.75,4387.66,4393.89,28.0505
1779960600.0,4393.89,4393.9,4389.53,4389.53,40.5757
1779961500.0,4389.52,4393.78,4389.0,4390.76,131.1887
1779962400.0,4390.75,4399.15,4390.04,4396.75,88.2409
1779963300.0,4396.76,4398.25,4392.26,4398.24,95.4782
1779964200.0,4398.23,4399.18,4387.41,4387.41,37.7901
1779965100.0,4387.41,4387.41,4375.25,4380.76,107.3385
1779966000.0,4380.68,4387.01,4380.01,4385.51,36.3325
1779966900.0,4385.5,4387.25,4382.09,4382.1,83.9799
1779967800.0,4382.1,4387.01,4378.75,4383.33,29.7098
1779968700.0,4383.33,4384.99,4379.67,4384.98,38.1238
1779969600.0,4384.99,4388.55,4384.99,4388.55,15.0194
1779970500.0,4388.55,4388.55,4377.68,4381.34,41.8769
1779971400.0,4381.33,4398.45,4380.76,4396.75,52.336
1779972300.0,4397.25,4427.0,4397.24,4425.68,113.6695
1779973200.0,4425.69,4431.5,4419.34,4420.68,85.9391
1779974100.0,4420.68,4426.67,4419.65,4422.23,44.2571
1779975000.0,4421.75,4423.66,4412.25,4416.51,43.3993
1779975900.0,4416.33,4426.75,4416.33,4423.34,47.8632
1779976800.0,4423.34,4459.09,4415.33,4456.01,234.4979
1779977700.0,4456.0,4462.42,4444.01,4451.4,164.3208
1779978600.0,4451.4,4460.0,4444.0,4458.61,102.104
1779979500.0,4458.6,4468.33,4451.88,4457.69,78.388
1779980400.0,4457.69,4467.75,4457.69,4460.01,50.6675
1779981300.0,4460.34,4470.75,4458.56,4465.78,41.1828
1779982200.0,4465.78,4473.0,4465.78,4467.93,46.8265
1779983100.0,4468.0,4470.12,4467.75,4469.94,41.6557
1779984000.0,4469.94,4473.53,4466.38,4471.67,36.3482
1779984900.0,4471.75,4488.64,4471.75,4487.39,111.0219
1779985800.0,4487.4,4492.32,4485.0,4491.12,54.6872
1779986700.0,4491.12,4497.33,4491.12,4497.33,58.0144
1779987600.0,4497.33,4500.63,4492.75,4492.76,58.1484
1779988500.0,4492.75,4493.77,4488.75,4488.75,27.4987
1779989400.0,4488.71,4492.66,4488.71,4491.42,19.8388
1779990300.0,4491.43,4495.28,4491.43,4494.1,14.2699
1779991200.0,4494.1,4500.74,4491.55,4492.55,30.5372
1779992100.0,4492.54,4497.48,4491.5,4491.76,48.3648
1779993000.0,4491.76,4491.76,4487.06,4487.33,17.7395
1779993900.0,4487.33,4488.33,4485.25,4487.0,8.2289
1779994800.0,4487.01,4488.99,4484.69,4484.99,25.2058
1779995700.0,4485.0,4487.55,4484.99,4486.6,25.3229
1779996600.0,4486.51,4486.69,4485.75,4485.75,2.8527
1779997500.0,4485.75,4485.76,4483.67,4484.19,5.9177
1779998400.0,4484.18,4484.25,4481.26,4484.24,6.6627
1779999300.0,4484.24,4486.67,4484.02,4484.59,48.0413
1780000200.0,4484.59,4485.32,4482.35,4482.35,2.8281
1780001100.0,4482.36,4482.36,4481.5,4481.77,10.7773
1780002000.0,4481.76,4481.76,4479.28,4479.76,15.0992
1780002900.0,4479.76,4479.77,4478.5,4478.51,9.43
1780003800.0,4478.51,4478.8,4477.89,4477.91,12.7274
1780004700.0,4477.91,4479.08,4477.9,4479.08,6.1517
1780005600.0,4479.08,4484.32,4479.02,4480.21,57.4681
1780006500.0,4480.21,4480.99,4478.89,4480.99,4.0612
1780007400.0,4480.99,4480.99,4479.68,4480.53,9.8551
1780008300.0,4480.53,4480.59,4477.3,4477.3,2.1109
1780009200.0,4477.13,4480.76,4477.07,4480.76,7.1819
1780010100.0,4480.76,4482.67,4478.4,4478.41,19.5992
1780011000.0,4478.41,4480.17,4475.9,4475.91,7.5868
1780011900.0,4475.9,4479.69,4474.7,4479.68,33.1294
1780012800.0,4479.68,4481.99,4477.8,4481.7,24.678
1780013700.0,4481.69,4484.67,4481.0,4483.68,23.6955
1780014600.0,4483.68,4483.68,4478.78,4482.01,14.032
1780015500.0,4482.2,4482.2,4478.01,4478.75,7.0844
1780016400.0,4478.75,4497.67,4478.0,4497.67,59.7561
1780017300.0,4497.76,4503.08,4495.25,4495.25,599.1486
1780018200.0,4495.16,4495.32,4491.99,4494.92,112.1279
1780019100.0,4494.92,4494.92,4490.59,4493.33,50.6107
1780020000.0,4493.27,4496.66,4492.0,4493.01,34.283
1780020900.0,4493.01,4494.9,4489.5,4489.5,23.9721
1780021800.0,4489.48,4493.33,4485.7,4492.0,31.8735
1780022700.0,4491.73,4493.89,4488.33,4488.33,15.7183
1780023600.0,4488.33,4488.33,4483.05,4484.11,23.7859
1780024500.0,4484.02,4484.98,4482.09,4482.44,9.3658
1780025400.0,4482.44,4484.84,4481.02,4483.34,26.802
1780026300.0,4483.34,4485.89,4482.33,4484.97,10.7401
1780027200.0,4484.97,4489.67,4484.97,4487.71,8.9099
1780028100.0,4487.7,4495.74,4487.7,4494.33,28.1707
1780029000.0,4494.01,4495.73,4493.65,4495.5,33.4742
1780029900.0,4495.49,4498.77,4493.34,4498.77,17.478
1780030800.0,4498.76,4499.99,4495.02,4496.85,16.5771
1780031700.0,4496.85,4496.88,4496.59,4496.59,4.1511
1780032600.0,4496.59,4498.0,4490.0,4493.16,21.1684
1780033500.0,4493.15,4500.6,4491.3,4499.31,27.0744
1780034400.0,4499.33,4506.2,4498.81,4501.67,60.8563
1780035300.0,4501.66,4505.7,4497.67,4503.0,23.9551
1780036200.0,4503.0,4505.79,4498.51,4501.91,17.1185
1780037100.0,4501.91,4508.66,4501.67,4508.16,58.7517
1780038000.0,4508.14,4508.17,4502.67,4502.67,17.2656
1780038900.0,4502.67,4502.67,4498.21,4499.33,11.5691
1780039800.0,4499.33,4509.31,4499.32,4508.8,42.7304
1780040700.0,4508.79,4509.26,4505.4,4507.39,29.7152
1780041600.0,4507.39,4507.5,4499.61,4499.61,34.3826
1780042500.0,4499.62,4501.91,4498.0,4501.34,17.2433
1780043400.0,4501.34,4502.0,4499.41,4499.67,17.2929
1780044300.0,4499.67,4500.3,4495.95,4499.32,24.0583
1780045200.0,4499.33,4513.0,4498.26,4512.54,28.101
1780046100.0,4512.55,4513.75,4506.68,4512.5,30.7778
1780047000.0,4512.33,4515.17,4508.34,4515.17,35.5758
1780047900.0,4515.18,4521.88,4513.74,4515.66,52.8915
1780048800.0,4515.67,4515.67,4510.89,4511.71,19.5369
1780049700.0,4511.97,4513.35,4510.02,4513.35,16.6615
1780050600.0,4513.52,4524.46,4513.52,4519.67,32.974
1780051500.0,4519.66,4522.67,4518.89,4519.98,19.4765
1780052400.0,4519.99,4521.0,4515.33,4515.67,45.5273
1780053300.0,4515.67,4516.56,4510.8,4511.74,35.0173
1780054200.0,4511.74,4513.59,4510.5,4513.59,17.5133
1780055100.0,4513.58,4519.96,4511.0,4519.95,46.5649
1780056000.0,4519.95,4519.95,4510.5,4511.97,39.1176
1780056900.0,4511.75,4512.83,4504.33,4505.33,24.3368
1780057800.0,4505.33,4505.66,4496.76,4497.02,80.2273
1780058700.0,4497.02,4505.67,4496.51,4505.66,20.421
1780059600.0,4505.66,4507.75,4500.67,4504.88,58.7452
1780060500.0,4504.88,4509.92,4504.0,4508.75,17.7872
1780061400.0,4508.75,4515.01,4505.75,4513.0,61.2328
1780062300.0,4513.01,4520.83,4511.01,4517.73,62.6401
1780063200.0,4517.73,4533.09,4517.1,4526.01,149.8493
1780064100.0,4526.01,4526.01,4509.51,4511.33,47.4266
1780065000.0,4511.32,4523.71,4508.75,4522.34,57.5806
1780065900.0,4522.33,4550.94,4519.0,4544.58,372.4323
1780066800.0,4544.58,4572.72,4544.33,4568.69,486.072
1780067700.0,4568.69,4568.69,4556.51,4557.33,164.3833
1780068600.0,4557.0,4560.49,4542.33,4545.66,138.2999
1780069500.0,4545.66,4549.67,4538.53,4549.67,37.7772
1780070400.0,4549.67,4551.04,4540.67,4542.67,21.9346
1780071300.0,4542.66,4546.41,4541.51,4541.79,14.4672
1780072200.0,4541.79,4552.5,4541.79,4549.06,73.061
1780073100.0,4549.05,4549.05,4541.34,4546.62,20.1528
1780074000.0,4546.62,4547.0,4544.01,4544.24,14.6942
1780074900.0,4544.29,4546.75,4541.53,4542.02,32.7932
1780075800.0,4542.02,4542.02,4535.34,4535.5,18.4475
1780076700.0,4535.51,4537.32,4533.38,4534.2,15.5515
1780077600.0,4534.19,4538.25,4533.9,4537.67,22.33
1780078500.0,4537.75,4539.67,4536.33,4538.75,10.2678
1780079400.0,4538.76,4541.28,4538.68,4538.68,3.4404
1780080300.0,4538.68,4538.68,4532.67,4535.02,24.0711
1780081200.0,4535.01,4540.0,4534.33,4539.0,11.6768
1780082100.0,4539.01,4539.01,4536.34,4536.57,10.7911
1780083000.0,4536.58,4536.58,4533.0,4533.0,5.6599
1780083900.0,4533.01,4533.01,4526.0,4527.25,35.4406
1780084800.0,4527.25,4530.24,4524.76,4530.24,9.7869
1780085700.0,4530.24,4530.25,4525.03,4525.04,2.6141
1780086600.0,4525.04,4525.25,4524.01,4525.25,8.8692
1780087500.0,4525.25,4525.25,4521.01,4521.01,10.1739
1780088400.0,4521.01,4522.39,4519.52,4522.05,23.1255
1780089300.0,4522.27,4522.27,4519.67,4519.76,10.2784
1780090200.0,4519.76,4519.76,4518.18,4518.67,11.0965
1780091100.0,4518.67,4521.29,4518.67,4521.26,10.5284
1780092000.0,4521.27,4522.75,4519.34,4520.58,36.7626
1780092900.0,4520.5,4522.81,4519.66,4519.66,12.1495
1780093800.0,4519.66,4524.67,4519.66,4524.0,11.3979
1780094700.0,4523.81,4524.6,4523.4,4523.56,9.0002
1780095600.0,4523.56,4524.0,4519.81,4520.65,16.2388
1780096500.0,4520.66,4521.49,4519.81,4520.74,7.6011
1780097400.0,4520.93,4523.2,4520.69,4523.15,11.3192
1780098300.0,4522.81,4523.7,4522.4,4522.4,6.1517
1780099200.0,4522.4,4524.33,4522.4,4524.1,3.094
1780100100.0,4524.1,4524.1,4522.81,4522.81,0.8886
1780101000.0,4522.82,4522.82,4519.67,4520.33,12.7718
1780101900.0,4520.33,4520.99,4518.87,4518.88,18.5182
1780102800.0,4518.88,4519.52,4518.68,4519.2,13.8152
1780103700.0,4519.2,4520.67,4518.5,4520.67,13.2652
1780104600.0,4520.66,4522.92,4520.66,4522.92,6.4841
1780105500.0,4522.92,4522.92,4518.33,4520.78,39.8933
1780106400.0,4520.79,4521.29,4519.53,4520.52,12.7517
1780107300.0,4520.52,4520.52,4518.79,4518.99,13.4917
1780108200.0,4518.99,4521.1,4518.99,4519.51,18.211
1780109100.0,4519.51,4520.54,4519.51,4520.52,5.1533
1780110000.0,4520.52,4520.52,4517.64,4519.49,10.6631
1780110900.0,4519.5,4519.8,4518.61,4519.59,15.5101
1780111800.0,4519.59,4519.59,4518.89,4519.09,7.3662
1780112700.0,4519.1,4519.1,4518.33,4518.33,3.0889
1780113600.0,4518.33,4518.34,4515.38,4515.38,31.4552
1780114500.0,4515.38,4515.38,4511.41,4512.18,16.2886
1780115400.0,4512.18,4513.75,4511.67,4513.05,25.1447
1780116300.0,4513.06,4518.51,4512.97,4517.72,29.2625
1780117200.0,4517.73,4519.19,4514.34,4514.34,68.3296
1780118100.0,4514.34,4515.0,4514.0,4514.59,19.3549
1780119000.0,4514.59,4514.6,4513.8,4514.39,7.7622
1780119900.0,4514.4,4515.78,4513.5,4515.58,13.5869
1780120800.0,4515.58,4519.2,4515.58,4516.22,18.1595
1780121700.0,4516.22,4518.3,4513.96,4516.47,35.893
1780122600.0,4516.5,4516.5,4514.87,4514.89,18.9444
1780123500.0,4514.89,4517.82,4514.88,4517.58,22.4882
1780124400.0,4517.58,4517.59,4514.71,4515.1,28.4271
1780125300.0,4515.1,4515.59,4514.0,4514.34,23.2484
1780126200.0,4514.34,4515.29,4514.33,4514.41,30.4925
1780127100.0,4514.4,4514.73,4513.34,4513.47,15.8357
1780128000.0,4513.47,4515.98,4513.2,4515.98,18.8952
1780128900.0,4515.98,4515.98,4514.63,4514.69,16.6599
1780129800.0,4514.4,4515.87,4513.79,4513.96,26.8563
1780130700.0,4513.97,4515.14,4513.96,4515.14,4.6519
1780131600.0,4515.14,4517.18,4515.14,4516.35,23.7665
1780132500.0,4516.35,4516.64,4516.35,4516.59,16.1413
1780133400.0,4516.6,4518.0,4515.62,4515.62,33.1473
1780134300.0,4515.6,4517.24,4514.68,4517.24,62.3947
1780135200.0,4517.24,4517.29,4516.2,4517.28,19.1251
1780136100.0,4517.28,4519.67,4517.28,4518.72,23.5567
1780137000.0,4518.72,4518.86,4518.23,4518.66,17.3873
1780137900.0,4518.66,4518.66,4517.7,4518.26,18.415
1780138800.0,4518.26,4518.26,4516.22,4516.23,24.8394
1780139700.0,4516.23,4517.18,4515.98,4515.99,9.9289
1780140600.0,4515.98,4516.33,4515.35,4516.33,18.1145
1780141500.0,4516.32,4517.0,4515.6,4515.69,19.1583
1780142400.0,4515.69,4516.51,4514.95,4514.96,40.1038
1780143300.0,4514.95,4519.01,4514.95,4517.85,32.7561
1780144200.0,4517.84,4518.16,4517.36,4518.15,17.3886
1780145100.0,4518.16,4518.16,4515.19,4515.44,18.4616
1780146000.0,4515.44,4517.35,4515.43,4516.66,30.2916
1780146900.0,4516.66,4516.66,4516.07,4516.08,14.5319
1780147800.0,4516.07,4516.08,4512.67,4514.67,34.9861
1780148700.0,4514.67,4515.3,4514.36,4515.25,23.0318
1780149600.0,4515.25,4516.33,4515.25,4515.61,12.0424
1780150500.0,4515.61,4515.73,4514.86,4514.86,15.483
1780151400.0,4514.87,4514.87,4513.33,4514.12,14.7318
1780152300.0,4514.12,4514.66,4513.89,4514.66,9.2279
1780153200.0,4514.67,4514.67,4513.14,4514.23,17.0933
1780154100.0,4514.23,4514.67,4514.22,4514.57,11.2668
1780155000.0,4514.57,4514.57,4514.0,4514.01,10.4973
1780155900.0,4514.0,4514.39,4513.13,4514.38,24.3132
1780156800.0,4514.39,4514.39,4512.83,4512.9,15.7101
1780157700.0,4512.91,4514.07,4512.08,4514.07,93.6536
1780158600.0,4514.06,4514.18,4514.06,4514.17,23.5002
1780159500.0,4514.18,4514.18,4513.0,4513.73,19.7429
1780160400.0,4513.73,4514.07,4513.03,4513.26,26.6179
1780161300.0,4513.26,4513.32,4512.98,4512.98,18.352
1780162200.0,4512.98,4513.13,4511.82,4511.95,14.1742
1780163100.0,4511.94,4513.8,4511.94,4513.0,15.5359
1780164000.0,4513.01,4513.19,4511.63,4512.32,19.3194
1780164900.0,4512.64,4512.64,4511.7,4511.71,25.614
1780165800.0,4511.7,4512.06,4511.23,4511.76,20.9622
1780166700.0,4511.76,4512.24,4511.53,4512.04,19.0876
1780167600.0,4512.04,4512.05,4511.71,4511.71,11.9283
1780168500.0,4511.71,4511.71,4507.26,4510.38,96.0166
1780169400.0,4510.38,4510.38,4509.9,4510.11,12.1849
1780170300.0,4510.11,4512.3,4510.11,4512.29,18.3914
1780171200.0,4512.3,4513.04,4512.29,4512.33,26.0225
1780172100.0,4512.33,4512.33,4510.15,4510.15,32.0108
1780173000.0,4510.15,4510.16,4509.9,4510.16,8.0709
1780173900.0,4510.15,4510.7,4509.72,4510.39,29.9187
1780174800.0,4510.39,4510.65,4509.55,4510.01,22.5539
1780175700.0,4510.01,4510.17,4509.33,4509.34,34.1824
1780176600.0,4509.34,4509.67,4508.71,4508.92,106.5519
1780177500.0,4508.92,4509.3,4508.64,4509.3,50.7624
1780178400.0,4509.3,4509.6,4508.4,4509.6,22.1768
1780179300.0,4509.6,4510.85,4508.81,4508.81,17.1735
1780180200.0,4509.07,4509.08,4508.67,4508.82,4.3754
1780181100.0,4508.82,4508.82,4507.67,4507.67,18.4197
1780182000.0,4507.68,4509.17,4507.68,4508.34,29.1333
1780182900.0,4508.34,4508.96,4508.34,4508.96,17.5962
1780183800.0,4508.96,4508.96,4508.47,4508.49,11.2676
1780184700.0,4508.49,4508.49,4508.48,4508.49,0.9442
1780185600.0,4508.49,4508.8,4508.0,4508.0,24.0109
1780186500.0,4508.01,4509.0,4508.0,4508.99,8.2947
1780187400.0,4508.99,4509.19,4508.98,4509.18,4.372
1780188300.0,4509.19,4509.57,4508.9,4509.3,38.7633
1780189200.0,4509.3,4509.53,4509.0,4509.53,27.4569
1780190100.0,4509.53,4513.54,4509.52,4511.97,74.1382
1780191000.0,4511.97,4512.1,4509.99,4510.0,167.4343
1780191900.0,4510.0,4510.0,4508.9,4509.0,111.3999
1780192800.0,4509.0,4509.0,4508.81,4509.0,54.2396
1780193700.0,4509.0,4509.0,4508.97,4509.0,9.2381
1780194600.0,4509.0,4509.0,4507.97,4508.0,74.9264
1780195500.0,4507.99,4507.99,4505.69,4506.42,150.3828
1780196400.0,4506.34,4506.41,4504.35,4504.64,73.1604
1780197300.0,4504.64,4505.7,4504.01,4505.7,70.0842
1780198200.0,4505.7,4507.42,4505.7,4507.42,9.6086
1780199100.0,4507.42,4507.88,4507.33,4507.73,21.9468
1780200000.0,4507.74,4507.9,4507.2,4507.74,29.663
1780200900.0,4507.73,4508.4,4506.62,4507.88,24.4648
1780201800.0,4507.89,4507.89,4506.82,4506.82,16.5824
1780202700.0,4506.83,4506.83,4505.61,4505.62,14.3698
1780203600.0,4505.62,4508.0,4505.61,4507.99,51.6462
1780204500.0,4508.0,4518.46,4507.4,4518.46,73.693
1780205400.0,4518.45,4521.77,4518.15,4521.61,30.8218
1780206300.0,4521.61,4523.91,4521.61,4523.67,26.0072
1780207200.0,4523.67,4523.67,4521.61,4521.74,42.7993
1780208100.0,4521.74,4521.81,4521.74,4521.81,22.3367
1780209000.0,4521.81,4521.91,4521.8,4521.91,12.3691
1780209900.0,4521.9,4523.98,4521.7,4523.98,33.6902
1780210800.0,4523.98,4524.51,4523.97,4524.51,18.5886
1780211700.0,4524.51,4524.82,4522.5,4522.5,19.9839
1780212600.0,4522.51,4522.51,4521.91,4521.91,3.7558
1780213500.0,4521.91,4521.91,4521.23,4521.9,7.7712
1780214400.0,4521.9,4523.1,4521.9,4523.1,6.8387
1780215300.0,4523.1,4523.64,4523.1,4523.64,2.3769
1780216200.0,4523.64,4523.64,4521.74,4521.75,4.2407
1780217100.0,4521.75,4521.75,4521.67,4521.68,3.4414
1780218000.0,4521.68,4521.68,4521.67,4521.68,1.7139
1780218900.0,4521.67,4521.86,4521.67,4521.68,3.9871
1780219800.0,4521.68,4521.68,4521.67,4521.68,4.1847
1780220700.0,4521.68,4522.33,4520.1,4522.33,15.1554
1780221600.0,4522.5,4524.77,4522.5,4523.25,13.0112
1780222500.0,4523.25,4523.36,4523.24,4523.24,1.6975
1780223400.0,4523.24,4523.25,4522.57,4522.75,3.5141
1780224300.0,4522.76,4522.76,4520.4,4520.4,3.8786
1780225200.0,4520.4,4520.4,4519.72,4520.04,1.7587
1780226100.0,4520.04,4520.05,4520.04,4520.05,2.2022
1780227000.0,4520.04,4520.53,4520.04,4520.53,1.0333
1780227900.0,4520.53,4520.78,4520.46,4520.78,4.3279
1780228800.0,4520.79,4521.52,4520.78,4521.51,3.1285
1780229700.0,4521.52,4524.0,4521.52,4524.0,22.3751
1780230600.0,4523.99,4523.99,4523.99,4523.99,0.4616
1780231500.0,4523.99,4524.0,4523.99,4524.0,0.2068
1780232400.0,4524.0,4524.32,4524.0,4524.31,1.7398
1780233300.0,4524.32,4525.11,4524.31,4525.06,4.2049
1780234200.0,4525.06,4525.07,4524.67,4524.67,0.3612
1780235100.0,4524.43,4524.43,4521.9,4521.9,1.7117
1780236000.0,4521.91,4521.91,4521.89,4521.89,2.1804
1780236900.0,4521.67,4521.67,4519.81,4521.66,9.1371
1780237800.0,4521.67,4523.3,4521.67,4522.67,4.6493
1780238700.0,4522.67,4522.68,4522.34,4522.34,2.509
1780239600.0,4522.34,4522.34,4521.33,4521.33,3.362
1780240500.0,4521.3,4521.87,4519.63,4521.86,4.765
1780241400.0,4521.86,4521.86,4521.85,4521.85,1.7997
1780242300.0,4521.34,4521.57,4521.34,4521.56,2.1748
1780243200.0,4521.57,4521.86,4521.56,4521.86,1.8893
1780244100.0,4521.86,4522.0,4521.56,4521.85,6.4006
1780245000.0,4521.86,4521.86,4521.85,4521.86,1.6553
1780245900.0,4521.85,4522.78,4521.85,4522.78,2.4761
1780246800.0,4522.78,4523.16,4521.68,4521.68,2.8211
1780247700.0,4521.67,4521.67,4521.59,4521.59,0.8587
1780248600.0,4521.59,4521.6,4521.59,4521.59,0.275
1780249500.0,4521.6,4521.6,4521.59,4521.6,0.1182
1780250400.0,4521.6,4521.61,4521.59,4521.61,0.5767
1780251300.0,4521.61,4521.85,4521.6,4521.84,1.3369
1780252200.0,4521.85,4522.4,4521.84,4522.17,5.6323
1780253100.0,4522.16,4522.16,4521.59,4521.59,3.4413
1780254000.0,4521.6,4521.6,4521.59,4521.59,2.0542
1780254900.0,4521.6,4521.6,4521.0,4521.0,4.0616
1780255800.0,4521.0,4521.0,4519.01,4519.9,5.2085
1780256700.0,4519.34,4519.34,4519.33,4519.34,4.4056
1780257600.0,4519.34,4519.34,4519.33,4519.33,0.4983
1780258500.0,4519.33,4519.33,4517.67,4518.3,3.9296
1780259400.0,4518.3,4519.14,4518.29,4519.14,4.2361
1780260300.0,4519.14,4519.14,4518.85,4518.85,2.0042
1780261200.0,4518.67,4521.62,4514.67,4516.33,47.9586
1780262100.0,4516.33,4517.33,4516.33,4517.33,11.6091
1780263000.0,4517.33,4520.51,4517.33,4518.67,18.4659
1780263900.0,4518.67,4519.94,4514.06,4516.33,28.1289
1780264800.0,4516.21,4518.3,4501.16,4516.2,210.4479
1780265700.0,4516.32,4517.67,4515.0,4515.61,17.3617
1780266600.0,4515.6,4517.7,4513.97,4516.86,11.126
1780267500.0,4517.0,4521.67,4517.0,4519.33,34.0437
1780268400.0,4519.2,4524.0,4518.67,4523.94,11.5855
1780269300.0,4523.94,4525.67,4523.19,4525.66,12.2721
1780270200.0,4525.67,4526.63,4521.33,4523.81,18.409
1780271100.0,4524.22,4526.08,4521.68,4523.33,14.6069
1780272000.0,4523.33,4527.67,4521.01,4522.52,15.2006
1780272900.0,4522.53,4526.1,4521.33,4525.98,8.2242
1780273800.0,4525.98,4526.67,4518.58,4518.58,20.3093
1780274700.0,4518.48,4523.67,4518.48,4522.2,28.5871
1780275600.0,4522.2,4522.95,4510.42,4516.67,24.2098
1780276500.0,4516.67,4519.0,4512.91,4513.2,11.5163
1780277400.0,4513.2,4516.67,4512.33,4516.53,16.8096
1780278300.0,4516.66,4516.66,4508.67,4510.0,10.6244
1780279200.0,4510.0,4516.33,4509.0,4516.32,9.9476
1780280100.0,4516.33,4517.17,4513.8,4514.16,12.7971
1780281000.0,4514.03,4514.03,4508.0,4508.01,14.9618
1780281900.0,4508.01,4508.67,4505.41,4505.41,10.0392
1780282800.0,4505.42,4508.71,4500.68,4503.53,21.7242
1780283700.0,4503.53,4505.32,4499.03,4505.22,48.0441
1780284600.0,4504.91,4507.67,4496.71,4496.71,12.0839
1780285500.0,4496.71,4499.98,4496.1,4499.98,11.8526
1780286400.0,4499.97,4503.5,4497.68,4499.0,14.6735
1780287300.0,4499.0,4501.67,4499.0,4500.01,6.3431
1780288200.0,4500.01,4500.61,4498.67,4499.61,4.1586
1780289100.0,4499.33,4499.33,4494.36,4499.24,11.3634
1780290000.0,4499.24,4502.33,4498.79,4501.68,10.3291
1780290900.0,4501.67,4505.99,4501.67,4504.8,7.458
1780291800.0,4504.68,4505.7,4498.21,4503.89,11.4094
1780292700.0,4503.89,4507.79,4502.67,4502.67,9.9817
1780293600.0,4502.33,4502.67,4498.0,4499.33,53.6216
1780294500.0,4499.33,4500.29,4491.73,4498.56,28.9206
1780295400.0,4498.66,4498.99,4488.76,4490.33,10.7905
1780296300.0,4490.32,4490.67,4487.11,4488.33,15.7954
1780297200.0,4488.34,4495.27,4487.67,4494.33,21.8059
1780298100.0,4494.01,4494.01,4489.0,4489.2,18.1503
1780299000.0,4489.21,4491.81,4485.35,4485.35,11.4325
1780299900.0,4485.35,4488.59,4480.01,4488.59,50.2603
1780300800.0,4488.6,4489.79,4481.31,4483.01,52.8902
1780301700.0,4483.0,4483.0,4478.82,4482.88,53.0529
1780302600.0,4482.88,4485.6,4480.33,4485.6,20.5032
1780303500.0,4485.59,4487.96,4483.2,4484.58,39.8239
1780304400.0,4484.67,4486.67,4484.67,4485.67,13.477
1780305300.0,4485.67,4491.95,4484.33,4484.33,31.4369
1780306200.0,4484.2,4485.58,4478.09,4485.58,29.6579
1780307100.0,4485.58,4485.59,4481.22,4482.83,25.99
1780308000.0,4482.83,4489.5,4482.83,4488.56,63.6159
1780308900.0,4488.55,4489.7,4484.4,4488.33,28.6423
1780309800.0,4488.3,4493.88,4488.12,4493.17,20.1114
1780310700.0,4493.17,4496.67,4490.16,4490.46,5.9666
1780311600.0,4490.67,4493.34,4487.69,4491.02,9.0616
1780312500.0,4491.12,4498.67,4491.11,4497.32,13.6935
1780313400.0,4497.32,4497.86,4493.97,4493.97,15.2639
1780314300.0,4493.97,4496.28,4492.34,4492.53,5.4794
1780315200.0,4492.33,4495.67,4491.0,4491.6,42.506
1780316100.0,4491.33,4493.96,4486.0,4493.0,23.0139
1780317000.0,4493.0,4494.33,4486.01,4494.33,19.7335
1780317900.0,4494.66,4496.03,4487.08,4489.43,13.9334
1780318800.0,4489.44,4490.28,4462.0,4472.36,166.1136
1780319700.0,4472.35,4476.24,4453.72,4456.23,141.0232
1780320600.0,4455.93,4467.02,4450.0,4458.42,176.4661
1780321500.0,4458.33,4459.46,4440.0,4441.45,145.7376
1780322400.0,4441.45,4452.1,4439.77,4451.83,155.7919
1780323300.0,4451.82,4454.64,4442.45,4446.09,78.8676
1780324200.0,4446.09,4450.99,4445.21,4450.33,78.5464
1780325100.0,4450.33,4451.0,4443.67,4448.79,27.3969
1780326000.0,4448.79,4454.87,4446.82,4454.13,73.1394
1780326900.0,4454.1,4459.32,4453.25,4458.68,60.6135
1780327800.0,4458.68,4468.33,4458.56,4461.67,50.2258
1780328700.0,4462.01,4464.07,4459.01,4463.37,13.0115
1780329600.0,4463.38,4467.13,4455.34,4457.21,38.7448
1780330500.0,4457.21,4458.09,4453.0,4457.42,52.3399
1780331400.0,4457.31,4461.52,4456.36,4458.23,54.2164
1780332300.0,4458.23,4469.25,4457.63,4468.67,19.9139
1780333200.0,4468.82,4469.25,4461.68,4464.32,14.4667
1780334100.0,4464.33,4470.27,4462.35,4470.27,53.8757
1780335000.0,4470.28,4477.41,4468.98,4477.41,72.0818
1780335900.0,4477.64,4481.67,4475.03,4475.03,27.1134
1780336800.0,4475.03,4476.53,4474.19,4475.68,12.8905
1780337700.0,4475.68,4476.23,4474.01,4474.01,16.3747
1780338600.0,4474.02,4474.66,4473.0,4474.66,14.7529
1780339500.0,4474.66,4475.25,4474.42,4474.42,7.9722
1780340400.0,4474.43,4474.77,4472.81,4473.34,14.4877
1780341300.0,4473.34,4473.34,4472.35,4472.36,12.356
1780342200.0,4472.36,4472.54,4471.0,4471.68,7.8094
1780343100.0,4471.68,4471.68,4468.02,4468.22,13.3613
1780344000.0,4468.22,4471.07,4468.22,4470.06,11.7801
1780344900.0,4470.06,4470.6,4470.06,4470.6,8.7018
1780345800.0,4470.6,4471.32,4470.07,4470.08,12.6234
1780346700.0,4470.08,4471.87,4469.68,4471.81,13.9626
1780347600.0,4471.81,4471.81,4470.74,4471.26,10.5452
1780348500.0,4471.26,4471.62,4471.2,4471.21,7.66
1780349400.0,4471.21,4471.21,4470.19,4470.56,11.3753
1780350300.0,4470.56,4472.51,4470.41,4471.7,15.2817
1780351200.0,4471.7,4473.21,4469.4,4471.4,23.1264
1780352100.0,4471.4,4471.87,4469.68,4469.68,9.4615
1780353000.0,4469.68,4470.43,4468.34,4469.34,8.5453
1780353900.0,4469.33,4472.63,4469.33,4472.63,17.5057
1780354800.0,4472.63,4473.26,4469.4,4471.95,10.1475
1780355700.0,4472.0,4473.89,4472.0,4473.46,29.5067
1780356600.0,4473.46,4473.46,4467.67,4469.67,17.8289
1780357500.0,4469.58,4469.58,4465.68,4469.46,16.5835
1780358400.0,4469.46,4469.58,4462.45,4465.67,28.8695
1780359300.0,4465.67,4477.01,4465.67,4477.01,18.4205
1780360200.0,4477.09,4480.65,4470.16,4470.55,20.339
1780361100.0,4470.92,4471.41,4466.67,4466.67,10.451
1780362000.0,4466.67,4475.23,4459.42,4474.67,44.6564
1780362900.0,4474.67,4475.22,4466.23,4470.12,40.7622
1780363800.0,4470.12,4472.33,4465.0,4465.26,97.7899
1780364700.0,4464.72,4465.21,4449.67,4459.0,43.0695
1780365600.0,4458.78,4463.64,4457.0,4462.67,49.2179
1780366500.0,4463.0,4466.63,4462.3,4465.33,42.0928
1780367400.0,4465.34,4467.33,4461.01,4462.19,13.9424
1780368300.0,4462.19,4468.88,4459.0,4468.88,10.4945
1780369200.0,4468.88,4474.0,4468.88,4471.21,54.0107
1780370100.0,4471.02,4479.32,4470.01,4478.0,41.5151
1780371000.0,4477.96,4480.29,4475.89,4477.98,34.9766
1780371900.0,4477.99,4480.43,4477.95,4479.85,62.79
1780372800.0,4479.84,4485.66,4479.76,4485.64,38.0949
1780373700.0,4485.64,4490.33,4485.64,4486.6,47.5419
1780374600.0,4486.59,4491.18,4485.51,4491.18,24.9558
1780375500.0,4491.18,4497.81,4491.17,4497.8,50.3186
1780376400.0,4497.81,4499.18,4497.33,4499.18,23.2042
1780377300.0,4499.18,4502.67,4499.04,4501.71,28.0062
1780378200.0,4501.72,4508.33,4501.72,4505.69,92.8534
1780379100.0,4505.69,4506.67,4498.89,4499.81,45.0056
1780380000.0,4499.82,4505.45,4499.82,4501.4,74.3602
1780380900.0,4501.4,4514.0,4500.76,4513.99,57.1345
1780381800.0,4513.99,4518.75,4513.99,4514.22,105.0473
1780382700.0,4514.21,4516.67,4514.13,4516.66,70.4005
1780383600.0,4516.67,4521.38,4515.3,4521.35,124.4314
1780384500.0,4521.36,4521.36,4514.8,4514.81,51.1812
1780385400.0,4514.8,4515.0,4513.0,4513.01,42.2076
1780386300.0,4513.01,4514.42,4510.4,4514.24,68.7533
1780387200.0,4514.49,4518.66,4514.49,4517.03,99.8687
1780388100.0,4516.67,4516.67,4510.67,4512.42,110.9779
1780389000.0,4512.41,4513.33,4512.0,4512.0,14.9017
1780389900.0,4512.0,4512.0,4508.34,4508.34,48.8273
1780390800.0,4508.33,4513.32,4507.12,4513.32,82.1711
1780391700.0,4513.33,4514.99,4507.34,4507.34,31.3377
1780392600.0,4507.56,4507.99,4503.49,4505.5,58.0135
1780393500.0,4505.5,4510.67,4505.5,4509.76,55.995
1780394400.0,4509.77,4511.33,4509.01,4510.0,25.3353
1780395300.0,4510.0,4510.01,4506.02,4508.1,18.2036
1780396200.0,4508.19,4508.33,4506.9,4507.98,60.7425
1780397100.0,4508.0,4513.0,4508.0,4512.99,44.7815
1780398000.0,4513.0,4513.85,4510.39,4510.39,28.2666
1780398900.0,4510.39,4510.39,4508.0,4509.56,23.9444
1780399800.0,4509.56,4510.47,4507.34,4507.96,25.9759
1780400700.0,4507.75,4510.32,4506.78,4507.01,18.9143
1780401600.0,4507.01,4508.02,4506.52,4507.16,36.9816
1780402500.0,4507.17,4513.0,4505.54,4509.58,38.3184
1780403400.0,4509.57,4513.24,4504.24,4505.51,79.1066
1780404300.0,4505.51,4506.0,4495.37,4495.38,90.9156
1780405200.0,4495.49,4503.33,4493.18,4494.0,84.7321
1780406100.0,4494.0,4496.39,4490.86,4491.01,74.2387
1780407000.0,4491.01,4493.67,4487.83,4489.0,132.2979
1780407900.0,4489.0,4492.33,4485.0,4485.0,62.2784
1780408800.0,4485.0,4487.58,4481.0,4487.17,211.5067
1780409700.0,4487.11,4487.11,4470.29,4476.86,307.7008
1780410600.0,4476.87,4487.56,4476.87,4487.55,152.4432
1780411500.0,4487.55,4488.0,4484.92,4485.57,61.107
1780412400.0,4485.57,4489.66,4485.36,4486.67,102.644
1780413300.0,4486.68,4487.8,4484.33,4486.67,24.8376
1780414200.0,4486.66,4488.66,4482.5,4483.6,73.1475
1780415100.0,4483.6,4486.23,4483.25,4483.25,66.739
1780416000.0,4483.25,4483.26,4479.28,4479.87,68.7677
1780416900.0,4479.86,4479.86,4472.59,4472.6,29.767
1780417800.0,4472.6,4472.82,4469.52,4471.67,32.5708
1780418700.0,4471.67,4473.01,4471.07,4473.01,28.1192
1780419600.0,4473.01,4475.0,4469.53,4470.99,88.2158
1780420500.0,4471.0,4471.67,4468.68,4471.67,60.464
1780421400.0,4471.54,4471.83,4464.6,4465.51,39.1449
1780422300.0,4465.51,4466.93,4464.72,4465.67,31.1559
1780423200.0,4465.67,4469.0,4465.67,4466.68,70.0791
1780424100.0,4466.58,4471.0,4465.86,4469.71,38.4494
1780425000.0,4469.72,4469.72,4461.39,4461.61,38.0228
1780425900.0,4461.61,4470.2,4461.61,4467.78,52.323
1780426800.0,4467.78,4468.73,4467.78,4467.9,36.121
1780427700.0,4467.9,4469.16,4466.33,4469.15,30.81
1780428600.0,4469.32,4469.92,4463.96,4466.93,82.7382
1780429500.0,4466.94,4468.21,4465.67,4467.87,91.2609
1780430400.0,4467.87,4469.33,4466.6,4469.33,47.3717
1780431300.0,4469.33,4470.0,4468.77,4468.77,51.3318
1780432200.0,4468.78,4469.99,4468.77,4469.55,43.0536
1780433100.0,4469.33,4469.34,4468.33,4468.74,31.4834
1780434000.0,4468.74,4468.75,4466.0,4466.01,32.2747
1780434900.0,4466.01,4466.83,4465.51,4465.74,29.0015
1780435800.0,4465.74,4465.97,4465.0,4465.08,24.5645
1780436700.0,4465.08,4465.13,4463.79,4464.19,23.0532
1780437600.0,4464.19,4472.08,4464.19,4469.78,141.8391
1780438500.0,4469.79,4470.32,4468.08,4468.96,56.9014
1780439400.0,4468.96,4469.33,4466.39,4467.6,41.6368
1780440300.0,4467.6,4469.67,4464.35,4465.0,131.9939
1780441200.0,4464.62,4466.17,4455.92,4456.67,78.5465
1780442100.0,4456.67,4456.67,4442.5,4446.33,67.954
1780443000.0,4446.33,4452.65,4443.04,4452.52,137.0918
1780443900.0,4452.52,4453.55,4448.67,4453.41,29.8385
1780444800.0,4452.97,4457.0,4452.97,4454.33,31.6335
1780445700.0,4454.33,4460.0,4453.68,4460.0,31.4549
1780446600.0,4460.0,4473.24,4460.0,4472.93,89.4746
1780447500.0,4473.16,4473.16,4465.67,4465.67,81.3259
1780448400.0,4465.67,4466.02,4448.67,4452.56,237.7525
1780449300.0,4452.33,4452.92,4445.28,4448.63,129.5029
1780450200.0,4448.63,4452.67,4445.67,4450.59,40.1139
1780451100.0,4450.59,4455.92,4450.59,4454.8,23.6634
1780452000.0,4454.8,4458.9,4452.57,4458.9,33.4209
1780452900.0,4458.9,4458.9,4453.68,4457.62,26.1022
1780453800.0,4457.62,4462.41,4454.0,4459.0,44.2687
1780454700.0,4458.72,4459.42,4453.34,4459.42,40.3403
1780455600.0,4459.65,4465.08,4459.65,4462.66,30.6559
1780456500.0,4462.67,4465.2,4462.28,4462.67,28.0032
1780457400.0,4462.67,4463.94,4462.65,4463.0,32.5781
1780458300.0,4463.01,4463.2,4461.0,4461.79,27.5913
1780459200.0,4461.8,4463.19,4461.8,4462.67,26.848
1780460100.0,4462.89,4464.0,4457.05,4457.05,49.7524
1780461000.0,4457.05,4457.05,4450.67,4451.48,46.8102
1780461900.0,4451.48,4451.74,4448.36,4449.2,49.0844
1780462800.0,4449.19,4452.33,4448.0,4452.33,35.9443
1780463700.0,4452.33,4452.73,4447.67,4448.0,31.102
1780464600.0,4448.0,4448.01,4440.71,4442.12,31.5829
1780465500.0,4442.12,4446.33,4437.3,4437.31,43.2636
1780466400.0,4437.31,4445.87,4437.31,4444.65,56.294
1780467300.0,4444.66,4448.83,4439.7,4442.32,74.8135
1780468200.0,4442.33,4443.88,4438.83,4440.65,63.6893
1780469100.0,4440.65,4441.15,4436.89,4441.0,60.005
1780470000.0,4441.0,4449.24,4439.5,4447.33,57.0649
1780470900.0,4447.01,4447.01,4436.83,4436.83,11.737
1780471800.0,4436.78,4441.28,4434.0,4438.41,54.5103
1780472700.0,4438.33,4442.17,4434.83,4434.83,11.8484
1780473600.0,4434.77,4438.31,4431.97,4436.46,121.1328
1780474500.0,4436.26,4436.82,4432.18,4435.54,293.6839
1780475400.0,4435.67,4436.86,4435.12,4435.35,48.613
1780476300.0,4435.35,4436.23,4422.11,4423.87,132.4257
1780477200.0,4423.87,4437.62,4423.13,4432.0,69.1882
1780478100.0,4432.0,4432.01,4421.5,4421.5,36.9524
1780479000.0,4421.51,4427.96,4421.18,4427.11,84.2324
1780479900.0,4427.11,4427.9,4422.22,4422.23,46.9091
1780480800.0,4422.23,4445.82,4421.86,4442.67,393.5943
1780481700.0,4442.67,4442.99,4435.5,4440.15,33.7592
1780482600.0,4440.15,4442.17,4434.1,4434.11,44.2206
1780483500.0,4434.14,4440.17,4434.14,4438.84,52.659
1780484400.0,4438.84,4446.16,4438.84,4441.83,45.229
1780485300.0,4441.84,4443.16,4438.83,4442.18,18.3512
1780486200.0,4442.33,4444.5,4439.21,4439.23,36.3189
1780487100.0,4439.23,4442.74,4438.67,4441.0,40.9451
1780488000.0,4441.0,4442.42,4436.93,4438.18,62.1644
1780488900.0,4438.18,4442.0,4432.83,4433.4,132.6659
1780489800.0,4433.33,4439.31,4429.78,4438.18,41.7526
1780490700.0,4438.18,4445.12,4436.33,4439.83,47.6262
1780491600.0,4439.82,4444.54,4438.33,4442.5,25.5658
1780492500.0,4442.5,4442.5,4427.51,4429.53,69.6587
1780493400.0,4429.53,4433.0,4410.04,4410.04,182.5529
1780494300.0,4410.03,4428.82,4409.33,4426.74,68.2939
1780495200.0,4426.74,4436.66,4423.5,4435.17,83.7051
1780496100.0,4435.03,4438.2,4427.5,4431.83,100.7933
1780497000.0,4431.82,4433.16,4427.65,4428.01,18.7605
1780497900.0,4428.01,4438.3,4427.96,4436.33,70.532
1780498800.0,4436.33,4436.83,4425.83,4425.84,22.6626
1780499700.0,4425.84,4429.88,4420.8,4424.8,43.7755
1780500600.0,4424.82,4425.33,4418.07,4421.33,44.5486
1780501500.0,4421.19,4422.67,4419.17,4421.78,23.0266
1780502400.0,4421.78,4422.83,4418.73,4419.81,25.5613
1780503300.0,4419.81,4421.05,4414.83,4417.47,34.2028
1780504200.0,4417.46,4420.16,4415.33,4418.29,33.0995
1780505100.0,4418.33,4421.66,4417.58,4421.66,34.317
1780506000.0,4421.67,4427.32,4421.66,4422.5,48.8141
1780506900.0,4422.5,4422.59,4419.18,4419.18,17.7164
1780507800.0,4419.17,4421.05,4417.33,4421.04,25.4467
1780508700.0,4421.04,4421.04,4417.83,4418.94,25.2088
1780509600.0,4418.94,4420.0,4417.0,4417.01,19.8735
1780510500.0,4417.01,4419.3,4415.95,4419.2,42.7634
1780511400.0,4419.21,4420.67,4417.37,4418.67,51.4847
1780512300.0,4418.68,4420.91,4418.68,4420.9,36.1673
1780513200.0,4420.9,4428.17,4420.75,4428.17,60.9853
1780514100.0,4428.17,4430.28,4426.1,4426.47,76.0039
1780515000.0,4426.48,4427.72,4425.67,4426.17,28.4124
1780515900.0,4426.17,4426.17,4423.08,4423.18,36.3512
1780516800.0,4423.18,4423.33,4418.22,4418.81,29.4198
1780517700.0,4418.8,4418.8,4417.17,4417.58,19.0429
1780518600.0,4417.57,4417.58,4411.04,4411.38,26.9964
1780519500.0,4411.44,4413.24,4410.49,4412.14,27.7784
1780520400.0,4412.14,4414.26,4412.04,4414.17,76.9653
1780521300.0,4414.18,4417.5,4414.18,4417.5,33.5024
1780522200.0,4417.5,4418.93,4415.29,4417.99,47.1788
1780523100.0,4418.0,4422.0,4418.0,4422.0,14.7987
1780524000.0,4421.99,4421.99,4410.17,4410.4,52.3668
1780524900.0,4410.39,4412.83,4403.94,4411.78,64.2443
1780525800.0,4411.79,4417.33,4411.79,4414.33,51.6924
1780526700.0,4414.33,4429.34,4414.33,4425.69,128.2275
1780527600.0,4425.7,4427.15,4423.02,4425.07,68.9883
1780528500.0,4425.07,4428.66,4425.07,4428.29,29.6492
1780529400.0,4428.3,4430.5,4424.18,4430.5,34.5869
1780530300.0,4430.5,4439.99,4430.5,4434.4,44.9358
1780531200.0,4434.39,4441.1,4431.33,4431.34,34.6226
1780532100.0,4431.33,4434.48,4426.67,4428.5,32.4593
1780533000.0,4428.5,4429.82,4422.5,4425.5,22.6924
1780533900.0,4425.49,4428.99,4423.34,4424.53,25.2788
1780534800.0,4424.52,4443.3,4420.87,4441.33,175.9479
1780535700.0,4441.17,4448.9,4437.17,4442.52,230.893
1780536600.0,4442.52,4445.78,4436.5,4436.5,164.6525
1780537500.0,4436.5,4442.94,4433.94,4441.5,162.6966
1780538400.0,4441.5,4443.37,4434.33,4439.86,157.9904
1780539300.0,4439.86,4439.86,4436.76,4438.76,53.3473
1780540200.0,4438.76,4441.35,4436.2,4440.33,59.1261
1780541100.0,4440.34,4452.9,4440.34,4452.25,156.5518
1780542000.0,4452.25,4454.17,4449.33,4450.06,83.3549
1780542900.0,4450.06,4450.46,4445.01,4446.93,11.9602
1780543800.0,4446.94,4448.83,4440.78,4440.78,17.4681
1780544700.0,4440.67,4442.32,4437.57,4441.93,11.662
1780545600.0,4442.0,4448.23,4441.76,4448.23,26.4983
1780546500.0,4448.23,4453.46,4448.16,4452.49,51.4738
1780547400.0,4452.49,4461.44,4452.49,4460.93,129.7989
1780548300.0,4460.93,4461.45,4456.82,4457.84,92.9228
1780549200.0,4457.87,4459.32,4450.51,4455.24,84.391
1780550100.0,4455.24,4455.38,4449.8,4451.54,43.0853
1780551000.0,4451.55,4453.17,4449.33,4451.83,63.367
1780551900.0,4451.96,4451.96,4445.97,4447.32,89.1319
1780552800.0,4447.28,4454.33,4445.56,4452.37,80.3585
1780553700.0,4452.34,4452.34,4446.28,4449.47,36.3858
1780554600.0,4449.49,4453.47,4448.08,4448.08,64.725
1780555500.0,4448.08,4448.08,4442.9,4446.49,38.6754
1780556400.0,4446.5,4448.58,4441.76,4442.33,32.885
1780557300.0,4442.33,4447.84,4440.91,4442.67,57.1294
1780558200.0,4442.66,4444.32,4438.67,4438.68,91.1165
1780559100.0,4438.84,4439.5,4438.35,4439.12,25.8416
1780560000.0,4439.13,4444.83,4438.83,4438.84,42.4872
1780560900.0,4438.83,4442.97,4438.11,4440.96,76.9853
1780561800.0,4441.0,4445.99,4439.01,4441.04,81.9728
1780562700.0,4441.04,4443.0,4439.0,4442.17,9.9097
1780563600.0,4442.16,4445.96,4440.16,4442.01,68.1448
1780564500.0,4442.01,4444.48,4442.01,4442.49,16.2122
1780565400.0,4442.32,4445.83,4439.55,4444.33,29.0084
1780566300.0,4444.33,4451.68,4444.33,4448.35,67.7209
1780567200.0,4448.34,4448.35,4445.06,4447.54,31.3641
1780568100.0,4447.54,4447.54,4442.31,4443.62,18.1336
1780569000.0,4443.61,4448.76,4443.5,4448.76,29.7582
1780569900.0,4448.68,4449.55,4446.17,4449.49,29.8872
1780570800.0,4449.49,4453.99,4446.64,4451.31,71.2661
1780571700.0,4451.22,4466.07,4450.48,4465.25,106.2857
1780572600.0,4465.26,4468.04,4459.5,4467.5,123.9677
1780573500.0,4467.51,4489.83,4467.51,4488.5,153.2986
1780574400.0,4488.5,4489.67,4469.67,4469.74,113.1103
1780575300.0,4469.74,4476.18,4468.33,4474.7,50.5649
1780576200.0,4474.7,4480.46,4474.39,4478.22,111.6346
1780577100.0,4478.33,4485.83,4476.88,4480.99,94.5266
1780578000.0,4480.85,4485.49,4477.98,4479.89,130.1735
1780578900.0,4479.89,4484.32,4478.83,4481.08,46.1447
1780579800.0,4480.95,4489.5,4479.27,4489.31,154.7673
1780580700.0,4489.31,4489.9,4473.17,4473.17,165.3758
1780581600.0,4473.14,4476.33,4464.68,4465.16,110.4227
1780582500.0,4465.17,4469.99,4462.24,4462.66,34.1623
1780583400.0,4462.66,4462.81,4451.22,4452.68,39.6991
1780584300.0,4452.83,4453.22,4436.34,4443.33,116.6201
1780585200.0,4443.33,4452.21,4441.95,4450.51,70.5064
1780586100.0,4450.52,4452.73,4448.68,4449.67,127.0591
1780587000.0,4449.51,4454.67,4448.79,4450.33,25.6664
1780587900.0,4450.4,4455.68,4449.14,4455.13,9.7119
1780588800.0,4455.14,4460.5,4454.46,4457.77,12.5661
1780589700.0,4457.76,4461.2,4457.68,4461.0,20.4618
1780590600.0,4460.89,4460.89,4457.33,4458.81,10.7552
1780591500.0,4458.81,4459.85,4458.01,4459.69,11.863
1780592400.0,4459.69,4459.69,4454.0,4454.0,14.6608
1780593300.0,4454.01,4455.56,4451.22,4453.83,49.9226
1780594200.0,4454.0,4457.68,4453.36,4454.45,20.9847
1780595100.0,4454.17,4456.99,4454.17,4455.28,17.9802
1780596000.0,4455.28,4456.07,4453.89,4455.76,24.8676
1780596900.0,4455.76,4458.49,4455.27,4455.67,54.6596
1780597800.0,4455.7,4455.7,4450.77,4451.18,10.3513
1780598700.0,4451.18,4456.5,4451.18,4455.56,44.376
1780599600.0,4455.67,4459.67,4454.45,4456.49,81.9911
1780600500.0,4456.53,4458.0,4456.53,4458.0,37.01
1780601400.0,4457.99,4458.0,4456.35,4456.36,11.321
1780602300.0,4456.35,4459.57,4455.08,4458.64,30.2943
1780603200.0,4458.65,4458.65,4456.08,4456.08,12.8299
1780604100.0,4456.08,4456.17,4454.64,4455.15,25.712
1780605000.0,4455.14,4455.54,4453.3,4455.53,31.503
1780605900.0,4455.53,4455.53,4454.46,4454.68,13.9377
1780606800.0,4454.5,4454.69,4454.0,4454.69,15.1621
1780607700.0,4454.69,4454.69,4453.84,4453.93,2.7724
1780608600.0,4453.93,4453.93,4449.0,4449.0,12.7325
1780609500.0,4449.01,4450.41,4448.84,4450.4,9.2989
1780610400.0,4450.41,4453.0,4450.41,4452.43,37.8956
1780611300.0,4452.44,4456.17,4452.44,4455.84,12.1876
1780612200.0,4455.83,4457.17,4452.44,4452.44,16.6629
1780613100.0,4452.44,4452.44,4447.41,4447.41,18.6468
1780614000.0,4447.41,4449.83,4442.5,4448.83,47.8167
1780614900.0,4448.83,4448.83,4444.01,4446.28,13.3012
1780615800.0,4446.32,4446.33,4440.34,4440.39,16.2463
1780616700.0,4440.63,4443.11,4439.18,4439.18,14.7998
1780617600.0,4439.17,4441.54,4432.84,4433.33,42.802
1780618500.0,4433.33,4434.83,4430.01,4434.83,55.327
1780619400.0,4434.83,4443.16,4434.82,4439.89,24.9749
1780620300.0,4439.89,4441.99,4436.17,4436.78,33.5537
1780621200.0,4436.78,4444.66,4431.13,4437.35,69.9637
1780622100.0,4437.36,4440.15,4426.79,4434.95,42.2236
1780623000.0,4435.17,4435.99,4424.0,4424.0,35.7692
1780623900.0,4424.0,4428.32,4422.85,4424.33,35.0604
1780624800.0,4424.38,4427.99,4421.36,4427.56,39.4435
1780625700.0,4427.56,4432.32,4424.51,4428.67,53.5032
1780626600.0,4428.67,4428.67,4417.32,4420.77,70.2686
1780627500.0,4420.77,4426.67,4418.46,4418.99,75.7198
1780628400.0,4418.99,4418.99,4415.35,4417.67,53.3656
1780629300.0,4417.74,4420.83,4414.29,4415.67,55.6727
1780630200.0,4415.34,4419.91,4415.33,4418.9,21.8203
1780631100.0,4418.84,4420.42,4418.0,4419.62,21.0253
1780632000.0,4419.63,4421.17,4418.0,4419.17,26.0102
1780632900.0,4419.32,4421.51,4417.67,4418.83,23.5854
1780633800.0,4418.82,4421.25,4417.18,4418.69,18.7509
1780634700.0,4418.69,4424.11,4418.69,4423.5,15.9771
1780635600.0,4423.5,4427.67,4422.0,4427.46,38.3884
1780636500.0,4427.46,4427.46,4423.33,4425.76,14.8384
1780637400.0,4425.67,4427.5,4421.12,4424.02,51.777
1780638300.0,4424.02,4426.83,4419.51,4420.17,40.9479
1780639200.0,4420.17,4421.66,4416.23,4416.74,48.3645
1780640100.0,4416.74,4423.6,4408.23,4419.56,210.9575
1780641000.0,4419.57,4427.1,4419.57,4426.1,38.6464
1780641900.0,4426.11,4433.4,4425.77,4430.51,88.9213
1780642800.0,4430.66,4439.97,4430.66,4437.04,113.4132
1780643700.0,4437.04,4444.6,4437.04,4444.6,95.0894
1780644600.0,4444.63,4444.67,4440.0,4441.2,57.8057
1780645500.0,4441.2,4443.39,4440.93,4441.1,42.0862
1780646400.0,4441.1,4441.64,4439.0,4440.19,37.2097
1780647300.0,4440.18,4444.23,4438.9,4444.23,22.2884
1780648200.0,4444.23,4445.17,4439.33,4440.01,39.5105
1780649100.0,4440.0,4441.0,4439.67,4439.67,19.1451
1780650000.0,4439.67,4445.12,4437.67,4442.58,68.3886
1780650900.0,4442.83,4446.19,4441.24,4441.24,25.1907
1780651800.0,4441.24,4442.83,4438.5,4442.0,33.2369
1780652700.0,4442.3,4445.17,4440.83,4441.99,13.4204
1780653600.0,4441.99,4442.0,4441.5,4441.5,6.2093
1780654500.0,4441.5,4443.17,4441.5,4442.67,6.2923
1780655400.0,4442.68,4443.0,4438.54,4440.28,18.8832
1780656300.0,4440.28,4443.16,4440.28,4443.14,17.3328
1780657200.0,4443.14,4443.15,4438.54,4438.54,22.3356
1780658100.0,4438.55,4442.12,4436.66,4442.12,28.5335
1780659000.0,4442.17,4443.16,4439.54,4440.66,14.6157
1780659900.0,4440.66,4449.29,4440.06,4445.49,71.659
1780660800.0,4445.5,4446.75,4440.76,4445.5,66.8141
1780661700.0,4445.66,4451.39,4440.17,4442.25,71.3988
1780662600.0,4442.33,4442.49,4418.17,4422.68,197.8766
1780663500.0,4422.7,4425.48,4386.23,4387.02,242.1069
1780664400.0,4387.02,4400.17,4381.9,4399.5,157.9125
1780665300.0,4399.23,4400.57,4385.79,4385.86,92.8607
1780666200.0,4385.93,4390.31,4368.75,4371.0,266.1108
1780667100.0,4371.01,4371.62,4347.83,4348.26,159.4826
1780668000.0,4348.26,4360.83,4347.0,4349.36,281.0277
1780668900.0,4349.35,4352.82,4334.62,4341.67,202.6664
1780669800.0,4341.98,4344.01,4327.89,4332.13,171.3307
1780670700.0,4332.13,4352.33,4331.61,4352.14,167.1102
1780671600.0,4352.15,4354.36,4337.05,4337.05,361.2738
1780672500.0,4337.06,4340.61,4331.83,4335.11,172.2724
1780673400.0,4335.02,4337.49,4317.68,4320.51,100.0105
1780674300.0,4320.5,4322.57,4316.07,4317.01,43.6089
1780675200.0,4317.0,4321.5,4311.09,4316.5,86.097
1780676100.0,4316.5,4317.71,4309.33,4314.01,84.6121
1780677000.0,4314.0,4315.42,4308.33,4312.08,51.7401
1780677900.0,4312.06,4328.83,4309.88,4328.83,47.617
1780678800.0,4329.0,4330.83,4320.35,4322.67,45.8011
1780679700.0,4322.68,4324.6,4320.17,4324.6,35.0497
1780680600.0,4324.66,4330.16,4323.18,4325.17,26.1082
1780681500.0,4325.26,4325.82,4322.73,4325.18,17.7396
1780682400.0,4325.18,4325.49,4308.17,4308.17,64.9669
1780683300.0,4308.17,4312.11,4306.83,4309.55,37.3424
1780684200.0,4309.55,4309.55,4298.83,4300.91,127.0588
1780685100.0,4300.9,4306.5,4298.74,4305.17,68.7264
1780686000.0,4305.0,4305.32,4297.0,4297.32,41.4603
1780686900.0,4297.0,4303.83,4294.68,4303.67,45.6753
1780687800.0,4303.83,4304.82,4295.0,4299.05,50.2336
1780688700.0,4299.06,4302.83,4298.55,4299.43,33.0876
1780689600.0,4299.43,4300.1,4293.32,4297.15,18.5763
1780690500.0,4297.15,4305.16,4295.83,4303.67,15.0439
1780691400.0,4303.66,4305.49,4303.18,4305.26,10.5163
1780692300.0,4305.33,4311.99,4305.33,4310.33,22.6016
1780693200.0,4310.49,4312.5,4307.31,4310.32,40.3958
1780694100.0,4310.32,4312.77,4310.31,4312.77,4.2564
1780695000.0,4312.76,4313.58,4312.76,4313.38,5.7216
1780695900.0,4313.34,4314.33,4313.33,4314.33,3.2638
1780696800.0,4314.33,4315.61,4311.33,4312.09,10.2519
1780697700.0,4312.09,4312.5,4310.84,4311.66,6.4827
1780698600.0,4311.67,4311.83,4309.0,4309.01,7.1201
1780699500.0,4309.01,4309.01,4305.01,4305.01,11.7327
1780700400.0,4305.36,4306.32,4303.83,4304.51,20.5741
1780701300.0,4304.51,4306.32,4301.01,4301.66,14.0246
1780702200.0,4301.66,4302.49,4300.0,4301.83,23.216
1780703100.0,4301.83,4302.0,4299.84,4301.61,26.7885
1780704000.0,4301.83,4307.32,4301.82,4306.77,20.9058
1780704900.0,4306.76,4309.0,4304.17,4309.0,33.4039
1780705800.0,4309.0,4311.67,4308.51,4309.53,11.1847
1780706700.0,4309.53,4311.46,4309.53,4311.32,5.1196
1780707600.0,4311.32,4311.33,4307.34,4308.14,12.3083
1780708500.0,4308.13,4308.8,4305.02,4308.17,24.1716
1780709400.0,4308.01,4308.01,4305.0,4305.5,17.9074
1780710300.0,4305.5,4305.99,4303.19,4303.33,8.9717
1780711200.0,4303.34,4304.28,4301.52,4301.76,22.8358
1780712100.0,4301.76,4301.77,4300.83,4301.49,40.2038
1780713000.0,4301.5,4302.33,4300.38,4301.17,35.7262
1780713900.0,4301.01,4304.25,4300.68,4304.24,7.7244
1780714800.0,4304.25,4304.25,4301.9,4302.3,27.4403
1780715700.0,4302.29,4302.29,4300.2,4300.76,27.3038
1780716600.0,4300.77,4302.33,4300.18,4302.33,28.655
1780717500.0,4302.32,4302.32,4300.0,4300.0,16.3437
1780718400.0,4300.0,4301.15,4295.79,4297.17,56.1178
1780719300.0,4297.18,4297.83,4296.0,4296.82,28.5925
1780720200.0,4296.82,4296.83,4290.0,4291.06,89.8223
1780721100.0,4291.06,4291.38,4288.17,4289.0,43.3431
1780722000.0,4289.0,4289.0,4280.37,4280.37,36.2514
1780722900.0,4280.38,4289.88,4280.38,4288.41,41.972
1780723800.0,4288.41,4291.67,4287.5,4291.67,27.6992
1780724700.0,4291.67,4295.33,4291.67,4294.85,14.8719
1780725600.0,4294.85,4296.99,4294.85,4296.82,42.074
1780726500.0,4296.83,4299.78,4296.33,4297.84,11.2296
1780727400.0,4297.84,4297.91,4291.4,4292.66,13.336
1780728300.0,4292.66,4293.5,4291.18,4291.33,15.6449
1780729200.0,4291.33,4295.31,4290.0,4295.31,8.2162
1780730100.0,4295.31,4296.67,4293.67,4293.67,12.9261
1780731000.0,4293.68,4295.33,4292.33,4292.67,23.6034
1780731900.0,4292.68,4293.51,4290.83,4290.83,16.1372
1780732800.0,4290.83,4293.17,4290.83,4292.94,16.9817
1780733700.0,4292.99,4294.5,4292.06,4294.47,10.8637
1780734600.0,4294.47,4295.33,4292.17,4293.16,11.0354
1780735500.0,4293.17,4293.5,4291.44,4292.28,13.6882
1780736400.0,4292.27,4293.82,4292.21,4293.17,21.5422
1780737300.0,4293.17,4293.17,4292.34,4293.04,5.0252
1780738200.0,4293.03,4293.03,4292.0,4292.01,8.2023
1780739100.0,4292.0,4292.0,4289.65,4290.04,20.2685
1780740000.0,4290.04,4290.04,4283.34,4285.44,55.4306
1780740900.0,4285.45,4286.65,4284.34,4284.66,7.3799
1780741800.0,4284.66,4285.16,4282.64,4284.04,16.8166
1780742700.0,4284.04,4284.66,4282.22,4283.83,24.0747
1780743600.0,4283.82,4287.97,4283.82,4287.01,30.46
1780744500.0,4287.01,4288.17,4285.77,4287.59,13.6255
1780745400.0,4287.59,4288.65,4286.38,4287.04,18.7033
1780746300.0,4287.03,4289.83,4287.01,4289.15,12.5654
1780747200.0,4289.15,4290.66,4288.51,4288.51,8.9045
1780748100.0,4288.51,4289.73,4287.5,4288.26,29.0235
1780749000.0,4288.26,4288.26,4285.5,4286.83,13.2937
1780749900.0,4286.83,4290.5,4286.68,4286.68,16.077
1780750800.0,4286.68,4289.17,4286.68,4289.16,6.2501
1780751700.0,4289.16,4289.95,4287.51,4287.51,6.4034
1780752600.0,4287.51,4288.43,4286.0,4288.42,3.9966
1780753500.0,4288.43,4290.49,4288.18,4288.18,5.9682
1780754400.0,4288.18,4289.0,4287.67,4288.62,5.6595
1780755300.0,4288.62,4290.5,4288.33,4288.33,4.3207
1780756200.0,4288.34,4288.83,4287.3,4287.33,11.8601
1780757100.0,4287.33,4287.66,4284.51,4284.51,17.4055
1780758000.0,4284.51,4285.74,4284.3,4284.4,9.6484
1780758900.0,4284.4,4285.17,4283.17,4284.34,7.2738
1780759800.0,4284.34,4285.32,4283.18,4284.32,5.8401
1780760700.0,4284.33,4284.33,4282.24,4282.99,12.0361
1780761600.0,4282.95,4284.33,4282.95,4283.26,11.0372
1780762500.0,4283.26,4285.08,4283.25,4284.38,23.0287
1780763400.0,4284.38,4285.23,4283.17,4285.0,46.5915
1780764300.0,4285.0,4286.83,4284.5,4285.83,36.6258
1780765200.0,4286.17,4288.49,4286.17,4288.49,4.2736
1780766100.0,4288.48,4290.49,4288.48,4290.49,4.3187
1780767000.0,4290.5,4292.17,4289.33,4292.17,22.3231
1780767900.0,4292.17,4292.17,4289.08,4291.33,15.6636
1780768800.0,4291.5,4292.3,4290.01,4290.13,17.5775
1780769700.0,4290.14,4291.16,4289.71,4291.15,10.293
1780770600.0,4291.16,4291.33,4291.15,4291.18,3.7863
1780771500.0,4291.17,4291.18,4288.12,4288.51,14.7494
1780772400.0,4288.5,4289.61,4286.67,4288.96,8.4502
1780773300.0,4288.96,4289.49,4288.83,4288.84,3.9931
1780774200.0,4288.83,4289.22,4287.67,4288.98,20.3564
1780775100.0,4288.98,4288.98,4287.42,4287.82,16.1488
1780776000.0,4287.82,4287.83,4286.9,4286.9,6.9158
1780776900.0,4286.9,4287.16,4286.51,4286.58,7.8554
1780777800.0,4286.51,4286.75,4286.51,4286.75,3.797
1780778700.0,4286.76,4287.33,4286.67,4286.67,6.9435
1780779600.0,4286.67,4287.31,4286.33,4287.16,5.0668
1780780500.0,4287.16,4287.3,4285.67,4285.67,17.5635
1780781400.0,4285.67,4285.68,4278.5,4283.81,95.319
1780782300.0,4283.81,4284.25,4282.93,4282.93,4.9743
1780783200.0,4282.94,4285.5,4282.85,4285.49,11.816
1780784100.0,4285.49,4286.17,4284.44,4284.44,14.3807
1780785000.0,4284.44,4286.18,4284.0,4286.18,2.2753
1780785900.0,4286.0,4286.0,4285.03,4285.66,2.2285
1780786800.0,4285.67,4286.0,4285.67,4285.68,1.489
1780787700.0,4285.67,4287.02,4285.67,4286.83,2.5753
1780788600.0,4286.83,4290.16,4286.83,4289.97,6.5743
1780789500.0,4289.96,4291.96,4289.96,4291.94,10.7396
1780790400.0,4291.95,4292.67,4290.83,4291.18,6.3627
1780791300.0,4291.18,4291.63,4289.17,4289.17,3.6814
1780792200.0,4289.17,4291.17,4289.17,4291.16,2.3004
1780793100.0,4291.16,4291.16,4290.17,4290.17,1.3336
1780794000.0,4290.17,4293.19,4290.17,4292.67,8.2374
1780794900.0,4292.67,4293.74,4292.67,4293.74,2.8319
1780795800.0,4293.74,4297.86,4293.73,4297.86,8.7174
1780796700.0,4297.86,4301.83,4297.86,4301.33,10.3839
1780797600.0,4301.33,4301.33,4298.84,4298.85,7.2541
1780798500.0,4298.85,4300.09,4298.5,4298.51,7.2649
1780799400.0,4298.5,4300.83,4298.5,4300.83,12.9275
1780800300.0,4300.83,4302.66,4300.83,4302.4,6.8332
1780801200.0,4302.4,4302.91,4301.51,4301.51,5.7411
1780802100.0,4301.51,4302.17,4300.84,4302.17,7.6382
1780803000.0,4302.17,4302.38,4302.16,4302.18,0.9097
1780803900.0,4302.17,4302.17,4297.35,4299.08,9.2696
1780804800.0,4299.17,4299.17,4296.5,4296.5,6.7432
1780805700.0,4296.34,4297.66,4296.24,4296.68,8.6295
1780806600.0,4296.68,4300.17,4296.68,4297.09,14.5491
1780807500.0,4297.01,4300.66,4296.0,4300.5,8.9356
1780808400.0,4300.49,4300.73,4299.01,4300.72,5.4497
1780809300.0,4300.73,4301.7,4298.83,4299.6,48.3371
1780810200.0,4299.6,4300.31,4298.05,4299.76,25.394
1780811100.0,4299.78,4300.99,4299.44,4300.99,92.096
1780812000.0,4300.99,4300.99,4299.64,4300.18,13.4193
1780812900.0,4300.18,4301.21,4299.29,4301.21,13.7393
1780813800.0,4301.22,4305.42,4301.22,4305.42,12.2882
1780814700.0,4305.42,4305.72,4305.42,4305.46,12.7214
1780815600.0,4305.46,4305.46,4303.81,4304.14,7.5842
1780816500.0,4304.16,4305.42,4302.32,4302.32,20.2941
1780817400.0,4302.33,4305.49,4302.33,4305.49,4.8085
1780818300.0,4305.47,4305.94,4305.38,4305.94,4.2257
1780819200.0,4305.96,4307.72,4304.67,4306.81,12.4115
1780820100.0,4306.81,4306.81,4305.58,4306.78,5.7552
1780821000.0,4306.78,4308.76,4305.55,4308.76,28.8219
1780821900.0,4308.77,4313.82,4308.77,4313.81,17.4203
1780822800.0,4313.81,4314.26,4313.43,4313.83,21.1878
1780823700.0,4313.83,4314.1,4308.04,4311.86,38.6472
1780824600.0,4311.67,4311.67,4308.1,4308.96,12.672
1780825500.0,4308.96,4309.86,4304.6,4309.57,20.0734
1780826400.0,4309.55,4309.55,4304.57,4304.89,7.6768
1780827300.0,4304.89,4306.63,4304.89,4306.08,8.6179
1780828200.0,4306.08,4306.08,4303.57,4304.67,10.9487
1780829100.0,4304.68,4304.7,4303.48,4303.94,19.8556
1780830000.0,4303.93,4303.93,4302.13,4302.75,16.5371
1780830900.0,4302.74,4302.75,4302.67,4302.75,5.7524
1780831800.0,4302.74,4306.3,4302.65,4304.53,17.8196
1780832700.0,4304.55,4306.65,4304.55,4305.48,4.699
1780833600.0,4305.47,4305.47,4300.8,4301.58,83.2461
1780834500.0,4301.58,4302.8,4299.88,4299.88,47.966
1780835400.0,4299.88,4300.61,4298.37,4299.26,12.6344
1780836300.0,4299.25,4300.92,4298.93,4298.94,8.1867
1780837200.0,4298.93,4298.93,4296.32,4296.32,47.9829
1780838100.0,4296.32,4296.33,4290.39,4292.98,28.9929
1780839000.0,4292.99,4294.76,4292.23,4294.01,17.7956
1780839900.0,4294.04,4296.38,4293.46,4295.65,21.0613
1780840800.0,4295.65,4304.59,4295.65,4302.95,49.3049
1780841700.0,4302.94,4305.05,4300.12,4302.1,45.3851
1780842600.0,4302.09,4303.47,4300.01,4300.01,57.244
1780843500.0,4300.01,4300.01,4297.92,4299.27,31.9365
1780844400.0,4299.28,4302.96,4299.28,4300.99,13.6228
1780845300.0,4300.99,4302.03,4299.56,4300.99,21.4498
1780846200.0,4300.99,4301.64,4298.44,4300.68,56.0122
1780847100.0,4300.68,4301.77,4299.43,4299.44,61.2091
1780848000.0,4299.43,4303.28,4299.28,4303.28,20.3658
1780848900.0,4303.28,4303.74,4301.28,4301.3,7.433
1780849800.0,4301.32,4302.99,4301.32,4301.89,4.1969
1780850700.0,4301.89,4302.53,4301.87,4302.07,6.9325
1780851600.0,4302.07,4303.38,4302.07,4303.38,2.3758
1780852500.0,4303.38,4304.57,4303.37,4303.52,10.3246
1780853400.0,4303.51,4304.05,4303.35,4304.05,9.2071
1780854300.0,4304.05,4305.69,4304.04,4304.54,14.1616
1780855200.0,4304.54,4306.04,4304.54,4306.03,5.7829
1780856100.0,4306.03,4306.04,4304.98,4304.98,18.4021
1780857000.0,4304.96,4305.03,4304.96,4304.99,3.6242
1780857900.0,4304.99,4304.99,4303.12,4303.12,2.1235
1780858800.0,4303.1,4303.1,4295.98,4296.6,13.0477
1780859700.0,4296.59,4296.59,4293.27,4295.74,12.7969
1780860600.0,4295.73,4296.4,4294.11,4294.11,12.3167
1780861500.0,4294.11,4303.4,4294.11,4302.21,22.9122
1780862400.0,4302.19,4302.19,4299.31,4300.03,8.2605
1780863300.0,4300.02,4303.57,4299.62,4303.29,9.0364
1780864200.0,4303.25,4303.25,4300.78,4300.79,4.4565
1780865100.0,4300.78,4300.84,4299.61,4300.02,4.9146
1780866000.0,4300.02,4304.37,4299.13,4304.01,13.7464
1780866900.0,4304.01,4306.3,4304.01,4306.3,4.2176
1780867800.0,4306.33,4309.99,4306.33,4309.99,10.7155
1780868700.0,4309.98,4310.0,4299.9,4299.9,18.4343
1780869600.0,4299.12,4314.99,4292.78,4311.68,364.0248
1780870500.0,4311.68,4312.11,4298.61,4298.61,98.7561
1780871400.0,4298.65,4309.39,4297.0,4307.31,30.9591
1780872300.0,4307.31,4308.24,4298.86,4298.87,31.8933
1780873200.0,4299.11,4314.02,4299.11,4311.05,10.4498
1780874100.0,4311.54,4314.67,4309.53,4314.67,28.5633
1780875000.0,4314.82,4319.99,4314.21,4319.33,8.036
1780875900.0,4319.17,4325.82,4316.83,4324.17,15.919
1780876800.0,4324.0,4325.33,4321.5,4323.33,21.9039
1780877700.0,4323.32,4333.42,4322.67,4331.63,17.2363
1780878600.0,4331.74,4331.75,4323.68,4325.18,25.1759
1780879500.0,4325.18,4325.99,4321.67,4323.43,22.0414
1780880400.0,4323.32,4325.0,4308.31,4308.31,37.7237
1780881300.0,4307.79,4307.79,4293.75,4295.17,76.0814
1780882200.0,4295.17,4306.6,4282.37,4306.18,90.4753
1780883100.0,4306.31,4308.63,4301.34,4306.83,20.7759
1780884000.0,4307.0,4310.5,4298.01,4298.5,18.8637
1780884900.0,4298.67,4301.33,4293.84,4296.93,13.6612
1780885800.0,4296.66,4298.66,4290.68,4298.34,23.1034
1780886700.0,4298.33,4301.17,4292.67,4292.67,7.6202
1780887600.0,4293.34,4296.1,4288.34,4288.66,9.8082
1780888500.0,4288.4,4292.99,4287.4,4289.68,12.686
1780889400.0,4290.17,4291.33,4288.5,4291.33,3.5071
1780890300.0,4291.42,4297.67,4291.42,4297.67,5.2813
1780891200.0,4297.83,4301.0,4295.51,4299.32,5.8937
1780892100.0,4299.33,4301.83,4297.68,4300.33,5.6886
1780893000.0,4300.17,4300.17,4289.25,4289.99,14.5829
1780893900.0,4290.17,4294.32,4290.17,4293.18,5.2324
1780894800.0,4293.61,4295.89,4287.67,4287.67,5.7608
1780895700.0,4288.0,4294.66,4286.99,4292.25,7.3243
1780896600.0,4292.26,4293.67,4251.59,4268.83,132.7116
1780897500.0,4268.99,4275.67,4267.17,4273.83,29.243
1780898400.0,4273.83,4287.82,4273.83,4285.81,51.5679
1780899300.0,4285.67,4291.41,4281.83,4288.5,59.0399
1780900200.0,4288.51,4288.51,4277.17,4280.59,22.7132
1780901100.0,4280.33,4281.95,4277.17,4281.83,12.7712
1780902000.0,4281.99,4288.82,4278.0,4287.31,20.8661
1780902900.0,4287.17,4297.0,4283.5,4288.5,21.0302
1780903800.0,4288.5,4291.82,4283.93,4283.93,19.5291
1780904700.0,4283.94,4284.33,4278.12,4278.12,12.3088
1780905600.0,4278.13,4279.18,4273.38,4275.17,27.3695
1780906500.0,4275.16,4275.5,4268.51,4270.49,27.967
1780907400.0,4270.5,4273.67,4270.0,4272.98,28.3756
1780908300.0,4272.51,4275.98,4269.5,4271.62,65.3517
1780909200.0,4272.16,4274.66,4268.34,4271.53,17.8314
1780910100.0,4271.42,4273.17,4264.04,4264.04,17.4083
1780911000.0,4264.04,4278.17,4257.0,4277.33,86.5493
1780911900.0,4277.17,4282.83,4274.17,4275.83,27.819
1780912800.0,4276.0,4279.3,4269.3,4277.61,38.6125
1780913700.0,4277.61,4277.83,4272.63,4276.18,15.986
1780914600.0,4276.17,4286.99,4275.17,4286.49,51.0173
1780915500.0,4286.5,4286.62,4280.67,4284.33,10.6282
1780916400.0,4284.32,4299.0,4280.67,4299.0,38.3502
1780917300.0,4299.11,4311.5,4296.02,4306.83,123.5729
1780918200.0,4307.0,4314.56,4305.78,4306.17,21.1612
1780919100.0,4306.33,4313.33,4304.0,4312.5,17.25
1780920000.0,4312.66,4315.42,4303.72,4304.33,88.6219
1780920900.0,4304.17,4312.33,4301.5,4311.16,73.2889
1780921800.0,4310.86,4319.46,4309.19,4316.83,81.7698
1780922700.0,4317.0,4318.17,4309.18,4314.34,17.9937
1780923600.0,4314.33,4314.66,4304.84,4306.32,77.5065
1780924500.0,4306.0,4315.28,4303.53,4312.51,36.8172
1780925400.0,4312.5,4324.99,4311.98,4316.51,95.1544
1780926300.0,4316.52,4317.83,4308.51,4308.68,39.5764
1780927200.0,4308.68,4311.1,4300.01,4300.01,41.0933
1780928100.0,4300.0,4304.49,4298.2,4302.17,45.4796
1780929000.0,4302.38,4305.32,4298.21,4303.83,60.9059
1780929900.0,4304.0,4311.88,4300.19,4311.88,59.8973
1780930800.0,4312.0,4316.0,4307.88,4308.51,50.7917
1780931700.0,4308.51,4314.78,4305.83,4310.33,83.0087
1780932600.0,4310.34,4319.17,4309.3,4319.17,108.7722
1780933500.0,4319.32,4324.83,4316.89,4321.67,138.5966
1780934400.0,4321.68,4322.97,4319.17,4321.17,22.3395
1780935300.0,4321.29,4323.32,4320.5,4321.05,33.4086
1780936200.0,4321.05,4326.2,4321.05,4323.33,24.052
1780937100.0,4323.5,4324.83,4319.51,4320.62,15.3105
1780938000.0,4320.67,4321.5,4317.18,4318.17,25.3925
1780938900.0,4318.33,4319.44,4314.85,4318.83,27.7731
1780939800.0,4318.67,4318.67,4313.06,4314.49,25.0196
1780940700.0,4314.33,4317.82,4314.33,4317.82,5.5709
1780941600.0,4317.83,4323.16,4317.83,4321.4,15.8004
1780942500.0,4321.5,4324.95,4321.5,4322.68,14.1687
1780943400.0,4322.71,4323.19,4317.13,4317.13,11.1247
1780944300.0,4317.0,4317.0,4314.33,4314.68,5.704
1780945200.0,4314.68,4317.32,4311.52,4311.52,28.6566
1780946100.0,4311.5,4311.85,4308.51,4309.32,10.7163
1780947000.0,4309.33,4311.16,4307.23,4307.23,11.5104
1780947900.0,4307.24,4310.0,4306.54,4308.0,24.0438
1780948800.0,4307.99,4310.67,4307.99,4309.5,9.3222
1780949700.0,4309.66,4309.66,4307.27,4307.77,15.6363
1780950600.0,4307.78,4309.26,4307.78,4308.67,14.713
1780951500.0,4308.67,4310.63,4308.51,4310.62,7.4913
1780952400.0,4310.63,4314.83,4310.63,4314.83,14.1449
1780953300.0,4314.82,4315.17,4313.63,4315.17,10.7369
1780954200.0,4315.17,4316.12,4315.08,4315.5,15.9687
1780955100.0,4315.5,4317.49,4315.49,4317.09,5.8149
1780956000.0,4317.09,4317.09,4306.58,4306.58,16.7257
1780956900.0,4306.67,4308.17,4306.18,4307.33,11.0068
1780957800.0,4307.5,4308.32,4307.5,4308.0,6.7386
1780958700.0,4308.17,4310.48,4308.17,4310.48,4.9112
1780959600.0,4310.47,4310.48,4308.67,4310.27,13.521
1780960500.0,4310.33,4310.33,4302.83,4302.83,79.6622
1780961400.0,4302.72,4302.83,4298.01,4302.24,25.4448
1780962300.0,4302.17,4302.17,4295.0,4297.42,93.1238
1780963200.0,4297.49,4303.32,4296.67,4302.26,31.8262
1780964100.0,4302.67,4303.13,4297.67,4297.67,20.5195
1780965000.0,4297.83,4301.99,4295.67,4298.59,30.9866
1780965900.0,4298.63,4300.0,4296.33,4300.0,7.0988
1780966800.0,4299.81,4306.99,4299.33,4304.5,43.3337
1780967700.0,4304.33,4317.28,4303.42,4315.34,82.6859
1780968600.0,4315.35,4318.16,4313.68,4314.83,58.384
1780969500.0,4315.0,4317.99,4314.68,4317.39,37.0247
1780970400.0,4316.98,4316.98,4310.33,4313.96,27.3272
1780971300.0,4313.83,4315.67,4311.81,4315.67,17.7969
1780972200.0,4315.67,4319.55,4312.91,4317.83,38.3857
1780973100.0,4318.0,4320.32,4316.18,4316.68,21.0571
1780974000.0,4316.67,4320.32,4312.95,4319.16,41.4428
1780974900.0,4319.17,4321.44,4315.08,4316.66,34.1598
1780975800.0,4316.7,4317.94,4315.11,4317.94,19.5829
1780976700.0,4317.96,4321.17,4316.67,4316.83,24.172
1780977600.0,4316.81,4318.82,4314.83,4314.83,18.6024
1780978500.0,4314.67,4314.67,4311.51,4311.89,6.9807
1780979400.0,4312.16,4312.33,4307.35,4308.44,60.0596
1780980300.0,4308.44,4311.91,4306.8,4311.91,84.3688
1780981200.0,4311.92,4316.49,4311.92,4311.98,100.5767
1780982100.0,4311.99,4314.89,4311.97,4313.33,24.8136
1780983000.0,4313.17,4331.05,4312.83,4329.17,103.5854
1780983900.0,4329.01,4329.66,4324.34,4325.49,34.2896
1780984800.0,4325.34,4329.15,4324.17,4324.17,130.2114
1780985700.0,4324.17,4327.5,4322.5,4322.5,20.0025
1780986600.0,4322.33,4322.33,4315.83,4318.84,20.5659
1780987500.0,4318.89,4321.42,4313.95,4314.33,23.801
1780988400.0,4314.18,4316.5,4310.67,4310.67,27.7672
1780989300.0,4310.5,4312.2,4306.74,4312.2,23.4171
1780990200.0,4312.32,4312.32,4306.31,4309.78,22.0707
1780991100.0,4309.83,4311.0,4307.68,4308.33,14.8443
1780992000.0,4308.32,4315.71,4303.5,4312.0,28.5989
1780992900.0,4312.01,4315.49,4312.01,4315.16,22.1551
1780993800.0,4315.01,4316.49,4312.36,4316.01,21.6166
1780994700.0,4316.01,4316.01,4307.83,4307.83,19.0229
1780995600.0,4307.83,4310.99,4306.84,4309.67,11.0532
1780996500.0,4309.68,4315.49,4306.46,4307.41,32.8452
1780997400.0,4307.5,4311.15,4307.23,4308.0,17.1764
1780998300.0,4307.86,4313.67,4307.86,4312.83,8.6004
1780999200.0,4313.0,4315.0,4307.4,4315.0,44.5005
1781000100.0,4315.17,4316.24,4312.83,4315.55,19.0241
1781001000.0,4315.56,4315.56,4311.64,4312.83,7.4437
1781001900.0,4312.99,4320.04,4312.18,4320.04,20.7158
1781002800.0,4319.83,4320.12,4316.84,4317.99,15.2203
1781003700.0,4318.0,4320.31,4317.44,4318.6,19.2207
1781004600.0,4318.59,4319.49,4317.22,4319.33,7.3151
1781005500.0,4319.39,4323.15,4318.64,4321.15,17.3594
1781006400.0,4321.1,4324.57,4321.1,4322.17,13.1674
1781007300.0,4322.37,4323.32,4317.0,4317.0,14.0554
1781008200.0,4316.84,4321.39,4316.61,4321.0,17.3454
1781009100.0,4320.83,4323.33,4318.33,4321.69,32.2708
1781010000.0,4321.69,4324.83,4319.51,4321.01,34.593
1781010900.0,4321.18,4322.16,4311.83,4312.17,15.7155
1781011800.0,4312.16,4313.82,4307.88,4310.17,20.2365
1781012700.0,4310.33,4343.76,4309.54,4311.18,184.7808
1781013600.0,4311.62,4317.49,4301.62,4302.7,102.8785
1781014500.0,4302.7,4304.9,4288.0,4300.39,125.8389
1781015400.0,4300.38,4301.5,4269.56,4269.56,74.6368
1781016300.0,4269.55,4283.33,4262.95,4283.33,79.1234
1781017200.0,4283.35,4284.33,4274.84,4279.48,36.5646
1781018100.0,4279.34,4280.47,4262.68,4263.01,38.878
1781019000.0,4263.33,4265.17,4248.92,4264.0,122.7991
1781019900.0,4264.17,4270.17,4258.65,4258.67,51.0237
1781020800.0,4258.52,4264.53,4245.34,4245.45,55.6019
1781021700.0,4245.45,4251.66,4240.0,4249.76,66.5486
1781022600.0,4249.73,4253.38,4222.06,4231.96,252.5595
1781023500.0,4231.95,4239.51,4226.99,4238.0,97.2788
1781024400.0,4238.17,4249.98,4237.9,4247.01,34.8644
1781025300.0,4247.45,4252.88,4245.66,4249.32,21.7043
1781026200.0,4249.33,4254.12,4248.33,4252.0,15.4916
1781027100.0,4252.0,4252.66,4243.35,4249.19,24.9466
1781028000.0,4249.18,4252.2,4246.35,4250.82,8.9168
1781028900.0,4250.64,4258.33,4249.51,4256.1,15.6185
1781029800.0,4256.1,4258.43,4250.83,4250.84,9.5094
1781030700.0,4250.83,4256.32,4249.62,4256.32,12.4903
1781031600.0,4256.32,4256.5,4245.68,4245.68,20.128
1781032500.0,4245.67,4245.67,4240.33,4243.6,18.0485
1781033400.0,4243.59,4246.82,4238.06,4238.84,27.4352
1781034300.0,4238.83,4245.67,4238.0,4245.0,26.1908
1781035200.0,4244.99,4247.49,4243.67,4245.93,24.8379
1781036100.0,4246.0,4247.6,4246.0,4247.25,7.609
1781037000.0,4247.13,4249.33,4246.41,4249.08,5.5604
1781037900.0,4249.07,4249.33,4247.5,4247.51,10.0471
1781038800.0,4247.51,4248.33,4246.76,4247.81,26.9667
1781039700.0,4247.82,4248.17,4247.34,4247.51,19.9815
1781040600.0,4247.51,4247.51,4244.5,4244.5,20.9346
1781041500.0,4244.5,4244.61,4243.64,4244.0,7.0595
1781042400.0,4243.99,4243.99,4237.86,4242.05,35.6807
1781043300.0,4241.84,4242.08,4240.67,4241.66,18.3406
1781044200.0,4241.67,4242.0,4235.36,4236.77,20.3237
1781045100.0,4236.67,4236.67,4221.0,4224.07,44.1613
1781046000.0,4224.0,4232.32,4223.51,4224.2,18.1481
1781046900.0,4224.01,4224.01,4210.57,4211.34,71.3068
1781047800.0,4211.34,4215.17,4204.58,4204.68,56.7727
1781048700.0,4205.35,4210.51,4199.0,4209.08,95.0736
1781049600.0,4209.07,4213.55,4205.33,4212.67,85.2814
1781050500.0,4212.66,4214.65,4206.57,4207.01,35.4177
1781051400.0,4207.01,4207.01,4188.01,4191.5,102.5365
1781052300.0,4191.67,4207.32,4190.0,4205.83,120.4988
1781053200.0,4205.83,4205.83,4176.67,4191.34,299.1359
1781054100.0,4191.33,4203.13,4186.67,4190.82,76.2648
1781055000.0,4190.82,4194.49,4175.0,4176.47,64.8435
1781055900.0,4176.47,4184.66,4174.51,4178.33,107.9668
1781056800.0,4178.33,4180.0,4169.33,4171.77,118.0738
1781057700.0,4171.78,4177.13,4168.34,4177.13,85.4993
1781058600.0,4177.17,4180.0,4163.33,4172.5,109.9275
1781059500.0,4173.0,4178.49,4162.96,4163.57,31.9217
1781060400.0,4163.57,4169.67,4162.57,4167.42,43.2734
1781061300.0,4167.42,4170.56,4164.09,4167.32,38.765
1781062200.0,4167.0,4172.06,4166.33,4170.16,23.7303
1781063100.0,4170.17,4175.53,4170.17,4174.68,27.7006
1781064000.0,4174.69,4176.82,4171.41,4171.91,43.7423
1781064900.0,4172.0,4172.66,4164.94,4165.67,27.4343
1781065800.0,4165.67,4165.67,4163.04,4163.21,25.755
1781066700.0,4163.21,4166.67,4162.0,4166.67,37.6044
1781067600.0,4166.8,4169.82,4165.0,4169.35,25.4074
1781068500.0,4169.35,4175.67,4166.0,4175.67,24.7175
1781069400.0,4175.77,4187.5,4172.11,4187.5,49.6671
1781070300.0,4187.67,4196.82,4187.17,4194.67,45.7466
1781071200.0,4194.68,4208.49,4194.68,4201.02,46.8507
1781072100.0,4201.03,4203.9,4197.69,4200.33,44.0293
1781073000.0,4200.5,4201.16,4194.03,4195.82,17.7659
1781073900.0,4195.82,4196.98,4190.67,4192.05,19.998
1781074800.0,4192.0,4195.26,4187.17,4188.99,28.9591
1781075700.0,4188.9,4191.83,4183.42,4184.17,18.825
1781076600.0,4184.16,4185.35,4179.18,4179.71,20.5806
1781077500.0,4179.82,4182.16,4173.17,4176.33,36.1706
1781078400.0,4176.18,4176.78,4152.2,4156.83,104.938
1781079300.0,4156.17,4167.29,4156.17,4162.84,32.8138
1781080200.0,4162.83,4168.33,4157.83,4160.41,82.8494
1781081100.0,4160.41,4168.39,4157.21,4160.17,117.4825
1781082000.0,4160.01,4163.0,4155.0,4155.1,48.6741
1781082900.0,4155.0,4163.18,4154.98,4156.02,25.4826
1781083800.0,4156.03,4167.95,4156.03,4160.44,56.6648
1781084700.0,4160.44,4163.05,4153.77,4158.99,57.5476
1781085600.0,4159.0,4160.66,4146.84,4151.0,256.7911
1781086500.0,4151.01,4158.47,4149.67,4155.09,353.0282
1781087400.0,4155.09,4161.38,4153.66,4161.16,819.8913
1781088300.0,4161.17,4167.29,4159.35,4163.73,1189.4124
1781089200.0,4163.72,4165.48,4143.51,4157.22,2149.4886
1781090100.0,4157.22,4159.33,4145.9,4154.48,3247.9204
1781091000.0,4154.48,4156.03,4143.73,4143.73,5523.785
1781091900.0,4143.74,4149.38,4134.74,4136.76,3098.1446
1781092800.0,4136.75,4140.31,4124.08,4125.94,1945.6892
1781093700.0,4125.93,4131.66,4121.16,4129.96,1055.8477
1781094600.0,4129.96,4163.28,4128.89,4150.0,1117.0049
1781095500.0,4149.99,4158.1,4133.0,4136.44,434.0491
1781096400.0,4136.43,4146.17,4134.67,4140.01,381.8614
1781097300.0,4140.01,4140.01,4121.75,4138.8,524.1063
1781098200.0,4138.8,4165.7,4132.33,4165.7,827.3403
1781099100.0,4165.7,4172.84,4161.6,4166.98,701.2493
1781100000.0,4166.98,4167.19,4157.61,4161.94,684.3138
1781100900.0,4161.93,4162.28,4147.75,4148.92,700.4737
1781101800.0,4148.92,4151.15,4138.27,4138.27,736.9739
1781102700.0,4138.28,4140.0,4108.9,4115.78,1092.7788
1781103600.0,4115.77,4126.57,4110.13,4113.85,941.7563
1781104500.0,4113.85,4127.69,4106.0,4119.55,529.6462
1781105400.0,4119.76,4122.26,4113.93,4120.26,376.3902
1781106300.0,4120.25,4123.02,4100.1,4120.17,611.8714
1781107200.0,4120.17,4124.0,4115.37,4120.77,245.4875
1781108100.0,4120.77,4126.39,4117.83,4119.48,271.4129
1781109000.0,4119.49,4123.25,4112.89,4114.23,1121.9607
1781109900.0,4114.23,4114.75,4109.0,4114.09,940.4501
1781110800.0,4114.1,4125.15,4108.33,4111.02,486.1821
1781111700.0,4111.01,4112.68,4102.94,4104.18,437.726
1781112600.0,4104.18,4105.72,4096.24,4096.48,949.5432
1781113500.0,4096.48,4107.14,4095.57,4106.25,283.5233
1781114400.0,4106.26,4114.27,4106.26,4109.77,65.646
1781115300.0,4109.77,4111.78,4104.67,4107.01,44.4185
1781116200.0,4107.0,4107.01,4099.39,4099.87,53.7432
1781117100.0,4099.88,4101.23,4092.68,4096.16,73.2433
1781118000.0,4096.17,4096.81,4083.78,4084.92,219.8612
1781118900.0,4084.92,4086.67,4076.72,4080.33,205.2894
1781119800.0,4080.34,4086.2,4078.32,4085.99,219.3687
1781120700.0,4085.99,4086.53,4077.49,4078.5,135.908
1781121600.0,4078.5,4078.5,4065.0,4067.56,181.8308
1781122500.0,4067.56,4073.26,4067.22,4072.05,46.9885
1781123400.0,4072.06,4072.1,4066.51,4067.19,53.1017
1781124300.0,4067.18,4067.19,4062.0,4066.33,48.3212
1781125200.0,4066.33,4068.67,4066.33,4066.73,29.3497
1781126100.0,4066.73,4068.8,4066.73,4067.87,25.6608
1781127000.0,4067.87,4070.67,4067.86,4070.67,31.8271
1781127900.0,4070.67,4070.67,4069.17,4069.66,30.6181
1781128800.0,4069.67,4069.67,4046.17,4050.17,335.3033
1781129700.0,4050.18,4051.15,4033.0,4041.06,336.6606
1781130600.0,4041.07,4063.32,4041.07,4058.5,329.2983
1781131500.0,4058.49,4062.5,4041.06,4041.63,138.8822
1781132400.0,4041.64,4048.83,4020.0,4027.0,257.4116
1781133300.0,4027.16,4061.0,4022.84,4057.34,405.4776
1781134200.0,4057.33,4060.02,4052.0,4053.55,115.691
1781135100.0,4053.56,4053.67,4041.33,4044.33,123.8755
1781136000.0,4044.18,4055.5,4034.63,4048.66,410.4586
1781136900.0,4048.67,4069.7,4047.1,4064.27,541.025
1781137800.0,4064.28,4072.24,4057.5,4060.01,348.4121
1781138700.0,4060.0,4074.53,4060.0,4072.84,150.8187
1781139600.0,4072.84,4085.94,4063.67,4082.23,694.803
1781140500.0,4082.23,4102.99,4081.7,4099.03,384.4608
1781141400.0,4099.04,4111.83,4098.28,4107.32,190.7203
1781142300.0,4107.32,4111.5,4094.17,4096.99,109.6798
1781143200.0,4096.99,4097.2,4088.8,4088.81,426.5129
1781144100.0,4088.81,4092.26,4079.33,4079.34,84.3576
1781145000.0,4079.33,4081.5,4053.68,4057.67,110.7611
1781145900.0,4057.67,4071.36,4052.0,4066.35,144.0326
1781146800.0,4066.35,4075.64,4063.05,4063.99,67.4747
1781147700.0,4064.0,4069.4,4056.69,4061.65,138.2261
1781148600.0,4061.65,4070.32,4061.48,4066.83,60.7317
1781149500.0,4066.84,4077.07,4065.79,4073.67,279.472
1781150400.0,4073.68,4083.0,4070.83,4082.72,140.2549
1781151300.0,4082.73,4084.78,4076.84,4078.18,58.1365
1781152200.0,4078.17,4082.67,4074.34,4081.01,69.3306
1781153100.0,4081.01,4083.98,4079.33,4080.57,53.558
1781154000.0,4080.56,4080.85,4073.07,4075.33,54.3799
1781154900.0,4075.33,4077.85,4071.18,4073.0,69.7062
1781155800.0,4072.99,4095.67,4072.83,4095.49,157.9825
1781156700.0,4095.49,4101.83,4090.94,4091.22,98.2391
1781157600.0,4091.21,4091.27,4074.59,4081.71,91.4329
1781158500.0,4081.7,4088.81,4079.6,4083.26,81.3686
1781159400.0,4083.26,4088.31,4080.74,4088.07,243.0777
1781160300.0,4088.08,4093.16,4086.9,4090.22,123.2913
1781161200.0,4090.22,4093.38,4088.0,4092.17,63.6244
1781162100.0,4092.17,4105.36,4092.17,4103.94,76.0072
1781163000.0,4103.94,4105.8,4098.5,4104.0,64.7515
1781163900.0,4103.99,4104.31,4096.33,4102.1,94.6082
1781164800.0,4102.1,4108.82,4101.5,4104.15,139.9283
1781165700.0,4104.15,4105.42,4094.59,4096.13,142.5934
1781166600.0,4096.13,4096.82,4087.33,4088.02,143.6034
1781167500.0,4088.02,4088.67,4082.25,4082.25,112.1845
1781168400.0,4082.25,4085.01,4078.68,4083.34,126.8153
1781169300.0,4083.33,4085.5,4076.38,4076.46,69.6167
1781170200.0,4076.47,4087.49,4074.82,4087.49,113.718
1781171100.0,4087.5,4091.33,4086.17,4087.17,51.2635
1781172000.0,4087.17,4089.67,4084.27,4087.84,133.4563
1781172900.0,4087.84,4089.21,4082.4,4082.6,415.2948
1781173800.0,4082.6,4087.4,4081.67,4084.99,293.8513
1781174700.0,4085.0,4087.0,4082.4,4084.45,89.6983
1781175600.0,4084.45,4087.62,4081.67,4081.8,243.2655
1781176500.0,4081.8,4085.88,4078.05,4085.16,206.245
1781177400.0,4085.17,4090.29,4076.82,4079.33,280.8726
1781178300.0,4079.33,4082.5,4076.65,4076.65,313.3014
1781179200.0,4076.65,4082.19,4068.42,4071.26,338.4639
1781180100.0,4071.26,4076.24,4056.91,4062.92,1013.9364
1781181000.0,4062.91,4071.74,4053.0,4067.98,1019.3684
1781181900.0,4067.97,4079.33,4064.93,4076.72,953.2385
1781182800.0,4076.72,4080.06,4067.83,4068.25,1000.3999
1781183700.0,4068.25,4077.2,4068.24,4071.52,1435.5073
1781184600.0,4071.51,4078.05,4063.43,4071.21,1585.771
1781185500.0,4071.2,4088.79,4069.5,4079.35,1848.3437
1781186400.0,4079.36,4081.52,4050.54,4057.62,1799.7119
1781187300.0,4057.62,4079.97,4053.45,4070.56,1441.3631
1781188200.0,4070.55,4078.33,4066.68,4071.69,2188.8522
1781189100.0,4071.69,4075.9,4067.76,4068.9,2292.0474
1781190000.0,4068.9,4080.67,4065.19,4076.31,2011.5522
1781190900.0,4076.32,4082.97,4070.0,4076.36,1889.7873
1781191800.0,4076.35,4085.61,4072.79,4083.46,2031.8523
1781192700.0,4083.46,4088.8,4080.22,4083.65,1852.2427
1781193600.0,4083.65,4096.52,4081.54,4096.51,1844.5854
1781194500.0,4096.52,4100.48,4074.47,4074.47,203.1925
1781195400.0,4074.47,4081.36,4073.69,4076.67,115.6255
1781196300.0,4076.66,4078.3,4073.02,4074.21,79.6577
1781197200.0,4074.22,4074.22,4065.99,4068.99,177.198
1781198100.0,4069.0,4094.31,4067.77,4093.7,315.9565
1781199000.0,4094.43,4158.0,4094.43,4155.17,1071.029
1781199900.0,4155.17,4155.17,4135.58,4139.72,411.5515
1781200800.0,4139.73,4143.0,4120.5,4135.0,222.075
1781201700.0,4134.99,4150.65,4134.27,4140.97,262.1856
1781202600.0,4140.96,4153.05,4138.33,4152.83,78.857
1781203500.0,4152.83,4158.94,4148.64,4149.67,120.4232
1781204400.0,4149.83,4174.67,4149.83,4173.81,431.6824
1781205300.0,4173.83,4183.24,4172.5,4180.06,333.245
1781206200.0,4180.17,4203.36,4180.17,4193.45,522.2503
1781207100.0,4193.45,4198.18,4191.17,4192.57,175.1856
1781208000.0,4192.66,4201.61,4192.65,4198.56,102.5031
1781208900.0,4198.57,4199.76,4195.68,4196.32,83.1191
1781209800.0,4196.33,4199.37,4192.56,4192.74,77.257
1781210700.0,4192.74,4195.44,4192.5,4195.43,35.7389
1781211600.0,4195.44,4196.6,4193.67,4193.68,60.5137
1781212500.0,4193.72,4194.26,4191.67,4191.68,39.8554
1781213400.0,4191.67,4194.02,4189.63,4192.33,59.3581
1781214300.0,4192.33,4194.5,4191.83,4194.49,44.7402
1781215200.0,4194.5,4204.17,4190.77,4194.17,157.8614
1781216100.0,4194.17,4198.65,4189.77,4197.88,40.1638
1781217000.0,4197.88,4210.93,4196.0,4210.0,87.5014
1781217900.0,4210.0,4228.65,4209.23,4225.79,182.5873
1781218800.0,4225.8,4228.0,4205.09,4208.0,160.3984
1781219700.0,4207.99,4209.23,4197.97,4199.57,87.8502
1781220600.0,4199.66,4206.01,4198.44,4203.25,93.7343
1781221500.0,4203.24,4208.08,4200.14,4203.82,63.2659
1781222400.0,4203.83,4208.42,4197.04,4200.95,127.5773
1781223300.0,4200.94,4213.37,4192.67,4205.54,144.5937
1781224200.0,4205.55,4212.29,4189.17,4189.18,91.4351
1781225100.0,4189.19,4192.51,4185.24,4191.06,95.884
1781226000.0,4191.17,4193.67,4168.37,4172.2,188.0811
1781226900.0,4172.17,4177.67,4163.25,4164.51,129.7566
1781227800.0,4164.51,4169.44,4156.86,4163.93,72.7312
1781228700.0,4164.0,4174.83,4163.99,4171.23,63.7149
1781229600.0,4171.23,4183.17,4169.01,4178.71,67.9377
1781230500.0,4178.72,4178.72,4172.67,4173.67,37.9634
1781231400.0,4173.67,4178.1,4169.0,4171.32,53.8395
1781232300.0,4171.33,4177.67,4170.0,4176.53,39.7838
1781233200.0,4176.52,4180.0,4175.33,4178.74,112.622
1781234100.0,4178.74,4187.58,4178.74,4187.57,44.8315
1781235000.0,4187.58,4188.34,4183.84,4183.84,38.0171
1781235900.0,4183.84,4185.85,4180.94,4182.5,36.9549
1781236800.0,4182.51,4185.08,4178.0,4179.85,25.4132
1781237700.0,4179.84,4180.12,4176.3,4177.74,54.7159
1781238600.0,4177.74,4182.67,4177.73,4179.51,74.3721
1781239500.0,4179.51,4179.51,4176.12,4176.12,49.1344
1781240400.0,4176.13,4177.67,4168.17,4173.67,59.2229
1781241300.0,4173.68,4174.17,4171.33,4172.53,44.1834
1781242200.0,4172.53,4172.66,4158.73,4166.04,414.0225
1781243100.0,4166.04,4166.04,4158.68,4159.67,100.7267
1781244000.0,4159.67,4170.67,4159.67,4169.34,93.1379
1781244900.0,4169.35,4169.35,4165.53,4168.04,672.6377
1781245800.0,4168.05,4168.29,4159.76,4163.47,2103.8483
1781246700.0,4163.48,4170.32,4161.05,4170.31,2502.3176
1781247600.0,4170.32,4170.32,4162.39,4164.15,263.8532
1781248500.0,4164.15,4165.0,4161.2,4161.39,65.6864
1781249400.0,4161.34,4167.55,4155.49,4166.6,160.0163
1781250300.0,4166.6,4175.8,4157.33,4175.72,298.4232
1781251200.0,4175.72,4187.7,4174.03,4186.56,1213.6015
1781252100.0,4186.56,4203.25,4184.11,4196.99,2480.6804
1781253000.0,4196.99,4206.17,4196.72,4201.6,5164.4628
1781253900.0,4201.61,4208.62,4198.33,4204.07,10924.4934
1781254800.0,4204.08,4208.33,4202.5,4207.52,17948.324
1781255700.0,4207.53,4210.59,4203.42,4205.33,16344.5316
1781256600.0,4205.34,4211.32,4203.4,4208.89,18821.4915
1781257500.0,4208.89,4210.08,4205.53,4205.53,16662.7056
1781258400.0,4205.54,4207.75,4202.45,4204.36,1044.7353
1781259300.0,4204.36,4204.36,4188.0,4191.52,100.5953
1781260200.0,4191.53,4202.03,4191.14,4199.18,109.8372
1781261100.0,4199.18,4202.67,4194.83,4196.03,645.3562
1781262000.0,4196.04,4196.83,4188.01,4189.62,531.283
1781262900.0,4189.62,4193.13,4186.07,4186.07,414.2855
1781263800.0,4186.07,4194.01,4181.83,4193.82,399.6758
1781264700.0,4193.81,4198.65,4191.33,4191.33,121.7261
1781265600.0,4191.33,4197.31,4187.58,4197.31,84.9078
1781266500.0,4197.32,4198.0,4185.06,4186.33,95.5863
1781267400.0,4186.33,4188.54,4180.13,4185.11,187.344
1781268300.0,4185.1,4188.18,4177.67,4180.51,408.4092
1781269200.0,4180.5,4188.16,4175.57,4185.2,575.6221
1781270100.0,4185.2,4193.03,4185.19,4190.84,167.5755
1781271000.0,4190.83,4196.15,4171.0,4179.22,587.8868
1781271900.0,4179.22,4181.21,4170.75,4173.35,547.4523
1781272800.0,4173.34,4185.1,4172.5,4179.93,377.9637
1781273700.0,4179.92,4185.61,4170.0,4176.02,496.0524
1781274600.0,4176.02,4180.75,4169.91,4173.13,568.5825
1781275500.0,4173.12,4195.53,4167.24,4192.01,533.5224
1781276400.0,4192.0,4200.98,4188.69,4200.19,640.6755
1781277300.0,4200.19,4221.52,4200.07,4212.32,931.5859
1781278200.0,4212.33,4214.67,4197.78,4198.09,945.2591
1781279100.0,4198.1,4204.95,4194.11,4198.85,816.1503
1781280000.0,4198.85,4211.97,4195.06,4208.47,899.3017
1781280900.0,4208.46,4219.2,4203.52,4205.01,274.7054
1781281800.0,4205.01,4207.33,4200.17,4201.49,122.789
1781282700.0,4201.5,4204.3,4200.0,4203.17,241.3868
1781283600.0,4203.17,4212.0,4202.83,4205.4,301.9441
1781284500.0,4205.4,4209.66,4201.83,4206.03,212.5426
1781285400.0,4206.04,4209.31,4202.01,4208.39,62.0838
1781286300.0,4208.38,4210.52,4206.1,4207.13,243.4344
1781287200.0,4207.13,4213.26,4205.2,4212.84,92.0668
1781288100.0,4212.83,4219.33,4210.63,4212.68,117.0732
1781289000.0,4212.68,4215.17,4210.88,4215.17,32.9432
1781289900.0,4215.16,4215.17,4202.35,4202.54,55.428
1781290800.0,4202.53,4206.17,4201.96,4205.04,40.1207
1781291700.0,4205.03,4205.03,4197.06,4197.07,32.9097
1781292600.0,4197.06,4197.07,4187.83,4191.18,309.4286
1781293500.0,4191.17,4196.92,4190.83,4196.92,39.6152
1781294400.0,4196.91,4198.5,4196.53,4197.83,38.6706
1781295300.0,4197.84,4201.05,4197.83,4200.29,50.6987
1781296200.0,4200.3,4200.3,4198.41,4199.33,17.6431
1781297100.0,4199.32,4203.67,4199.32,4203.67,22.2891
1781298000.0,4203.66,4203.67,4200.13,4200.89,35.6068
1781298900.0,4200.9,4202.0,4200.89,4201.99,36.3752
1781299800.0,4201.99,4202.0,4199.5,4199.68,16.1825
1781300700.0,4199.67,4200.05,4199.5,4200.05,13.7899
1781301600.0,4200.13,4200.83,4198.3,4198.96,36.4608
1781302500.0,4198.96,4199.13,4198.67,4199.13,12.0555
1781303400.0,4199.12,4199.13,4198.54,4199.01,33.702
1781304300.0,4199.01,4200.9,4199.01,4200.77,35.1133
1781305200.0,4200.77,4200.77,4200.13,4200.13,29.2668
1781306100.0,4200.14,4200.14,4200.13,4200.13,4.2562
1781307000.0,4200.14,4202.22,4199.94,4202.22,18.6707
1781307900.0,4202.21,4203.25,4202.21,4203.25,10.1121
1781308800.0,4203.24,4203.5,4203.04,4203.05,8.9172
1781309700.0,4203.04,4203.05,4203.04,4203.04,7.0718
1781310600.0,4203.04,4203.44,4203.04,4203.44,27.4236
1781311500.0,4203.44,4203.44,4203.11,4203.11,22.2655
1781312400.0,4203.12,4203.28,4202.3,4202.31,42.9883
1781313300.0,4202.3,4202.31,4200.0,4200.31,113.4039
1781314200.0,4200.31,4203.36,4200.31,4203.3,93.2902
1781315100.0,4203.29,4203.3,4202.33,4202.65,60.49
1781316000.0,4202.65,4203.2,4202.65,4203.19,52.6968
1781316900.0,4203.2,4203.2,4202.15,4203.15,41.6324
1781317800.0,4203.15,4203.15,4201.11,4201.12,39.7682
1781318700.0,4201.12,4201.12,4200.08,4200.63,28.0256
1781319600.0,4200.64,4200.82,4200.63,4200.82,28.2239
1781320500.0,4200.81,4201.17,4200.08,4200.28,28.2173
1781321400.0,4200.28,4200.69,4198.75,4200.08,34.9177
1781322300.0,4200.08,4203.0,4199.12,4202.51,28.6587
1781323200.0,4202.51,4203.6,4201.0,4201.73,27.4301
1781324100.0,4201.74,4202.22,4201.33,4202.21,30.8
1781325000.0,4202.22,4204.65,4202.21,4203.5,31.8466
1781325900.0,4203.51,4205.33,4203.5,4203.51,43.9527
1781326800.0,4203.51,4203.52,4203.0,4203.0,36.77
1781327700.0,4203.0,4203.33,4203.0,4203.33,68.3498
1781328600.0,4203.32,4203.48,4202.34,4202.4,21.3081
1781329500.0,4202.4,4202.9,4202.0,4202.76,61.0988
1781330400.0,4202.76,4202.76,4201.19,4201.2,137.6525
1781331300.0,4201.19,4203.23,4201.19,4203.05,459.7393
1781332200.0,4203.06,4203.48,4203.05,4203.47,51.1952
1781333100.0,4203.48,4203.48,4203.3,4203.46,57.7122
1781334000.0,4203.46,4205.74,4203.45,4205.74,215.5761
1781334900.0,4205.74,4207.42,4205.73,4207.41,252.6189
1781335800.0,4207.41,4208.77,4207.41,4208.57,84.02
1781336700.0,4208.57,4208.58,4205.0,4205.01,243.4441
1781337600.0,4205.01,4206.31,4205.0,4206.3,441.0249
1781338500.0,4206.31,4206.83,4206.3,4206.34,321.0231
1781339400.0,4206.34,4206.87,4201.81,4201.82,299.1375
1781340300.0,4201.82,4201.82,4201.73,4201.74,263.6116
1781341200.0,4201.73,4202.24,4201.73,4202.24,89.6408
1781342100.0,4202.23,4203.68,4202.23,4203.67,36.4952
1781343000.0,4203.67,4203.95,4203.67,4203.82,74.0761
1781343900.0,4203.83,4203.83,4202.67,4202.68,735.2181
1781344800.0,4202.67,4202.68,4202.03,4202.03,187.3597
1781345700.0,4202.04,4202.04,4202.03,4202.04,36.7246
1781346600.0,4202.03,4202.9,4202.03,4202.89,285.4284
1781347500.0,4202.89,4202.9,4202.89,4202.89,79.2079
1781348400.0,4202.89,4202.9,4202.89,4202.9,127.7348
1781349300.0,4202.89,4202.9,4202.89,4202.89,273.4864
1781350200.0,4202.89,4202.9,4202.89,4202.9,277.9297
1781351100.0,4202.89,4202.9,4202.89,4202.9,186.9998
1781352000.0,4202.89,4202.9,4202.89,4202.89,26.5181
1781352900.0,4202.89,4205.0,4202.89,4205.0,455.823
1781353800.0,4205.0,4206.17,4204.99,4206.17,46.954
1781354700.0,4206.17,4207.17,4206.16,4207.17,70.9473
1781355600.0,4207.16,4207.17,4206.25,4206.26,64.8127
1781356500.0,4206.25,4206.26,4206.25,4206.25,121.8813
1781357400.0,4206.26,4207.34,4206.25,4206.53,113.5912
1781358300.0,4206.53,4208.99,4206.53,4208.84,171.2063
1781359200.0,4208.84,4208.98,4208.0,4208.0,121.5628
1781360100.0,4208.01,4208.01,4204.23,4204.52,139.6469
1781361000.0,4204.52,4205.89,4204.52,4205.88,250.8085
1781361900.0,4205.88,4207.19,4205.88,4207.19,76.3749
1781362800.0,4207.19,4209.09,4207.18,4209.09,168.8701
1781363700.0,4209.09,4211.77,4209.08,4211.77,3729.0552
1781364600.0,4211.77,4211.77,4209.9,4209.91,544.4603
1781365500.0,4209.9,4209.91,4209.9,4209.9,24.6952
1781366400.0,4209.91,4209.91,4209.9,4209.91,59.628
1781367300.0,4209.9,4209.91,4208.41,4208.42,32.3558
1781368200.0,4208.41,4208.97,4208.41,4208.97,91.3608
1781369100.0,4208.96,4212.86,4195.83,4209.72,1077.3194
1781370000.0,4209.71,4209.72,4209.14,4209.14,392.1108
1781370900.0,4209.15,4209.15,4209.14,4209.15,20.5515
1781371800.0,4209.14,4209.15,4209.14,4209.15,22.1057
1781372700.0,4209.15,4209.15,4207.85,4207.87,58.1433
1781373600.0,4207.86,4207.87,4207.86,4207.87,47.1408
1781374500.0,4207.87,4208.27,4207.86,4208.26,272.449
1781375400.0,4208.27,4208.27,4208.26,4208.26,355.084
1781376300.0,4208.26,4208.27,4208.26,4208.27,402.4173
1781377200.0,4208.27,4208.27,4208.26,4208.26,185.0099
1781378100.0,4208.26,4208.27,4208.26,4208.27,10.9358
1781379000.0,4208.26,4208.73,4208.26,4208.72,29.6892
1781379900.0,4208.73,4210.13,4208.72,4210.13,384.3954
1781380800.0,4210.12,4210.13,4210.12,4210.12,240.3126
1781381700.0,4210.12,4210.13,4210.12,4210.13,13.1225
1781382600.0,4210.12,4210.13,4210.12,4210.12,13.8418
1781383500.0,4210.12,4210.13,4210.12,4210.13,6.2053
1781384400.0,4210.12,4211.07,4210.12,4211.06,12.7393
1781385300.0,4211.06,4211.3,4211.06,4211.29,7.0304
1781386200.0,4211.3,4212.93,4211.29,4212.93,42.0737
1781387100.0,4212.92,4214.56,4212.92,4214.55,17.0002
1781388000.0,4214.56,4215.36,4214.55,4215.36,17.77
1781388900.0,4215.35,4215.36,4215.35,4215.35,1.7895
1781389800.0,4215.36,4215.36,4215.35,4215.36,9.7886
1781390700.0,4215.35,4215.36,4215.35,4215.36,2.8418
1781391600.0,4215.35,4215.36,4213.76,4213.76,29.1153
1781392500.0,4213.77,4213.77,4213.76,4213.77,14.8707
1781393400.0,4213.76,4213.77,4213.76,4213.76,2.1885
1781394300.0,4213.77,4213.77,4213.76,4213.77,15.1366
1781395200.0,4213.76,4213.77,4213.76,4213.77,15.8793
1781396100.0,4213.77,4214.1,4213.76,4214.1,22.9285
1781397000.0,4214.1,4214.57,4214.09,4214.57,12.6461
1781397900.0,4214.56,4215.03,4214.56,4215.02,15.6157
1781398800.0,4215.03,4215.03,4215.02,4215.03,15.8105
1781399700.0,4215.03,4215.03,4215.02,4215.02,42.1217
1781400600.0,4215.02,4215.03,4215.02,4215.02,73.2881
1781401500.0,4215.02,4215.03,4215.02,4215.03,61.4054
1781402400.0,4215.02,4215.03,4213.63,4213.64,40.7929
1781403300.0,4213.63,4213.64,4213.63,4213.63,15.0479
1781404200.0,4213.63,4213.81,4213.63,4213.8,25.2416
1781405100.0,4213.8,4213.81,4213.8,4213.81,38.5805
1781406000.0,4213.8,4213.81,4213.8,4213.8,49.5885
1781406900.0,4213.8,4213.81,4213.8,4213.81,57.7039
1781407800.0,4213.81,4213.81,4213.8,4213.81,98.6695
1781408700.0,4213.8,4213.81,4213.8,4213.8,189.2687
1781409600.0,4213.8,4213.81,4213.8,4213.81,172.4063
1781410500.0,4213.81,4213.81,4213.8,4213.8,166.4381
1781411400.0,4213.81,4214.61,4213.8,4214.6,266.1958
1781412300.0,4214.61,4214.61,4214.6,4214.61,258.9791
1781413200.0,4214.6,4215.5,4214.6,4215.47,265.3852
1781414100.0,4215.47,4215.85,4215.47,4215.85,193.7991
1781415000.0,4215.84,4217.83,4215.84,4217.83,211.6625
1781415900.0,4217.84,4218.25,4217.84,4218.25,20.4551
1781416800.0,4218.24,4218.25,4218.24,4218.25,12.1973
1781417700.0,4218.25,4218.25,4218.24,4218.25,39.4986
1781418600.0,4218.25,4218.25,4218.24,4218.24,51.5884
1781419500.0,4218.24,4218.92,4218.24,4218.91,127.0834
1781420400.0,4218.92,4218.92,4218.91,4218.91,203.983
1781421300.0,4218.91,4218.92,4218.91,4218.92,312.383
1781422200.0,4218.91,4218.92,4218.91,4218.92,404.8248
1781423100.0,4218.91,4218.92,4217.6,4217.6,611.8581
1781424000.0,4217.6,4218.95,4217.6,4218.94,1417.8093
1781424900.0,4218.95,4222.83,4218.94,4220.68,858.9364
1781425800.0,4220.68,4220.68,4219.25,4219.66,4788.1799
1781426700.0,4219.66,4220.38,4219.66,4220.38,6013.6177
1781427600.0,4220.37,4221.15,4220.23,4220.28,7358.7454
1781428500.0,4220.28,4220.28,4220.27,4220.28,4844.2771
1781429400.0,4220.27,4220.28,4220.27,4220.27,7701.9524
1781430300.0,4220.27,4220.77,4217.59,4217.6,25329.3306
1781431200.0,4217.59,4219.0,4217.59,4218.99,457.2966
1781432100.0,4218.99,4219.0,4218.99,4219.0,109.0944
1781433000.0,4218.99,4219.0,4216.6,4217.44,129.9962
1781433900.0,4217.45,4218.0,4217.44,4217.44,182.5448
1781434800.0,4217.44,4217.45,4217.33,4217.33,154.8426
1781435700.0,4217.34,4217.34,4217.33,4217.33,107.2861
1781436600.0,4217.33,4217.34,4217.33,4217.34,153.0783
1781437500.0,4217.33,4217.34,4217.33,4217.33,60.3651
1781438400.0,4217.33,4217.34,4217.33,4217.34,94.4578
1781439300.0,4217.33,4218.5,4217.33,4218.5,128.7765
1781440200.0,4218.49,4218.5,4218.49,4218.49,24.7801
1781441100.0,4218.5,4218.5,4216.54,4216.55,145.9987
1781442000.0,4216.55,4217.67,4216.54,4216.54,148.7875
1781442900.0,4216.54,4216.55,4216.54,4216.55,214.9848
1781443800.0,4216.54,4216.55,4211.23,4211.24,120.2278
1781444700.0,4211.23,4211.24,4207.9,4207.91,334.2826
1781445600.0,4207.9,4214.12,4207.9,4214.11,239.9088
1781446500.0,4214.12,4214.12,4212.08,4213.82,348.686
1781447400.0,4213.82,4213.82,4212.36,4212.98,190.3345
1781448300.0,4212.97,4218.83,4212.97,4218.68,197.1184
1781449200.0,4218.67,4222.92,4216.64,4218.77,298.9333
1781450100.0,4218.77,4218.77,4216.39,4216.4,98.6368
1781451000.0,4216.4,4216.4,4214.34,4215.5,63.0414
1781451900.0,4215.5,4216.05,4213.85,4215.07,92.9829
1781452800.0,4215.08,4217.93,4213.5,4217.93,93.291
1781453700.0,4217.92,4218.75,4217.92,4218.75,110.6787
1781454600.0,4218.74,4218.75,4217.91,4217.91,165.0724
1781455500.0,4217.91,4217.92,4215.9,4216.74,307.5643
1781456400.0,4216.74,4217.27,4216.74,4217.27,330.5375
1781457300.0,4217.27,4217.27,4217.26,4217.26,62.4524
1781458200.0,4217.27,4217.27,4216.24,4216.93,79.2063
1781459100.0,4216.94,4216.94,4215.18,4215.18,76.7303
1781460000.0,4215.19,4215.19,4211.92,4211.92,94.5946
1781460900.0,4211.93,4213.15,4211.14,4211.98,66.9932
1781461800.0,4211.98,4213.17,4211.98,4213.16,38.8594
1781462700.0,4213.17,4213.17,4213.16,4213.17,17.7452
1781463600.0,4213.16,4213.54,4212.99,4213.54,23.7676
1781464500.0,4213.53,4213.54,4213.53,4213.53,10.5595
1781465400.0,4213.54,4214.49,4213.53,4214.49,16.1849
1781466300.0,4214.48,4214.77,4214.48,4214.76,6.1137
1781467200.0,4214.77,4214.77,4212.17,4212.17,18.1948
1781468100.0,4212.18,4214.45,4212.17,4213.36,12.8093
1781469000.0,4213.35,4214.67,4212.25,4213.06,13.1816
1781469900.0,4213.06,4216.93,4213.06,4214.79,18.2953
1781470800.0,4214.79,4219.0,4214.78,4218.99,28.258
1781471700.0,4218.99,4241.06,4218.99,4234.02,218.8966
1781472600.0,4234.01,4251.59,4234.01,4251.59,163.4545
1781473500.0,4251.59,4282.34,4241.33,4274.6,445.6774
1781474400.0,4274.61,4296.21,4254.46,4285.18,904.5647
1781475300.0,4285.19,4291.78,4270.61,4274.98,263.1424
1781476200.0,4274.97,4276.74,4269.0,4274.11,57.7778
1781477100.0,4274.12,4279.81,4274.0,4274.0,34.754
1781478000.0,4273.84,4274.83,4269.83,4270.34,109.6912
1781478900.0,4270.35,4270.98,4268.1,4269.22,35.9913
1781479800.0,4269.22,4272.32,4269.0,4271.47,45.0918
1781480700.0,4271.46,4281.17,4271.18,4281.04,40.3123
1781481600.0,4281.04,4287.4,4280.52,4286.5,49.7369
1781482500.0,4286.51,4292.85,4286.5,4286.95,58.6475
1781483400.0,4286.96,4290.92,4281.42,4283.49,59.5073
1781484300.0,4283.5,4284.96,4277.83,4277.84,42.6903
1781485200.0,4277.84,4285.02,4271.96,4280.94,253.2324
1781486100.0,4280.94,4289.67,4274.83,4287.84,61.1522
1781487000.0,4287.84,4302.61,4286.17,4301.42,91.0142
1781487900.0,4301.42,4302.67,4298.33,4300.58,64.8672
1781488800.0,4300.58,4309.0,4300.57,4309.0,260.503
1781489700.0,4309.0,4313.58,4306.18,4310.7,154.4981
1781490600.0,4310.7,4316.0,4310.7,4312.61,67.4185
1781491500.0,4312.6,4316.6,4310.94,4311.66,50.0729
1781492400.0,4311.66,4313.0,4305.2,4307.92,57.3733
1781493300.0,4307.93,4311.35,4304.25,4306.99,74.4529
1781494200.0,4307.0,4308.89,4304.97,4306.78,81.5075
1781495100.0,4306.79,4309.61,4306.69,4307.1,65.8363
1781496000.0,4307.1,4309.11,4305.43,4308.38,99.6328
1781496900.0,4308.39,4309.53,4304.81,4308.08,200.1715
1781497800.0,4308.09,4311.5,4307.21,4310.21,43.6765
