2026-06-01 11:46:03 [INFO] exchanges.ws_stream — WebSocket stream started for ['BTCUSD', 'ETHUSD', 'XAUTUSD']
2026-06-01 11:46:03 [INFO] main — Waiting 3s for WebSocket to connect...
2026-06-01 11:46:03 [INFO] websocket — Websocket connected
2026-06-01 11:46:03 [INFO] exchanges.ws_stream — WebSocket connected — subscribing to tickers
2026-06-01 11:46:06 [DEBUG] urllib3.connectionpool — Starting new HTTPS connection (1): api.telegram.org:443
2026-06-01 11:46:07 [DEBUG] urllib3.connectionpool — https://api.telegram.org:443 "POST /bot8800960300:AAExwJ0q7WkWipz2RkvKw9-4Y28ePM5TAUc/sendMessage HTTP/1.1" 200 529
2026-06-01 11:46:07 [DEBUG] notifications.telegram — Telegram message sent to chat_id=1948356544
2026-06-01 11:46:07 [DEBUG] urllib3.connectionpool — Starting new HTTPS connection (1): api.telegram.org:443
2026-06-01 11:46:08 [DEBUG] urllib3.connectionpool — https://api.telegram.org:443 "POST /bot8800960300:AAExwJ0q7WkWipz2RkvKw9-4Y28ePM5TAUc/sendMessage HTTP/1.1" 200 511
2026-06-01 11:46:08 [DEBUG] notifications.telegram — Telegram message sent to chat_id=7151542571
2026-06-01 11:46:08 [INFO] main — === Scan started | symbols=['BTCUSD', 'ETHUSD', 'XAUTUSD'] ===
2026-06-01 11:46:08 [INFO] core.market_data — [MarketData] Fetching BTCUSD 1m (20 candles)…
2026-06-01 11:46:08 [DEBUG] urllib3.connectionpool — Starting new HTTPS connection (1): api.india.delta.exchange:443
2026-06-01 11:46:08 [DEBUG] urllib3.connectionpool — https://api.india.delta.exchange:443 "GET /v2/history/candles?resolution=1m&symbol=BTCUSD&start=1780293068&end=1780294568 HTTP/1.1" 200 None
2026-06-01 11:46:08 [INFO] core.market_data — [MarketData] Cached 20 candles for BTCUSD 1m
2026-06-01 11:46:08 [INFO] core.market_data — [MarketData] Fetching ETHUSD 1m (20 candles)…
2026-06-01 11:46:08 [DEBUG] urllib3.connectionpool — https://api.india.delta.exchange:443 "GET /v2/history/candles?resolution=1m&symbol=ETHUSD&start=1780293068&end=1780294568 HTTP/1.1" 200 None
2026-06-01 11:46:08 [INFO] core.market_data — [MarketData] Cached 20 candles for ETHUSD 1m
2026-06-01 11:46:08 [INFO] core.market_data — [MarketData] Fetching XAUTUSD 1m (20 candles)…
2026-06-01 11:46:08 [DEBUG] urllib3.connectionpool — https://api.india.delta.exchange:443 "GET /v2/history/candles?resolution=1m&symbol=XAUTUSD&start=1780293068&end=1780294568 HTTP/1.1" 200 None
2026-06-01 11:46:08 [INFO] core.market_data — [MarketData] Cached 20 candles for XAUTUSD 1m
2026-06-01 11:46:08 [DEBUG] main — Live prices: {'BTCUSD': '73,291.00', 'ETHUSD': '1,991.70', 'XAUTUSD': '4,503.93'}
2026-06-01 11:46:08 [DEBUG] core.advanced_filters — [OvertradingFilter] Daily counters reset.
2026-06-01 11:46:08 [DEBUG] core.market_data — [MarketData] Cache hit for BTCUSD 1m
2026-06-01 11:46:08 [DEBUG] main — BTCUSD: price $73291.00 (source=REST)
2026-06-01 11:46:08 [DEBUG] core.market_data — [MarketData] Cache hit for BTCUSD 1m
2026-06-01 11:46:08 [INFO] core.market_data — [MarketData] Fetching BTCUSD 5m (30 candles)…
2026-06-01 11:46:09 [DEBUG] urllib3.connectionpool — https://api.india.delta.exchange:443 "GET /v2/history/candles?resolution=5m&symbol=BTCUSD&start=1780284068&end=1780294568 HTTP/1.1" 200 None
2026-06-01 11:46:09 [INFO] core.market_data — [MarketData] Cached 30 candles for BTCUSD 5m
2026-06-01 11:46:09 [INFO] core.market_data — [MarketData] Fetching BTCUSD 15m (50 candles)…
2026-06-01 11:46:09 [DEBUG] urllib3.connectionpool — https://api.india.delta.exchange:443 "GET /v2/history/candles?resolution=15m&symbol=BTCUSD&start=1780245069&end=1780294569 HTTP/1.1" 200 None
2026-06-01 11:46:09 [INFO] core.market_data — [MarketData] Cached 50 candles for BTCUSD 15m
2026-06-01 11:46:09 [INFO] core.market_data — [MarketData] Fetching BTCUSD 1h (100 candles)…
2026-06-01 11:46:09 [DEBUG] urllib3.connectionpool — https://api.india.delta.exchange:443 "GET /v2/history/candles?resolution=1h&symbol=BTCUSD&start=1779916569&end=1780294569 HTTP/1.1" 200 None
2026-06-01 11:46:09 [INFO] core.market_data — [MarketData] Cached 100 candles for BTCUSD 1h
2026-06-01 11:46:09 [INFO] core.market_data — [MarketData] Fetching BTCUSD 4h (200 candles)…
2026-06-01 11:46:09 [DEBUG] urllib3.connectionpool — https://api.india.delta.exchange:443 "GET /v2/history/candles?resolution=4h&symbol=BTCUSD&start=1777342569&end=1780294569 HTTP/1.1" 200 None
2026-06-01 11:46:09 [INFO] core.market_data — [MarketData] Cached 200 candles for BTCUSD 4h
2026-06-01 11:46:09 [INFO] core.market_data — [MarketData] Fetching BTCUSD 1d (200 candles)…
2026-06-01 11:46:10 [DEBUG] urllib3.connectionpool — https://api.india.delta.exchange:443 "GET /v2/history/candles?resolution=1d&symbol=BTCUSD&start=1762582569&end=1780294569 HTTP/1.1" 200 None
2026-06-01 11:46:10 [INFO] core.market_data — [MarketData] Cached 200 candles for BTCUSD 1d
2026-06-01 11:46:10 [DEBUG] main — BTCUSD indicators — RSI15m:37.4 EMA20_1h:73636.59 EMA200_4h:76844.66 ATR:183.1190
2026-06-01 11:46:10 [DEBUG] main — BTCUSD: 4h structure bias=bearish | patterns detected=0
2026-06-01 11:46:10 [DEBUG] main — BTCUSD: SMC — OBs=0 FVGs=3
2026-06-01 11:46:10 [DEBUG] core.strategy — [Strategy] BTCUSD LONG: only 1/7 conditions met.
2026-06-01 11:46:10 [DEBUG] core.strategy — [Strategy] BTCUSD SHORT: only 4/7 conditions met.
2026-06-01 11:46:10 [INFO] main — BTCUSD $73,291.00 | trend:bearish | bias:bearish | RSI:37.4 | no setup
2026-06-01 11:46:10 [DEBUG] core.market_data — [MarketData] Cache hit for ETHUSD 1m
2026-06-01 11:46:10 [DEBUG] main — ETHUSD: price $1991.70 (source=REST)
2026-06-01 11:46:10 [DEBUG] core.market_data — [MarketData] Cache hit for ETHUSD 1m
2026-06-01 11:46:10 [INFO] core.market_data — [MarketData] Fetching ETHUSD 5m (30 candles)…
2026-06-01 11:46:10 [DEBUG] urllib3.connectionpool — https://api.india.delta.exchange:443 "GET /v2/history/candles?resolution=5m&symbol=ETHUSD&start=1780284070&end=1780294570 HTTP/1.1" 200 None
2026-06-01 11:46:10 [INFO] core.market_data — [MarketData] Cached 30 candles for ETHUSD 5m
2026-06-01 11:46:10 [INFO] core.market_data — [MarketData] Fetching ETHUSD 15m (50 candles)…
2026-06-01 11:46:10 [DEBUG] urllib3.connectionpool — https://api.india.delta.exchange:443 "GET /v2/history/candles?resolution=15m&symbol=ETHUSD&start=1780245070&end=1780294570 HTTP/1.1" 200 None
2026-06-01 11:46:10 [INFO] core.market_data — [MarketData] Cached 50 candles for ETHUSD 15m
2026-06-01 11:46:10 [INFO] core.market_data — [MarketData] Fetching ETHUSD 1h (100 candles)…
2026-06-01 11:46:10 [DEBUG] urllib3.connectionpool — https://api.india.delta.exchange:443 "GET /v2/history/candles?resolution=1h&symbol=ETHUSD&start=1779916570&end=1780294570 HTTP/1.1" 200 None
2026-06-01 11:46:10 [INFO] core.market_data — [MarketData] Cached 100 candles for ETHUSD 1h
2026-06-01 11:46:10 [INFO] core.market_data — [MarketData] Fetching ETHUSD 4h (200 candles)…
2026-06-01 11:46:10 [DEBUG] urllib3.connectionpool — https://api.india.delta.exchange:443 "GET /v2/history/candles?resolution=4h&symbol=ETHUSD&start=1777342570&end=1780294570 HTTP/1.1" 200 None
2026-06-01 11:46:10 [INFO] core.market_data — [MarketData] Cached 200 candles for ETHUSD 4h
2026-06-01 11:46:10 [INFO] core.market_data — [MarketData] Fetching ETHUSD 1d (200 candles)…
2026-06-01 11:46:11 [DEBUG] urllib3.connectionpool — https://api.india.delta.exchange:443 "GET /v2/history/candles?resolution=1d&symbol=ETHUSD&start=1762582570&end=1780294570 HTTP/1.1" 200 None
2026-06-01 11:46:11 [INFO] core.market_data — [MarketData] Cached 200 candles for ETHUSD 1d
2026-06-01 11:46:11 [DEBUG] main — ETHUSD indicators — RSI15m:36.3 EMA20_1h:2006.50 EMA200_4h:2161.89 ATR:6.9692
2026-06-01 11:46:11 [DEBUG] main — ETHUSD: 4h structure bias=bearish | patterns detected=0
2026-06-01 11:46:11 [DEBUG] main — ETHUSD: SMC — OBs=1 FVGs=3
2026-06-01 11:46:11 [DEBUG] core.strategy — [Strategy] ETHUSD LONG: only 2/7 conditions met.
2026-06-01 11:46:11 [DEBUG] core.strategy — [Strategy] ETHUSD SHORT: only 5/7 conditions met.
2026-06-01 11:46:11 [INFO] main — ETHUSD $1,991.70 | trend:bearish | bias:bearish | RSI:36.3 | no setup
2026-06-01 11:46:11 [DEBUG] core.market_data — [MarketData] Cache hit for XAUTUSD 1m
2026-06-01 11:46:11 [DEBUG] main — XAUTUSD: price $4503.93 (source=REST)
2026-06-01 11:46:11 [DEBUG] core.market_data — [MarketData] Cache hit for XAUTUSD 1m
2026-06-01 11:46:11 [INFO] core.market_data — [MarketData] Fetching XAUTUSD 5m (30 candles)…
2026-06-01 11:46:11 [DEBUG] urllib3.connectionpool — https://api.india.delta.exchange:443 "GET /v2/history/candles?resolution=5m&symbol=XAUTUSD&start=1780284071&end=1780294571 HTTP/1.1" 200 None
2026-06-01 11:46:11 [INFO] core.market_data — [MarketData] Cached 30 candles for XAUTUSD 5m
2026-06-01 11:46:11 [INFO] core.market_data — [MarketData] Fetching XAUTUSD 15m (50 candles)…
2026-06-01 11:46:11 [DEBUG] urllib3.connectionpool — https://api.india.delta.exchange:443 "GET /v2/history/candles?resolution=15m&symbol=XAUTUSD&start=1780245071&end=1780294571 HTTP/1.1" 200 None
2026-06-01 11:46:11 [INFO] core.market_data — [MarketData] Cached 50 candles for XAUTUSD 15m
2026-06-01 11:46:11 [INFO] core.market_data — [MarketData] Fetching XAUTUSD 1h (100 candles)…
2026-06-01 11:46:11 [DEBUG] urllib3.connectionpool — https://api.india.delta.exchange:443 "GET /v2/history/candles?resolution=1h&symbol=XAUTUSD&start=1779916571&end=1780294571 HTTP/1.1" 200 None
2026-06-01 11:46:11 [INFO] core.market_data — [MarketData] Cached 100 candles for XAUTUSD 1h
2026-06-01 11:46:11 [INFO] core.market_data — [MarketData] Fetching XAUTUSD 4h (200 candles)…
2026-06-01 11:46:11 [DEBUG] urllib3.connectionpool — https://api.india.delta.exchange:443 "GET /v2/history/candles?resolution=4h&symbol=XAUTUSD&start=1777342571&end=1780294571 HTTP/1.1" 200 None
2026-06-01 11:46:11 [INFO] core.market_data — [MarketData] Cached 200 candles for XAUTUSD 4h
2026-06-01 11:46:11 [INFO] core.market_data — [MarketData] Fetching XAUTUSD 1d (200 candles)…
2026-06-01 11:46:12 [DEBUG] urllib3.connectionpool — https://api.india.delta.exchange:443 "GET /v2/history/candles?resolution=1d&symbol=XAUTUSD&start=1762582571&end=1780294571 HTTP/1.1" 200 None
2026-06-01 11:46:12 [INFO] core.market_data — [MarketData] Cached 46 candles for XAUTUSD 1d
2026-06-01 11:46:12 [DEBUG] main — XAUTUSD indicators — RSI15m:38.5 EMA20_1h:4515.49 EMA200_4h:4555.60 ATR:5.7197
2026-06-01 11:46:12 [DEBUG] main — XAUTUSD: 4h structure bias=bullish | patterns detected=0
2026-06-01 11:46:12 [DEBUG] main — XAUTUSD: SMC — OBs=4 FVGs=3
2026-06-01 11:46:12 [DEBUG] core.strategy — [Strategy] XAUTUSD LONG: only 3/7 conditions met.
2026-06-01 11:46:12 [DEBUG] core.strategy — [Strategy] XAUTUSD SHORT: only 2/7 conditions met.
2026-06-01 11:46:12 [INFO] main — XAUTUSD $4,503.93 | trend:neutral | bias:bullish | RSI:38.5 | no setup
2026-06-01 11:46:12 [INFO] main — === Scan complete in 3.9s ===
2026-06-01 11:46:12 [INFO] main — Running. Ctrl+C to stop.
2026-06-01 11:47:03 [DEBUG] websocket — Sending ping
2026-06-01 11:47:34 [DEBUG] websocket — Sending ping
2026-06-01 11:48:04 [DEBUG] websocket — Sending ping
2026-06-01 11:48:34 [DEBUG] websocket — Sending ping
2026-06-01 11:49:04 [DEBUG] websocket — Sending ping
2026-06-01 11:49:34 [DEBUG] websocket — Sending ping
2026-06-01 11:50:04 [DEBUG] websocket — Sending ping
2026-06-01 11:50:34 [DEBUG] websocket — Sending ping
2026-06-01 11:51:04 [DEBUG] websocket — Sending ping
2026-06-01 11:51:12 [DEBUG] schedule — Running job Job(interval=5, unit=minutes, do=run_checks, args=(), kwargs={})
2026-06-01 11:51:12 [INFO] main — === Scan started | symbols=['BTCUSD', 'ETHUSD', 'XAUTUSD'] ===
2026-06-01 11:51:12 [INFO] core.market_data — [MarketData] Fetching BTCUSD 1m (20 candles)…
2026-06-01 11:51:12 [DEBUG] urllib3.connectionpool — Resetting dropped connection: api.india.delta.exchange
2026-06-01 11:51:12 [DEBUG] urllib3.connectionpool — https://api.india.delta.exchange:443 "GET /v2/history/candles?resolution=1m&symbol=BTCUSD&start=1780293372&end=1780294872 HTTP/1.1" 200 None
2026-06-01 11:51:12 [INFO] core.market_data — [MarketData] Cached 20 candles for BTCUSD 1m
2026-06-01 11:51:12 [INFO] core.market_data — [MarketData] Fetching ETHUSD 1m (20 candles)…
2026-06-01 11:51:12 [DEBUG] urllib3.connectionpool — https://api.india.delta.exchange:443 "GET /v2/history/candles?resolution=1m&symbol=ETHUSD&start=1780293372&end=1780294872 HTTP/1.1" 200 None
2026-06-01 11:51:12 [INFO] core.market_data — [MarketData] Cached 20 candles for ETHUSD 1m
2026-06-01 11:51:12 [INFO] core.market_data — [MarketData] Fetching XAUTUSD 1m (20 candles)…
2026-06-01 11:51:12 [DEBUG] urllib3.connectionpool — https://api.india.delta.exchange:443 "GET /v2/history/candles?resolution=1m&symbol=XAUTUSD&start=1780293372&end=1780294872 HTTP/1.1" 200 None
2026-06-01 11:51:12 [INFO] core.market_data — [MarketData] Cached 20 candles for XAUTUSD 1m
2026-06-01 11:51:12 [DEBUG] main — Live prices: {'BTCUSD': '73,195.00', 'ETHUSD': '1,986.70', 'XAUTUSD': '4,499.94'}
2026-06-01 11:51:12 [DEBUG] core.market_data — [MarketData] Cache hit for BTCUSD 1m
2026-06-01 11:51:12 [DEBUG] main — BTCUSD: price $73195.00 (source=REST)
2026-06-01 11:51:12 [DEBUG] core.market_data — [MarketData] Cache hit for BTCUSD 1m
2026-06-01 11:51:12 [INFO] core.market_data — [MarketData] Fetching BTCUSD 5m (30 candles)…
2026-06-01 11:51:12 [DEBUG] urllib3.connectionpool — https://api.india.delta.exchange:443 "GET /v2/history/candles?resolution=5m&symbol=BTCUSD&start=1780284372&end=1780294872 HTTP/1.1" 200 None
2026-06-01 11:51:12 [INFO] core.market_data — [MarketData] Cached 30 candles for BTCUSD 5m
2026-06-01 11:51:12 [INFO] core.market_data — [MarketData] Fetching BTCUSD 15m (50 candles)…
2026-06-01 11:51:13 [DEBUG] urllib3.connectionpool — https://api.india.delta.exchange:443 "GET /v2/history/candles?resolution=15m&symbol=BTCUSD&start=1780245372&end=1780294872 HTTP/1.1" 200 None
2026-06-01 11:51:13 [INFO] core.market_data — [MarketData] Cached 50 candles for BTCUSD 15m
2026-06-01 11:51:13 [INFO] core.market_data — [MarketData] Fetching BTCUSD 1h (100 candles)…
2026-06-01 11:51:13 [DEBUG] urllib3.connectionpool — https://api.india.delta.exchange:443 "GET /v2/history/candles?resolution=1h&symbol=BTCUSD&start=1779916873&end=1780294873 HTTP/1.1" 200 None
2026-06-01 11:51:13 [INFO] core.market_data — [MarketData] Cached 100 candles for BTCUSD 1h
2026-06-01 11:51:13 [INFO] core.market_data — [MarketData] Fetching BTCUSD 4h (200 candles)…
2026-06-01 11:51:13 [DEBUG] urllib3.connectionpool — https://api.india.delta.exchange:443 "GET /v2/history/candles?resolution=4h&symbol=BTCUSD&start=1777342873&end=1780294873 HTTP/1.1" 200 None
2026-06-01 11:51:13 [INFO] core.market_data — [MarketData] Cached 200 candles for BTCUSD 4h
2026-06-01 11:51:13 [INFO] core.market_data — [MarketData] Fetching BTCUSD 1d (200 candles)…
2026-06-01 11:51:13 [DEBUG] urllib3.connectionpool — https://api.india.delta.exchange:443 "GET /v2/history/candles?resolution=1d&symbol=BTCUSD&start=1762582873&end=1780294873 HTTP/1.1" 200 None
2026-06-01 11:51:13 [INFO] core.market_data — [MarketData] Cached 200 candles for BTCUSD 1d
2026-06-01 11:51:13 [DEBUG] main — BTCUSD indicators — RSI15m:37.2 EMA20_1h:73635.35 EMA200_4h:76844.71 ATR:175.1779
2026-06-01 11:51:13 [DEBUG] main — BTCUSD: 4h structure bias=bearish | patterns detected=0
2026-06-01 11:51:13 [DEBUG] main — BTCUSD: SMC — OBs=0 FVGs=4
2026-06-01 11:51:13 [DEBUG] core.strategy — [Strategy] BTCUSD LONG: only 1/7 conditions met.
2026-06-01 11:51:13 [DEBUG] core.strategy — [Strategy] BTCUSD SHORT: only 4/7 conditions met.
2026-06-01 11:51:13 [INFO] main — BTCUSD $73,195.00 | trend:bearish | bias:bearish | RSI:37.2 | no setup
2026-06-01 11:51:13 [DEBUG] core.market_data — [MarketData] Cache hit for ETHUSD 1m
2026-06-01 11:51:13 [DEBUG] main — ETHUSD: price $1986.70 (source=REST)
2026-06-01 11:51:13 [DEBUG] core.market_data — [MarketData] Cache hit for ETHUSD 1m
2026-06-01 11:51:13 [INFO] core.market_data — [MarketData] Fetching ETHUSD 5m (30 candles)…
2026-06-01 11:51:13 [DEBUG] urllib3.connectionpool — https://api.india.delta.exchange:443 "GET /v2/history/candles?resolution=5m&symbol=ETHUSD&start=1780284373&end=1780294873 HTTP/1.1" 200 None
2026-06-01 11:51:13 [INFO] core.market_data — [MarketData] Cached 30 candles for ETHUSD 5m
2026-06-01 11:51:13 [INFO] core.market_data — [MarketData] Fetching ETHUSD 15m (50 candles)…
2026-06-01 11:51:14 [DEBUG] urllib3.connectionpool — https://api.india.delta.exchange:443 "GET /v2/history/candles?resolution=15m&symbol=ETHUSD&start=1780245373&end=1780294873 HTTP/1.1" 200 None
2026-06-01 11:51:14 [INFO] core.market_data — [MarketData] Cached 50 candles for ETHUSD 15m
2026-06-01 11:51:14 [INFO] core.market_data — [MarketData] Fetching ETHUSD 1h (100 candles)…
2026-06-01 11:51:14 [DEBUG] urllib3.connectionpool — https://api.india.delta.exchange:443 "GET /v2/history/candles?resolution=1h&symbol=ETHUSD&start=1779916874&end=1780294874 HTTP/1.1" 200 None
2026-06-01 11:51:14 [INFO] core.market_data — [MarketData] Cached 100 candles for ETHUSD 1h
2026-06-01 11:51:14 [INFO] core.market_data — [MarketData] Fetching ETHUSD 4h (200 candles)…
2026-06-01 11:51:14 [DEBUG] urllib3.connectionpool — https://api.india.delta.exchange:443 "GET /v2/history/candles?resolution=4h&symbol=ETHUSD&start=1777342874&end=1780294874 HTTP/1.1" 200 None
2026-06-01 11:51:14 [INFO] core.market_data — [MarketData] Cached 200 candles for ETHUSD 4h
2026-06-01 11:51:14 [INFO] core.market_data — [MarketData] Fetching ETHUSD 1d (200 candles)…
2026-06-01 11:51:14 [DEBUG] urllib3.connectionpool — https://api.india.delta.exchange:443 "GET /v2/history/candles?resolution=1d&symbol=ETHUSD&start=1762582874&end=1780294874 HTTP/1.1" 200 None
2026-06-01 11:51:14 [INFO] core.market_data — [MarketData] Cached 200 candles for ETHUSD 1d
2026-06-01 11:51:14 [DEBUG] main — ETHUSD indicators — RSI15m:37.1 EMA20_1h:2006.48 EMA200_4h:2161.89 ATR:6.6810
2026-06-01 11:51:14 [DEBUG] main — ETHUSD: 4h structure bias=bearish | patterns detected=1
2026-06-01 11:51:14 [DEBUG] main — ETHUSD: SMC — OBs=1 FVGs=4
2026-06-01 11:51:14 [DEBUG] core.strategy — [Strategy] ETHUSD LONG: only 1/7 conditions met.
2026-06-01 11:51:14 [DEBUG] core.strategy — [Strategy] ETHUSD SHORT: only 5/7 conditions met.
2026-06-01 11:51:14 [INFO] main — ETHUSD $1,986.70 | trend:bearish | bias:bearish | RSI:37.1 | no setup
2026-06-01 11:51:14 [DEBUG] core.market_data — [MarketData] Cache hit for XAUTUSD 1m
2026-06-01 11:51:14 [DEBUG] main — XAUTUSD: price $4499.94 (source=REST)
2026-06-01 11:51:14 [DEBUG] core.market_data — [MarketData] Cache hit for XAUTUSD 1m
2026-06-01 11:51:14 [INFO] core.market_data — [MarketData] Fetching XAUTUSD 5m (30 candles)…
2026-06-01 11:51:14 [DEBUG] urllib3.connectionpool — https://api.india.delta.exchange:443 "GET /v2/history/candles?resolution=5m&symbol=XAUTUSD&start=1780284374&end=1780294874 HTTP/1.1" 200 None
2026-06-01 11:51:14 [INFO] core.market_data — [MarketData] Cached 30 candles for XAUTUSD 5m
2026-06-01 11:51:14 [INFO] core.market_data — [MarketData] Fetching XAUTUSD 15m (50 candles)…
2026-06-01 11:51:14 [DEBUG] urllib3.connectionpool — https://api.india.delta.exchange:443 "GET /v2/history/candles?resolution=15m&symbol=XAUTUSD&start=1780245374&end=1780294874 HTTP/1.1" 200 None
2026-06-01 11:51:14 [INFO] core.market_data — [MarketData] Cached 50 candles for XAUTUSD 15m
2026-06-01 11:51:14 [INFO] core.market_data — [MarketData] Fetching XAUTUSD 1h (100 candles)…
2026-06-01 11:51:15 [DEBUG] urllib3.connectionpool — https://api.india.delta.exchange:443 "GET /v2/history/candles?resolution=1h&symbol=XAUTUSD&start=1779916874&end=1780294874 HTTP/1.1" 200 None
2026-06-01 11:51:15 [INFO] core.market_data — [MarketData] Cached 100 candles for XAUTUSD 1h
2026-06-01 11:51:15 [INFO] core.market_data — [MarketData] Fetching XAUTUSD 4h (200 candles)…
2026-06-01 11:51:15 [DEBUG] urllib3.connectionpool — https://api.india.delta.exchange:443 "GET /v2/history/candles?resolution=4h&symbol=XAUTUSD&start=1777342875&end=1780294875 HTTP/1.1" 200 None
2026-06-01 11:51:15 [INFO] core.market_data — [MarketData] Cached 200 candles for XAUTUSD 4h
2026-06-01 11:51:15 [INFO] core.market_data — [MarketData] Fetching XAUTUSD 1d (200 candles)…
2026-06-01 11:51:15 [DEBUG] urllib3.connectionpool — https://api.india.delta.exchange:443 "GET /v2/history/candles?resolution=1d&symbol=XAUTUSD&start=1762582875&end=1780294875 HTTP/1.1" 200 None
2026-06-01 11:51:15 [INFO] core.market_data — [MarketData] Cached 46 candles for XAUTUSD 1d
2026-06-01 11:51:15 [DEBUG] main — XAUTUSD indicators — RSI15m:36.7 EMA20_1h:4515.37 EMA200_4h:4555.58 ATR:5.6100
2026-06-01 11:51:15 [DEBUG] main — XAUTUSD: 4h structure bias=bullish | patterns detected=0
2026-06-01 11:51:15 [DEBUG] main — XAUTUSD: SMC — OBs=4 FVGs=3
2026-06-01 11:51:15 [DEBUG] core.strategy — [Strategy] XAUTUSD LONG: only 3/7 conditions met.
2026-06-01 11:51:15 [DEBUG] core.strategy — [Strategy] XAUTUSD SHORT: only 2/7 conditions met.
2026-06-01 11:51:15 [INFO] main — XAUTUSD $4,499.94 | trend:neutral | bias:bullish | RSI:36.7 | no setup
2026-06-01 11:51:15 [INFO] main — === Scan complete in 3.4s ===
2026-06-01 11:51:34 [DEBUG] websocket — Sending ping
2026-06-01 11:52:04 [DEBUG] websocket — Sending ping
2026-06-01 11:52:34 [DEBUG] websocket — Sending ping
2026-06-01 11:53:04 [DEBUG] websocket — Sending ping
2026-06-01 11:53:34 [DEBUG] websocket — Sending ping
2026-06-01 11:54:04 [DEBUG] websocket — Sending ping
2026-06-01 11:54:34 [DEBUG] websocket — Sending ping
2026-06-01 11:55:04 [DEBUG] websocket — Sending ping
2026-06-01 11:55:34 [DEBUG] websocket — Sending ping
2026-06-01 11:56:04 [DEBUG] websocket — Sending ping
2026-06-01 11:56:15 [DEBUG] schedule — Running job Job(interval=5, unit=minutes, do=run_checks, args=(), kwargs={})
2026-06-01 11:56:15 [INFO] main — === Scan started | symbols=['BTCUSD', 'ETHUSD', 'XAUTUSD'] ===
2026-06-01 11:56:15 [INFO] core.market_data — [MarketData] Fetching BTCUSD 1m (20 candles)…
2026-06-01 11:56:15 [DEBUG] urllib3.connectionpool — Resetting dropped connection: api.india.delta.exchange
2026-06-01 11:56:15 [DEBUG] urllib3.connectionpool — https://api.india.delta.exchange:443 "GET /v2/history/candles?resolution=1m&symbol=BTCUSD&start=1780293675&end=1780295175 HTTP/1.1" 200 None
2026-06-01 11:56:15 [INFO] core.market_data — [MarketData] Cached 20 candles for BTCUSD 1m
2026-06-01 11:56:15 [INFO] core.market_data — [MarketData] Fetching ETHUSD 1m (20 candles)…
2026-06-01 11:56:16 [DEBUG] urllib3.connectionpool — https://api.india.delta.exchange:443 "GET /v2/history/candles?resolution=1m&symbol=ETHUSD&start=1780293675&end=1780295175 HTTP/1.1" 200 None
2026-06-01 11:56:16 [INFO] core.market_data — [MarketData] Cached 20 candles for ETHUSD 1m
2026-06-01 11:56:16 [INFO] core.market_data — [MarketData] Fetching XAUTUSD 1m (20 candles)…
2026-06-01 11:56:16 [DEBUG] urllib3.connectionpool — https://api.india.delta.exchange:443 "GET /v2/history/candles?resolution=1m&symbol=XAUTUSD&start=1780293676&end=1780295176 HTTP/1.1" 200 None
2026-06-01 11:56:16 [INFO] core.market_data — [MarketData] Cached 20 candles for XAUTUSD 1m
2026-06-01 11:56:16 [DEBUG] main — Live prices: {'BTCUSD': '73,174.50', 'ETHUSD': '1,985.75', 'XAUTUSD': '4,500.35'}
2026-06-01 11:56:16 [DEBUG] core.market_data — [MarketData] Cache hit for BTCUSD 1m
2026-06-01 11:56:16 [DEBUG] main — BTCUSD: price $73174.50 (source=REST)
2026-06-01 11:56:16 [DEBUG] core.market_data — [MarketData] Cache hit for BTCUSD 1m
2026-06-01 11:56:16 [INFO] core.market_data — [MarketData] Fetching BTCUSD 5m (30 candles)…
2026-06-01 11:56:16 [DEBUG] urllib3.connectionpool — https://api.india.delta.exchange:443 "GET /v2/history/candles?resolution=5m&symbol=BTCUSD&start=1780284676&end=1780295176 HTTP/1.1" 200 None
2026-06-01 11:56:16 [INFO] core.market_data — [MarketData] Cached 30 candles for BTCUSD 5m
2026-06-01 11:56:16 [INFO] core.market_data — [MarketData] Fetching BTCUSD 15m (50 candles)…
2026-06-01 11:56:16 [DEBUG] urllib3.connectionpool — https://api.india.delta.exchange:443 "GET /v2/history/candles?resolution=15m&symbol=BTCUSD&start=1780245676&end=1780295176 HTTP/1.1" 200 None
2026-06-01 11:56:16 [INFO] core.market_data — [MarketData] Cached 50 candles for BTCUSD 15m
2026-06-01 11:56:16 [INFO] core.market_data — [MarketData] Fetching BTCUSD 1h (100 candles)…
2026-06-01 11:56:16 [DEBUG] urllib3.connectionpool — https://api.india.delta.exchange:443 "GET /v2/history/candles?resolution=1h&symbol=BTCUSD&start=1779917176&end=1780295176 HTTP/1.1" 200 None
2026-06-01 11:56:16 [INFO] core.market_data — [MarketData] Cached 100 candles for BTCUSD 1h
2026-06-01 11:56:16 [INFO] core.market_data — [MarketData] Fetching BTCUSD 4h (200 candles)…
2026-06-01 11:56:16 [DEBUG] urllib3.connectionpool — https://api.india.delta.exchange:443 "GET /v2/history/candles?resolution=4h&symbol=BTCUSD&start=1777343176&end=1780295176 HTTP/1.1" 200 None
2026-06-01 11:56:16 [INFO] core.market_data — [MarketData] Cached 200 candles for BTCUSD 4h
2026-06-01 11:56:16 [INFO] core.market_data — [MarketData] Fetching BTCUSD 1d (200 candles)…
2026-06-01 11:56:17 [DEBUG] urllib3.connectionpool — https://api.india.delta.exchange:443 "GET /v2/history/candles?resolution=1d&symbol=BTCUSD&start=1762583176&end=1780295176 HTTP/1.1" 200 None
2026-06-01 11:56:17 [INFO] core.market_data — [MarketData] Cached 200 candles for BTCUSD 1d
2026-06-01 11:56:17 [DEBUG] main — BTCUSD indicators — RSI15m:36.2 EMA20_1h:73631.26 EMA200_4h:76843.99 ATR:184.8922
2026-06-01 11:56:17 [DEBUG] main — BTCUSD: 4h structure bias=bearish | patterns detected=0
2026-06-01 11:56:17 [DEBUG] main — BTCUSD: SMC — OBs=0 FVGs=4
2026-06-01 11:56:17 [DEBUG] core.strategy — [Strategy] BTCUSD LONG: only 1/7 conditions met.
2026-06-01 11:56:17 [DEBUG] core.strategy — [Strategy] BTCUSD SHORT: only 4/7 conditions met.
2026-06-01 11:56:17 [INFO] main — BTCUSD $73,174.50 | trend:bearish | bias:bearish | RSI:36.2 | no setup
2026-06-01 11:56:17 [DEBUG] core.market_data — [MarketData] Cache hit for ETHUSD 1m
2026-06-01 11:56:17 [DEBUG] main — ETHUSD: price $1985.75 (source=REST)
2026-06-01 11:56:17 [DEBUG] core.market_data — [MarketData] Cache hit for ETHUSD 1m
2026-06-01 11:56:17 [INFO] core.market_data — [MarketData] Fetching ETHUSD 5m (30 candles)…
2026-06-01 11:56:17 [DEBUG] urllib3.connectionpool — https://api.india.delta.exchange:443 "GET /v2/history/candles?resolution=5m&symbol=ETHUSD&start=1780284677&end=1780295177 HTTP/1.1" 200 None
2026-06-01 11:56:17 [INFO] core.market_data — [MarketData] Cached 30 candles for ETHUSD 5m
2026-06-01 11:56:17 [INFO] core.market_data — [MarketData] Fetching ETHUSD 15m (50 candles)…
2026-06-01 11:56:17 [DEBUG] urllib3.connectionpool — https://api.india.delta.exchange:443 "GET /v2/history/candles?resolution=15m&symbol=ETHUSD&start=1780245677&end=1780295177 HTTP/1.1" 200 None
2026-06-01 11:56:17 [INFO] core.market_data — [MarketData] Cached 50 candles for ETHUSD 15m
2026-06-01 11:56:17 [INFO] core.market_data — [MarketData] Fetching ETHUSD 1h (100 candles)…
2026-06-01 11:56:17 [DEBUG] urllib3.connectionpool — https://api.india.delta.exchange:443 "GET /v2/history/candles?resolution=1h&symbol=ETHUSD&start=1779917177&end=1780295177 HTTP/1.1" 200 None
2026-06-01 11:56:17 [INFO] core.market_data — [MarketData] Cached 100 candles for ETHUSD 1h
2026-06-01 11:56:17 [INFO] core.market_data — [MarketData] Fetching ETHUSD 4h (200 candles)…
2026-06-01 11:56:17 [DEBUG] urllib3.connectionpool — https://api.india.delta.exchange:443 "GET /v2/history/candles?resolution=4h&symbol=ETHUSD&start=1777343177&end=1780295177 HTTP/1.1" 200 None
2026-06-01 11:56:17 [INFO] core.market_data — [MarketData] Cached 200 candles for ETHUSD 4h
2026-06-01 11:56:17 [INFO] core.market_data — [MarketData] Fetching ETHUSD 1d (200 candles)…
2026-06-01 11:56:18 [DEBUG] urllib3.connectionpool — https://api.india.delta.exchange:443 "GET /v2/history/candles?resolution=1d&symbol=ETHUSD&start=1762583177&end=1780295177 HTTP/1.1" 200 None
2026-06-01 11:56:18 [INFO] core.market_data — [MarketData] Cached 200 candles for ETHUSD 1d
2026-06-01 11:56:18 [DEBUG] main — ETHUSD indicators — RSI15m:34.8 EMA20_1h:2006.28 EMA200_4h:2161.86 ATR:6.9881
2026-06-01 11:56:18 [DEBUG] main — ETHUSD: 4h structure bias=bearish | patterns detected=0
2026-06-01 11:56:18 [DEBUG] main — ETHUSD: SMC — OBs=1 FVGs=4
2026-06-01 11:56:18 [DEBUG] core.strategy — [Strategy] ETHUSD LONG: only 1/7 conditions met.
2026-06-01 11:56:18 [DEBUG] core.strategy — [Strategy] ETHUSD SHORT: only 3/7 conditions met.
2026-06-01 11:56:18 [INFO] main — ETHUSD $1,985.75 | trend:bearish | bias:bearish | RSI:34.8 | no setup
2026-06-01 11:56:18 [DEBUG] core.market_data — [MarketData] Cache hit for XAUTUSD 1m
2026-06-01 11:56:18 [DEBUG] main — XAUTUSD: price $4500.35 (source=REST)
2026-06-01 11:56:18 [DEBUG] core.market_data — [MarketData] Cache hit for XAUTUSD 1m
2026-06-01 11:56:18 [INFO] core.market_data — [MarketData] Fetching XAUTUSD 5m (30 candles)…
2026-06-01 11:56:18 [DEBUG] urllib3.connectionpool — https://api.india.delta.exchange:443 "GET /v2/history/candles?resolution=5m&symbol=XAUTUSD&start=1780284678&end=1780295178 HTTP/1.1" 200 None
2026-06-01 11:56:18 [INFO] core.market_data — [MarketData] Cached 30 candles for XAUTUSD 5m
2026-06-01 11:56:18 [INFO] core.market_data — [MarketData] Fetching XAUTUSD 15m (50 candles)…
2026-06-01 11:56:18 [DEBUG] urllib3.connectionpool — https://api.india.delta.exchange:443 "GET /v2/history/candles?resolution=15m&symbol=XAUTUSD&start=1780245678&end=1780295178 HTTP/1.1" 200 None
2026-06-01 11:56:18 [INFO] core.market_data — [MarketData] Cached 50 candles for XAUTUSD 15m
2026-06-01 11:56:18 [INFO] core.market_data — [MarketData] Fetching XAUTUSD 1h (100 candles)…
2026-06-01 11:56:18 [DEBUG] urllib3.connectionpool — https://api.india.delta.exchange:443 "GET /v2/history/candles?resolution=1h&symbol=XAUTUSD&start=1779917178&end=1780295178 HTTP/1.1" 200 None
2026-06-01 11:56:18 [INFO] core.market_data — [MarketData] Cached 100 candles for XAUTUSD 1h
2026-06-01 11:56:18 [INFO] core.market_data — [MarketData] Fetching XAUTUSD 4h (200 candles)…
2026-06-01 11:56:18 [DEBUG] urllib3.connectionpool — https://api.india.delta.exchange:443 "GET /v2/history/candles?resolution=4h&symbol=XAUTUSD&start=1777343178&end=1780295178 HTTP/1.1" 200 None
2026-06-01 11:56:18 [INFO] core.market_data — [MarketData] Cached 200 candles for XAUTUSD 4h
2026-06-01 11:56:18 [INFO] core.market_data — [MarketData] Fetching XAUTUSD 1d (200 candles)…
2026-06-01 11:56:18 [DEBUG] urllib3.connectionpool — https://api.india.delta.exchange:443 "GET /v2/history/candles?resolution=1d&symbol=XAUTUSD&start=1762583178&end=1780295178 HTTP/1.1" 200 None
2026-06-01 11:56:18 [INFO] core.market_data — [MarketData] Cached 46 candles for XAUTUSD 1d
2026-06-01 11:56:18 [DEBUG] main — XAUTUSD indicators — RSI15m:32.0 EMA20_1h:4514.81 EMA200_4h:4555.57 ATR:5.9822
2026-06-01 11:56:18 [DEBUG] main — XAUTUSD: 4h structure bias=bullish | patterns detected=0
2026-06-01 11:56:18 [DEBUG] main — XAUTUSD: SMC — OBs=4 FVGs=3
2026-06-01 11:56:18 [DEBUG] core.strategy — [Strategy] XAUTUSD LONG: only 4/7 conditions met.
2026-06-01 11:56:18 [DEBUG] core.strategy — [Strategy] XAUTUSD SHORT: only 2/7 conditions met.
2026-06-01 11:56:18 [INFO] main — XAUTUSD $4,500.35 | trend:neutral | bias:bullish | RSI:32.0 | no setup
2026-06-01 11:56:18 [INFO] main — === Scan complete in 3.4s ===
2026-06-01 11:56:34 [DEBUG] websocket — Sending ping
2026-06-01 11:57:04 [DEBUG] websocket — Sending ping
2026-06-01 11:57:34 [DEBUG] websocket — Sending ping
2026-06-01 11:58:04 [DEBUG] websocket — Sending ping
2026-06-01 11:58:34 [DEBUG] websocket — Sending ping
2026-06-01 11:59:04 [DEBUG] websocket — Sending ping
2026-06-01 11:59:34 [DEBUG] websocket — Sending ping
2026-06-01 12:00:04 [DEBUG] websocket — Sending ping
2026-06-01 12:00:34 [DEBUG] websocket — Sending ping
2026-06-01 12:01:04 [DEBUG] websocket — Sending ping
2026-06-01 12:01:18 [DEBUG] schedule — Running job Job(interval=5, unit=minutes, do=run_checks, args=(), kwargs={})
2026-06-01 12:01:18 [INFO] main — === Scan started | symbols=['BTCUSD', 'ETHUSD', 'XAUTUSD'] ===
2026-06-01 12:01:18 [INFO] core.market_data — [MarketData] Fetching BTCUSD 1m (20 candles)…
2026-06-01 12:01:18 [DEBUG] urllib3.connectionpool — Resetting dropped connection: api.india.delta.exchange
2026-06-01 12:01:19 [DEBUG] urllib3.connectionpool — https://api.india.delta.exchange:443 "GET /v2/history/candles?resolution=1m&symbol=BTCUSD&start=1780293978&end=1780295478 HTTP/1.1" 200 None
2026-06-01 12:01:19 [INFO] core.market_data — [MarketData] Cached 20 candles for BTCUSD 1m
2026-06-01 12:01:19 [INFO] core.market_data — [MarketData] Fetching ETHUSD 1m (20 candles)…
2026-06-01 12:01:19 [DEBUG] urllib3.connectionpool — https://api.india.delta.exchange:443 "GET /v2/history/candles?resolution=1m&symbol=ETHUSD&start=1780293979&end=1780295479 HTTP/1.1" 200 None
2026-06-01 12:01:19 [INFO] core.market_data — [MarketData] Cached 20 candles for ETHUSD 1m
2026-06-01 12:01:19 [INFO] core.market_data — [MarketData] Fetching XAUTUSD 1m (20 candles)…
2026-06-01 12:01:19 [DEBUG] urllib3.connectionpool — https://api.india.delta.exchange:443 "GET /v2/history/candles?resolution=1m&symbol=XAUTUSD&start=1780293979&end=1780295479 HTTP/1.1" 200 None
2026-06-01 12:01:19 [INFO] core.market_data — [MarketData] Cached 20 candles for XAUTUSD 1m
2026-06-01 12:01:19 [DEBUG] main — Live prices: {'BTCUSD': '73,146.00', 'ETHUSD': '1,985.90', 'XAUTUSD': '4,502.13'}
2026-06-01 12:01:19 [DEBUG] core.market_data — [MarketData] Cache hit for BTCUSD 1m
2026-06-01 12:01:19 [DEBUG] main — BTCUSD: price $73146.00 (source=REST)
2026-06-01 12:01:19 [DEBUG] core.market_data — [MarketData] Cache hit for BTCUSD 1m
2026-06-01 12:01:19 [INFO] core.market_data — [MarketData] Fetching BTCUSD 5m (30 candles)…
2026-06-01 12:01:19 [DEBUG] urllib3.connectionpool — https://api.india.delta.exchange:443 "GET /v2/history/candles?resolution=5m&symbol=BTCUSD&start=1780284979&end=1780295479 HTTP/1.1" 200 None
2026-06-01 12:01:19 [INFO] core.market_data — [MarketData] Cached 30 candles for BTCUSD 5m
2026-06-01 12:01:19 [INFO] core.market_data — [MarketData] Fetching BTCUSD 15m (50 candles)…
2026-06-01 12:01:19 [DEBUG] urllib3.connectionpool — https://api.india.delta.exchange:443 "GET /v2/history/candles?resolution=15m&symbol=BTCUSD&start=1780245979&end=1780295479 HTTP/1.1" 200 None
2026-06-01 12:01:19 [INFO] core.market_data — [MarketData] Cached 50 candles for BTCUSD 15m
2026-06-01 12:01:19 [INFO] core.market_data — [MarketData] Fetching BTCUSD 1h (100 candles)…
2026-06-01 12:01:20 [DEBUG] urllib3.connectionpool — https://api.india.delta.exchange:443 "GET /v2/history/candles?resolution=1h&symbol=BTCUSD&start=1779917479&end=1780295479 HTTP/1.1" 200 None
2026-06-01 12:01:20 [INFO] core.market_data — [MarketData] Cached 100 candles for BTCUSD 1h
2026-06-01 12:01:20 [INFO] core.market_data — [MarketData] Fetching BTCUSD 4h (200 candles)…
2026-06-01 12:01:20 [DEBUG] urllib3.connectionpool — https://api.india.delta.exchange:443 "GET /v2/history/candles?resolution=4h&symbol=BTCUSD&start=1777343480&end=1780295480 HTTP/1.1" 200 None
2026-06-01 12:01:20 [INFO] core.market_data — [MarketData] Cached 200 candles for BTCUSD 4h
2026-06-01 12:01:20 [INFO] core.market_data — [MarketData] Fetching BTCUSD 1d (200 candles)…
2026-06-01 12:01:20 [DEBUG] urllib3.connectionpool — https://api.india.delta.exchange:443 "GET /v2/history/candles?resolution=1d&symbol=BTCUSD&start=1762583480&end=1780295480 HTTP/1.1" 200 None
2026-06-01 12:01:20 [INFO] core.market_data — [MarketData] Cached 200 candles for BTCUSD 1d
2026-06-01 12:01:20 [DEBUG] main — BTCUSD indicators — RSI15m:34.9 EMA20_1h:73627.07 EMA200_4h:76843.51 ATR:184.8922
2026-06-01 12:01:20 [DEBUG] main — BTCUSD: 4h structure bias=bearish | patterns detected=0
2026-06-01 12:01:20 [DEBUG] main — BTCUSD: SMC — OBs=0 FVGs=4
2026-06-01 12:01:20 [DEBUG] core.strategy — [Strategy] BTCUSD LONG: only 2/7 conditions met.
2026-06-01 12:01:20 [DEBUG] core.strategy — [Strategy] BTCUSD SHORT: only 4/7 conditions met.
2026-06-01 12:01:20 [INFO] main — BTCUSD $73,146.00 | trend:bearish | bias:bearish | RSI:34.9 | no setup
2026-06-01 12:01:20 [DEBUG] core.market_data — [MarketData] Cache hit for ETHUSD 1m
2026-06-01 12:01:20 [DEBUG] main — ETHUSD: price $1985.90 (source=REST)
2026-06-01 12:01:20 [DEBUG] core.market_data — [MarketData] Cache hit for ETHUSD 1m
2026-06-01 12:01:20 [INFO] core.market_data — [MarketData] Fetching ETHUSD 5m (30 candles)…
2026-06-01 12:01:20 [DEBUG] urllib3.connectionpool — https://api.india.delta.exchange:443 "GET /v2/history/candles?resolution=5m&symbol=ETHUSD&start=1780284980&end=1780295480 HTTP/1.1" 200 None
2026-06-01 12:01:20 [INFO] core.market_data — [MarketData] Cached 30 candles for ETHUSD 5m
2026-06-01 12:01:20 [INFO] core.market_data — [MarketData] Fetching ETHUSD 15m (50 candles)…
2026-06-01 12:01:20 [DEBUG] urllib3.connectionpool — https://api.india.delta.exchange:443 "GET /v2/history/candles?resolution=15m&symbol=ETHUSD&start=1780245980&end=1780295480 HTTP/1.1" 200 None
2026-06-01 12:01:20 [INFO] core.market_data — [MarketData] Cached 50 candles for ETHUSD 15m
2026-06-01 12:01:20 [INFO] core.market_data — [MarketData] Fetching ETHUSD 1h (100 candles)…
2026-06-01 12:01:20 [DEBUG] urllib3.connectionpool — https://api.india.delta.exchange:443 "GET /v2/history/candles?resolution=1h&symbol=ETHUSD&start=1779917480&end=1780295480 HTTP/1.1" 200 None
2026-06-01 12:01:21 [INFO] core.market_data — [MarketData] Cached 100 candles for ETHUSD 1h
2026-06-01 12:01:21 [INFO] core.market_data — [MarketData] Fetching ETHUSD 4h (200 candles)…
2026-06-01 12:01:21 [DEBUG] urllib3.connectionpool — https://api.india.delta.exchange:443 "GET /v2/history/candles?resolution=4h&symbol=ETHUSD&start=1777343481&end=1780295481 HTTP/1.1" 200 None
2026-06-01 12:01:21 [INFO] core.market_data — [MarketData] Cached 200 candles for ETHUSD 4h
2026-06-01 12:01:21 [INFO] core.market_data — [MarketData] Fetching ETHUSD 1d (200 candles)…
2026-06-01 12:01:21 [DEBUG] urllib3.connectionpool — https://api.india.delta.exchange:443 "GET /v2/history/candles?resolution=1d&symbol=ETHUSD&start=1762583481&end=1780295481 HTTP/1.1" 200 None
2026-06-01 12:01:21 [INFO] core.market_data — [MarketData] Cached 200 candles for ETHUSD 1d
2026-06-01 12:01:21 [DEBUG] main — ETHUSD indicators — RSI15m:33.0 EMA20_1h:2005.96 EMA200_4h:2161.82 ATR:7.1524
2026-06-01 12:01:21 [DEBUG] main — ETHUSD: 4h structure bias=bearish | patterns detected=0
2026-06-01 12:01:21 [DEBUG] main — ETHUSD: SMC — OBs=1 FVGs=4
2026-06-01 12:01:21 [DEBUG] core.strategy — [Strategy] ETHUSD LONG: only 2/7 conditions met.
2026-06-01 12:01:21 [DEBUG] core.strategy — [Strategy] ETHUSD SHORT: only 4/7 conditions met.
2026-06-01 12:01:21 [INFO] main — ETHUSD $1,985.90 | trend:bearish | bias:bearish | RSI:33.0 | no setup
2026-06-01 12:01:21 [DEBUG] core.market_data — [MarketData] Cache hit for XAUTUSD 1m
2026-06-01 12:01:21 [DEBUG] main — XAUTUSD: price $4502.13 (source=REST)
2026-06-01 12:01:21 [DEBUG] core.market_data — [MarketData] Cache hit for XAUTUSD 1m
2026-06-01 12:01:21 [INFO] core.market_data — [MarketData] Fetching XAUTUSD 5m (30 candles)…
2026-06-01 12:01:21 [DEBUG] urllib3.connectionpool — https://api.india.delta.exchange:443 "GET /v2/history/candles?resolution=5m&symbol=XAUTUSD&start=1780284981&end=1780295481 HTTP/1.1" 200 None
2026-06-01 12:01:21 [INFO] core.market_data — [MarketData] Cached 30 candles for XAUTUSD 5m
2026-06-01 12:01:21 [INFO] core.market_data — [MarketData] Fetching XAUTUSD 15m (50 candles)…
2026-06-01 12:01:21 [DEBUG] urllib3.connectionpool — https://api.india.delta.exchange:443 "GET /v2/history/candles?resolution=15m&symbol=XAUTUSD&start=1780245981&end=1780295481 HTTP/1.1" 200 None
2026-06-01 12:01:21 [INFO] core.market_data — [MarketData] Cached 50 candles for XAUTUSD 15m
2026-06-01 12:01:21 [INFO] core.market_data — [MarketData] Fetching XAUTUSD 1h (100 candles)…
2026-06-01 12:01:21 [DEBUG] urllib3.connectionpool — https://api.india.delta.exchange:443 "GET /v2/history/candles?resolution=1h&symbol=XAUTUSD&start=1779917481&end=1780295481 HTTP/1.1" 200 None
2026-06-01 12:01:21 [INFO] core.market_data — [MarketData] Cached 100 candles for XAUTUSD 1h
2026-06-01 12:01:21 [INFO] core.market_data — [MarketData] Fetching XAUTUSD 4h (200 candles)…
2026-06-01 12:01:22 [DEBUG] urllib3.connectionpool — https://api.india.delta.exchange:443 "GET /v2/history/candles?resolution=4h&symbol=XAUTUSD&start=1777343481&end=1780295481 HTTP/1.1" 200 None
2026-06-01 12:01:22 [INFO] core.market_data — [MarketData] Cached 200 candles for XAUTUSD 4h
2026-06-01 12:01:22 [INFO] core.market_data — [MarketData] Fetching XAUTUSD 1d (200 candles)…
2026-06-01 12:01:22 [DEBUG] urllib3.connectionpool — https://api.india.delta.exchange:443 "GET /v2/history/candles?resolution=1d&symbol=XAUTUSD&start=1762583482&end=1780295482 HTTP/1.1" 200 None
2026-06-01 12:01:22 [INFO] core.market_data — [MarketData] Cached 46 candles for XAUTUSD 1d
2026-06-01 12:01:22 [DEBUG] main — XAUTUSD indicators — RSI15m:38.0 EMA20_1h:4515.39 EMA200_4h:4555.57 ATR:5.9822
2026-06-01 12:01:22 [DEBUG] main — XAUTUSD: 4h structure bias=bullish | patterns detected=1
2026-06-01 12:01:22 [DEBUG] main — XAUTUSD: SMC — OBs=4 FVGs=3
2026-06-01 12:01:22 [DEBUG] core.strategy — [Strategy] XAUTUSD LONG: only 5/7 conditions met.
2026-06-01 12:01:22 [DEBUG] core.strategy — [Strategy] XAUTUSD SHORT: only 3/7 conditions met.
2026-06-01 12:01:22 [INFO] main — XAUTUSD $4,502.13 | trend:neutral | bias:bullish | RSI:38.0 | no setup
2026-06-01 12:01:22 [INFO] main — === Scan complete in 3.3s ===
2026-06-01 12:01:34 [DEBUG] websocket — Sending ping
2026-06-01 12:02:04 [DEBUG] websocket — Sending ping
2026-06-01 12:02:34 [DEBUG] websocket — Sending ping
2026-06-01 12:03:04 [DEBUG] websocket — Sending ping
2026-06-01 12:03:34 [DEBUG] websocket — Sending ping
2026-06-01 12:03:45 [INFO] execution.paper_trading — [Paper] State saved to paper_trades.json.
2026-06-01 12:03:45 [INFO] main — Stopped. Trades saved.
2026-06-01 12:03:48 [INFO] exchanges.ws_stream — WebSocket stream started for ['BTCUSD', 'ETHUSD', 'XAUTUSD']
2026-06-01 12:03:48 [INFO] main — Waiting 3s for WebSocket to connect...
2026-06-01 12:03:48 [INFO] websocket — Websocket connected
2026-06-01 12:03:48 [INFO] exchanges.ws_stream — WebSocket connected — subscribing to tickers
2026-06-01 12:03:51 [DEBUG] urllib3.connectionpool — Starting new HTTPS connection (1): api.telegram.org:443
2026-06-01 12:03:52 [DEBUG] urllib3.connectionpool — https://api.telegram.org:443 "POST /bot8800960300:AAExwJ0q7WkWipz2RkvKw9-4Y28ePM5TAUc/sendMessage HTTP/1.1" 200 529
2026-06-01 12:03:52 [DEBUG] notifications.telegram — Telegram message sent to chat_id=1948356544
2026-06-01 12:03:52 [DEBUG] urllib3.connectionpool — Starting new HTTPS connection (1): api.telegram.org:443
2026-06-01 12:03:52 [DEBUG] urllib3.connectionpool — https://api.telegram.org:443 "POST /bot8800960300:AAExwJ0q7WkWipz2RkvKw9-4Y28ePM5TAUc/sendMessage HTTP/1.1" 200 511
2026-06-01 12:03:52 [DEBUG] notifications.telegram — Telegram message sent to chat_id=7151542571
2026-06-01 12:03:52 [INFO] main — === Scan started | symbols=['BTCUSD', 'ETHUSD', 'XAUTUSD'] ===
2026-06-01 12:03:52 [INFO] core.market_data — [MarketData] Fetching BTCUSD 1m (20 candles)…
2026-06-01 12:03:52 [DEBUG] urllib3.connectionpool — Starting new HTTPS connection (1): api.india.delta.exchange:443
2026-06-01 12:03:53 [DEBUG] urllib3.connectionpool — https://api.india.delta.exchange:443 "GET /v2/history/candles?resolution=1m&symbol=BTCUSD&start=1780294132&end=1780295632 HTTP/1.1" 200 None
2026-06-01 12:03:53 [INFO] core.market_data — [MarketData] Cached 20 candles for BTCUSD 1m
2026-06-01 12:03:53 [INFO] core.market_data — [MarketData] Fetching ETHUSD 1m (20 candles)…
2026-06-01 12:03:53 [DEBUG] urllib3.connectionpool — https://api.india.delta.exchange:443 "GET /v2/history/candles?resolution=1m&symbol=ETHUSD&start=1780294133&end=1780295633 HTTP/1.1" 200 None
2026-06-01 12:03:53 [INFO] core.market_data — [MarketData] Cached 20 candles for ETHUSD 1m
2026-06-01 12:03:53 [INFO] core.market_data — [MarketData] Fetching XAUTUSD 1m (20 candles)…
2026-06-01 12:03:53 [DEBUG] urllib3.connectionpool — https://api.india.delta.exchange:443 "GET /v2/history/candles?resolution=1m&symbol=XAUTUSD&start=1780294133&end=1780295633 HTTP/1.1" 200 None
2026-06-01 12:03:53 [INFO] core.market_data — [MarketData] Cached 20 candles for XAUTUSD 1m
2026-06-01 12:03:53 [DEBUG] main — Live prices: {'BTCUSD': '73,191.00', 'ETHUSD': '1,987.50', 'XAUTUSD': '4,500.09'}
2026-06-01 12:03:53 [DEBUG] core.advanced_filters — [OvertradingFilter] Daily counters reset.
2026-06-01 12:03:53 [DEBUG] core.market_data — [MarketData] Cache hit for BTCUSD 1m
2026-06-01 12:03:53 [DEBUG] main — BTCUSD: price $73191.00 (source=REST)
2026-06-01 12:03:53 [DEBUG] core.market_data — [MarketData] Cache hit for BTCUSD 1m
2026-06-01 12:03:53 [INFO] core.market_data — [MarketData] Fetching BTCUSD 5m (30 candles)…
2026-06-01 12:03:53 [DEBUG] urllib3.connectionpool — https://api.india.delta.exchange:443 "GET /v2/history/candles?resolution=5m&symbol=BTCUSD&start=1780285133&end=1780295633 HTTP/1.1" 200 None
2026-06-01 12:03:53 [INFO] core.market_data — [MarketData] Cached 30 candles for BTCUSD 5m
2026-06-01 12:03:53 [INFO] core.market_data — [MarketData] Fetching BTCUSD 15m (60 candles)…
2026-06-01 12:03:53 [DEBUG] urllib3.connectionpool — https://api.india.delta.exchange:443 "GET /v2/history/candles?resolution=15m&symbol=BTCUSD&start=1780237133&end=1780295633 HTTP/1.1" 200 None
2026-06-01 12:03:53 [INFO] core.market_data — [MarketData] Cached 60 candles for BTCUSD 15m
2026-06-01 12:03:53 [INFO] core.market_data — [MarketData] Fetching BTCUSD 1h (250 candles)…
2026-06-01 12:03:53 [DEBUG] urllib3.connectionpool — https://api.india.delta.exchange:443 "GET /v2/history/candles?resolution=1h&symbol=BTCUSD&start=1779377633&end=1780295633 HTTP/1.1" 200 None
2026-06-01 12:03:53 [INFO] core.market_data — [MarketData] Cached 250 candles for BTCUSD 1h
2026-06-01 12:03:53 [INFO] core.market_data — [MarketData] Fetching BTCUSD 4h (300 candles)…
2026-06-01 12:03:54 [DEBUG] urllib3.connectionpool — https://api.india.delta.exchange:443 "GET /v2/history/candles?resolution=4h&symbol=BTCUSD&start=1775903633&end=1780295633 HTTP/1.1" 200 None
2026-06-01 12:03:54 [INFO] core.market_data — [MarketData] Cached 300 candles for BTCUSD 4h
2026-06-01 12:03:54 [INFO] core.market_data — [MarketData] Fetching BTCUSD 1d (200 candles)…
2026-06-01 12:03:54 [DEBUG] urllib3.connectionpool — https://api.india.delta.exchange:443 "GET /v2/history/candles?resolution=1d&symbol=BTCUSD&start=1762583634&end=1780295634 HTTP/1.1" 200 None
2026-06-01 12:03:54 [INFO] core.market_data — [MarketData] Cached 200 candles for BTCUSD 1d
2026-06-01 12:03:54 [DEBUG] main — BTCUSD indicators — RSI15m:36.4 EMA20_1h:73627.19 EMA200_4h:76516.58 ATR:176.8652
2026-06-01 12:03:54 [DEBUG] main — BTCUSD: 4h structure bias=bearish | patterns detected=2
2026-06-01 12:03:54 [DEBUG] main — BTCUSD: SMC — OBs=0 FVGs=5
2026-06-01 12:03:54 [DEBUG] core.strategy — [Strategy] BTCUSD LONG: only 2/7 conditions met.
2026-06-01 12:03:54 [INFO] main — BTCUSD: 1 setup(s) found
2026-06-01 12:03:54 [DEBUG] risk.risk_manager — [RiskManager] Position size: 0.002035 units | risk $1.00 | SL distance 491.4326
2026-06-01 12:03:54 [INFO] main — BTCUSD SHORT: setup valid | conf=86% | entry=73191.00 | sl=73682.43 | tp1=72208.13 | rr=2.00 | lots=0.0020
2026-06-01 12:03:54 [DEBUG] main — BTCUSD SHORT: conditions — Price 73191.0000 < EMA200 1h (74719.7018) & 4h (76516.5760) | 1h EMA20 (73627.1924) < EMA50 (73731.9207) | 15m RSI 36.4 in sell zone [35–50] | Volume spike on last closed candle > 1.5x 20-bar avg | 4h structure: bearish (strength=0.75) | 15m MACD bearish (line=-120.7456 < sig=-78.0130, hist=-42.7326)
2026-06-01 12:03:54 [INFO] execution.paper_trading — [Paper] OPEN SHORT BTCUSD @ 73191.0000 | size=0.0020 | SL=73682.4326 | TP1=72208.1348 | TP2=71716.7023 | id=04e7aa4f
2026-06-01 12:03:54 [DEBUG] urllib3.connectionpool — Starting new HTTPS connection (1): api.telegram.org:443
2026-06-01 12:03:55 [DEBUG] urllib3.connectionpool — https://api.telegram.org:443 "POST /bot8800960300:AAExwJ0q7WkWipz2RkvKw9-4Y28ePM5TAUc/sendMessage HTTP/1.1" 200 818
2026-06-01 12:03:55 [DEBUG] notifications.telegram — Telegram message sent to chat_id=1948356544
2026-06-01 12:03:55 [DEBUG] urllib3.connectionpool — Starting new HTTPS connection (1): api.telegram.org:443
2026-06-01 12:03:55 [DEBUG] urllib3.connectionpool — https://api.telegram.org:443 "POST /bot8800960300:AAExwJ0q7WkWipz2RkvKw9-4Y28ePM5TAUc/sendMessage HTTP/1.1" 200 800
2026-06-01 12:03:55 [DEBUG] notifications.telegram — Telegram message sent to chat_id=7151542571
2026-06-01 12:03:55 [DEBUG] core.advanced_filters — [OvertradingFilter] BTCUSD signal count: 1/3
2026-06-01 12:03:55 [INFO] main — SIGNAL SENT: BTCUSD SHORT | Entry 73191.00 | SL 73682.43 | TP 72208.13 | Lots 0.002
2026-06-01 12:03:55 [DEBUG] trade_journal — [Journal] Saved 1 records to trade_records.json
2026-06-01 12:03:55 [INFO] trade_journal — [Journal] Recorded OPEN — BTCUSD SHORT | id=04e7aa4f | entry=73191.0000 | sl=73682.4326 | tp1=72208.1348 | tp2=71716.7023
2026-06-01 12:03:55 [DEBUG] core.market_data — [MarketData] Cache hit for ETHUSD 1m
2026-06-01 12:03:55 [DEBUG] main — ETHUSD: price $1987.50 (source=REST)
2026-06-01 12:03:55 [DEBUG] core.market_data — [MarketData] Cache hit for ETHUSD 1m
2026-06-01 12:03:55 [INFO] core.market_data — [MarketData] Fetching ETHUSD 5m (30 candles)…
2026-06-01 12:03:55 [DEBUG] urllib3.connectionpool — https://api.india.delta.exchange:443 "GET /v2/history/candles?resolution=5m&symbol=ETHUSD&start=1780285135&end=1780295635 HTTP/1.1" 200 None
2026-06-01 12:03:55 [INFO] core.market_data — [MarketData] Cached 30 candles for ETHUSD 5m
2026-06-01 12:03:55 [INFO] core.market_data — [MarketData] Fetching ETHUSD 15m (60 candles)…
2026-06-01 12:03:56 [DEBUG] urllib3.connectionpool — https://api.india.delta.exchange:443 "GET /v2/history/candles?resolution=15m&symbol=ETHUSD&start=1780237135&end=1780295635 HTTP/1.1" 200 None
2026-06-01 12:03:56 [INFO] core.market_data — [MarketData] Cached 60 candles for ETHUSD 15m
2026-06-01 12:03:56 [INFO] core.market_data — [MarketData] Fetching ETHUSD 1h (250 candles)…
2026-06-01 12:03:56 [DEBUG] urllib3.connectionpool — https://api.india.delta.exchange:443 "GET /v2/history/candles?resolution=1h&symbol=ETHUSD&start=1779377636&end=1780295636 HTTP/1.1" 200 None
2026-06-01 12:03:56 [INFO] core.market_data — [MarketData] Cached 250 candles for ETHUSD 1h
2026-06-01 12:03:56 [INFO] core.market_data — [MarketData] Fetching ETHUSD 4h (300 candles)…
2026-06-01 12:03:56 [DEBUG] urllib3.connectionpool — https://api.india.delta.exchange:443 "GET /v2/history/candles?resolution=4h&symbol=ETHUSD&start=1775903636&end=1780295636 HTTP/1.1" 200 None
2026-06-01 12:03:56 [INFO] core.market_data — [MarketData] Cached 300 candles for ETHUSD 4h
2026-06-01 12:03:56 [INFO] core.market_data — [MarketData] Fetching ETHUSD 1d (200 candles)…
2026-06-01 12:03:56 [DEBUG] urllib3.connectionpool — https://api.india.delta.exchange:443 "GET /v2/history/candles?resolution=1d&symbol=ETHUSD&start=1762583636&end=1780295636 HTTP/1.1" 200 None
2026-06-01 12:03:56 [INFO] core.market_data — [MarketData] Cached 200 candles for ETHUSD 1d
2026-06-01 12:03:56 [DEBUG] main — ETHUSD indicators — RSI15m:35.4 EMA20_1h:2006.09 EMA200_4h:2157.64 ATR:7.0034
2026-06-01 12:03:56 [DEBUG] main — ETHUSD: 4h structure bias=bearish | patterns detected=0
2026-06-01 12:03:56 [DEBUG] main — ETHUSD: SMC — OBs=1 FVGs=4
2026-06-01 12:03:56 [DEBUG] core.strategy — [Strategy] ETHUSD LONG: only 1/7 conditions met.
2026-06-01 12:03:56 [INFO] main — ETHUSD: 1 setup(s) found
2026-06-01 12:03:56 [DEBUG] risk.risk_manager — [RiskManager] Position size: 0.051278 units | risk $1.00 | SL distance 19.5017
2026-06-01 12:03:56 [INFO] main — ETHUSD SHORT: setup valid | conf=86% | entry=1987.50 | sl=2007.00 | tp1=1948.50 | rr=2.00 | lots=0.0513
2026-06-01 12:03:56 [DEBUG] main — ETHUSD SHORT: conditions — Price 1987.5000 < EMA200 1h (2043.8423) & 4h (2157.6431) | 1h EMA20 (2006.0860) < EMA50 (2013.0301) | 15m RSI 35.4 in sell zone [35–50] | Volume spike on last closed candle > 1.5x 20-bar avg | 4h structure: bearish (strength=0.75) | 15m MACD bearish (line=-4.7994 < sig=-3.0259, hist=-1.7735)
2026-06-01 12:03:56 [INFO] execution.paper_trading — [Paper] OPEN SHORT ETHUSD @ 1987.5000 | size=0.0513 | SL=2007.0017 | TP1=1948.4966 | TP2=1928.9949 | id=c588ba20
2026-06-01 12:03:56 [DEBUG] urllib3.connectionpool — Starting new HTTPS connection (1): api.telegram.org:443
2026-06-01 12:03:57 [DEBUG] urllib3.connectionpool — https://api.telegram.org:443 "POST /bot8800960300:AAExwJ0q7WkWipz2RkvKw9-4Y28ePM5TAUc/sendMessage HTTP/1.1" 200 810
2026-06-01 12:03:57 [DEBUG] notifications.telegram — Telegram message sent to chat_id=1948356544
2026-06-01 12:03:57 [DEBUG] urllib3.connectionpool — Starting new HTTPS connection (1): api.telegram.org:443
2026-06-01 12:03:58 [DEBUG] urllib3.connectionpool — https://api.telegram.org:443 "POST /bot8800960300:AAExwJ0q7WkWipz2RkvKw9-4Y28ePM5TAUc/sendMessage HTTP/1.1" 200 792
2026-06-01 12:03:58 [DEBUG] notifications.telegram — Telegram message sent to chat_id=7151542571
2026-06-01 12:03:58 [DEBUG] core.advanced_filters — [OvertradingFilter] ETHUSD signal count: 1/3
2026-06-01 12:03:58 [INFO] main — SIGNAL SENT: ETHUSD SHORT | Entry 1987.50 | SL 2007.00 | TP 1948.50 | Lots 0.051
2026-06-01 12:03:58 [DEBUG] trade_journal — [Journal] Saved 2 records to trade_records.json
2026-06-01 12:03:58 [INFO] trade_journal — [Journal] Recorded OPEN — ETHUSD SHORT | id=c588ba20 | entry=1987.5000 | sl=2007.0017 | tp1=1948.4966 | tp2=1928.9949
2026-06-01 12:03:58 [DEBUG] core.market_data — [MarketData] Cache hit for XAUTUSD 1m
2026-06-01 12:03:58 [DEBUG] main — XAUTUSD: price $4500.09 (source=REST)
2026-06-01 12:03:58 [DEBUG] core.market_data — [MarketData] Cache hit for XAUTUSD 1m
2026-06-01 12:03:58 [INFO] core.market_data — [MarketData] Fetching XAUTUSD 5m (30 candles)…
2026-06-01 12:03:58 [DEBUG] urllib3.connectionpool — https://api.india.delta.exchange:443 "GET /v2/history/candles?resolution=5m&symbol=XAUTUSD&start=1780285138&end=1780295638 HTTP/1.1" 200 None
2026-06-01 12:03:58 [INFO] core.market_data — [MarketData] Cached 30 candles for XAUTUSD 5m
2026-06-01 12:03:58 [INFO] core.market_data — [MarketData] Fetching XAUTUSD 15m (60 candles)…
2026-06-01 12:03:58 [DEBUG] urllib3.connectionpool — https://api.india.delta.exchange:443 "GET /v2/history/candles?resolution=15m&symbol=XAUTUSD&start=1780237138&end=1780295638 HTTP/1.1" 200 None
2026-06-01 12:03:58 [INFO] core.market_data — [MarketData] Cached 60 candles for XAUTUSD 15m
2026-06-01 12:03:58 [INFO] core.market_data — [MarketData] Fetching XAUTUSD 1h (250 candles)…
2026-06-01 12:03:58 [DEBUG] urllib3.connectionpool — https://api.india.delta.exchange:443 "GET /v2/history/candles?resolution=1h&symbol=XAUTUSD&start=1779377638&end=1780295638 HTTP/1.1" 200 None
2026-06-01 12:03:58 [INFO] core.market_data — [MarketData] Cached 250 candles for XAUTUSD 1h
2026-06-01 12:03:58 [INFO] core.market_data — [MarketData] Fetching XAUTUSD 4h (300 candles)…
2026-06-01 12:03:58 [DEBUG] urllib3.connectionpool — https://api.india.delta.exchange:443 "GET /v2/history/candles?resolution=4h&symbol=XAUTUSD&start=1775903638&end=1780295638 HTTP/1.1" 200 None
2026-06-01 12:03:58 [INFO] core.market_data — [MarketData] Cached 269 candles for XAUTUSD 4h
2026-06-01 12:03:58 [INFO] core.market_data — [MarketData] Fetching XAUTUSD 1d (200 candles)…
2026-06-01 12:03:59 [DEBUG] urllib3.connectionpool — https://api.india.delta.exchange:443 "GET /v2/history/candles?resolution=1d&symbol=XAUTUSD&start=1762583638&end=1780295638 HTTP/1.1" 200 None
2026-06-01 12:03:59 [INFO] core.market_data — [MarketData] Cached 46 candles for XAUTUSD 1d
2026-06-01 12:03:59 [DEBUG] main — XAUTUSD indicators — RSI15m:34.7 EMA20_1h:4515.18 EMA200_4h:4581.00 ATR:5.8191
2026-06-01 12:03:59 [DEBUG] main — XAUTUSD: 4h structure bias=bullish | patterns detected=0
2026-06-01 12:03:59 [DEBUG] main — XAUTUSD: SMC — OBs=4 FVGs=3
2026-06-01 12:03:59 [DEBUG] core.strategy — [Strategy] XAUTUSD LONG: only 3/7 conditions met.
2026-06-01 12:03:59 [DEBUG] core.strategy — [Strategy] XAUTUSD SHORT: only 3/7 conditions met.
2026-06-01 12:03:59 [INFO] main — XAUTUSD $4,500.09 | trend:neutral | bias:bullish | RSI:34.7 | no setup
2026-06-01 12:03:59 [INFO] main — === Scan complete in 6.3s ===
2026-06-01 12:03:59 [INFO] main — Running. Ctrl+C to stop.
2026-06-01 12:04:48 [DEBUG] websocket — Sending ping
2026-06-01 12:05:18 [DEBUG] websocket — Sending ping
2026-06-01 12:05:48 [DEBUG] websocket — Sending ping
2026-06-01 12:06:18 [DEBUG] websocket — Sending ping
2026-06-01 12:06:48 [DEBUG] websocket — Sending ping
2026-06-01 12:07:18 [DEBUG] websocket — Sending ping
2026-06-01 12:07:48 [DEBUG] websocket — Sending ping
2026-06-01 12:08:18 [DEBUG] websocket — Sending ping
2026-06-01 12:08:48 [DEBUG] websocket — Sending ping
2026-06-01 12:08:59 [DEBUG] schedule — Running job Job(interval=5, unit=minutes, do=run_checks, args=(), kwargs={})
2026-06-01 12:08:59 [INFO] main — === Scan started | symbols=['BTCUSD', 'ETHUSD', 'XAUTUSD'] ===
2026-06-01 12:08:59 [INFO] core.market_data — [MarketData] Fetching BTCUSD 1m (20 candles)…
2026-06-01 12:08:59 [DEBUG] urllib3.connectionpool — Resetting dropped connection: api.india.delta.exchange
2026-06-01 12:08:59 [DEBUG] urllib3.connectionpool — https://api.india.delta.exchange:443 "GET /v2/history/candles?resolution=1m&symbol=BTCUSD&start=1780294439&end=1780295939 HTTP/1.1" 200 None
2026-06-01 12:08:59 [INFO] core.market_data — [MarketData] Cached 20 candles for BTCUSD 1m
2026-06-01 12:08:59 [INFO] core.market_data — [MarketData] Fetching ETHUSD 1m (20 candles)…
2026-06-01 12:08:59 [DEBUG] urllib3.connectionpool — https://api.india.delta.exchange:443 "GET /v2/history/candles?resolution=1m&symbol=ETHUSD&start=1780294439&end=1780295939 HTTP/1.1" 200 None
2026-06-01 12:08:59 [INFO] core.market_data — [MarketData] Cached 20 candles for ETHUSD 1m
2026-06-01 12:08:59 [INFO] core.market_data — [MarketData] Fetching XAUTUSD 1m (20 candles)…
2026-06-01 12:08:59 [DEBUG] urllib3.connectionpool — https://api.india.delta.exchange:443 "GET /v2/history/candles?resolution=1m&symbol=XAUTUSD&start=1780294439&end=1780295939 HTTP/1.1" 200 None
2026-06-01 12:08:59 [INFO] core.market_data — [MarketData] Cached 20 candles for XAUTUSD 1m
2026-06-01 12:08:59 [DEBUG] main — Live prices: {'BTCUSD': '73,120.00', 'ETHUSD': '1,984.00', 'XAUTUSD': '4,492.03'}
2026-06-01 12:08:59 [DEBUG] core.market_data — [MarketData] Cache hit for BTCUSD 1m
2026-06-01 12:08:59 [DEBUG] main — BTCUSD: price $73120.00 (source=REST)
2026-06-01 12:08:59 [DEBUG] core.market_data — [MarketData] Cache hit for BTCUSD 1m
2026-06-01 12:08:59 [INFO] core.market_data — [MarketData] Fetching BTCUSD 5m (30 candles)…
2026-06-01 12:08:59 [DEBUG] urllib3.connectionpool — https://api.india.delta.exchange:443 "GET /v2/history/candles?resolution=5m&symbol=BTCUSD&start=1780285439&end=1780295939 HTTP/1.1" 200 None
2026-06-01 12:08:59 [INFO] core.market_data — [MarketData] Cached 30 candles for BTCUSD 5m
2026-06-01 12:08:59 [INFO] core.market_data — [MarketData] Fetching BTCUSD 15m (60 candles)…
2026-06-01 12:09:00 [DEBUG] urllib3.connectionpool — https://api.india.delta.exchange:443 "GET /v2/history/candles?resolution=15m&symbol=BTCUSD&start=1780237439&end=1780295939 HTTP/1.1" 200 None
2026-06-01 12:09:00 [INFO] core.market_data — [MarketData] Cached 60 candles for BTCUSD 15m
2026-06-01 12:09:00 [INFO] core.market_data — [MarketData] Fetching BTCUSD 1h (250 candles)…
2026-06-01 12:09:00 [DEBUG] urllib3.connectionpool — https://api.india.delta.exchange:443 "GET /v2/history/candles?resolution=1h&symbol=BTCUSD&start=1779377940&end=1780295940 HTTP/1.1" 200 None
2026-06-01 12:09:00 [INFO] core.market_data — [MarketData] Cached 250 candles for BTCUSD 1h
2026-06-01 12:09:00 [INFO] core.market_data — [MarketData] Fetching BTCUSD 4h (300 candles)…
2026-06-01 12:09:00 [DEBUG] urllib3.connectionpool — https://api.india.delta.exchange:443 "GET /v2/history/candles?resolution=4h&symbol=BTCUSD&start=1775903940&end=1780295940 HTTP/1.1" 200 None
2026-06-01 12:09:00 [INFO] core.market_data — [MarketData] Cached 300 candles for BTCUSD 4h
2026-06-01 12:09:00 [INFO] core.market_data — [MarketData] Fetching BTCUSD 1d (200 candles)…
2026-06-01 12:09:00 [DEBUG] urllib3.connectionpool — https://api.india.delta.exchange:443 "GET /v2/history/candles?resolution=1d&symbol=BTCUSD&start=1762583940&end=1780295940 HTTP/1.1" 200 None
2026-06-01 12:09:00 [INFO] core.market_data — [MarketData] Cached 200 candles for BTCUSD 1d
2026-06-01 12:09:00 [DEBUG] main — BTCUSD indicators — RSI15m:33.9 EMA20_1h:73625.19 EMA200_4h:76516.68 ATR:179.9366
2026-06-01 12:09:00 [DEBUG] main — BTCUSD: 4h structure bias=bearish | patterns detected=0
2026-06-01 12:09:00 [DEBUG] main — BTCUSD: SMC — OBs=0 FVGs=4
2026-06-01 12:09:00 [DEBUG] core.strategy — [Strategy] BTCUSD LONG: only 1/7 conditions met.
2026-06-01 12:09:00 [DEBUG] core.strategy — [Strategy] BTCUSD SHORT: only 5/7 conditions met.
2026-06-01 12:09:00 [INFO] main — BTCUSD $73,120.00 | trend:bearish | bias:bearish | RSI:33.9 | no setup
2026-06-01 12:09:00 [DEBUG] core.market_data — [MarketData] Cache hit for ETHUSD 1m
2026-06-01 12:09:00 [DEBUG] main — ETHUSD: price $1984.00 (source=REST)
2026-06-01 12:09:00 [DEBUG] core.market_data — [MarketData] Cache hit for ETHUSD 1m
2026-06-01 12:09:00 [INFO] core.market_data — [MarketData] Fetching ETHUSD 5m (30 candles)…
2026-06-01 12:09:00 [DEBUG] urllib3.connectionpool — https://api.india.delta.exchange:443 "GET /v2/history/candles?resolution=5m&symbol=ETHUSD&start=1780285440&end=1780295940 HTTP/1.1" 200 None
2026-06-01 12:09:00 [INFO] core.market_data — [MarketData] Cached 30 candles for ETHUSD 5m
2026-06-01 12:09:00 [INFO] core.market_data — [MarketData] Fetching ETHUSD 15m (60 candles)…
2026-06-01 12:09:00 [DEBUG] urllib3.connectionpool — https://api.india.delta.exchange:443 "GET /v2/history/candles?resolution=15m&symbol=ETHUSD&start=1780237440&end=1780295940 HTTP/1.1" 200 None
2026-06-01 12:09:00 [INFO] core.market_data — [MarketData] Cached 60 candles for ETHUSD 15m
2026-06-01 12:09:00 [INFO] core.market_data — [MarketData] Fetching ETHUSD 1h (250 candles)…
2026-06-01 12:09:01 [DEBUG] urllib3.connectionpool — https://api.india.delta.exchange:443 "GET /v2/history/candles?resolution=1h&symbol=ETHUSD&start=1779377940&end=1780295940 HTTP/1.1" 200 None
2026-06-01 12:09:01 [INFO] core.market_data — [MarketData] Cached 250 candles for ETHUSD 1h
2026-06-01 12:09:01 [INFO] core.market_data — [MarketData] Fetching ETHUSD 4h (300 candles)…
2026-06-01 12:09:01 [DEBUG] urllib3.connectionpool — https://api.india.delta.exchange:443 "GET /v2/history/candles?resolution=4h&symbol=ETHUSD&start=1775903941&end=1780295941 HTTP/1.1" 200 None
2026-06-01 12:09:01 [INFO] core.market_data — [MarketData] Cached 300 candles for ETHUSD 4h
2026-06-01 12:09:01 [INFO] core.market_data — [MarketData] Fetching ETHUSD 1d (200 candles)…
2026-06-01 12:09:01 [DEBUG] urllib3.connectionpool — https://api.india.delta.exchange:443 "GET /v2/history/candles?resolution=1d&symbol=ETHUSD&start=1762583941&end=1780295941 HTTP/1.1" 200 None
2026-06-01 12:09:01 [INFO] core.market_data — [MarketData] Cached 200 candles for ETHUSD 1d
2026-06-01 12:09:01 [DEBUG] main — ETHUSD indicators — RSI15m:31.5 EMA20_1h:2005.92 EMA200_4h:2157.66 ATR:7.0427
2026-06-01 12:09:01 [DEBUG] main — ETHUSD: 4h structure bias=bearish | patterns detected=1
2026-06-01 12:09:01 [DEBUG] main — ETHUSD: SMC — OBs=1 FVGs=4
2026-06-01 12:09:01 [DEBUG] core.strategy — [Strategy] ETHUSD LONG: only 1/7 conditions met.
2026-06-01 12:09:01 [INFO] main — ETHUSD: 1 setup(s) found
2026-06-01 12:09:01 [INFO] main — ETHUSD SHORT: cooldown active (14096s remaining)
2026-06-01 12:09:01 [DEBUG] core.market_data — [MarketData] Cache hit for XAUTUSD 1m
2026-06-01 12:09:01 [DEBUG] main — XAUTUSD: price $4492.03 (source=REST)
2026-06-01 12:09:01 [DEBUG] core.market_data — [MarketData] Cache hit for XAUTUSD 1m
2026-06-01 12:09:01 [INFO] core.market_data — [MarketData] Fetching XAUTUSD 5m (30 candles)…
2026-06-01 12:09:01 [DEBUG] urllib3.connectionpool — https://api.india.delta.exchange:443 "GET /v2/history/candles?resolution=5m&symbol=XAUTUSD&start=1780285441&end=1780295941 HTTP/1.1" 200 None
2026-06-01 12:09:01 [INFO] core.market_data — [MarketData] Cached 30 candles for XAUTUSD 5m
2026-06-01 12:09:01 [INFO] core.market_data — [MarketData] Fetching XAUTUSD 15m (60 candles)…
2026-06-01 12:09:01 [DEBUG] urllib3.connectionpool — https://api.india.delta.exchange:443 "GET /v2/history/candles?resolution=15m&symbol=XAUTUSD&start=1780237441&end=1780295941 HTTP/1.1" 200 None
2026-06-01 12:09:01 [INFO] core.market_data — [MarketData] Cached 60 candles for XAUTUSD 15m
2026-06-01 12:09:01 [INFO] core.market_data — [MarketData] Fetching XAUTUSD 1h (250 candles)…
2026-06-01 12:09:02 [DEBUG] urllib3.connectionpool — https://api.india.delta.exchange:443 "GET /v2/history/candles?resolution=1h&symbol=XAUTUSD&start=1779377941&end=1780295941 HTTP/1.1" 200 None
2026-06-01 12:09:02 [INFO] core.market_data — [MarketData] Cached 250 candles for XAUTUSD 1h
2026-06-01 12:09:02 [INFO] core.market_data — [MarketData] Fetching XAUTUSD 4h (300 candles)…
2026-06-01 12:09:02 [DEBUG] urllib3.connectionpool — https://api.india.delta.exchange:443 "GET /v2/history/candles?resolution=4h&symbol=XAUTUSD&start=1775903942&end=1780295942 HTTP/1.1" 200 None
2026-06-01 12:09:02 [INFO] core.market_data — [MarketData] Cached 269 candles for XAUTUSD 4h
2026-06-01 12:09:02 [INFO] core.market_data — [MarketData] Fetching XAUTUSD 1d (200 candles)…
2026-06-01 12:09:02 [DEBUG] urllib3.connectionpool — https://api.india.delta.exchange:443 "GET /v2/history/candles?resolution=1d&symbol=XAUTUSD&start=1762583942&end=1780295942 HTTP/1.1" 200 None
2026-06-01 12:09:02 [INFO] core.market_data — [MarketData] Cached 46 candles for XAUTUSD 1d
2026-06-01 12:09:02 [DEBUG] main — XAUTUSD indicators — RSI15m:28.0 EMA20_1h:4514.49 EMA200_4h:4580.97 ATR:6.3677
2026-06-01 12:09:02 [DEBUG] main — XAUTUSD: 4h structure bias=bullish | patterns detected=0
2026-06-01 12:09:02 [DEBUG] main — XAUTUSD: SMC — OBs=4 FVGs=3
2026-06-01 12:09:02 [DEBUG] core.strategy — [Strategy] XAUTUSD LONG: only 2/7 conditions met.
2026-06-01 12:09:02 [DEBUG] core.strategy — [Strategy] XAUTUSD SHORT: only 4/7 conditions met.
2026-06-01 12:09:02 [INFO] main — XAUTUSD $4,492.03 | trend:neutral | bias:bullish | RSI:28.0 | no setup
2026-06-01 12:09:02 [INFO] main — === Scan complete in 3.4s ===
2026-06-01 12:09:19 [DEBUG] websocket — Sending ping
2026-06-01 12:09:49 [DEBUG] websocket — Sending ping
2026-06-01 12:10:19 [DEBUG] websocket — Sending ping
2026-06-01 12:10:49 [DEBUG] websocket — Sending ping
2026-06-01 12:11:19 [DEBUG] websocket — Sending ping
2026-06-01 12:11:49 [DEBUG] websocket — Sending ping
2026-06-01 12:11:53 [INFO] execution.paper_trading — [Paper] State saved to paper_trades.json.
2026-06-01 12:11:53 [INFO] main — Stopped. Trades saved.
2026-06-01 12:11:56 [INFO] exchanges.ws_stream — WebSocket stream started for ['BTCUSD', 'ETHUSD', 'XAUTUSD']
2026-06-01 12:11:56 [INFO] main — Waiting 3s for WebSocket to connect...
2026-06-01 12:11:57 [INFO] websocket — Websocket connected
2026-06-01 12:11:57 [INFO] exchanges.ws_stream — WebSocket connected — subscribing to tickers
2026-06-01 12:11:59 [DEBUG] urllib3.connectionpool — Starting new HTTPS connection (1): api.telegram.org:443
2026-06-01 12:12:00 [DEBUG] urllib3.connectionpool — https://api.telegram.org:443 "POST /bot8800960300:AAExwJ0q7WkWipz2RkvKw9-4Y28ePM5TAUc/sendMessage HTTP/1.1" 200 529
2026-06-01 12:12:00 [DEBUG] notifications.telegram — Telegram message sent to chat_id=1948356544
2026-06-01 12:12:00 [DEBUG] urllib3.connectionpool — Starting new HTTPS connection (1): api.telegram.org:443
2026-06-01 12:12:00 [DEBUG] urllib3.connectionpool — https://api.telegram.org:443 "POST /bot8800960300:AAExwJ0q7WkWipz2RkvKw9-4Y28ePM5TAUc/sendMessage HTTP/1.1" 200 511
2026-06-01 12:12:00 [DEBUG] notifications.telegram — Telegram message sent to chat_id=7151542571
2026-06-01 12:12:00 [INFO] main — === Scan started | symbols=['BTCUSD', 'ETHUSD', 'XAUTUSD'] ===
2026-06-01 12:12:00 [INFO] core.market_data — [MarketData] Fetching BTCUSD 1m (20 candles)…
2026-06-01 12:12:00 [DEBUG] urllib3.connectionpool — Starting new HTTPS connection (1): api.india.delta.exchange:443
2026-06-01 12:12:01 [DEBUG] urllib3.connectionpool — https://api.india.delta.exchange:443 "GET /v2/history/candles?resolution=1m&symbol=BTCUSD&start=1780294620&end=1780296120 HTTP/1.1" 200 None
2026-06-01 12:12:01 [INFO] core.market_data — [MarketData] Cached 20 candles for BTCUSD 1m
2026-06-01 12:12:01 [INFO] core.market_data — [MarketData] Fetching ETHUSD 1m (20 candles)…
2026-06-01 12:12:01 [DEBUG] urllib3.connectionpool — https://api.india.delta.exchange:443 "GET /v2/history/candles?resolution=1m&symbol=ETHUSD&start=1780294621&end=1780296121 HTTP/1.1" 200 None
2026-06-01 12:12:01 [INFO] core.market_data — [MarketData] Cached 20 candles for ETHUSD 1m
2026-06-01 12:12:01 [INFO] core.market_data — [MarketData] Fetching XAUTUSD 1m (20 candles)…
2026-06-01 12:12:01 [DEBUG] urllib3.connectionpool — https://api.india.delta.exchange:443 "GET /v2/history/candles?resolution=1m&symbol=XAUTUSD&start=1780294621&end=1780296121 HTTP/1.1" 200 None
2026-06-01 12:12:01 [INFO] core.market_data — [MarketData] Cached 20 candles for XAUTUSD 1m
2026-06-01 12:12:01 [DEBUG] main — Live prices: {'BTCUSD': '73,100.50', 'ETHUSD': '1,984.20', 'XAUTUSD': '4,493.58'}
2026-06-01 12:12:01 [INFO] main — BTCUSD: Asian/off-hours session only (['asian']) — skipping
2026-06-01 12:12:01 [INFO] main — ETHUSD: Asian/off-hours session only (['asian']) — skipping
2026-06-01 12:12:01 [INFO] main — XAUTUSD: Asian/off-hours session only (['asian']) — skipping
2026-06-01 12:12:01 [INFO] main — === Scan complete in 0.6s ===
2026-06-01 12:12:01 [INFO] main — Running. Ctrl+C to stop.
2026-06-01 12:12:57 [DEBUG] websocket — Sending ping
2026-06-01 12:13:27 [DEBUG] websocket — Sending ping
2026-06-01 12:13:57 [DEBUG] websocket — Sending ping
2026-06-01 12:14:27 [DEBUG] websocket — Sending ping
2026-06-01 12:14:57 [DEBUG] websocket — Sending ping
2026-06-01 12:15:27 [DEBUG] websocket — Sending ping
2026-06-01 12:15:57 [DEBUG] websocket — Sending ping
2026-06-01 12:16:27 [DEBUG] websocket — Sending ping
2026-06-01 12:16:57 [DEBUG] websocket — Sending ping
2026-06-01 12:17:01 [DEBUG] schedule — Running job Job(interval=5, unit=minutes, do=run_checks, args=(), kwargs={})
2026-06-01 12:17:01 [INFO] main — === Scan started | symbols=['BTCUSD', 'ETHUSD', 'XAUTUSD'] ===
2026-06-01 12:17:01 [INFO] core.market_data — [MarketData] Fetching BTCUSD 1m (20 candles)…
2026-06-01 12:17:01 [DEBUG] urllib3.connectionpool — Resetting dropped connection: api.india.delta.exchange
2026-06-01 12:17:01 [DEBUG] urllib3.connectionpool — https://api.india.delta.exchange:443 "GET /v2/history/candles?resolution=1m&symbol=BTCUSD&start=1780294921&end=1780296421 HTTP/1.1" 200 None
2026-06-01 12:17:01 [INFO] core.market_data — [MarketData] Cached 20 candles for BTCUSD 1m
2026-06-01 12:17:01 [INFO] core.market_data — [MarketData] Fetching ETHUSD 1m (20 candles)…
2026-06-01 12:17:02 [DEBUG] urllib3.connectionpool — https://api.india.delta.exchange:443 "GET /v2/history/candles?resolution=1m&symbol=ETHUSD&start=1780294921&end=1780296421 HTTP/1.1" 200 None
2026-06-01 12:17:02 [INFO] core.market_data — [MarketData] Cached 20 candles for ETHUSD 1m
2026-06-01 12:17:02 [INFO] core.market_data — [MarketData] Fetching XAUTUSD 1m (20 candles)…
2026-06-01 12:17:02 [DEBUG] urllib3.connectionpool — https://api.india.delta.exchange:443 "GET /v2/history/candles?resolution=1m&symbol=XAUTUSD&start=1780294922&end=1780296422 HTTP/1.1" 200 None
2026-06-01 12:17:02 [INFO] core.market_data — [MarketData] Cached 20 candles for XAUTUSD 1m
2026-06-01 12:17:02 [DEBUG] main — Live prices: {'BTCUSD': '73,012.50', 'ETHUSD': '1,982.50', 'XAUTUSD': '4,491.72'}
2026-06-01 12:17:02 [INFO] main — BTCUSD: Asian/off-hours session only (['asian']) — skipping
2026-06-01 12:17:02 [INFO] main — ETHUSD: Asian/off-hours session only (['asian']) — skipping
2026-06-01 12:17:02 [INFO] main — XAUTUSD: Asian/off-hours session only (['asian']) — skipping
2026-06-01 12:17:02 [INFO] main — === Scan complete in 0.7s ===
2026-06-01 12:17:27 [DEBUG] websocket — Sending ping
2026-06-01 12:17:57 [DEBUG] websocket — Sending ping
2026-06-01 12:18:27 [DEBUG] websocket — Sending ping
2026-06-01 12:18:57 [DEBUG] websocket — Sending ping
2026-06-01 12:19:27 [DEBUG] websocket — Sending ping
2026-06-01 12:19:57 [DEBUG] websocket — Sending ping
2026-06-01 12:20:27 [DEBUG] websocket — Sending ping
2026-06-01 12:20:57 [DEBUG] websocket — Sending ping
2026-06-01 12:21:27 [DEBUG] websocket — Sending ping
2026-06-01 12:21:57 [DEBUG] websocket — Sending ping
2026-06-01 12:22:02 [DEBUG] schedule — Running job Job(interval=5, unit=minutes, do=run_checks, args=(), kwargs={})
2026-06-01 12:22:02 [INFO] main — === Scan started | symbols=['BTCUSD', 'ETHUSD', 'XAUTUSD'] ===
2026-06-01 12:22:02 [INFO] core.market_data — [MarketData] Fetching BTCUSD 1m (20 candles)…
2026-06-01 12:22:02 [DEBUG] urllib3.connectionpool — Resetting dropped connection: api.india.delta.exchange
2026-06-01 12:22:02 [DEBUG] urllib3.connectionpool — https://api.india.delta.exchange:443 "GET /v2/history/candles?resolution=1m&symbol=BTCUSD&start=1780295222&end=1780296722 HTTP/1.1" 200 None
2026-06-01 12:22:02 [INFO] core.market_data — [MarketData] Cached 20 candles for BTCUSD 1m
2026-06-01 12:22:02 [INFO] core.market_data — [MarketData] Fetching ETHUSD 1m (20 candles)…
2026-06-01 12:22:02 [DEBUG] urllib3.connectionpool — https://api.india.delta.exchange:443 "GET /v2/history/candles?resolution=1m&symbol=ETHUSD&start=1780295222&end=1780296722 HTTP/1.1" 200 None
2026-06-01 12:22:02 [INFO] core.market_data — [MarketData] Cached 20 candles for ETHUSD 1m
2026-06-01 12:22:02 [INFO] core.market_data — [MarketData] Fetching XAUTUSD 1m (20 candles)…
2026-06-01 12:22:02 [DEBUG] urllib3.connectionpool — https://api.india.delta.exchange:443 "GET /v2/history/candles?resolution=1m&symbol=XAUTUSD&start=1780295222&end=1780296722 HTTP/1.1" 200 None
2026-06-01 12:22:02 [INFO] core.market_data — [MarketData] Cached 20 candles for XAUTUSD 1m
2026-06-01 12:22:02 [DEBUG] main — Live prices: {'BTCUSD': '73,169.00', 'ETHUSD': '1,987.45', 'XAUTUSD': '4,491.68'}
2026-06-01 12:22:02 [INFO] main — BTCUSD: Asian/off-hours session only (['asian']) — skipping
2026-06-01 12:22:02 [INFO] main — ETHUSD: Asian/off-hours session only (['asian']) — skipping
2026-06-01 12:22:02 [INFO] main — XAUTUSD: Asian/off-hours session only (['asian']) — skipping
2026-06-01 12:22:02 [INFO] main — === Scan complete in 0.6s ===
2026-06-01 12:22:27 [DEBUG] websocket — Sending ping
2026-06-01 12:22:57 [DEBUG] websocket — Sending ping
2026-06-01 12:23:27 [DEBUG] websocket — Sending ping
2026-06-01 12:23:57 [DEBUG] websocket — Sending ping
2026-06-01 12:24:27 [DEBUG] websocket — Sending ping
2026-06-01 12:24:57 [DEBUG] websocket — Sending ping
2026-06-01 12:25:27 [DEBUG] websocket — Sending ping
2026-06-01 12:25:57 [DEBUG] websocket — Sending ping
2026-06-01 12:26:27 [DEBUG] websocket — Sending ping
2026-06-01 12:26:57 [DEBUG] websocket — Sending ping
2026-06-01 12:27:02 [DEBUG] schedule — Running job Job(interval=5, unit=minutes, do=run_checks, args=(), kwargs={})
2026-06-01 12:27:02 [INFO] main — === Scan started | symbols=['BTCUSD', 'ETHUSD', 'XAUTUSD'] ===
2026-06-01 12:27:02 [INFO] core.market_data — [MarketData] Fetching BTCUSD 1m (20 candles)…
2026-06-01 12:27:02 [DEBUG] urllib3.connectionpool — Resetting dropped connection: api.india.delta.exchange
2026-06-01 12:27:03 [DEBUG] urllib3.connectionpool — https://api.india.delta.exchange:443 "GET /v2/history/candles?resolution=1m&symbol=BTCUSD&start=1780295522&end=1780297022 HTTP/1.1" 200 None
2026-06-01 12:27:03 [INFO] core.market_data — [MarketData] Cached 20 candles for BTCUSD 1m
2026-06-01 12:27:03 [INFO] core.market_data — [MarketData] Fetching ETHUSD 1m (20 candles)…
2026-06-01 12:27:03 [DEBUG] urllib3.connectionpool — https://api.india.delta.exchange:443 "GET /v2/history/candles?resolution=1m&symbol=ETHUSD&start=1780295523&end=1780297023 HTTP/1.1" 200 None
2026-06-01 12:27:03 [INFO] core.market_data — [MarketData] Cached 20 candles for ETHUSD 1m
2026-06-01 12:27:03 [INFO] core.market_data — [MarketData] Fetching XAUTUSD 1m (20 candles)…
2026-06-01 12:27:03 [DEBUG] urllib3.connectionpool — https://api.india.delta.exchange:443 "GET /v2/history/candles?resolution=1m&symbol=XAUTUSD&start=1780295523&end=1780297023 HTTP/1.1" 200 None
2026-06-01 12:27:03 [INFO] core.market_data — [MarketData] Cached 20 candles for XAUTUSD 1m
2026-06-01 12:27:03 [DEBUG] main — Live prices: {'BTCUSD': '73,091.50', 'ETHUSD': '1,986.65', 'XAUTUSD': '4,493.31'}
2026-06-01 12:27:03 [INFO] main — BTCUSD: Asian/off-hours session only (['asian']) — skipping
2026-06-01 12:27:03 [INFO] main — ETHUSD: Asian/off-hours session only (['asian']) — skipping
2026-06-01 12:27:03 [INFO] main — XAUTUSD: Asian/off-hours session only (['asian']) — skipping
2026-06-01 12:27:03 [INFO] main — === Scan complete in 0.7s ===
2026-06-01 12:27:27 [DEBUG] websocket — Sending ping
2026-06-01 12:27:57 [DEBUG] websocket — Sending ping
2026-06-01 12:28:27 [DEBUG] websocket — Sending ping
2026-06-01 12:28:57 [DEBUG] websocket — Sending ping
2026-06-01 12:29:27 [DEBUG] websocket — Sending ping
2026-06-01 12:29:57 [DEBUG] websocket — Sending ping
2026-06-01 12:30:27 [DEBUG] websocket — Sending ping
2026-06-01 12:30:57 [DEBUG] websocket — Sending ping
2026-06-01 12:31:27 [DEBUG] websocket — Sending ping
2026-06-01 12:31:57 [DEBUG] websocket — Sending ping
2026-06-01 12:32:03 [DEBUG] schedule — Running job Job(interval=5, unit=minutes, do=run_checks, args=(), kwargs={})
2026-06-01 12:32:03 [INFO] main — === Scan started | symbols=['BTCUSD', 'ETHUSD', 'XAUTUSD'] ===
2026-06-01 12:32:03 [INFO] core.market_data — [MarketData] Fetching BTCUSD 1m (20 candles)…
2026-06-01 12:32:03 [DEBUG] urllib3.connectionpool — Resetting dropped connection: api.india.delta.exchange
2026-06-01 12:32:03 [DEBUG] urllib3.connectionpool — https://api.india.delta.exchange:443 "GET /v2/history/candles?resolution=1m&symbol=BTCUSD&start=1780295823&end=1780297323 HTTP/1.1" 200 None
2026-06-01 12:32:03 [INFO] core.market_data — [MarketData] Cached 20 candles for BTCUSD 1m
2026-06-01 12:32:03 [INFO] core.market_data — [MarketData] Fetching ETHUSD 1m (20 candles)…
2026-06-01 12:32:04 [DEBUG] urllib3.connectionpool — https://api.india.delta.exchange:443 "GET /v2/history/candles?resolution=1m&symbol=ETHUSD&start=1780295823&end=1780297323 HTTP/1.1" 200 None
2026-06-01 12:32:04 [INFO] core.market_data — [MarketData] Cached 20 candles for ETHUSD 1m
2026-06-01 12:32:04 [INFO] core.market_data — [MarketData] Fetching XAUTUSD 1m (20 candles)…
2026-06-01 12:32:04 [DEBUG] urllib3.connectionpool — https://api.india.delta.exchange:443 "GET /v2/history/candles?resolution=1m&symbol=XAUTUSD&start=1780295824&end=1780297324 HTTP/1.1" 200 None
2026-06-01 12:32:04 [INFO] core.market_data — [MarketData] Cached 20 candles for XAUTUSD 1m
2026-06-01 12:32:04 [DEBUG] main — Live prices: {'BTCUSD': '73,057.50', 'ETHUSD': '1,985.00', 'XAUTUSD': '4,492.80'}
2026-06-01 12:32:04 [DEBUG] core.advanced_filters — [OvertradingFilter] Daily counters reset.
2026-06-01 12:32:04 [DEBUG] core.market_data — [MarketData] Cache hit for BTCUSD 1m
2026-06-01 12:32:04 [DEBUG] main — BTCUSD: price $73057.50 (source=REST)
2026-06-01 12:32:04 [DEBUG] core.market_data — [MarketData] Cache hit for BTCUSD 1m
2026-06-01 12:32:04 [INFO] core.market_data — [MarketData] Fetching BTCUSD 5m (30 candles)…
2026-06-01 12:32:04 [DEBUG] urllib3.connectionpool — https://api.india.delta.exchange:443 "GET /v2/history/candles?resolution=5m&symbol=BTCUSD&start=1780286824&end=1780297324 HTTP/1.1" 200 None
2026-06-01 12:32:04 [INFO] core.market_data — [MarketData] Cached 30 candles for BTCUSD 5m
2026-06-01 12:32:04 [INFO] core.market_data — [MarketData] Fetching BTCUSD 15m (60 candles)…
2026-06-01 12:32:04 [DEBUG] urllib3.connectionpool — https://api.india.delta.exchange:443 "GET /v2/history/candles?resolution=15m&symbol=BTCUSD&start=1780238824&end=1780297324 HTTP/1.1" 200 None
2026-06-01 12:32:04 [INFO] core.market_data — [MarketData] Cached 60 candles for BTCUSD 15m
2026-06-01 12:32:04 [INFO] core.market_data — [MarketData] Fetching BTCUSD 1h (250 candles)…
2026-06-01 12:32:04 [DEBUG] urllib3.connectionpool — https://api.india.delta.exchange:443 "GET /v2/history/candles?resolution=1h&symbol=BTCUSD&start=1779379324&end=1780297324 HTTP/1.1" 200 None
2026-06-01 12:32:04 [INFO] core.market_data — [MarketData] Cached 250 candles for BTCUSD 1h
2026-06-01 12:32:04 [INFO] core.market_data — [MarketData] Fetching BTCUSD 4h (300 candles)…
2026-06-01 12:32:04 [DEBUG] urllib3.connectionpool — https://api.india.delta.exchange:443 "GET /v2/history/candles?resolution=4h&symbol=BTCUSD&start=1775905324&end=1780297324 HTTP/1.1" 200 None
2026-06-01 12:32:04 [INFO] core.market_data — [MarketData] Cached 300 candles for BTCUSD 4h
2026-06-01 12:32:04 [INFO] core.market_data — [MarketData] Fetching BTCUSD 1d (200 candles)…
2026-06-01 12:32:05 [DEBUG] urllib3.connectionpool — https://api.india.delta.exchange:443 "GET /v2/history/candles?resolution=1d&symbol=BTCUSD&start=1762585324&end=1780297324 HTTP/1.1" 200 None
2026-06-01 12:32:05 [INFO] core.market_data — [MarketData] Cached 200 candles for BTCUSD 1d
2026-06-01 12:32:05 [DEBUG] main — BTCUSD indicators — RSI15m:36.5 EMA20_1h:73573.51 EMA200_4h:76516.05 ATR:183.2649
2026-06-01 12:32:05 [DEBUG] main — BTCUSD: volatility state = low
2026-06-01 12:32:05 [DEBUG] main — BTCUSD: 4h structure bias=bearish | patterns detected=1
2026-06-01 12:32:05 [DEBUG] main — BTCUSD: SMC — OBs=0 FVGs=4
2026-06-01 12:32:05 [DEBUG] core.strategy — [Strategy] BTCUSD LONG: only 1/7 conditions met.
2026-06-01 12:32:05 [DEBUG] core.strategy — [Strategy] BTCUSD SHORT: only 5/7 conditions met.
2026-06-01 12:32:05 [INFO] main — BTCUSD $73,057.50 | trend:bearish | bias:bearish | RSI:36.5 | no setup
2026-06-01 12:32:05 [DEBUG] core.market_data — [MarketData] Cache hit for ETHUSD 1m
2026-06-01 12:32:05 [DEBUG] main — ETHUSD: price $1985.00 (source=REST)
2026-06-01 12:32:05 [DEBUG] core.market_data — [MarketData] Cache hit for ETHUSD 1m
2026-06-01 12:32:05 [INFO] core.market_data — [MarketData] Fetching ETHUSD 5m (30 candles)…
2026-06-01 12:32:05 [DEBUG] urllib3.connectionpool — https://api.india.delta.exchange:443 "GET /v2/history/candles?resolution=5m&symbol=ETHUSD&start=1780286825&end=1780297325 HTTP/1.1" 200 None
2026-06-01 12:32:05 [INFO] core.market_data — [MarketData] Cached 30 candles for ETHUSD 5m
2026-06-01 12:32:05 [INFO] core.market_data — [MarketData] Fetching ETHUSD 15m (60 candles)…
2026-06-01 12:32:05 [DEBUG] urllib3.connectionpool — https://api.india.delta.exchange:443 "GET /v2/history/candles?resolution=15m&symbol=ETHUSD&start=1780238825&end=1780297325 HTTP/1.1" 200 None
2026-06-01 12:32:05 [INFO] core.market_data — [MarketData] Cached 60 candles for ETHUSD 15m
2026-06-01 12:32:05 [INFO] core.market_data — [MarketData] Fetching ETHUSD 1h (250 candles)…
2026-06-01 12:32:05 [DEBUG] urllib3.connectionpool — https://api.india.delta.exchange:443 "GET /v2/history/candles?resolution=1h&symbol=ETHUSD&start=1779379325&end=1780297325 HTTP/1.1" 200 None
2026-06-01 12:32:05 [INFO] core.market_data — [MarketData] Cached 250 candles for ETHUSD 1h
2026-06-01 12:32:05 [INFO] core.market_data — [MarketData] Fetching ETHUSD 4h (300 candles)…
2026-06-01 12:32:05 [DEBUG] urllib3.connectionpool — https://api.india.delta.exchange:443 "GET /v2/history/candles?resolution=4h&symbol=ETHUSD&start=1775905325&end=1780297325 HTTP/1.1" 200 None
2026-06-01 12:32:05 [INFO] core.market_data — [MarketData] Cached 300 candles for ETHUSD 4h
2026-06-01 12:32:05 [INFO] core.market_data — [MarketData] Fetching ETHUSD 1d (200 candles)…
2026-06-01 12:32:06 [DEBUG] urllib3.connectionpool — https://api.india.delta.exchange:443 "GET /v2/history/candles?resolution=1d&symbol=ETHUSD&start=1762585325&end=1780297325 HTTP/1.1" 200 None
2026-06-01 12:32:06 [INFO] core.market_data — [MarketData] Cached 200 candles for ETHUSD 1d
2026-06-01 12:32:06 [DEBUG] main — ETHUSD indicators — RSI15m:37.2 EMA20_1h:2004.32 EMA200_4h:2157.66 ATR:6.8584
2026-06-01 12:32:06 [DEBUG] main — ETHUSD: volatility state = low
2026-06-01 12:32:06 [DEBUG] main — ETHUSD: 4h structure bias=bearish | patterns detected=1
2026-06-01 12:32:06 [DEBUG] main — ETHUSD: SMC — OBs=1 FVGs=4
2026-06-01 12:32:06 [DEBUG] core.strategy — [Strategy] ETHUSD LONG: only 1/7 conditions met.
2026-06-01 12:32:06 [DEBUG] core.strategy — [Strategy] ETHUSD SHORT: only 5/7 conditions met.
2026-06-01 12:32:06 [INFO] main — ETHUSD $1,985.00 | trend:bearish | bias:bearish | RSI:37.2 | no setup
2026-06-01 12:32:06 [DEBUG] core.market_data — [MarketData] Cache hit for XAUTUSD 1m
2026-06-01 12:32:06 [DEBUG] main — XAUTUSD: price $4492.80 (source=REST)
2026-06-01 12:32:06 [DEBUG] core.market_data — [MarketData] Cache hit for XAUTUSD 1m
2026-06-01 12:32:06 [INFO] core.market_data — [MarketData] Fetching XAUTUSD 5m (30 candles)…
2026-06-01 12:32:06 [DEBUG] urllib3.connectionpool — https://api.india.delta.exchange:443 "GET /v2/history/candles?resolution=5m&symbol=XAUTUSD&start=1780286826&end=1780297326 HTTP/1.1" 200 None
2026-06-01 12:32:06 [INFO] core.market_data — [MarketData] Cached 30 candles for XAUTUSD 5m
2026-06-01 12:32:06 [INFO] core.market_data — [MarketData] Fetching XAUTUSD 15m (60 candles)…
2026-06-01 12:32:06 [DEBUG] urllib3.connectionpool — https://api.india.delta.exchange:443 "GET /v2/history/candles?resolution=15m&symbol=XAUTUSD&start=1780238826&end=1780297326 HTTP/1.1" 200 None
2026-06-01 12:32:06 [INFO] core.market_data — [MarketData] Cached 60 candles for XAUTUSD 15m
2026-06-01 12:32:06 [INFO] core.market_data — [MarketData] Fetching XAUTUSD 1h (250 candles)…
2026-06-01 12:32:06 [DEBUG] urllib3.connectionpool — https://api.india.delta.exchange:443 "GET /v2/history/candles?resolution=1h&symbol=XAUTUSD&start=1779379326&end=1780297326 HTTP/1.1" 200 None
2026-06-01 12:32:06 [INFO] core.market_data — [MarketData] Cached 250 candles for XAUTUSD 1h
2026-06-01 12:32:06 [INFO] core.market_data — [MarketData] Fetching XAUTUSD 4h (300 candles)…
2026-06-01 12:32:06 [DEBUG] urllib3.connectionpool — https://api.india.delta.exchange:443 "GET /v2/history/candles?resolution=4h&symbol=XAUTUSD&start=1775905326&end=1780297326 HTTP/1.1" 200 None
2026-06-01 12:32:06 [INFO] core.market_data — [MarketData] Cached 269 candles for XAUTUSD 4h
2026-06-01 12:32:06 [INFO] core.market_data — [MarketData] Fetching XAUTUSD 1d (200 candles)…
2026-06-01 12:32:07 [DEBUG] urllib3.connectionpool — https://api.india.delta.exchange:443 "GET /v2/history/candles?resolution=1d&symbol=XAUTUSD&start=1762585326&end=1780297326 HTTP/1.1" 200 None
2026-06-01 12:32:07 [INFO] core.market_data — [MarketData] Cached 46 candles for XAUTUSD 1d
2026-06-01 12:32:07 [DEBUG] main — XAUTUSD indicators — RSI15m:27.8 EMA20_1h:4512.31 EMA200_4h:4580.90 ATR:5.8216
2026-06-01 12:32:07 [DEBUG] main — XAUTUSD: volatility state = low
2026-06-01 12:32:07 [DEBUG] main — XAUTUSD: 4h structure bias=bullish | patterns detected=2
2026-06-01 12:32:07 [DEBUG] main — XAUTUSD: SMC — OBs=4 FVGs=4
2026-06-01 12:32:07 [DEBUG] core.strategy — [Strategy] XAUTUSD LONG: only 1/7 conditions met.
2026-06-01 12:32:07 [DEBUG] core.strategy — [Strategy] XAUTUSD SHORT: only 4/7 conditions met.
2026-06-01 12:32:07 [INFO] main — XAUTUSD $4,492.80 | trend:bearish | bias:bullish | RSI:27.8 | no setup
2026-06-01 12:32:07 [INFO] main — === Scan complete in 3.5s ===
2026-06-01 12:32:27 [DEBUG] websocket — Sending ping
2026-06-01 12:32:57 [DEBUG] websocket — Sending ping
2026-06-01 12:33:27 [DEBUG] websocket — Sending ping
2026-06-01 12:33:57 [DEBUG] websocket — Sending ping
2026-06-01 12:34:27 [DEBUG] websocket — Sending ping
2026-06-01 12:34:57 [DEBUG] websocket — Sending ping
2026-06-01 12:35:27 [DEBUG] websocket — Sending ping
2026-06-01 12:35:57 [DEBUG] websocket — Sending ping
2026-06-01 12:36:27 [DEBUG] websocket — Sending ping
2026-06-01 12:36:57 [DEBUG] websocket — Sending ping
2026-06-01 12:37:07 [DEBUG] schedule — Running job Job(interval=5, unit=minutes, do=run_checks, args=(), kwargs={})
2026-06-01 12:37:07 [INFO] main — === Scan started | symbols=['BTCUSD', 'ETHUSD', 'XAUTUSD'] ===
2026-06-01 12:37:07 [INFO] core.market_data — [MarketData] Fetching BTCUSD 1m (20 candles)…
2026-06-01 12:37:07 [DEBUG] urllib3.connectionpool — Resetting dropped connection: api.india.delta.exchange
2026-06-01 12:37:07 [DEBUG] urllib3.connectionpool — https://api.india.delta.exchange:443 "GET /v2/history/candles?resolution=1m&symbol=BTCUSD&start=1780296127&end=1780297627 HTTP/1.1" 200 None
2026-06-01 12:37:07 [INFO] core.market_data — [MarketData] Cached 20 candles for BTCUSD 1m
2026-06-01 12:37:07 [INFO] core.market_data — [MarketData] Fetching ETHUSD 1m (20 candles)…
2026-06-01 12:37:07 [DEBUG] urllib3.connectionpool — https://api.india.delta.exchange:443 "GET /v2/history/candles?resolution=1m&symbol=ETHUSD&start=1780296127&end=1780297627 HTTP/1.1" 200 None
2026-06-01 12:37:07 [INFO] core.market_data — [MarketData] Cached 20 candles for ETHUSD 1m
2026-06-01 12:37:07 [INFO] core.market_data — [MarketData] Fetching XAUTUSD 1m (20 candles)…
2026-06-01 12:37:07 [DEBUG] urllib3.connectionpool — https://api.india.delta.exchange:443 "GET /v2/history/candles?resolution=1m&symbol=XAUTUSD&start=1780296127&end=1780297627 HTTP/1.1" 200 None
2026-06-01 12:37:07 [INFO] core.market_data — [MarketData] Cached 20 candles for XAUTUSD 1m
2026-06-01 12:37:07 [DEBUG] main — Live prices: {'BTCUSD': '73,174.50', 'ETHUSD': '1,989.45', 'XAUTUSD': '4,498.62'}
2026-06-01 12:37:07 [DEBUG] core.market_data — [MarketData] Cache hit for BTCUSD 1m
2026-06-01 12:37:07 [DEBUG] main — BTCUSD: price $73174.50 (source=REST)
2026-06-01 12:37:07 [DEBUG] core.market_data — [MarketData] Cache hit for BTCUSD 1m
2026-06-01 12:37:07 [INFO] core.market_data — [MarketData] Fetching BTCUSD 5m (30 candles)…
2026-06-01 12:37:08 [DEBUG] urllib3.connectionpool — https://api.india.delta.exchange:443 "GET /v2/history/candles?resolution=5m&symbol=BTCUSD&start=1780287127&end=1780297627 HTTP/1.1" 200 None
2026-06-01 12:37:08 [INFO] core.market_data — [MarketData] Cached 30 candles for BTCUSD 5m
2026-06-01 12:37:08 [INFO] core.market_data — [MarketData] Fetching BTCUSD 15m (60 candles)…
2026-06-01 12:37:08 [DEBUG] urllib3.connectionpool — https://api.india.delta.exchange:443 "GET /v2/history/candles?resolution=15m&symbol=BTCUSD&start=1780239128&end=1780297628 HTTP/1.1" 200 None
2026-06-01 12:37:08 [INFO] core.market_data — [MarketData] Cached 60 candles for BTCUSD 15m
2026-06-01 12:37:08 [INFO] core.market_data — [MarketData] Fetching BTCUSD 1h (250 candles)…
2026-06-01 12:37:08 [DEBUG] urllib3.connectionpool — https://api.india.delta.exchange:443 "GET /v2/history/candles?resolution=1h&symbol=BTCUSD&start=1779379628&end=1780297628 HTTP/1.1" 200 None
2026-06-01 12:37:08 [INFO] core.market_data — [MarketData] Cached 250 candles for BTCUSD 1h
2026-06-01 12:37:08 [INFO] core.market_data — [MarketData] Fetching BTCUSD 4h (300 candles)…
2026-06-01 12:37:08 [DEBUG] urllib3.connectionpool — https://api.india.delta.exchange:443 "GET /v2/history/candles?resolution=4h&symbol=BTCUSD&start=1775905628&end=1780297628 HTTP/1.1" 200 None
2026-06-01 12:37:08 [INFO] core.market_data — [MarketData] Cached 300 candles for BTCUSD 4h
2026-06-01 12:37:08 [INFO] core.market_data — [MarketData] Fetching BTCUSD 1d (200 candles)…
2026-06-01 12:37:08 [DEBUG] urllib3.connectionpool — https://api.india.delta.exchange:443 "GET /v2/history/candles?resolution=1d&symbol=BTCUSD&start=1762585628&end=1780297628 HTTP/1.1" 200 None
2026-06-01 12:37:09 [INFO] core.market_data — [MarketData] Cached 200 candles for BTCUSD 1d
2026-06-01 12:37:09 [DEBUG] main — BTCUSD indicators — RSI15m:39.2 EMA20_1h:73572.80 EMA200_4h:76515.09 ATR:193.3363
2026-06-01 12:37:09 [DEBUG] main — BTCUSD: 4h structure bias=bearish | patterns detected=0
2026-06-01 12:37:09 [DEBUG] main — BTCUSD: SMC — OBs=0 FVGs=4
2026-06-01 12:37:09 [DEBUG] core.strategy — [Strategy] BTCUSD LONG: only 1/7 conditions met.
2026-06-01 12:37:09 [DEBUG] core.strategy — [Strategy] BTCUSD SHORT: only 5/7 conditions met.
2026-06-01 12:37:09 [INFO] main — BTCUSD $73,174.50 | trend:bearish | bias:bearish | RSI:39.2 | no setup
2026-06-01 12:37:09 [DEBUG] core.market_data — [MarketData] Cache hit for ETHUSD 1m
2026-06-01 12:37:09 [DEBUG] main — ETHUSD: price $1989.45 (source=REST)
2026-06-01 12:37:09 [DEBUG] core.market_data — [MarketData] Cache hit for ETHUSD 1m
2026-06-01 12:37:09 [INFO] core.market_data — [MarketData] Fetching ETHUSD 5m (30 candles)…
2026-06-01 12:37:09 [DEBUG] urllib3.connectionpool — https://api.india.delta.exchange:443 "GET /v2/history/candles?resolution=5m&symbol=ETHUSD&start=1780287129&end=1780297629 HTTP/1.1" 200 None
2026-06-01 12:37:09 [INFO] core.market_data — [MarketData] Cached 30 candles for ETHUSD 5m
2026-06-01 12:37:09 [INFO] core.market_data — [MarketData] Fetching ETHUSD 15m (60 candles)…
2026-06-01 12:37:09 [DEBUG] urllib3.connectionpool — https://api.india.delta.exchange:443 "GET /v2/history/candles?resolution=15m&symbol=ETHUSD&start=1780239129&end=1780297629 HTTP/1.1" 200 None
2026-06-01 12:37:09 [INFO] core.market_data — [MarketData] Cached 60 candles for ETHUSD 15m
2026-06-01 12:37:09 [INFO] core.market_data — [MarketData] Fetching ETHUSD 1h (250 candles)…
2026-06-01 12:37:09 [DEBUG] urllib3.connectionpool — https://api.india.delta.exchange:443 "GET /v2/history/candles?resolution=1h&symbol=ETHUSD&start=1779379629&end=1780297629 HTTP/1.1" 200 None
2026-06-01 12:37:09 [INFO] core.market_data — [MarketData] Cached 250 candles for ETHUSD 1h
2026-06-01 12:37:09 [INFO] core.market_data — [MarketData] Fetching ETHUSD 4h (300 candles)…
2026-06-01 12:37:09 [DEBUG] urllib3.connectionpool — https://api.india.delta.exchange:443 "GET /v2/history/candles?resolution=4h&symbol=ETHUSD&start=1775905629&end=1780297629 HTTP/1.1" 200 None
2026-06-01 12:37:09 [INFO] core.market_data — [MarketData] Cached 300 candles for ETHUSD 4h
2026-06-01 12:37:09 [INFO] core.market_data — [MarketData] Fetching ETHUSD 1d (200 candles)…
2026-06-01 12:37:10 [DEBUG] urllib3.connectionpool — https://api.india.delta.exchange:443 "GET /v2/history/candles?resolution=1d&symbol=ETHUSD&start=1762585629&end=1780297629 HTTP/1.1" 200 None
2026-06-01 12:37:10 [INFO] core.market_data — [MarketData] Cached 200 candles for ETHUSD 1d
2026-06-01 12:37:10 [DEBUG] main — ETHUSD indicators — RSI15m:40.0 EMA20_1h:2004.32 EMA200_4h:2157.65 ATR:7.2156
2026-06-01 12:37:10 [DEBUG] main — ETHUSD: 4h structure bias=bearish | patterns detected=0
2026-06-01 12:37:10 [DEBUG] main — ETHUSD: SMC — OBs=1 FVGs=4
2026-06-01 12:37:10 [DEBUG] core.strategy — [Strategy] ETHUSD LONG: only 1/7 conditions met.
2026-06-01 12:37:10 [DEBUG] core.strategy — [Strategy] ETHUSD SHORT: only 5/7 conditions met.
2026-06-01 12:37:10 [INFO] main — ETHUSD $1,989.45 | trend:bearish | bias:bearish | RSI:40.0 | no setup
2026-06-01 12:37:10 [DEBUG] core.market_data — [MarketData] Cache hit for XAUTUSD 1m
2026-06-01 12:37:10 [DEBUG] main — XAUTUSD: price $4498.62 (source=REST)
2026-06-01 12:37:10 [DEBUG] core.market_data — [MarketData] Cache hit for XAUTUSD 1m
2026-06-01 12:37:10 [INFO] core.market_data — [MarketData] Fetching XAUTUSD 5m (30 candles)…
2026-06-01 12:37:10 [DEBUG] urllib3.connectionpool — https://api.india.delta.exchange:443 "GET /v2/history/candles?resolution=5m&symbol=XAUTUSD&start=1780287130&end=1780297630 HTTP/1.1" 200 None
2026-06-01 12:37:10 [INFO] core.market_data — [MarketData] Cached 30 candles for XAUTUSD 5m
2026-06-01 12:37:10 [INFO] core.market_data — [MarketData] Fetching XAUTUSD 15m (60 candles)…
2026-06-01 12:37:10 [DEBUG] urllib3.connectionpool — https://api.india.delta.exchange:443 "GET /v2/history/candles?resolution=15m&symbol=XAUTUSD&start=1780239130&end=1780297630 HTTP/1.1" 200 None
2026-06-01 12:37:10 [INFO] core.market_data — [MarketData] Cached 60 candles for XAUTUSD 15m
2026-06-01 12:37:10 [INFO] core.market_data — [MarketData] Fetching XAUTUSD 1h (250 candles)…
2026-06-01 12:37:11 [DEBUG] urllib3.connectionpool — https://api.india.delta.exchange:443 "GET /v2/history/candles?resolution=1h&symbol=XAUTUSD&start=1779379630&end=1780297630 HTTP/1.1" 200 None
2026-06-01 12:37:11 [INFO] core.market_data — [MarketData] Cached 250 candles for XAUTUSD 1h
2026-06-01 12:37:11 [INFO] core.market_data — [MarketData] Fetching XAUTUSD 4h (300 candles)…
2026-06-01 12:37:11 [DEBUG] urllib3.connectionpool — https://api.india.delta.exchange:443 "GET /v2/history/candles?resolution=4h&symbol=XAUTUSD&start=1775905631&end=1780297631 HTTP/1.1" 200 None
2026-06-01 12:37:11 [INFO] core.market_data — [MarketData] Cached 269 candles for XAUTUSD 4h
2026-06-01 12:37:11 [INFO] core.market_data — [MarketData] Fetching XAUTUSD 1d (200 candles)…
2026-06-01 12:37:11 [DEBUG] urllib3.connectionpool — https://api.india.delta.exchange:443 "GET /v2/history/candles?resolution=1d&symbol=XAUTUSD&start=1762585631&end=1780297631 HTTP/1.1" 200 None
2026-06-01 12:37:11 [INFO] core.market_data — [MarketData] Cached 46 candles for XAUTUSD 1d
2026-06-01 12:37:11 [DEBUG] main — XAUTUSD indicators — RSI15m:38.7 EMA20_1h:4512.87 EMA200_4h:4580.95 ATR:6.2566
2026-06-01 12:37:11 [DEBUG] main — XAUTUSD: 4h structure bias=bullish | patterns detected=1
2026-06-01 12:37:11 [DEBUG] main — XAUTUSD: SMC — OBs=4 FVGs=3
2026-06-01 12:37:11 [DEBUG] core.strategy — [Strategy] XAUTUSD LONG: only 1/7 conditions met.
2026-06-01 12:37:11 [DEBUG] core.strategy — [Strategy] XAUTUSD SHORT: only 5/7 conditions met.
2026-06-01 12:37:11 [INFO] main — XAUTUSD $4,498.62 | trend:neutral | bias:bullish | RSI:38.7 | no setup
2026-06-01 12:37:11 [INFO] main — === Scan complete in 4.4s ===
2026-06-01 12:37:27 [DEBUG] websocket — Sending ping
2026-06-01 12:37:57 [DEBUG] websocket — Sending ping
2026-06-01 12:38:27 [DEBUG] websocket — Sending ping
2026-06-01 12:38:57 [DEBUG] websocket — Sending ping
2026-06-01 12:39:27 [DEBUG] websocket — Sending ping
2026-06-01 12:39:57 [DEBUG] websocket — Sending ping
2026-06-01 12:40:27 [DEBUG] websocket — Sending ping
2026-06-01 12:40:57 [DEBUG] websocket — Sending ping
2026-06-01 12:41:27 [DEBUG] websocket — Sending ping
2026-06-01 12:41:57 [DEBUG] websocket — Sending ping
2026-06-01 12:42:11 [DEBUG] schedule — Running job Job(interval=5, unit=minutes, do=run_checks, args=(), kwargs={})
2026-06-01 12:42:11 [INFO] main — === Scan started | symbols=['BTCUSD', 'ETHUSD', 'XAUTUSD'] ===
2026-06-01 12:42:11 [INFO] core.market_data — [MarketData] Fetching BTCUSD 1m (20 candles)…
2026-06-01 12:42:11 [DEBUG] urllib3.connectionpool — Resetting dropped connection: api.india.delta.exchange
2026-06-01 12:42:11 [DEBUG] urllib3.connectionpool — https://api.india.delta.exchange:443 "GET /v2/history/candles?resolution=1m&symbol=BTCUSD&start=1780296431&end=1780297931 HTTP/1.1" 200 None
2026-06-01 12:42:11 [INFO] core.market_data — [MarketData] Cached 20 candles for BTCUSD 1m
2026-06-01 12:42:11 [INFO] core.market_data — [MarketData] Fetching ETHUSD 1m (20 candles)…
2026-06-01 12:42:12 [DEBUG] urllib3.connectionpool — https://api.india.delta.exchange:443 "GET /v2/history/candles?resolution=1m&symbol=ETHUSD&start=1780296431&end=1780297931 HTTP/1.1" 200 None
2026-06-01 12:42:12 [INFO] core.market_data — [MarketData] Cached 20 candles for ETHUSD 1m
2026-06-01 12:42:12 [INFO] core.market_data — [MarketData] Fetching XAUTUSD 1m (20 candles)…
2026-06-01 12:42:12 [DEBUG] urllib3.connectionpool — https://api.india.delta.exchange:443 "GET /v2/history/candles?resolution=1m&symbol=XAUTUSD&start=1780296432&end=1780297932 HTTP/1.1" 200 None
2026-06-01 12:42:12 [INFO] core.market_data — [MarketData] Cached 20 candles for XAUTUSD 1m
2026-06-01 12:42:12 [DEBUG] main — Live prices: {'BTCUSD': '73,141.00', 'ETHUSD': '1,988.60', 'XAUTUSD': '4,497.17'}
2026-06-01 12:42:12 [DEBUG] core.market_data — [MarketData] Cache hit for BTCUSD 1m
2026-06-01 12:42:12 [DEBUG] main — BTCUSD: price $73141.00 (source=REST)
2026-06-01 12:42:12 [DEBUG] core.market_data — [MarketData] Cache hit for BTCUSD 1m
2026-06-01 12:42:12 [INFO] core.market_data — [MarketData] Fetching BTCUSD 5m (30 candles)…
2026-06-01 12:42:12 [DEBUG] urllib3.connectionpool — https://api.india.delta.exchange:443 "GET /v2/history/candles?resolution=5m&symbol=BTCUSD&start=1780287432&end=1780297932 HTTP/1.1" 200 None
2026-06-01 12:42:12 [INFO] core.market_data — [MarketData] Cached 30 candles for BTCUSD 5m
2026-06-01 12:42:12 [INFO] core.market_data — [MarketData] Fetching BTCUSD 15m (60 candles)…
2026-06-01 12:42:12 [DEBUG] urllib3.connectionpool — https://api.india.delta.exchange:443 "GET /v2/history/candles?resolution=15m&symbol=BTCUSD&start=1780239432&end=1780297932 HTTP/1.1" 200 None
2026-06-01 12:42:12 [INFO] core.market_data — [MarketData] Cached 60 candles for BTCUSD 15m
2026-06-01 12:42:12 [INFO] core.market_data — [MarketData] Fetching BTCUSD 1h (250 candles)…
2026-06-01 12:42:12 [DEBUG] urllib3.connectionpool — https://api.india.delta.exchange:443 "GET /v2/history/candles?resolution=1h&symbol=BTCUSD&start=1779379932&end=1780297932 HTTP/1.1" 200 None
2026-06-01 12:42:12 [INFO] core.market_data — [MarketData] Cached 250 candles for BTCUSD 1h
2026-06-01 12:42:12 [INFO] core.market_data — [MarketData] Fetching BTCUSD 4h (300 candles)…
2026-06-01 12:42:12 [DEBUG] urllib3.connectionpool — https://api.india.delta.exchange:443 "GET /v2/history/candles?resolution=4h&symbol=BTCUSD&start=1775905932&end=1780297932 HTTP/1.1" 200 None
2026-06-01 12:42:12 [INFO] core.market_data — [MarketData] Cached 300 candles for BTCUSD 4h
2026-06-01 12:42:12 [INFO] core.market_data — [MarketData] Fetching BTCUSD 1d (200 candles)…
2026-06-01 12:42:13 [DEBUG] urllib3.connectionpool — https://api.india.delta.exchange:443 "GET /v2/history/candles?resolution=1d&symbol=BTCUSD&start=1762585932&end=1780297932 HTTP/1.1" 200 None
2026-06-01 12:42:13 [INFO] core.market_data — [MarketData] Cached 200 candles for BTCUSD 1d
2026-06-01 12:42:13 [DEBUG] main — BTCUSD indicators — RSI15m:39.6 EMA20_1h:73579.56 EMA200_4h:76516.55 ATR:193.3363
2026-06-01 12:42:13 [DEBUG] main — BTCUSD: 4h structure bias=bearish | patterns detected=0
2026-06-01 12:42:13 [DEBUG] main — BTCUSD: SMC — OBs=0 FVGs=4
2026-06-01 12:42:13 [DEBUG] core.strategy — [Strategy] BTCUSD LONG: only 1/7 conditions met.
2026-06-01 12:42:13 [DEBUG] core.strategy — [Strategy] BTCUSD SHORT: only 5/7 conditions met.
2026-06-01 12:42:13 [INFO] main — BTCUSD $73,141.00 | trend:bearish | bias:bearish | RSI:39.6 | no setup
2026-06-01 12:42:13 [DEBUG] core.market_data — [MarketData] Cache hit for ETHUSD 1m
2026-06-01 12:42:13 [DEBUG] main — ETHUSD: price $1988.60 (source=REST)
2026-06-01 12:42:13 [DEBUG] core.market_data — [MarketData] Cache hit for ETHUSD 1m
2026-06-01 12:42:13 [INFO] core.market_data — [MarketData] Fetching ETHUSD 5m (30 candles)…
2026-06-01 12:42:13 [DEBUG] urllib3.connectionpool — https://api.india.delta.exchange:443 "GET /v2/history/candles?resolution=5m&symbol=ETHUSD&start=1780287433&end=1780297933 HTTP/1.1" 200 None
2026-06-01 12:42:13 [INFO] core.market_data — [MarketData] Cached 30 candles for ETHUSD 5m
2026-06-01 12:42:13 [INFO] core.market_data — [MarketData] Fetching ETHUSD 15m (60 candles)…
2026-06-01 12:42:13 [DEBUG] urllib3.connectionpool — https://api.india.delta.exchange:443 "GET /v2/history/candles?resolution=15m&symbol=ETHUSD&start=1780239433&end=1780297933 HTTP/1.1" 200 None
2026-06-01 12:42:13 [INFO] core.market_data — [MarketData] Cached 60 candles for ETHUSD 15m
2026-06-01 12:42:13 [INFO] core.market_data — [MarketData] Fetching ETHUSD 1h (250 candles)…
2026-06-01 12:42:13 [DEBUG] urllib3.connectionpool — https://api.india.delta.exchange:443 "GET /v2/history/candles?resolution=1h&symbol=ETHUSD&start=1779379933&end=1780297933 HTTP/1.1" 200 None
2026-06-01 12:42:13 [INFO] core.market_data — [MarketData] Cached 250 candles for ETHUSD 1h
2026-06-01 12:42:13 [INFO] core.market_data — [MarketData] Fetching ETHUSD 4h (300 candles)…
2026-06-01 12:42:14 [DEBUG] urllib3.connectionpool — https://api.india.delta.exchange:443 "GET /v2/history/candles?resolution=4h&symbol=ETHUSD&start=1775905933&end=1780297933 HTTP/1.1" 200 None
2026-06-01 12:42:14 [INFO] core.market_data — [MarketData] Cached 300 candles for ETHUSD 4h
2026-06-01 12:42:14 [INFO] core.market_data — [MarketData] Fetching ETHUSD 1d (200 candles)…
2026-06-01 12:42:14 [DEBUG] urllib3.connectionpool — https://api.india.delta.exchange:443 "GET /v2/history/candles?resolution=1d&symbol=ETHUSD&start=1762585934&end=1780297934 HTTP/1.1" 200 None
2026-06-01 12:42:14 [INFO] core.market_data — [MarketData] Cached 200 candles for ETHUSD 1d
2026-06-01 12:42:14 [DEBUG] main — ETHUSD indicators — RSI15m:40.2 EMA20_1h:2004.54 EMA200_4h:2157.68 ATR:7.2156
2026-06-01 12:42:14 [DEBUG] main — ETHUSD: 4h structure bias=bearish | patterns detected=0
2026-06-01 12:42:14 [DEBUG] main — ETHUSD: SMC — OBs=1 FVGs=4
2026-06-01 12:42:14 [DEBUG] core.strategy — [Strategy] ETHUSD LONG: only 1/7 conditions met.
2026-06-01 12:42:14 [DEBUG] core.strategy — [Strategy] ETHUSD SHORT: only 5/7 conditions met.
2026-06-01 12:42:14 [INFO] main — ETHUSD $1,988.60 | trend:bearish | bias:bearish | RSI:40.2 | no setup
2026-06-01 12:42:14 [DEBUG] core.market_data — [MarketData] Cache hit for XAUTUSD 1m
2026-06-01 12:42:14 [DEBUG] main — XAUTUSD: price $4497.17 (source=REST)
2026-06-01 12:42:14 [DEBUG] core.market_data — [MarketData] Cache hit for XAUTUSD 1m
2026-06-01 12:42:14 [INFO] core.market_data — [MarketData] Fetching XAUTUSD 5m (30 candles)…
2026-06-01 12:42:14 [DEBUG] urllib3.connectionpool — https://api.india.delta.exchange:443 "GET /v2/history/candles?resolution=5m&symbol=XAUTUSD&start=1780287434&end=1780297934 HTTP/1.1" 200 None
2026-06-01 12:42:14 [INFO] core.market_data — [MarketData] Cached 30 candles for XAUTUSD 5m
2026-06-01 12:42:14 [INFO] core.market_data — [MarketData] Fetching XAUTUSD 15m (60 candles)…
2026-06-01 12:42:14 [DEBUG] urllib3.connectionpool — https://api.india.delta.exchange:443 "GET /v2/history/candles?resolution=15m&symbol=XAUTUSD&start=1780239434&end=1780297934 HTTP/1.1" 200 None
2026-06-01 12:42:14 [INFO] core.market_data — [MarketData] Cached 60 candles for XAUTUSD 15m
2026-06-01 12:42:14 [INFO] core.market_data — [MarketData] Fetching XAUTUSD 1h (250 candles)…
2026-06-01 12:42:15 [DEBUG] urllib3.connectionpool — https://api.india.delta.exchange:443 "GET /v2/history/candles?resolution=1h&symbol=XAUTUSD&start=1779379934&end=1780297934 HTTP/1.1" 200 None
2026-06-01 12:42:15 [INFO] core.market_data — [MarketData] Cached 250 candles for XAUTUSD 1h
2026-06-01 12:42:15 [INFO] core.market_data — [MarketData] Fetching XAUTUSD 4h (300 candles)…
2026-06-01 12:42:15 [DEBUG] urllib3.connectionpool — https://api.india.delta.exchange:443 "GET /v2/history/candles?resolution=4h&symbol=XAUTUSD&start=1775905935&end=1780297935 HTTP/1.1" 200 None
2026-06-01 12:42:15 [INFO] core.market_data — [MarketData] Cached 269 candles for XAUTUSD 4h
2026-06-01 12:42:15 [INFO] core.market_data — [MarketData] Fetching XAUTUSD 1d (200 candles)…
2026-06-01 12:42:15 [DEBUG] urllib3.connectionpool — https://api.india.delta.exchange:443 "GET /v2/history/candles?resolution=1d&symbol=XAUTUSD&start=1762585935&end=1780297935 HTTP/1.1" 200 None
2026-06-01 12:42:15 [INFO] core.market_data — [MarketData] Cached 46 candles for XAUTUSD 1d
2026-06-01 12:42:15 [DEBUG] main — XAUTUSD indicators — RSI15m:36.5 EMA20_1h:4512.77 EMA200_4h:4580.96 ATR:6.3444
2026-06-01 12:42:15 [DEBUG] main — XAUTUSD: 4h structure bias=bullish | patterns detected=1
2026-06-01 12:42:15 [DEBUG] main — XAUTUSD: SMC — OBs=4 FVGs=3
2026-06-01 12:42:15 [DEBUG] core.strategy — [Strategy] XAUTUSD LONG: only 1/7 conditions met.
2026-06-01 12:42:15 [DEBUG] core.strategy — [Strategy] XAUTUSD SHORT: only 5/7 conditions met.
2026-06-01 12:42:15 [INFO] main — XAUTUSD $4,497.17 | trend:neutral | bias:bullish | RSI:36.5 | no setup
2026-06-01 12:42:15 [INFO] main — === Scan complete in 4.0s ===
2026-06-01 12:42:27 [DEBUG] websocket — Sending ping
2026-06-01 12:42:57 [DEBUG] websocket — Sending ping
2026-06-01 12:43:27 [DEBUG] websocket — Sending ping
2026-06-01 12:43:57 [DEBUG] websocket — Sending ping
2026-06-01 12:44:27 [DEBUG] websocket — Sending ping
2026-06-01 12:44:57 [DEBUG] websocket — Sending ping
2026-06-01 12:45:27 [DEBUG] websocket — Sending ping
2026-06-01 12:45:57 [DEBUG] websocket — Sending ping
2026-06-01 12:46:27 [DEBUG] websocket — Sending ping
2026-06-01 12:46:57 [DEBUG] websocket — Sending ping
2026-06-01 12:47:15 [DEBUG] schedule — Running job Job(interval=5, unit=minutes, do=run_checks, args=(), kwargs={})
2026-06-01 12:47:15 [INFO] main — === Scan started | symbols=['BTCUSD', 'ETHUSD', 'XAUTUSD'] ===
2026-06-01 12:47:15 [INFO] core.market_data — [MarketData] Fetching BTCUSD 1m (20 candles)…
2026-06-01 12:47:15 [DEBUG] urllib3.connectionpool — Resetting dropped connection: api.india.delta.exchange
2026-06-01 12:47:15 [DEBUG] urllib3.connectionpool — https://api.india.delta.exchange:443 "GET /v2/history/candles?resolution=1m&symbol=BTCUSD&start=1780296735&end=1780298235 HTTP/1.1" 200 None
2026-06-01 12:47:15 [INFO] core.market_data — [MarketData] Cached 20 candles for BTCUSD 1m
2026-06-01 12:47:15 [INFO] core.market_data — [MarketData] Fetching ETHUSD 1m (20 candles)…
2026-06-01 12:47:16 [DEBUG] urllib3.connectionpool — https://api.india.delta.exchange:443 "GET /v2/history/candles?resolution=1m&symbol=ETHUSD&start=1780296735&end=1780298235 HTTP/1.1" 200 None
2026-06-01 12:47:16 [INFO] core.market_data — [MarketData] Cached 20 candles for ETHUSD 1m
2026-06-01 12:47:16 [INFO] core.market_data — [MarketData] Fetching XAUTUSD 1m (20 candles)…
2026-06-01 12:47:16 [DEBUG] urllib3.connectionpool — https://api.india.delta.exchange:443 "GET /v2/history/candles?resolution=1m&symbol=XAUTUSD&start=1780296736&end=1780298236 HTTP/1.1" 200 None
2026-06-01 12:47:16 [INFO] core.market_data — [MarketData] Cached 20 candles for XAUTUSD 1m
2026-06-01 12:47:16 [DEBUG] main — Live prices: {'BTCUSD': '73,066.00', 'ETHUSD': '1,986.90', 'XAUTUSD': '4,497.91'}
2026-06-01 12:47:16 [DEBUG] core.market_data — [MarketData] Cache hit for BTCUSD 1m
2026-06-01 12:47:16 [DEBUG] main — BTCUSD: price $73066.00 (source=REST)
2026-06-01 12:47:16 [DEBUG] core.market_data — [MarketData] Cache hit for BTCUSD 1m
2026-06-01 12:47:16 [INFO] core.market_data — [MarketData] Fetching BTCUSD 5m (30 candles)…
2026-06-01 12:47:16 [DEBUG] urllib3.connectionpool — https://api.india.delta.exchange:443 "GET /v2/history/candles?resolution=5m&symbol=BTCUSD&start=1780287736&end=1780298236 HTTP/1.1" 200 None
2026-06-01 12:47:16 [INFO] core.market_data — [MarketData] Cached 30 candles for BTCUSD 5m
2026-06-01 12:47:16 [INFO] core.market_data — [MarketData] Fetching BTCUSD 15m (60 candles)…
2026-06-01 12:47:16 [DEBUG] urllib3.connectionpool — https://api.india.delta.exchange:443 "GET /v2/history/candles?resolution=15m&symbol=BTCUSD&start=1780239736&end=1780298236 HTTP/1.1" 200 None
2026-06-01 12:47:16 [INFO] core.market_data — [MarketData] Cached 60 candles for BTCUSD 15m
2026-06-01 12:47:16 [INFO] core.market_data — [MarketData] Fetching BTCUSD 1h (250 candles)…
2026-06-01 12:47:16 [DEBUG] urllib3.connectionpool — https://api.india.delta.exchange:443 "GET /v2/history/candles?resolution=1h&symbol=BTCUSD&start=1779380236&end=1780298236 HTTP/1.1" 200 None
2026-06-01 12:47:16 [INFO] core.market_data — [MarketData] Cached 250 candles for BTCUSD 1h
2026-06-01 12:47:16 [INFO] core.market_data — [MarketData] Fetching BTCUSD 4h (300 candles)…
2026-06-01 12:47:16 [DEBUG] urllib3.connectionpool — https://api.india.delta.exchange:443 "GET /v2/history/candles?resolution=4h&symbol=BTCUSD&start=1775906236&end=1780298236 HTTP/1.1" 200 None
2026-06-01 12:47:16 [INFO] core.market_data — [MarketData] Cached 300 candles for BTCUSD 4h
2026-06-01 12:47:16 [INFO] core.market_data — [MarketData] Fetching BTCUSD 1d (200 candles)…
2026-06-01 12:47:17 [DEBUG] urllib3.connectionpool — https://api.india.delta.exchange:443 "GET /v2/history/candles?resolution=1d&symbol=BTCUSD&start=1762586236&end=1780298236 HTTP/1.1" 200 None
2026-06-01 12:47:17 [INFO] core.market_data — [MarketData] Cached 200 candles for BTCUSD 1d
2026-06-01 12:47:17 [DEBUG] main — BTCUSD indicators — RSI15m:36.4 EMA20_1h:73570.13 EMA200_4h:76515.93 ATR:183.5797
2026-06-01 12:47:17 [DEBUG] main — BTCUSD: volatility state = low
2026-06-01 12:47:17 [DEBUG] main — BTCUSD: 4h structure bias=bearish | patterns detected=0
2026-06-01 12:47:17 [DEBUG] main — BTCUSD: SMC — OBs=0 FVGs=4
2026-06-01 12:47:17 [DEBUG] core.strategy — [Strategy] BTCUSD LONG: only 1/7 conditions met.
2026-06-01 12:47:17 [DEBUG] core.strategy — [Strategy] BTCUSD SHORT: only 5/7 conditions met.
2026-06-01 12:47:17 [INFO] main — BTCUSD $73,066.00 | trend:bearish | bias:bearish | RSI:36.4 | no setup
2026-06-01 12:47:17 [DEBUG] core.market_data — [MarketData] Cache hit for ETHUSD 1m
2026-06-01 12:47:17 [DEBUG] main — ETHUSD: price $1986.90 (source=REST)
2026-06-01 12:47:17 [DEBUG] core.market_data — [MarketData] Cache hit for ETHUSD 1m
2026-06-01 12:47:17 [INFO] core.market_data — [MarketData] Fetching ETHUSD 5m (30 candles)…
2026-06-01 12:47:17 [DEBUG] urllib3.connectionpool — https://api.india.delta.exchange:443 "GET /v2/history/candles?resolution=5m&symbol=ETHUSD&start=1780287737&end=1780298237 HTTP/1.1" 200 None
2026-06-01 12:47:17 [INFO] core.market_data — [MarketData] Cached 30 candles for ETHUSD 5m
2026-06-01 12:47:17 [INFO] core.market_data — [MarketData] Fetching ETHUSD 15m (60 candles)…
2026-06-01 12:47:17 [DEBUG] urllib3.connectionpool — https://api.india.delta.exchange:443 "GET /v2/history/candles?resolution=15m&symbol=ETHUSD&start=1780239737&end=1780298237 HTTP/1.1" 200 None
2026-06-01 12:47:17 [INFO] core.market_data — [MarketData] Cached 60 candles for ETHUSD 15m
2026-06-01 12:47:17 [INFO] core.market_data — [MarketData] Fetching ETHUSD 1h (250 candles)…
2026-06-01 12:47:17 [DEBUG] urllib3.connectionpool — https://api.india.delta.exchange:443 "GET /v2/history/candles?resolution=1h&symbol=ETHUSD&start=1779380237&end=1780298237 HTTP/1.1" 200 None
2026-06-01 12:47:17 [INFO] core.market_data — [MarketData] Cached 250 candles for ETHUSD 1h
2026-06-01 12:47:17 [INFO] core.market_data — [MarketData] Fetching ETHUSD 4h (300 candles)…
2026-06-01 12:47:18 [DEBUG] urllib3.connectionpool — https://api.india.delta.exchange:443 "GET /v2/history/candles?resolution=4h&symbol=ETHUSD&start=1775906237&end=1780298237 HTTP/1.1" 200 None
2026-06-01 12:47:18 [INFO] core.market_data — [MarketData] Cached 300 candles for ETHUSD 4h
2026-06-01 12:47:18 [INFO] core.market_data — [MarketData] Fetching ETHUSD 1d (200 candles)…
2026-06-01 12:47:18 [DEBUG] urllib3.connectionpool — https://api.india.delta.exchange:443 "GET /v2/history/candles?resolution=1d&symbol=ETHUSD&start=1762586238&end=1780298238 HTTP/1.1" 200 None
2026-06-01 12:47:18 [INFO] core.market_data — [MarketData] Cached 200 candles for ETHUSD 1d
2026-06-01 12:47:18 [DEBUG] main — ETHUSD indicators — RSI15m:39.1 EMA20_1h:2004.36 EMA200_4h:2157.67 ATR:6.8226
2026-06-01 12:47:18 [DEBUG] main — ETHUSD: volatility state = low
2026-06-01 12:47:18 [DEBUG] main — ETHUSD: 4h structure bias=bearish | patterns detected=0
2026-06-01 12:47:18 [DEBUG] main — ETHUSD: SMC — OBs=0 FVGs=4
2026-06-01 12:47:18 [DEBUG] core.strategy — [Strategy] ETHUSD LONG: only 1/7 conditions met.
2026-06-01 12:47:18 [DEBUG] core.strategy — [Strategy] ETHUSD SHORT: only 5/7 conditions met.
2026-06-01 12:47:18 [INFO] main — ETHUSD $1,986.90 | trend:bearish | bias:bearish | RSI:39.1 | no setup
2026-06-01 12:47:18 [DEBUG] core.market_data — [MarketData] Cache hit for XAUTUSD 1m
2026-06-01 12:47:18 [DEBUG] main — XAUTUSD: price $4497.91 (source=REST)
2026-06-01 12:47:18 [DEBUG] core.market_data — [MarketData] Cache hit for XAUTUSD 1m
2026-06-01 12:47:18 [INFO] core.market_data — [MarketData] Fetching XAUTUSD 5m (30 candles)…
2026-06-01 12:47:18 [DEBUG] urllib3.connectionpool — https://api.india.delta.exchange:443 "GET /v2/history/candles?resolution=5m&symbol=XAUTUSD&start=1780287738&end=1780298238 HTTP/1.1" 200 None
2026-06-01 12:47:18 [INFO] core.market_data — [MarketData] Cached 30 candles for XAUTUSD 5m
2026-06-01 12:47:18 [INFO] core.market_data — [MarketData] Fetching XAUTUSD 15m (60 candles)…
2026-06-01 12:47:18 [DEBUG] urllib3.connectionpool — https://api.india.delta.exchange:443 "GET /v2/history/candles?resolution=15m&symbol=XAUTUSD&start=1780239738&end=1780298238 HTTP/1.1" 200 None
2026-06-01 12:47:18 [INFO] core.market_data — [MarketData] Cached 60 candles for XAUTUSD 15m
2026-06-01 12:47:18 [INFO] core.market_data — [MarketData] Fetching XAUTUSD 1h (250 candles)…
2026-06-01 12:47:18 [DEBUG] urllib3.connectionpool — https://api.india.delta.exchange:443 "GET /v2/history/candles?resolution=1h&symbol=XAUTUSD&start=1779380238&end=1780298238 HTTP/1.1" 200 None
2026-06-01 12:47:18 [INFO] core.market_data — [MarketData] Cached 250 candles for XAUTUSD 1h
2026-06-01 12:47:18 [INFO] core.market_data — [MarketData] Fetching XAUTUSD 4h (300 candles)…
2026-06-01 12:47:19 [DEBUG] urllib3.connectionpool — https://api.india.delta.exchange:443 "GET /v2/history/candles?resolution=4h&symbol=XAUTUSD&start=1775906238&end=1780298238 HTTP/1.1" 200 None
2026-06-01 12:47:19 [INFO] core.market_data — [MarketData] Cached 269 candles for XAUTUSD 4h
2026-06-01 12:47:19 [INFO] core.market_data — [MarketData] Fetching XAUTUSD 1d (200 candles)…
2026-06-01 12:47:19 [DEBUG] urllib3.connectionpool — https://api.india.delta.exchange:443 "GET /v2/history/candles?resolution=1d&symbol=XAUTUSD&start=1762586239&end=1780298239 HTTP/1.1" 200 None
2026-06-01 12:47:19 [INFO] core.market_data — [MarketData] Cached 46 candles for XAUTUSD 1d
2026-06-01 12:47:19 [DEBUG] main — XAUTUSD indicators — RSI15m:38.0 EMA20_1h:4512.88 EMA200_4h:4580.96 ATR:5.9419
2026-06-01 12:47:19 [DEBUG] main — XAUTUSD: volatility state = low
2026-06-01 12:47:19 [DEBUG] main — XAUTUSD: 4h structure bias=bullish | patterns detected=1
2026-06-01 12:47:19 [DEBUG] main — XAUTUSD: SMC — OBs=4 FVGs=4
2026-06-01 12:47:19 [DEBUG] core.strategy — [Strategy] XAUTUSD LONG: only 2/7 conditions met.
2026-06-01 12:47:19 [DEBUG] core.strategy — [Strategy] XAUTUSD SHORT: only 4/7 conditions met.
2026-06-01 12:47:19 [INFO] main — XAUTUSD $4,497.91 | trend:neutral | bias:bullish | RSI:38.0 | no setup
2026-06-01 12:47:19 [INFO] main — === Scan complete in 3.8s ===
2026-06-01 12:47:27 [DEBUG] websocket — Sending ping
2026-06-01 12:47:57 [DEBUG] websocket — Sending ping
2026-06-01 12:48:27 [DEBUG] websocket — Sending ping
2026-06-01 12:48:57 [DEBUG] websocket — Sending ping
2026-06-01 12:49:27 [DEBUG] websocket — Sending ping
2026-06-01 12:49:57 [DEBUG] websocket — Sending ping
2026-06-01 12:50:27 [DEBUG] websocket — Sending ping
2026-06-01 12:50:57 [DEBUG] websocket — Sending ping
2026-06-01 12:51:27 [DEBUG] websocket — Sending ping
2026-06-01 12:51:57 [DEBUG] websocket — Sending ping
2026-06-01 12:52:19 [DEBUG] schedule — Running job Job(interval=5, unit=minutes, do=run_checks, args=(), kwargs={})
2026-06-01 12:52:19 [INFO] main — === Scan started | symbols=['BTCUSD', 'ETHUSD', 'XAUTUSD'] ===
2026-06-01 12:52:19 [INFO] core.market_data — [MarketData] Fetching BTCUSD 1m (20 candles)…
2026-06-01 12:52:19 [DEBUG] urllib3.connectionpool — Resetting dropped connection: api.india.delta.exchange
2026-06-01 12:52:19 [DEBUG] urllib3.connectionpool — https://api.india.delta.exchange:443 "GET /v2/history/candles?resolution=1m&symbol=BTCUSD&start=1780297039&end=1780298539 HTTP/1.1" 200 None
2026-06-01 12:52:19 [INFO] core.market_data — [MarketData] Cached 20 candles for BTCUSD 1m
2026-06-01 12:52:19 [INFO] core.market_data — [MarketData] Fetching ETHUSD 1m (20 candles)…
2026-06-01 12:52:19 [DEBUG] urllib3.connectionpool — https://api.india.delta.exchange:443 "GET /v2/history/candles?resolution=1m&symbol=ETHUSD&start=1780297039&end=1780298539 HTTP/1.1" 200 None
2026-06-01 12:52:19 [INFO] core.market_data — [MarketData] Cached 20 candles for ETHUSD 1m
2026-06-01 12:52:19 [INFO] core.market_data — [MarketData] Fetching XAUTUSD 1m (20 candles)…
2026-06-01 12:52:20 [DEBUG] urllib3.connectionpool — https://api.india.delta.exchange:443 "GET /v2/history/candles?resolution=1m&symbol=XAUTUSD&start=1780297039&end=1780298539 HTTP/1.1" 200 None
2026-06-01 12:52:20 [INFO] core.market_data — [MarketData] Cached 20 candles for XAUTUSD 1m
2026-06-01 12:52:20 [DEBUG] main — Live prices: {'BTCUSD': '73,003.00', 'ETHUSD': '1,986.10', 'XAUTUSD': '4,495.45'}
2026-06-01 12:52:20 [DEBUG] core.market_data — [MarketData] Cache hit for BTCUSD 1m
2026-06-01 12:52:20 [DEBUG] main — BTCUSD: price $73003.00 (source=REST)
2026-06-01 12:52:20 [DEBUG] core.market_data — [MarketData] Cache hit for BTCUSD 1m
2026-06-01 12:52:20 [INFO] core.market_data — [MarketData] Fetching BTCUSD 5m (30 candles)…
2026-06-01 12:52:20 [DEBUG] urllib3.connectionpool — https://api.india.delta.exchange:443 "GET /v2/history/candles?resolution=5m&symbol=BTCUSD&start=1780288040&end=1780298540 HTTP/1.1" 200 None
2026-06-01 12:52:20 [INFO] core.market_data — [MarketData] Cached 30 candles for BTCUSD 5m
2026-06-01 12:52:20 [INFO] core.market_data — [MarketData] Fetching BTCUSD 15m (60 candles)…
2026-06-01 12:52:20 [DEBUG] urllib3.connectionpool — https://api.india.delta.exchange:443 "GET /v2/history/candles?resolution=15m&symbol=BTCUSD&start=1780240040&end=1780298540 HTTP/1.1" 200 None
2026-06-01 12:52:20 [INFO] core.market_data — [MarketData] Cached 60 candles for BTCUSD 15m
2026-06-01 12:52:20 [INFO] core.market_data — [MarketData] Fetching BTCUSD 1h (250 candles)…
2026-06-01 12:52:20 [DEBUG] urllib3.connectionpool — https://api.india.delta.exchange:443 "GET /v2/history/candles?resolution=1h&symbol=BTCUSD&start=1779380540&end=1780298540 HTTP/1.1" 200 None
2026-06-01 12:52:20 [INFO] core.market_data — [MarketData] Cached 250 candles for BTCUSD 1h
2026-06-01 12:52:20 [INFO] core.market_data — [MarketData] Fetching BTCUSD 4h (300 candles)…
2026-06-01 12:52:20 [DEBUG] urllib3.connectionpool — https://api.india.delta.exchange:443 "GET /v2/history/candles?resolution=4h&symbol=BTCUSD&start=1775906540&end=1780298540 HTTP/1.1" 200 None
2026-06-01 12:52:20 [INFO] core.market_data — [MarketData] Cached 300 candles for BTCUSD 4h
2026-06-01 12:52:20 [INFO] core.market_data — [MarketData] Fetching BTCUSD 1d (200 candles)…
2026-06-01 12:52:21 [DEBUG] urllib3.connectionpool — https://api.india.delta.exchange:443 "GET /v2/history/candles?resolution=1d&symbol=BTCUSD&start=1762586540&end=1780298540 HTTP/1.1" 200 None
2026-06-01 12:52:21 [INFO] core.market_data — [MarketData] Cached 200 candles for BTCUSD 1d
2026-06-01 12:52:21 [DEBUG] main — BTCUSD indicators — RSI15m:35.9 EMA20_1h:73572.08 EMA200_4h:76515.08 ATR:190.8297
2026-06-01 12:52:21 [DEBUG] main — BTCUSD: 4h structure bias=bearish | patterns detected=1
2026-06-01 12:52:21 [DEBUG] main — BTCUSD: SMC — OBs=0 FVGs=4
2026-06-01 12:52:21 [DEBUG] core.strategy — [Strategy] BTCUSD LONG: only 1/7 conditions met.
2026-06-01 12:52:21 [DEBUG] core.strategy — [Strategy] BTCUSD SHORT: only 5/7 conditions met.
2026-06-01 12:52:21 [INFO] main — BTCUSD $73,003.00 | trend:bearish | bias:bearish | RSI:35.9 | no setup
2026-06-01 12:52:21 [DEBUG] core.market_data — [MarketData] Cache hit for ETHUSD 1m
2026-06-01 12:52:21 [DEBUG] main — ETHUSD: price $1986.10 (source=REST)
2026-06-01 12:52:21 [DEBUG] core.market_data — [MarketData] Cache hit for ETHUSD 1m
2026-06-01 12:52:21 [INFO] core.market_data — [MarketData] Fetching ETHUSD 5m (30 candles)…
2026-06-01 12:52:21 [DEBUG] urllib3.connectionpool — https://api.india.delta.exchange:443 "GET /v2/history/candles?resolution=5m&symbol=ETHUSD&start=1780288041&end=1780298541 HTTP/1.1" 200 None
2026-06-01 12:52:21 [INFO] core.market_data — [MarketData] Cached 30 candles for ETHUSD 5m
2026-06-01 12:52:21 [INFO] core.market_data — [MarketData] Fetching ETHUSD 15m (60 candles)…
2026-06-01 12:52:21 [DEBUG] urllib3.connectionpool — https://api.india.delta.exchange:443 "GET /v2/history/candles?resolution=15m&symbol=ETHUSD&start=1780240041&end=1780298541 HTTP/1.1" 200 None
2026-06-01 12:52:21 [INFO] core.market_data — [MarketData] Cached 60 candles for ETHUSD 15m
2026-06-01 12:52:21 [INFO] core.market_data — [MarketData] Fetching ETHUSD 1h (250 candles)…
2026-06-01 12:52:21 [DEBUG] urllib3.connectionpool — https://api.india.delta.exchange:443 "GET /v2/history/candles?resolution=1h&symbol=ETHUSD&start=1779380541&end=1780298541 HTTP/1.1" 200 None
2026-06-01 12:52:21 [INFO] core.market_data — [MarketData] Cached 250 candles for ETHUSD 1h
2026-06-01 12:52:21 [INFO] core.market_data — [MarketData] Fetching ETHUSD 4h (300 candles)…
2026-06-01 12:52:22 [DEBUG] urllib3.connectionpool — https://api.india.delta.exchange:443 "GET /v2/history/candles?resolution=4h&symbol=ETHUSD&start=1775906541&end=1780298541 HTTP/1.1" 200 None
2026-06-01 12:52:22 [INFO] core.market_data — [MarketData] Cached 300 candles for ETHUSD 4h
2026-06-01 12:52:22 [INFO] core.market_data — [MarketData] Fetching ETHUSD 1d (200 candles)…
2026-06-01 12:52:22 [DEBUG] urllib3.connectionpool — https://api.india.delta.exchange:443 "GET /v2/history/candles?resolution=1d&symbol=ETHUSD&start=1762586542&end=1780298542 HTTP/1.1" 200 None
2026-06-01 12:52:22 [INFO] core.market_data — [MarketData] Cached 200 candles for ETHUSD 1d
2026-06-01 12:52:22 [DEBUG] main — ETHUSD indicators — RSI15m:38.9 EMA20_1h:2004.50 EMA200_4h:2157.65 ATR:7.0976
2026-06-01 12:52:22 [DEBUG] main — ETHUSD: 4h structure bias=bearish | patterns detected=1
2026-06-01 12:52:22 [DEBUG] main — ETHUSD: SMC — OBs=0 FVGs=4
2026-06-01 12:52:22 [DEBUG] core.strategy — [Strategy] ETHUSD LONG: only 1/7 conditions met.
2026-06-01 12:52:22 [DEBUG] core.strategy — [Strategy] ETHUSD SHORT: only 5/7 conditions met.
2026-06-01 12:52:22 [INFO] main — ETHUSD $1,986.10 | trend:bearish | bias:bearish | RSI:38.9 | no setup
2026-06-01 12:52:22 [DEBUG] core.market_data — [MarketData] Cache hit for XAUTUSD 1m
2026-06-01 12:52:22 [DEBUG] main — XAUTUSD: price $4495.45 (source=REST)
2026-06-01 12:52:22 [DEBUG] core.market_data — [MarketData] Cache hit for XAUTUSD 1m
2026-06-01 12:52:22 [INFO] core.market_data — [MarketData] Fetching XAUTUSD 5m (30 candles)…
2026-06-01 12:52:22 [DEBUG] urllib3.connectionpool — https://api.india.delta.exchange:443 "GET /v2/history/candles?resolution=5m&symbol=XAUTUSD&start=1780288042&end=1780298542 HTTP/1.1" 200 None
2026-06-01 12:52:22 [INFO] core.market_data — [MarketData] Cached 30 candles for XAUTUSD 5m
2026-06-01 12:52:22 [INFO] core.market_data — [MarketData] Fetching XAUTUSD 15m (60 candles)…
2026-06-01 12:52:22 [DEBUG] urllib3.connectionpool — https://api.india.delta.exchange:443 "GET /v2/history/candles?resolution=15m&symbol=XAUTUSD&start=1780240042&end=1780298542 HTTP/1.1" 200 None
2026-06-01 12:52:22 [INFO] core.market_data — [MarketData] Cached 60 candles for XAUTUSD 15m
2026-06-01 12:52:22 [INFO] core.market_data — [MarketData] Fetching XAUTUSD 1h (250 candles)…
2026-06-01 12:52:23 [DEBUG] urllib3.connectionpool — https://api.india.delta.exchange:443 "GET /v2/history/candles?resolution=1h&symbol=XAUTUSD&start=1779380542&end=1780298542 HTTP/1.1" 200 None
2026-06-01 12:52:23 [INFO] core.market_data — [MarketData] Cached 250 candles for XAUTUSD 1h
2026-06-01 12:52:23 [INFO] core.market_data — [MarketData] Fetching XAUTUSD 4h (300 candles)…
2026-06-01 12:52:23 [DEBUG] urllib3.connectionpool — https://api.india.delta.exchange:443 "GET /v2/history/candles?resolution=4h&symbol=XAUTUSD&start=1775906543&end=1780298543 HTTP/1.1" 200 None
2026-06-01 12:52:23 [INFO] core.market_data — [MarketData] Cached 269 candles for XAUTUSD 4h
2026-06-01 12:52:23 [INFO] core.market_data — [MarketData] Fetching XAUTUSD 1d (200 candles)…
2026-06-01 12:52:23 [DEBUG] urllib3.connectionpool — https://api.india.delta.exchange:443 "GET /v2/history/candles?resolution=1d&symbol=XAUTUSD&start=1762586543&end=1780298543 HTTP/1.1" 200 None
2026-06-01 12:52:23 [INFO] core.market_data — [MarketData] Cached 46 candles for XAUTUSD 1d
2026-06-01 12:52:23 [DEBUG] main — XAUTUSD indicators — RSI15m:36.1 EMA20_1h:4512.77 EMA200_4h:4580.94 ATR:6.1455
2026-06-01 12:52:23 [DEBUG] main — XAUTUSD: 4h structure bias=bullish | patterns detected=0
2026-06-01 12:52:23 [DEBUG] main — XAUTUSD: SMC — OBs=4 FVGs=4
2026-06-01 12:52:23 [DEBUG] core.strategy — [Strategy] XAUTUSD LONG: only 2/7 conditions met.
2026-06-01 12:52:23 [DEBUG] core.strategy — [Strategy] XAUTUSD SHORT: only 4/7 conditions met.
2026-06-01 12:52:23 [INFO] main — XAUTUSD $4,495.45 | trend:neutral | bias:bullish | RSI:36.1 | no setup
2026-06-01 12:52:23 [INFO] main — === Scan complete in 4.1s ===
2026-06-01 12:52:27 [DEBUG] websocket — Sending ping
2026-06-01 12:52:58 [DEBUG] websocket — Sending ping
2026-06-01 12:53:28 [DEBUG] websocket — Sending ping
2026-06-01 12:53:58 [DEBUG] websocket — Sending ping
2026-06-01 12:54:28 [DEBUG] websocket — Sending ping
2026-06-01 12:54:58 [DEBUG] websocket — Sending ping
2026-06-01 12:55:28 [DEBUG] websocket — Sending ping
2026-06-01 12:55:58 [DEBUG] websocket — Sending ping
2026-06-01 12:56:28 [DEBUG] websocket — Sending ping
2026-06-01 12:56:58 [DEBUG] websocket — Sending ping
2026-06-01 12:57:23 [DEBUG] schedule — Running job Job(interval=5, unit=minutes, do=run_checks, args=(), kwargs={})
2026-06-01 12:57:23 [INFO] main — === Scan started | symbols=['BTCUSD', 'ETHUSD', 'XAUTUSD'] ===
2026-06-01 12:57:23 [INFO] core.market_data — [MarketData] Fetching BTCUSD 1m (20 candles)…
2026-06-01 12:57:23 [DEBUG] urllib3.connectionpool — Resetting dropped connection: api.india.delta.exchange
2026-06-01 12:57:23 [DEBUG] urllib3.connectionpool — https://api.india.delta.exchange:443 "GET /v2/history/candles?resolution=1m&symbol=BTCUSD&start=1780297343&end=1780298843 HTTP/1.1" 200 None
2026-06-01 12:57:23 [INFO] core.market_data — [MarketData] Cached 20 candles for BTCUSD 1m
2026-06-01 12:57:23 [INFO] core.market_data — [MarketData] Fetching ETHUSD 1m (20 candles)…
2026-06-01 12:57:23 [DEBUG] urllib3.connectionpool — https://api.india.delta.exchange:443 "GET /v2/history/candles?resolution=1m&symbol=ETHUSD&start=1780297343&end=1780298843 HTTP/1.1" 200 None
2026-06-01 12:57:23 [INFO] core.market_data — [MarketData] Cached 20 candles for ETHUSD 1m
2026-06-01 12:57:23 [INFO] core.market_data — [MarketData] Fetching XAUTUSD 1m (20 candles)…
2026-06-01 12:57:24 [DEBUG] urllib3.connectionpool — https://api.india.delta.exchange:443 "GET /v2/history/candles?resolution=1m&symbol=XAUTUSD&start=1780297343&end=1780298843 HTTP/1.1" 200 None
2026-06-01 12:57:24 [INFO] core.market_data — [MarketData] Cached 20 candles for XAUTUSD 1m
2026-06-01 12:57:24 [DEBUG] main — Live prices: {'BTCUSD': '72,999.00', 'ETHUSD': '1,986.55', 'XAUTUSD': '4,495.04'}
2026-06-01 12:57:24 [DEBUG] core.market_data — [MarketData] Cache hit for BTCUSD 1m
2026-06-01 12:57:24 [DEBUG] main — BTCUSD: price $72999.00 (source=REST)
2026-06-01 12:57:24 [DEBUG] core.market_data — [MarketData] Cache hit for BTCUSD 1m
2026-06-01 12:57:24 [INFO] core.market_data — [MarketData] Fetching BTCUSD 5m (30 candles)…
2026-06-01 12:57:24 [DEBUG] urllib3.connectionpool — https://api.india.delta.exchange:443 "GET /v2/history/candles?resolution=5m&symbol=BTCUSD&start=1780288344&end=1780298844 HTTP/1.1" 200 None
2026-06-01 12:57:24 [INFO] core.market_data — [MarketData] Cached 30 candles for BTCUSD 5m
2026-06-01 12:57:24 [INFO] core.market_data — [MarketData] Fetching BTCUSD 15m (60 candles)…
2026-06-01 12:57:24 [DEBUG] urllib3.connectionpool — https://api.india.delta.exchange:443 "GET /v2/history/candles?resolution=15m&symbol=BTCUSD&start=1780240344&end=1780298844 HTTP/1.1" 200 None
2026-06-01 12:57:24 [INFO] core.market_data — [MarketData] Cached 60 candles for BTCUSD 15m
2026-06-01 12:57:24 [INFO] core.market_data — [MarketData] Fetching BTCUSD 1h (250 candles)…
2026-06-01 12:57:24 [DEBUG] urllib3.connectionpool — https://api.india.delta.exchange:443 "GET /v2/history/candles?resolution=1h&symbol=BTCUSD&start=1779380844&end=1780298844 HTTP/1.1" 200 None
2026-06-01 12:57:24 [INFO] core.market_data — [MarketData] Cached 250 candles for BTCUSD 1h
2026-06-01 12:57:24 [INFO] core.market_data — [MarketData] Fetching BTCUSD 4h (300 candles)…
2026-06-01 12:57:24 [DEBUG] urllib3.connectionpool — https://api.india.delta.exchange:443 "GET /v2/history/candles?resolution=4h&symbol=BTCUSD&start=1775906844&end=1780298844 HTTP/1.1" 200 None
2026-06-01 12:57:24 [INFO] core.market_data — [MarketData] Cached 300 candles for BTCUSD 4h
2026-06-01 12:57:24 [INFO] core.market_data — [MarketData] Fetching BTCUSD 1d (200 candles)…
2026-06-01 12:57:25 [DEBUG] urllib3.connectionpool — https://api.india.delta.exchange:443 "GET /v2/history/candles?resolution=1d&symbol=BTCUSD&start=1762586844&end=1780298844 HTTP/1.1" 200 None
2026-06-01 12:57:25 [INFO] core.market_data — [MarketData] Cached 200 candles for BTCUSD 1d
2026-06-01 12:57:25 [DEBUG] main — BTCUSD indicators — RSI15m:34.2 EMA20_1h:73558.94 EMA200_4h:76514.81 ATR:195.5797
2026-06-01 12:57:25 [DEBUG] main — BTCUSD: 4h structure bias=bearish | patterns detected=1
2026-06-01 12:57:25 [DEBUG] main — BTCUSD: SMC — OBs=0 FVGs=4
2026-06-01 12:57:25 [DEBUG] core.strategy — [Strategy] BTCUSD LONG: only 1/7 conditions met.
2026-06-01 12:57:25 [DEBUG] core.strategy — [Strategy] BTCUSD SHORT: only 4/7 conditions met.
2026-06-01 12:57:25 [INFO] main — BTCUSD $72,999.00 | trend:bearish | bias:bearish | RSI:34.2 | no setup
2026-06-01 12:57:25 [DEBUG] core.market_data — [MarketData] Cache hit for ETHUSD 1m
2026-06-01 12:57:25 [DEBUG] main — ETHUSD: price $1986.55 (source=REST)
2026-06-01 12:57:25 [DEBUG] core.market_data — [MarketData] Cache hit for ETHUSD 1m
2026-06-01 12:57:25 [INFO] core.market_data — [MarketData] Fetching ETHUSD 5m (30 candles)…
2026-06-01 12:57:25 [DEBUG] urllib3.connectionpool — https://api.india.delta.exchange:443 "GET /v2/history/candles?resolution=5m&symbol=ETHUSD&start=1780288345&end=1780298845 HTTP/1.1" 200 None
2026-06-01 12:57:25 [INFO] core.market_data — [MarketData] Cached 30 candles for ETHUSD 5m
2026-06-01 12:57:25 [INFO] core.market_data — [MarketData] Fetching ETHUSD 15m (60 candles)…
2026-06-01 12:57:25 [DEBUG] urllib3.connectionpool — https://api.india.delta.exchange:443 "GET /v2/history/candles?resolution=15m&symbol=ETHUSD&start=1780240345&end=1780298845 HTTP/1.1" 200 None
2026-06-01 12:57:25 [INFO] core.market_data — [MarketData] Cached 60 candles for ETHUSD 15m
2026-06-01 12:57:25 [INFO] core.market_data — [MarketData] Fetching ETHUSD 1h (250 candles)…
2026-06-01 12:57:25 [DEBUG] urllib3.connectionpool — https://api.india.delta.exchange:443 "GET /v2/history/candles?resolution=1h&symbol=ETHUSD&start=1779380845&end=1780298845 HTTP/1.1" 200 None
2026-06-01 12:57:25 [INFO] core.market_data — [MarketData] Cached 250 candles for ETHUSD 1h
2026-06-01 12:57:25 [INFO] core.market_data — [MarketData] Fetching ETHUSD 4h (300 candles)…
2026-06-01 12:57:26 [DEBUG] urllib3.connectionpool — https://api.india.delta.exchange:443 "GET /v2/history/candles?resolution=4h&symbol=ETHUSD&start=1775906845&end=1780298845 HTTP/1.1" 200 None
2026-06-01 12:57:26 [INFO] core.market_data — [MarketData] Cached 300 candles for ETHUSD 4h
2026-06-01 12:57:26 [INFO] core.market_data — [MarketData] Fetching ETHUSD 1d (200 candles)…
2026-06-01 12:57:26 [DEBUG] urllib3.connectionpool — https://api.india.delta.exchange:443 "GET /v2/history/candles?resolution=1d&symbol=ETHUSD&start=1762586846&end=1780298846 HTTP/1.1" 200 None
2026-06-01 12:57:26 [INFO] core.market_data — [MarketData] Cached 200 candles for ETHUSD 1d
2026-06-01 12:57:26 [DEBUG] main — ETHUSD indicators — RSI15m:37.7 EMA20_1h:2004.15 EMA200_4h:2157.64 ATR:7.0976
2026-06-01 12:57:26 [DEBUG] main — ETHUSD: 4h structure bias=bearish | patterns detected=1
2026-06-01 12:57:26 [DEBUG] main — ETHUSD: SMC — OBs=0 FVGs=4
2026-06-01 12:57:26 [DEBUG] core.strategy — [Strategy] ETHUSD LONG: only 1/7 conditions met.
2026-06-01 12:57:26 [DEBUG] core.strategy — [Strategy] ETHUSD SHORT: only 5/7 conditions met.
2026-06-01 12:57:26 [INFO] main — ETHUSD $1,986.55 | trend:bearish | bias:bearish | RSI:37.7 | no setup
2026-06-01 12:57:26 [DEBUG] core.market_data — [MarketData] Cache hit for XAUTUSD 1m
2026-06-01 12:57:26 [DEBUG] main — XAUTUSD: price $4495.04 (source=REST)
2026-06-01 12:57:26 [DEBUG] core.market_data — [MarketData] Cache hit for XAUTUSD 1m
2026-06-01 12:57:26 [INFO] core.market_data — [MarketData] Fetching XAUTUSD 5m (30 candles)…
2026-06-01 12:57:26 [DEBUG] urllib3.connectionpool — https://api.india.delta.exchange:443 "GET /v2/history/candles?resolution=5m&symbol=XAUTUSD&start=1780288346&end=1780298846 HTTP/1.1" 200 None
2026-06-01 12:57:26 [INFO] core.market_data — [MarketData] Cached 30 candles for XAUTUSD 5m
2026-06-01 12:57:26 [INFO] core.market_data — [MarketData] Fetching XAUTUSD 15m (60 candles)…
2026-06-01 12:57:26 [DEBUG] urllib3.connectionpool — https://api.india.delta.exchange:443 "GET /v2/history/candles?resolution=15m&symbol=XAUTUSD&start=1780240346&end=1780298846 HTTP/1.1" 200 None
2026-06-01 12:57:26 [INFO] core.market_data — [MarketData] Cached 60 candles for XAUTUSD 15m
2026-06-01 12:57:26 [INFO] core.market_data — [MarketData] Fetching XAUTUSD 1h (250 candles)…
2026-06-01 12:57:26 [DEBUG] urllib3.connectionpool — https://api.india.delta.exchange:443 "GET /v2/history/candles?resolution=1h&symbol=XAUTUSD&start=1779380846&end=1780298846 HTTP/1.1" 200 None
2026-06-01 12:57:26 [INFO] core.market_data — [MarketData] Cached 250 candles for XAUTUSD 1h
2026-06-01 12:57:26 [INFO] core.market_data — [MarketData] Fetching XAUTUSD 4h (300 candles)…
2026-06-01 12:57:27 [DEBUG] urllib3.connectionpool — https://api.india.delta.exchange:443 "GET /v2/history/candles?resolution=4h&symbol=XAUTUSD&start=1775906846&end=1780298846 HTTP/1.1" 200 None
2026-06-01 12:57:27 [INFO] core.market_data — [MarketData] Cached 269 candles for XAUTUSD 4h
2026-06-01 12:57:27 [INFO] core.market_data — [MarketData] Fetching XAUTUSD 1d (200 candles)…
2026-06-01 12:57:27 [DEBUG] urllib3.connectionpool — https://api.india.delta.exchange:443 "GET /v2/history/candles?resolution=1d&symbol=XAUTUSD&start=1762586847&end=1780298847 HTTP/1.1" 200 None
2026-06-01 12:57:27 [INFO] core.market_data — [MarketData] Cached 46 candles for XAUTUSD 1d
2026-06-01 12:57:27 [DEBUG] main — XAUTUSD indicators — RSI15m:35.3 EMA20_1h:4512.55 EMA200_4h:4580.92 ATR:6.2026
2026-06-01 12:57:27 [DEBUG] main — XAUTUSD: 4h structure bias=bullish | patterns detected=0
2026-06-01 12:57:27 [DEBUG] main — XAUTUSD: SMC — OBs=4 FVGs=3
2026-06-01 12:57:27 [DEBUG] core.strategy — [Strategy] XAUTUSD LONG: only 2/7 conditions met.
2026-06-01 12:57:27 [DEBUG] core.strategy — [Strategy] XAUTUSD SHORT: only 4/7 conditions met.
2026-06-01 12:57:27 [INFO] main — XAUTUSD $4,495.04 | trend:bearish | bias:bullish | RSI:35.3 | no setup
2026-06-01 12:57:27 [INFO] main — === Scan complete in 3.8s ===
2026-06-01 12:57:28 [DEBUG] websocket — Sending ping
2026-06-01 12:57:58 [DEBUG] websocket — Sending ping
2026-06-01 12:58:28 [DEBUG] websocket — Sending ping
2026-06-01 12:58:58 [DEBUG] websocket — Sending ping
2026-06-01 12:59:28 [DEBUG] websocket — Sending ping
2026-06-01 12:59:58 [DEBUG] websocket — Sending ping
2026-06-01 13:00:28 [DEBUG] websocket — Sending ping
2026-06-01 13:00:58 [DEBUG] websocket — Sending ping
2026-06-01 13:01:28 [DEBUG] websocket — Sending ping
2026-06-01 13:01:58 [DEBUG] websocket — Sending ping
2026-06-01 13:02:27 [DEBUG] schedule — Running job Job(interval=5, unit=minutes, do=run_checks, args=(), kwargs={})
2026-06-01 13:02:27 [INFO] main — === Scan started | symbols=['BTCUSD', 'ETHUSD', 'XAUTUSD'] ===
2026-06-01 13:02:27 [INFO] core.market_data — [MarketData] Fetching BTCUSD 1m (20 candles)…
2026-06-01 13:02:27 [DEBUG] urllib3.connectionpool — Resetting dropped connection: api.india.delta.exchange
2026-06-01 13:02:27 [DEBUG] urllib3.connectionpool — https://api.india.delta.exchange:443 "GET /v2/history/candles?resolution=1m&symbol=BTCUSD&start=1780297647&end=1780299147 HTTP/1.1" 200 None
2026-06-01 13:02:27 [INFO] core.market_data — [MarketData] Cached 20 candles for BTCUSD 1m
2026-06-01 13:02:27 [INFO] core.market_data — [MarketData] Fetching ETHUSD 1m (20 candles)…
2026-06-01 13:02:27 [DEBUG] urllib3.connectionpool — https://api.india.delta.exchange:443 "GET /v2/history/candles?resolution=1m&symbol=ETHUSD&start=1780297647&end=1780299147 HTTP/1.1" 200 None
2026-06-01 13:02:27 [INFO] core.market_data — [MarketData] Cached 20 candles for ETHUSD 1m
2026-06-01 13:02:27 [INFO] core.market_data — [MarketData] Fetching XAUTUSD 1m (20 candles)…
2026-06-01 13:02:28 [DEBUG] urllib3.connectionpool — https://api.india.delta.exchange:443 "GET /v2/history/candles?resolution=1m&symbol=XAUTUSD&start=1780297647&end=1780299147 HTTP/1.1" 200 None
2026-06-01 13:02:28 [INFO] core.market_data — [MarketData] Cached 20 candles for XAUTUSD 1m
2026-06-01 13:02:28 [DEBUG] main — Live prices: {'BTCUSD': '72,887.00', 'ETHUSD': '1,981.45', 'XAUTUSD': '4,496.13'}
2026-06-01 13:02:28 [DEBUG] core.market_data — [MarketData] Cache hit for BTCUSD 1m
2026-06-01 13:02:28 [DEBUG] main — BTCUSD: price $72887.00 (source=REST)
2026-06-01 13:02:28 [DEBUG] core.market_data — [MarketData] Cache hit for BTCUSD 1m
2026-06-01 13:02:28 [INFO] core.market_data — [MarketData] Fetching BTCUSD 5m (30 candles)…
2026-06-01 13:02:28 [DEBUG] websocket — Sending ping
2026-06-01 13:02:28 [DEBUG] urllib3.connectionpool — https://api.india.delta.exchange:443 "GET /v2/history/candles?resolution=5m&symbol=BTCUSD&start=1780288648&end=1780299148 HTTP/1.1" 200 None
2026-06-01 13:02:28 [INFO] core.market_data — [MarketData] Cached 30 candles for BTCUSD 5m
2026-06-01 13:02:28 [INFO] core.market_data — [MarketData] Fetching BTCUSD 15m (60 candles)…
2026-06-01 13:02:28 [DEBUG] urllib3.connectionpool — https://api.india.delta.exchange:443 "GET /v2/history/candles?resolution=15m&symbol=BTCUSD&start=1780240648&end=1780299148 HTTP/1.1" 200 None
2026-06-01 13:02:28 [INFO] core.market_data — [MarketData] Cached 60 candles for BTCUSD 15m
2026-06-01 13:02:28 [INFO] core.market_data — [MarketData] Fetching BTCUSD 1h (250 candles)…
2026-06-01 13:02:28 [DEBUG] urllib3.connectionpool — https://api.india.delta.exchange:443 "GET /v2/history/candles?resolution=1h&symbol=BTCUSD&start=1779381148&end=1780299148 HTTP/1.1" 200 None
2026-06-01 13:02:28 [INFO] core.market_data — [MarketData] Cached 250 candles for BTCUSD 1h
2026-06-01 13:02:28 [INFO] core.market_data — [MarketData] Fetching BTCUSD 4h (300 candles)…
2026-06-01 13:02:28 [DEBUG] urllib3.connectionpool — https://api.india.delta.exchange:443 "GET /v2/history/candles?resolution=4h&symbol=BTCUSD&start=1775907148&end=1780299148 HTTP/1.1" 200 None
2026-06-01 13:02:28 [INFO] core.market_data — [MarketData] Cached 300 candles for BTCUSD 4h
2026-06-01 13:02:28 [INFO] core.market_data — [MarketData] Fetching BTCUSD 1d (200 candles)…
2026-06-01 13:02:29 [DEBUG] urllib3.connectionpool — https://api.india.delta.exchange:443 "GET /v2/history/candles?resolution=1d&symbol=BTCUSD&start=1762587148&end=1780299148 HTTP/1.1" 200 None
2026-06-01 13:02:29 [INFO] core.market_data — [MarketData] Cached 200 candles for BTCUSD 1d
2026-06-01 13:02:29 [DEBUG] main — BTCUSD indicators — RSI15m:32.3 EMA20_1h:73558.80 EMA200_4h:76514.49 ATR:182.4330
2026-06-01 13:02:29 [DEBUG] main — BTCUSD: volatility state = low
2026-06-01 13:02:29 [DEBUG] main — BTCUSD: 4h structure bias=bearish | patterns detected=0
2026-06-01 13:02:29 [DEBUG] main — BTCUSD: SMC — OBs=0 FVGs=5
2026-06-01 13:02:29 [DEBUG] core.strategy — [Strategy] BTCUSD LONG: only 0/7 conditions met.
2026-06-01 13:02:29 [DEBUG] core.strategy — [Strategy] BTCUSD SHORT: only 5/7 conditions met.
2026-06-01 13:02:29 [INFO] main — BTCUSD $72,887.00 | trend:bearish | bias:bearish | RSI:32.3 | no setup
2026-06-01 13:02:29 [DEBUG] core.market_data — [MarketData] Cache hit for ETHUSD 1m
2026-06-01 13:02:29 [DEBUG] main — ETHUSD: price $1981.45 (source=REST)
2026-06-01 13:02:29 [DEBUG] core.market_data — [MarketData] Cache hit for ETHUSD 1m
2026-06-01 13:02:29 [INFO] core.market_data — [MarketData] Fetching ETHUSD 5m (30 candles)…
2026-06-01 13:02:29 [DEBUG] urllib3.connectionpool — https://api.india.delta.exchange:443 "GET /v2/history/candles?resolution=5m&symbol=ETHUSD&start=1780288649&end=1780299149 HTTP/1.1" 200 None
2026-06-01 13:02:29 [INFO] core.market_data — [MarketData] Cached 30 candles for ETHUSD 5m
2026-06-01 13:02:29 [INFO] core.market_data — [MarketData] Fetching ETHUSD 15m (60 candles)…
2026-06-01 13:02:29 [DEBUG] urllib3.connectionpool — https://api.india.delta.exchange:443 "GET /v2/history/candles?resolution=15m&symbol=ETHUSD&start=1780240649&end=1780299149 HTTP/1.1" 200 None
2026-06-01 13:02:29 [INFO] core.market_data — [MarketData] Cached 60 candles for ETHUSD 15m
2026-06-01 13:02:29 [INFO] core.market_data — [MarketData] Fetching ETHUSD 1h (250 candles)…
2026-06-01 13:02:29 [DEBUG] urllib3.connectionpool — https://api.india.delta.exchange:443 "GET /v2/history/candles?resolution=1h&symbol=ETHUSD&start=1779381149&end=1780299149 HTTP/1.1" 200 None
2026-06-01 13:02:29 [INFO] core.market_data — [MarketData] Cached 250 candles for ETHUSD 1h
2026-06-01 13:02:29 [INFO] core.market_data — [MarketData] Fetching ETHUSD 4h (300 candles)…
2026-06-01 13:02:29 [DEBUG] urllib3.connectionpool — https://api.india.delta.exchange:443 "GET /v2/history/candles?resolution=4h&symbol=ETHUSD&start=1775907149&end=1780299149 HTTP/1.1" 200 None
2026-06-01 13:02:29 [INFO] core.market_data — [MarketData] Cached 300 candles for ETHUSD 4h
2026-06-01 13:02:29 [INFO] core.market_data — [MarketData] Fetching ETHUSD 1d (200 candles)…
2026-06-01 13:02:30 [DEBUG] urllib3.connectionpool — https://api.india.delta.exchange:443 "GET /v2/history/candles?resolution=1d&symbol=ETHUSD&start=1762587149&end=1780299149 HTTP/1.1" 200 None
2026-06-01 13:02:30 [INFO] core.market_data — [MarketData] Cached 200 candles for ETHUSD 1d
2026-06-01 13:02:30 [DEBUG] main — ETHUSD indicators — RSI15m:35.4 EMA20_1h:2004.08 EMA200_4h:2157.63 ATR:6.6374
2026-06-01 13:02:30 [DEBUG] main — ETHUSD: volatility state = low
2026-06-01 13:02:30 [DEBUG] main — ETHUSD: 4h structure bias=bearish | patterns detected=0
2026-06-01 13:02:30 [DEBUG] main — ETHUSD: SMC — OBs=1 FVGs=4
2026-06-01 13:02:30 [DEBUG] core.strategy — [Strategy] ETHUSD LONG: only 0/7 conditions met.
2026-06-01 13:02:30 [INFO] main — ETHUSD: 1 setup(s) found
2026-06-01 13:02:30 [DEBUG] risk.risk_manager — [RiskManager] Position size: 0.049459 units | risk $1.00 | SL distance 20.2187
2026-06-01 13:02:30 [INFO] main — ETHUSD SHORT: setup valid | conf=86% | entry=1983.45 | sl=2003.67 | tp1=1943.01 | rr=2.00 | lots=0.0495
2026-06-01 13:02:30 [DEBUG] main — ETHUSD SHORT: conditions — Price 1983.4500 < EMA200 1h (2042.9746) & 4h (2157.6336) | 1h EMA20 (2004.0819) < EMA50 (2011.9337) | 15m RSI 35.4 in sell zone [35–50] | Bearish pattern (confirmed): Bearish Engulfing (conf=0.88) | 4h structure: bearish (strength=0.75) | 15m MACD bearish (line=-5.7505 < sig=-4.4925, hist=-1.2580)
2026-06-01 13:02:30 [INFO] execution.paper_trading — [Paper] OPEN SHORT ETHUSD @ 1983.4500 | size=0.0495 | SL=2003.6687 | TP1=1943.0126 | TP2=1922.7939 | id=16f707b2
2026-06-01 13:02:30 [DEBUG] urllib3.connectionpool — Starting new HTTPS connection (1): api.telegram.org:443
2026-06-01 13:02:30 [DEBUG] urllib3.connectionpool — https://api.telegram.org:443 "POST /bot8800960300:AAExwJ0q7WkWipz2RkvKw9-4Y28ePM5TAUc/sendMessage HTTP/1.1" 200 810
2026-06-01 13:02:30 [DEBUG] notifications.telegram — Telegram message sent to chat_id=1948356544
2026-06-01 13:02:30 [DEBUG] urllib3.connectionpool — Starting new HTTPS connection (1): api.telegram.org:443
2026-06-01 13:02:31 [DEBUG] urllib3.connectionpool — https://api.telegram.org:443 "POST /bot8800960300:AAExwJ0q7WkWipz2RkvKw9-4Y28ePM5TAUc/sendMessage HTTP/1.1" 200 792
2026-06-01 13:02:31 [DEBUG] notifications.telegram — Telegram message sent to chat_id=7151542571
2026-06-01 13:02:31 [DEBUG] core.advanced_filters — [OvertradingFilter] ETHUSD signal count: 1/3
2026-06-01 13:02:31 [INFO] main — SIGNAL SENT: ETHUSD SHORT | Entry 1983.45 | SL 2003.67 | TP 1943.01 | Lots 0.049
2026-06-01 13:02:31 [DEBUG] trade_journal — [Journal] Saved 3 records to trade_records.json
2026-06-01 13:02:31 [INFO] trade_journal — [Journal] Recorded OPEN — ETHUSD SHORT | id=16f707b2 | entry=1983.4500 | sl=2003.6687 | tp1=1943.0126 | tp2=1922.7939
2026-06-01 13:02:31 [DEBUG] core.market_data — [MarketData] Cache hit for XAUTUSD 1m
2026-06-01 13:02:31 [DEBUG] main — XAUTUSD: price $4496.13 (source=REST)
2026-06-01 13:02:31 [DEBUG] core.market_data — [MarketData] Cache hit for XAUTUSD 1m
2026-06-01 13:02:31 [INFO] core.market_data — [MarketData] Fetching XAUTUSD 5m (30 candles)…
2026-06-01 13:02:31 [DEBUG] urllib3.connectionpool — https://api.india.delta.exchange:443 "GET /v2/history/candles?resolution=5m&symbol=XAUTUSD&start=1780288651&end=1780299151 HTTP/1.1" 200 None
2026-06-01 13:02:31 [INFO] core.market_data — [MarketData] Cached 30 candles for XAUTUSD 5m
2026-06-01 13:02:31 [INFO] core.market_data — [MarketData] Fetching XAUTUSD 15m (60 candles)…
2026-06-01 13:02:32 [DEBUG] urllib3.connectionpool — https://api.india.delta.exchange:443 "GET /v2/history/candles?resolution=15m&symbol=XAUTUSD&start=1780240651&end=1780299151 HTTP/1.1" 200 None
2026-06-01 13:02:32 [INFO] core.market_data — [MarketData] Cached 60 candles for XAUTUSD 15m
2026-06-01 13:02:32 [INFO] core.market_data — [MarketData] Fetching XAUTUSD 1h (250 candles)…
2026-06-01 13:02:32 [DEBUG] urllib3.connectionpool — https://api.india.delta.exchange:443 "GET /v2/history/candles?resolution=1h&symbol=XAUTUSD&start=1779381152&end=1780299152 HTTP/1.1" 200 None
2026-06-01 13:02:32 [INFO] core.market_data — [MarketData] Cached 250 candles for XAUTUSD 1h
2026-06-01 13:02:32 [INFO] core.market_data — [MarketData] Fetching XAUTUSD 4h (300 candles)…
2026-06-01 13:02:32 [DEBUG] urllib3.connectionpool — https://api.india.delta.exchange:443 "GET /v2/history/candles?resolution=4h&symbol=XAUTUSD&start=1775907152&end=1780299152 HTTP/1.1" 200 None
2026-06-01 13:02:32 [INFO] core.market_data — [MarketData] Cached 269 candles for XAUTUSD 4h
2026-06-01 13:02:32 [INFO] core.market_data — [MarketData] Fetching XAUTUSD 1d (200 candles)…
2026-06-01 13:02:32 [DEBUG] urllib3.connectionpool — https://api.india.delta.exchange:443 "GET /v2/history/candles?resolution=1d&symbol=XAUTUSD&start=1762587152&end=1780299152 HTTP/1.1" 200 None
2026-06-01 13:02:32 [INFO] core.market_data — [MarketData] Cached 46 candles for XAUTUSD 1d
2026-06-01 13:02:32 [DEBUG] main — XAUTUSD indicators — RSI15m:34.7 EMA20_1h:4512.47 EMA200_4h:4580.91 ATR:5.9315
2026-06-01 13:02:32 [DEBUG] main — XAUTUSD: volatility state = low
2026-06-01 13:02:32 [DEBUG] main — XAUTUSD: 4h structure bias=bullish | patterns detected=0
2026-06-01 13:02:32 [DEBUG] main — XAUTUSD: SMC — OBs=3 FVGs=3
2026-06-01 13:02:32 [DEBUG] core.strategy — [Strategy] XAUTUSD LONG: only 1/7 conditions met.
2026-06-01 13:02:32 [DEBUG] core.strategy — [Strategy] XAUTUSD SHORT: only 3/7 conditions met.
2026-06-01 13:02:32 [INFO] main — XAUTUSD $4,496.13 | trend:bearish | bias:bullish | RSI:34.7 | no setup
2026-06-01 13:02:32 [INFO] main — === Scan complete in 5.3s ===
2026-06-01 13:02:58 [DEBUG] websocket — Sending ping
2026-06-01 13:03:28 [DEBUG] websocket — Sending ping
2026-06-01 13:03:58 [DEBUG] websocket — Sending ping
2026-06-01 13:04:28 [DEBUG] websocket — Sending ping
2026-06-01 13:04:58 [DEBUG] websocket — Sending ping
2026-06-01 13:05:28 [DEBUG] websocket — Sending ping
2026-06-01 13:05:58 [DEBUG] websocket — Sending ping
2026-06-01 13:06:28 [DEBUG] websocket — Sending ping
2026-06-01 13:06:58 [DEBUG] websocket — Sending ping
2026-06-01 13:07:28 [DEBUG] websocket — Sending ping
2026-06-01 13:07:32 [DEBUG] schedule — Running job Job(interval=5, unit=minutes, do=run_checks, args=(), kwargs={})
2026-06-01 13:07:32 [INFO] main — === Scan started | symbols=['BTCUSD', 'ETHUSD', 'XAUTUSD'] ===
2026-06-01 13:07:32 [INFO] core.market_data — [MarketData] Fetching BTCUSD 1m (20 candles)…
2026-06-01 13:07:32 [DEBUG] urllib3.connectionpool — Resetting dropped connection: api.india.delta.exchange
2026-06-01 13:07:33 [DEBUG] urllib3.connectionpool — https://api.india.delta.exchange:443 "GET /v2/history/candles?resolution=1m&symbol=BTCUSD&start=1780297952&end=1780299452 HTTP/1.1" 200 None
2026-06-01 13:07:33 [INFO] core.market_data — [MarketData] Cached 20 candles for BTCUSD 1m
2026-06-01 13:07:33 [INFO] core.market_data — [MarketData] Fetching ETHUSD 1m (20 candles)…
2026-06-01 13:07:33 [DEBUG] urllib3.connectionpool — https://api.india.delta.exchange:443 "GET /v2/history/candles?resolution=1m&symbol=ETHUSD&start=1780297953&end=1780299453 HTTP/1.1" 200 None
2026-06-01 13:07:33 [INFO] core.market_data — [MarketData] Cached 20 candles for ETHUSD 1m
2026-06-01 13:07:33 [INFO] core.market_data — [MarketData] Fetching XAUTUSD 1m (20 candles)…
2026-06-01 13:07:33 [DEBUG] urllib3.connectionpool — https://api.india.delta.exchange:443 "GET /v2/history/candles?resolution=1m&symbol=XAUTUSD&start=1780297953&end=1780299453 HTTP/1.1" 200 None
2026-06-01 13:07:33 [INFO] core.market_data — [MarketData] Cached 20 candles for XAUTUSD 1m
2026-06-01 13:07:33 [DEBUG] main — Live prices: {'BTCUSD': '72,900.00', 'ETHUSD': '1,982.70', 'XAUTUSD': '4,495.56'}
2026-06-01 13:07:33 [DEBUG] core.market_data — [MarketData] Cache hit for BTCUSD 1m
2026-06-01 13:07:33 [DEBUG] main — BTCUSD: price $72900.00 (source=REST)
2026-06-01 13:07:33 [DEBUG] core.market_data — [MarketData] Cache hit for BTCUSD 1m
2026-06-01 13:07:33 [INFO] core.market_data — [MarketData] Fetching BTCUSD 5m (30 candles)…
2026-06-01 13:07:33 [DEBUG] urllib3.connectionpool — https://api.india.delta.exchange:443 "GET /v2/history/candles?resolution=5m&symbol=BTCUSD&start=1780288953&end=1780299453 HTTP/1.1" 200 None
2026-06-01 13:07:33 [INFO] core.market_data — [MarketData] Cached 30 candles for BTCUSD 5m
2026-06-01 13:07:33 [INFO] core.market_data — [MarketData] Fetching BTCUSD 15m (60 candles)…
2026-06-01 13:07:33 [DEBUG] urllib3.connectionpool — https://api.india.delta.exchange:443 "GET /v2/history/candles?resolution=15m&symbol=BTCUSD&start=1780240953&end=1780299453 HTTP/1.1" 200 None
2026-06-01 13:07:33 [INFO] core.market_data — [MarketData] Cached 60 candles for BTCUSD 15m
2026-06-01 13:07:33 [INFO] core.market_data — [MarketData] Fetching BTCUSD 1h (250 candles)…
2026-06-01 13:07:34 [DEBUG] urllib3.connectionpool — https://api.india.delta.exchange:443 "GET /v2/history/candles?resolution=1h&symbol=BTCUSD&start=1779381453&end=1780299453 HTTP/1.1" 200 None
2026-06-01 13:07:34 [INFO] core.market_data — [MarketData] Cached 250 candles for BTCUSD 1h
2026-06-01 13:07:34 [INFO] core.market_data — [MarketData] Fetching BTCUSD 4h (300 candles)…
2026-06-01 13:07:34 [DEBUG] urllib3.connectionpool — https://api.india.delta.exchange:443 "GET /v2/history/candles?resolution=4h&symbol=BTCUSD&start=1775907454&end=1780299454 HTTP/1.1" 200 None
2026-06-01 13:07:34 [INFO] core.market_data — [MarketData] Cached 300 candles for BTCUSD 4h
2026-06-01 13:07:34 [INFO] core.market_data — [MarketData] Fetching BTCUSD 1d (200 candles)…
2026-06-01 13:07:34 [DEBUG] urllib3.connectionpool — https://api.india.delta.exchange:443 "GET /v2/history/candles?resolution=1d&symbol=BTCUSD&start=1762587454&end=1780299454 HTTP/1.1" 200 None
2026-06-01 13:07:34 [INFO] core.market_data — [MarketData] Cached 200 candles for BTCUSD 1d
2026-06-01 13:07:34 [DEBUG] main — BTCUSD indicators — RSI15m:31.6 EMA20_1h:73553.56 EMA200_4h:76513.74 ATR:189.0044
2026-06-01 13:07:34 [DEBUG] main — BTCUSD: 4h structure bias=bearish | patterns detected=0
2026-06-01 13:07:34 [DEBUG] main — BTCUSD: SMC — OBs=0 FVGs=5
2026-06-01 13:07:34 [DEBUG] core.strategy — [Strategy] BTCUSD LONG: only 0/7 conditions met.
2026-06-01 13:07:34 [DEBUG] core.strategy — [Strategy] BTCUSD SHORT: only 5/7 conditions met.
2026-06-01 13:07:34 [INFO] main — BTCUSD $72,900.00 | trend:bearish | bias:bearish | RSI:31.6 | no setup
2026-06-01 13:07:34 [DEBUG] core.market_data — [MarketData] Cache hit for ETHUSD 1m
2026-06-01 13:07:34 [DEBUG] main — ETHUSD: price $1982.70 (source=REST)
2026-06-01 13:07:34 [DEBUG] core.market_data — [MarketData] Cache hit for ETHUSD 1m
2026-06-01 13:07:34 [INFO] core.market_data — [MarketData] Fetching ETHUSD 5m (30 candles)…
2026-06-01 13:07:34 [DEBUG] urllib3.connectionpool — https://api.india.delta.exchange:443 "GET /v2/history/candles?resolution=5m&symbol=ETHUSD&start=1780288954&end=1780299454 HTTP/1.1" 200 None
2026-06-01 13:07:34 [INFO] core.market_data — [MarketData] Cached 30 candles for ETHUSD 5m
2026-06-01 13:07:34 [INFO] core.market_data — [MarketData] Fetching ETHUSD 15m (60 candles)…
2026-06-01 13:07:35 [DEBUG] urllib3.connectionpool — https://api.india.delta.exchange:443 "GET /v2/history/candles?resolution=15m&symbol=ETHUSD&start=1780240954&end=1780299454 HTTP/1.1" 200 None
2026-06-01 13:07:35 [INFO] core.market_data — [MarketData] Cached 60 candles for ETHUSD 15m
2026-06-01 13:07:35 [INFO] core.market_data — [MarketData] Fetching ETHUSD 1h (250 candles)…
2026-06-01 13:07:35 [DEBUG] urllib3.connectionpool — https://api.india.delta.exchange:443 "GET /v2/history/candles?resolution=1h&symbol=ETHUSD&start=1779381455&end=1780299455 HTTP/1.1" 200 None
2026-06-01 13:07:35 [INFO] core.market_data — [MarketData] Cached 250 candles for ETHUSD 1h
2026-06-01 13:07:35 [INFO] core.market_data — [MarketData] Fetching ETHUSD 4h (300 candles)…
2026-06-01 13:07:35 [DEBUG] urllib3.connectionpool — https://api.india.delta.exchange:443 "GET /v2/history/candles?resolution=4h&symbol=ETHUSD&start=1775907455&end=1780299455 HTTP/1.1" 200 None
2026-06-01 13:07:35 [INFO] core.market_data — [MarketData] Cached 300 candles for ETHUSD 4h
2026-06-01 13:07:35 [INFO] core.market_data — [MarketData] Fetching ETHUSD 1d (200 candles)…
2026-06-01 13:07:35 [DEBUG] urllib3.connectionpool — https://api.india.delta.exchange:443 "GET /v2/history/candles?resolution=1d&symbol=ETHUSD&start=1762587455&end=1780299455 HTTP/1.1" 200 None
2026-06-01 13:07:35 [INFO] core.market_data — [MarketData] Cached 200 candles for ETHUSD 1d
2026-06-01 13:07:35 [DEBUG] main — ETHUSD indicators — RSI15m:34.7 EMA20_1h:2003.90 EMA200_4h:2157.61 ATR:6.9803
2026-06-01 13:07:35 [DEBUG] main — ETHUSD: 4h structure bias=bearish | patterns detected=2
2026-06-01 13:07:35 [DEBUG] main — ETHUSD: SMC — OBs=1 FVGs=4
2026-06-01 13:07:35 [DEBUG] core.strategy — [Strategy] ETHUSD LONG: only 0/7 conditions met.
2026-06-01 13:07:35 [DEBUG] core.strategy — [Strategy] ETHUSD SHORT: only 5/7 conditions met.
2026-06-01 13:07:35 [INFO] main — ETHUSD $1,982.70 | trend:bearish | bias:bearish | RSI:34.7 | no setup
2026-06-01 13:07:35 [DEBUG] core.market_data — [MarketData] Cache hit for XAUTUSD 1m
2026-06-01 13:07:35 [DEBUG] main — XAUTUSD: price $4495.56 (source=REST)
2026-06-01 13:07:35 [DEBUG] core.market_data — [MarketData] Cache hit for XAUTUSD 1m
2026-06-01 13:07:35 [INFO] core.market_data — [MarketData] Fetching XAUTUSD 5m (30 candles)…
2026-06-01 13:07:36 [DEBUG] urllib3.connectionpool — https://api.india.delta.exchange:443 "GET /v2/history/candles?resolution=5m&symbol=XAUTUSD&start=1780288955&end=1780299455 HTTP/1.1" 200 None
2026-06-01 13:07:36 [INFO] core.market_data — [MarketData] Cached 30 candles for XAUTUSD 5m
2026-06-01 13:07:36 [INFO] core.market_data — [MarketData] Fetching XAUTUSD 15m (60 candles)…
2026-06-01 13:07:36 [DEBUG] urllib3.connectionpool — https://api.india.delta.exchange:443 "GET /v2/history/candles?resolution=15m&symbol=XAUTUSD&start=1780240956&end=1780299456 HTTP/1.1" 200 None
2026-06-01 13:07:36 [INFO] core.market_data — [MarketData] Cached 60 candles for XAUTUSD 15m
2026-06-01 13:07:36 [INFO] core.market_data — [MarketData] Fetching XAUTUSD 1h (250 candles)…
2026-06-01 13:07:36 [DEBUG] urllib3.connectionpool — https://api.india.delta.exchange:443 "GET /v2/history/candles?resolution=1h&symbol=XAUTUSD&start=1779381456&end=1780299456 HTTP/1.1" 200 None
2026-06-01 13:07:36 [INFO] core.market_data — [MarketData] Cached 250 candles for XAUTUSD 1h
2026-06-01 13:07:36 [INFO] core.market_data — [MarketData] Fetching XAUTUSD 4h (300 candles)…
2026-06-01 13:07:36 [DEBUG] urllib3.connectionpool — https://api.india.delta.exchange:443 "GET /v2/history/candles?resolution=4h&symbol=XAUTUSD&start=1775907456&end=1780299456 HTTP/1.1" 200 None
2026-06-01 13:07:36 [INFO] core.market_data — [MarketData] Cached 269 candles for XAUTUSD 4h
2026-06-01 13:07:36 [INFO] core.market_data — [MarketData] Fetching XAUTUSD 1d (200 candles)…
2026-06-01 13:07:36 [DEBUG] urllib3.connectionpool — https://api.india.delta.exchange:443 "GET /v2/history/candles?resolution=1d&symbol=XAUTUSD&start=1762587456&end=1780299456 HTTP/1.1" 200 None
2026-06-01 13:07:36 [INFO] core.market_data — [MarketData] Cached 46 candles for XAUTUSD 1d
2026-06-01 13:07:36 [DEBUG] main — XAUTUSD indicators — RSI15m:33.9 EMA20_1h:4512.48 EMA200_4h:4580.92 ATR:6.0336
2026-06-01 13:07:36 [DEBUG] main — XAUTUSD: 4h structure bias=bullish | patterns detected=3
2026-06-01 13:07:36 [DEBUG] main — XAUTUSD: SMC — OBs=3 FVGs=3
2026-06-01 13:07:36 [DEBUG] core.strategy — [Strategy] XAUTUSD LONG: only 1/7 conditions met.
2026-06-01 13:07:36 [DEBUG] core.strategy — [Strategy] XAUTUSD SHORT: only 3/7 conditions met.
2026-06-01 13:07:36 [INFO] main — XAUTUSD $4,495.56 | trend:bearish | bias:bullish | RSI:33.9 | no setup
2026-06-01 13:07:36 [INFO] main — === Scan complete in 4.2s ===
2026-06-01 13:07:58 [DEBUG] websocket — Sending ping
2026-06-01 13:08:28 [DEBUG] websocket — Sending ping
2026-06-01 13:08:58 [DEBUG] websocket — Sending ping
2026-06-01 13:09:28 [DEBUG] websocket — Sending ping
2026-06-01 13:09:58 [DEBUG] websocket — Sending ping
2026-06-01 13:10:28 [DEBUG] websocket — Sending ping
2026-06-01 13:10:58 [DEBUG] websocket — Sending ping
2026-06-01 13:11:28 [DEBUG] websocket — Sending ping
2026-06-01 13:11:58 [DEBUG] websocket — Sending ping
2026-06-01 13:12:07 [DEBUG] schedule — Running job Job(interval=1, unit=hours, do=send_hourly_status, args=(), kwargs={})
2026-06-01 13:12:07 [INFO] core.market_data — [MarketData] Fetching BTCUSD 1m (20 candles)…
2026-06-01 13:12:07 [DEBUG] urllib3.connectionpool — Resetting dropped connection: api.india.delta.exchange
2026-06-01 13:12:07 [DEBUG] urllib3.connectionpool — https://api.india.delta.exchange:443 "GET /v2/history/candles?resolution=1m&symbol=BTCUSD&start=1780298227&end=1780299727 HTTP/1.1" 200 None
2026-06-01 13:12:07 [INFO] core.market_data — [MarketData] Cached 20 candles for BTCUSD 1m
2026-06-01 13:12:07 [INFO] core.market_data — [MarketData] Fetching ETHUSD 1m (20 candles)…
2026-06-01 13:12:07 [DEBUG] urllib3.connectionpool — https://api.india.delta.exchange:443 "GET /v2/history/candles?resolution=1m&symbol=ETHUSD&start=1780298227&end=1780299727 HTTP/1.1" 200 None
2026-06-01 13:12:07 [INFO] core.market_data — [MarketData] Cached 20 candles for ETHUSD 1m
2026-06-01 13:12:07 [INFO] core.market_data — [MarketData] Fetching XAUTUSD 1m (20 candles)…
2026-06-01 13:12:07 [DEBUG] urllib3.connectionpool — https://api.india.delta.exchange:443 "GET /v2/history/candles?resolution=1m&symbol=XAUTUSD&start=1780298227&end=1780299727 HTTP/1.1" 200 None
2026-06-01 13:12:07 [INFO] core.market_data — [MarketData] Cached 20 candles for XAUTUSD 1m
2026-06-01 13:12:07 [DEBUG] urllib3.connectionpool — Starting new HTTPS connection (1): api.telegram.org:443
2026-06-01 13:12:08 [DEBUG] urllib3.connectionpool — https://api.telegram.org:443 "POST /bot8800960300:AAExwJ0q7WkWipz2RkvKw9-4Y28ePM5TAUc/sendMessage HTTP/1.1" 200 646
2026-06-01 13:12:08 [DEBUG] notifications.telegram — Telegram message sent to chat_id=1948356544
2026-06-01 13:12:08 [DEBUG] urllib3.connectionpool — Starting new HTTPS connection (1): api.telegram.org:443
2026-06-01 13:12:09 [DEBUG] urllib3.connectionpool — https://api.telegram.org:443 "POST /bot8800960300:AAExwJ0q7WkWipz2RkvKw9-4Y28ePM5TAUc/sendMessage HTTP/1.1" 200 628
2026-06-01 13:12:09 [DEBUG] notifications.telegram — Telegram message sent to chat_id=7151542571
2026-06-01 13:12:28 [DEBUG] websocket — Sending ping
2026-06-01 13:12:39 [DEBUG] schedule — Running job Job(interval=5, unit=minutes, do=run_checks, args=(), kwargs={})
2026-06-01 13:12:39 [INFO] main — === Scan started | symbols=['BTCUSD', 'ETHUSD', 'XAUTUSD'] ===
2026-06-01 13:12:39 [DEBUG] core.market_data — [MarketData] Cache hit for BTCUSD 1m
2026-06-01 13:12:39 [DEBUG] core.market_data — [MarketData] Cache hit for ETHUSD 1m
2026-06-01 13:12:39 [DEBUG] core.market_data — [MarketData] Cache hit for XAUTUSD 1m
2026-06-01 13:12:39 [DEBUG] main — Live prices: {'BTCUSD': '72,951.00', 'ETHUSD': '1,983.60', 'XAUTUSD': '4,490.21'}
2026-06-01 13:12:39 [DEBUG] core.market_data — [MarketData] Cache hit for BTCUSD 1m
2026-06-01 13:12:39 [DEBUG] main — BTCUSD: price $72951.00 (source=REST)
2026-06-01 13:12:39 [DEBUG] core.market_data — [MarketData] Cache hit for BTCUSD 1m
2026-06-01 13:12:39 [INFO] core.market_data — [MarketData] Fetching BTCUSD 5m (30 candles)…
2026-06-01 13:12:39 [DEBUG] urllib3.connectionpool — https://api.india.delta.exchange:443 "GET /v2/history/candles?resolution=5m&symbol=BTCUSD&start=1780289259&end=1780299759 HTTP/1.1" 200 None
2026-06-01 13:12:39 [INFO] core.market_data — [MarketData] Cached 30 candles for BTCUSD 5m
2026-06-01 13:12:39 [INFO] core.market_data — [MarketData] Fetching BTCUSD 15m (60 candles)…
2026-06-01 13:12:39 [DEBUG] urllib3.connectionpool — https://api.india.delta.exchange:443 "GET /v2/history/candles?resolution=15m&symbol=BTCUSD&start=1780241259&end=1780299759 HTTP/1.1" 200 None
2026-06-01 13:12:39 [INFO] core.market_data — [MarketData] Cached 60 candles for BTCUSD 15m
2026-06-01 13:12:39 [INFO] core.market_data — [MarketData] Fetching BTCUSD 1h (250 candles)…
2026-06-01 13:12:39 [DEBUG] urllib3.connectionpool — https://api.india.delta.exchange:443 "GET /v2/history/candles?resolution=1h&symbol=BTCUSD&start=1779381759&end=1780299759 HTTP/1.1" 200 None
2026-06-01 13:12:39 [INFO] core.market_data — [MarketData] Cached 250 candles for BTCUSD 1h
2026-06-01 13:12:39 [INFO] core.market_data — [MarketData] Fetching BTCUSD 4h (300 candles)…
2026-06-01 13:12:40 [DEBUG] urllib3.connectionpool — https://api.india.delta.exchange:443 "GET /v2/history/candles?resolution=4h&symbol=BTCUSD&start=1775907759&end=1780299759 HTTP/1.1" 200 None
2026-06-01 13:12:40 [INFO] core.market_data — [MarketData] Cached 300 candles for BTCUSD 4h
2026-06-01 13:12:40 [INFO] core.market_data — [MarketData] Fetching BTCUSD 1d (200 candles)…
2026-06-01 13:12:40 [DEBUG] urllib3.connectionpool — https://api.india.delta.exchange:443 "GET /v2/history/candles?resolution=1d&symbol=BTCUSD&start=1762587760&end=1780299760 HTTP/1.1" 200 None
2026-06-01 13:12:40 [INFO] core.market_data — [MarketData] Cached 200 candles for BTCUSD 1d
2026-06-01 13:12:40 [DEBUG] main — BTCUSD indicators — RSI15m:32.9 EMA20_1h:73555.89 EMA200_4h:76514.34 ATR:189.0044
2026-06-01 13:12:40 [DEBUG] main — BTCUSD: 4h structure bias=bearish | patterns detected=3
2026-06-01 13:12:40 [DEBUG] main — BTCUSD: SMC — OBs=0 FVGs=5
2026-06-01 13:12:40 [DEBUG] core.strategy — [Strategy] BTCUSD LONG: only 0/7 conditions met.
2026-06-01 13:12:40 [DEBUG] core.strategy — [Strategy] BTCUSD SHORT: only 5/7 conditions met.
2026-06-01 13:12:40 [INFO] main — BTCUSD $72,951.00 | trend:bearish | bias:bearish | RSI:32.9 | no setup
2026-06-01 13:12:40 [DEBUG] core.market_data — [MarketData] Cache hit for ETHUSD 1m
2026-06-01 13:12:40 [DEBUG] main — ETHUSD: price $1983.60 (source=REST)
2026-06-01 13:12:40 [DEBUG] core.market_data — [MarketData] Cache hit for ETHUSD 1m
2026-06-01 13:12:40 [INFO] core.market_data — [MarketData] Fetching ETHUSD 5m (30 candles)…
2026-06-01 13:12:40 [DEBUG] urllib3.connectionpool — https://api.india.delta.exchange:443 "GET /v2/history/candles?resolution=5m&symbol=ETHUSD&start=1780289260&end=1780299760 HTTP/1.1" 200 None
2026-06-01 13:12:40 [INFO] core.market_data — [MarketData] Cached 30 candles for ETHUSD 5m
2026-06-01 13:12:40 [INFO] core.market_data — [MarketData] Fetching ETHUSD 15m (60 candles)…
2026-06-01 13:12:40 [DEBUG] urllib3.connectionpool — https://api.india.delta.exchange:443 "GET /v2/history/candles?resolution=15m&symbol=ETHUSD&start=1780241260&end=1780299760 HTTP/1.1" 200 None
2026-06-01 13:12:40 [INFO] core.market_data — [MarketData] Cached 60 candles for ETHUSD 15m
2026-06-01 13:12:40 [INFO] core.market_data — [MarketData] Fetching ETHUSD 1h (250 candles)…
2026-06-01 13:12:40 [DEBUG] urllib3.connectionpool — https://api.india.delta.exchange:443 "GET /v2/history/candles?resolution=1h&symbol=ETHUSD&start=1779381760&end=1780299760 HTTP/1.1" 200 None
2026-06-01 13:12:40 [INFO] core.market_data — [MarketData] Cached 250 candles for ETHUSD 1h
2026-06-01 13:12:40 [INFO] core.market_data — [MarketData] Fetching ETHUSD 4h (300 candles)…
2026-06-01 13:12:41 [DEBUG] urllib3.connectionpool — https://api.india.delta.exchange:443 "GET /v2/history/candles?resolution=4h&symbol=ETHUSD&start=1775907760&end=1780299760 HTTP/1.1" 200 None
2026-06-01 13:12:41 [INFO] core.market_data — [MarketData] Cached 300 candles for ETHUSD 4h
2026-06-01 13:12:41 [INFO] core.market_data — [MarketData] Fetching ETHUSD 1d (200 candles)…
2026-06-01 13:12:41 [DEBUG] urllib3.connectionpool — https://api.india.delta.exchange:443 "GET /v2/history/candles?resolution=1d&symbol=ETHUSD&start=1762587761&end=1780299761 HTTP/1.1" 200 None
2026-06-01 13:12:41 [INFO] core.market_data — [MarketData] Cached 200 candles for ETHUSD 1d
2026-06-01 13:12:41 [DEBUG] main — ETHUSD indicators — RSI15m:35.5 EMA20_1h:2003.94 EMA200_4h:2157.63 ATR:6.9910
2026-06-01 13:12:41 [DEBUG] main — ETHUSD: 4h structure bias=bearish | patterns detected=2
2026-06-01 13:12:41 [DEBUG] main — ETHUSD: SMC — OBs=1 FVGs=4
2026-06-01 13:12:41 [DEBUG] core.strategy — [Strategy] ETHUSD LONG: only 0/7 conditions met.
2026-06-01 13:12:41 [INFO] main — ETHUSD: 1 setup(s) found
2026-06-01 13:12:41 [INFO] main — ETHUSD SHORT: cooldown active (13790s remaining)
2026-06-01 13:12:41 [DEBUG] core.market_data — [MarketData] Cache hit for XAUTUSD 1m
2026-06-01 13:12:41 [DEBUG] main — XAUTUSD: price $4490.21 (source=REST)
2026-06-01 13:12:41 [DEBUG] core.market_data — [MarketData] Cache hit for XAUTUSD 1m
2026-06-01 13:12:41 [INFO] core.market_data — [MarketData] Fetching XAUTUSD 5m (30 candles)…
2026-06-01 13:12:41 [DEBUG] urllib3.connectionpool — https://api.india.delta.exchange:443 "GET /v2/history/candles?resolution=5m&symbol=XAUTUSD&start=1780289261&end=1780299761 HTTP/1.1" 200 None
2026-06-01 13:12:41 [INFO] core.market_data — [MarketData] Cached 30 candles for XAUTUSD 5m
2026-06-01 13:12:41 [INFO] core.market_data — [MarketData] Fetching XAUTUSD 15m (60 candles)…
2026-06-01 13:12:41 [DEBUG] urllib3.connectionpool — https://api.india.delta.exchange:443 "GET /v2/history/candles?resolution=15m&symbol=XAUTUSD&start=1780241261&end=1780299761 HTTP/1.1" 200 None
2026-06-01 13:12:41 [INFO] core.market_data — [MarketData] Cached 60 candles for XAUTUSD 15m
2026-06-01 13:12:41 [INFO] core.market_data — [MarketData] Fetching XAUTUSD 1h (250 candles)…
2026-06-01 13:12:41 [DEBUG] urllib3.connectionpool — https://api.india.delta.exchange:443 "GET /v2/history/candles?resolution=1h&symbol=XAUTUSD&start=1779381761&end=1780299761 HTTP/1.1" 200 None
2026-06-01 13:12:41 [INFO] core.market_data — [MarketData] Cached 250 candles for XAUTUSD 1h
2026-06-01 13:12:41 [INFO] core.market_data — [MarketData] Fetching XAUTUSD 4h (300 candles)…
2026-06-01 13:12:42 [DEBUG] urllib3.connectionpool — https://api.india.delta.exchange:443 "GET /v2/history/candles?resolution=4h&symbol=XAUTUSD&start=1775907761&end=1780299761 HTTP/1.1" 200 None
2026-06-01 13:12:42 [INFO] core.market_data — [MarketData] Cached 269 candles for XAUTUSD 4h
2026-06-01 13:12:42 [INFO] core.market_data — [MarketData] Fetching XAUTUSD 1d (200 candles)…
2026-06-01 13:12:42 [DEBUG] urllib3.connectionpool — https://api.india.delta.exchange:443 "GET /v2/history/candles?resolution=1d&symbol=XAUTUSD&start=1762587762&end=1780299762 HTTP/1.1" 200 None
2026-06-01 13:12:42 [INFO] core.market_data — [MarketData] Cached 46 candles for XAUTUSD 1d
2026-06-01 13:12:42 [DEBUG] main — XAUTUSD indicators — RSI15m:32.6 EMA20_1h:4512.47 EMA200_4h:4580.91 ATR:6.1422
2026-06-01 13:12:42 [DEBUG] main — XAUTUSD: 4h structure bias=bullish | patterns detected=0
2026-06-01 13:12:42 [DEBUG] main — XAUTUSD: SMC — OBs=3 FVGs=3
2026-06-01 13:12:42 [DEBUG] core.strategy — [Strategy] XAUTUSD LONG: only 1/7 conditions met.
2026-06-01 13:12:42 [DEBUG] core.strategy — [Strategy] XAUTUSD SHORT: only 3/7 conditions met.
2026-06-01 13:12:42 [INFO] main — XAUTUSD $4,490.21 | trend:bearish | bias:bullish | RSI:32.6 | no setup
2026-06-01 13:12:42 [INFO] main — === Scan complete in 3.1s ===
2026-06-01 13:12:58 [DEBUG] websocket — Sending ping
2026-06-01 13:13:28 [DEBUG] websocket — Sending ping
2026-06-01 13:13:58 [DEBUG] websocket — Sending ping
2026-06-01 13:14:28 [DEBUG] websocket — Sending ping
2026-06-01 13:14:58 [DEBUG] websocket — Sending ping
2026-06-01 13:15:28 [DEBUG] websocket — Sending ping
2026-06-01 13:15:58 [DEBUG] websocket — Sending ping
2026-06-01 13:16:28 [DEBUG] websocket — Sending ping
2026-06-01 13:16:58 [DEBUG] websocket — Sending ping
2026-06-01 13:17:28 [DEBUG] websocket — Sending ping
2026-06-01 13:17:42 [DEBUG] schedule — Running job Job(interval=5, unit=minutes, do=run_checks, args=(), kwargs={})
2026-06-01 13:17:42 [INFO] main — === Scan started | symbols=['BTCUSD', 'ETHUSD', 'XAUTUSD'] ===
2026-06-01 13:17:42 [INFO] core.market_data — [MarketData] Fetching BTCUSD 1m (20 candles)…
2026-06-01 13:17:42 [DEBUG] urllib3.connectionpool — Resetting dropped connection: api.india.delta.exchange
2026-06-01 13:17:43 [DEBUG] urllib3.connectionpool — https://api.india.delta.exchange:443 "GET /v2/history/candles?resolution=1m&symbol=BTCUSD&start=1780298562&end=1780300062 HTTP/1.1" 200 None
2026-06-01 13:17:43 [INFO] core.market_data — [MarketData] Cached 20 candles for BTCUSD 1m
2026-06-01 13:17:43 [INFO] core.market_data — [MarketData] Fetching ETHUSD 1m (20 candles)…
2026-06-01 13:17:43 [DEBUG] urllib3.connectionpool — https://api.india.delta.exchange:443 "GET /v2/history/candles?resolution=1m&symbol=ETHUSD&start=1780298563&end=1780300063 HTTP/1.1" 200 None
2026-06-01 13:17:43 [INFO] core.market_data — [MarketData] Cached 20 candles for ETHUSD 1m
2026-06-01 13:17:43 [INFO] core.market_data — [MarketData] Fetching XAUTUSD 1m (20 candles)…
2026-06-01 13:17:43 [DEBUG] urllib3.connectionpool — https://api.india.delta.exchange:443 "GET /v2/history/candles?resolution=1m&symbol=XAUTUSD&start=1780298563&end=1780300063 HTTP/1.1" 200 None
2026-06-01 13:17:43 [INFO] core.market_data — [MarketData] Cached 20 candles for XAUTUSD 1m
2026-06-01 13:17:43 [DEBUG] main — Live prices: {'BTCUSD': '72,917.50', 'ETHUSD': '1,982.45', 'XAUTUSD': '4,487.43'}
2026-06-01 13:17:43 [DEBUG] core.market_data — [MarketData] Cache hit for BTCUSD 1m
2026-06-01 13:17:43 [DEBUG] main — BTCUSD: price $72917.50 (source=REST)
2026-06-01 13:17:43 [DEBUG] core.market_data — [MarketData] Cache hit for BTCUSD 1m
2026-06-01 13:17:43 [INFO] core.market_data — [MarketData] Fetching BTCUSD 5m (30 candles)…
2026-06-01 13:17:43 [DEBUG] urllib3.connectionpool — https://api.india.delta.exchange:443 "GET /v2/history/candles?resolution=5m&symbol=BTCUSD&start=1780289563&end=1780300063 HTTP/1.1" 200 None
2026-06-01 13:17:43 [INFO] core.market_data — [MarketData] Cached 30 candles for BTCUSD 5m
2026-06-01 13:17:43 [INFO] core.market_data — [MarketData] Fetching BTCUSD 15m (60 candles)…
2026-06-01 13:17:44 [DEBUG] urllib3.connectionpool — https://api.india.delta.exchange:443 "GET /v2/history/candles?resolution=15m&symbol=BTCUSD&start=1780241563&end=1780300063 HTTP/1.1" 200 None
2026-06-01 13:17:44 [INFO] core.market_data — [MarketData] Cached 60 candles for BTCUSD 15m
2026-06-01 13:17:44 [INFO] core.market_data — [MarketData] Fetching BTCUSD 1h (250 candles)…
2026-06-01 13:17:44 [DEBUG] urllib3.connectionpool — https://api.india.delta.exchange:443 "GET /v2/history/candles?resolution=1h&symbol=BTCUSD&start=1779382064&end=1780300064 HTTP/1.1" 200 None
2026-06-01 13:17:44 [INFO] core.market_data — [MarketData] Cached 250 candles for BTCUSD 1h
2026-06-01 13:17:44 [INFO] core.market_data — [MarketData] Fetching BTCUSD 4h (300 candles)…
2026-06-01 13:17:44 [DEBUG] urllib3.connectionpool — https://api.india.delta.exchange:443 "GET /v2/history/candles?resolution=4h&symbol=BTCUSD&start=1775908064&end=1780300064 HTTP/1.1" 200 None
2026-06-01 13:17:44 [INFO] core.market_data — [MarketData] Cached 300 candles for BTCUSD 4h
2026-06-01 13:17:44 [INFO] core.market_data — [MarketData] Fetching BTCUSD 1d (200 candles)…
2026-06-01 13:17:44 [DEBUG] urllib3.connectionpool — https://api.india.delta.exchange:443 "GET /v2/history/candles?resolution=1d&symbol=BTCUSD&start=1762588064&end=1780300064 HTTP/1.1" 200 None
2026-06-01 13:17:44 [INFO] core.market_data — [MarketData] Cached 200 candles for BTCUSD 1d
2026-06-01 13:17:44 [DEBUG] main — BTCUSD indicators — RSI15m:33.4 EMA20_1h:73555.42 EMA200_4h:76514.19 ATR:177.7940
2026-06-01 13:17:44 [DEBUG] main — BTCUSD: volatility state = low
2026-06-01 13:17:44 [DEBUG] main — BTCUSD: 4h structure bias=bearish | patterns detected=0
2026-06-01 13:17:44 [DEBUG] main — BTCUSD: SMC — OBs=0 FVGs=5
2026-06-01 13:17:44 [DEBUG] core.strategy — [Strategy] BTCUSD LONG: only 1/7 conditions met.
2026-06-01 13:17:44 [DEBUG] core.strategy — [Strategy] BTCUSD SHORT: only 5/7 conditions met.
2026-06-01 13:17:44 [INFO] main — BTCUSD $72,917.50 | trend:bearish | bias:bearish | RSI:33.4 | no setup
2026-06-01 13:17:44 [DEBUG] core.market_data — [MarketData] Cache hit for ETHUSD 1m
2026-06-01 13:17:44 [DEBUG] main — ETHUSD: price $1982.45 (source=REST)
2026-06-01 13:17:44 [DEBUG] core.market_data — [MarketData] Cache hit for ETHUSD 1m
2026-06-01 13:17:44 [INFO] core.market_data — [MarketData] Fetching ETHUSD 5m (30 candles)…
2026-06-01 13:17:45 [DEBUG] urllib3.connectionpool — https://api.india.delta.exchange:443 "GET /v2/history/candles?resolution=5m&symbol=ETHUSD&start=1780289564&end=1780300064 HTTP/1.1" 200 None
2026-06-01 13:17:45 [INFO] core.market_data — [MarketData] Cached 30 candles for ETHUSD 5m
2026-06-01 13:17:45 [INFO] core.market_data — [MarketData] Fetching ETHUSD 15m (60 candles)…
2026-06-01 13:17:45 [DEBUG] urllib3.connectionpool — https://api.india.delta.exchange:443 "GET /v2/history/candles?resolution=15m&symbol=ETHUSD&start=1780241565&end=1780300065 HTTP/1.1" 200 None
2026-06-01 13:17:45 [INFO] core.market_data — [MarketData] Cached 60 candles for ETHUSD 15m
2026-06-01 13:17:45 [INFO] core.market_data — [MarketData] Fetching ETHUSD 1h (250 candles)…
2026-06-01 13:17:45 [DEBUG] urllib3.connectionpool — https://api.india.delta.exchange:443 "GET /v2/history/candles?resolution=1h&symbol=ETHUSD&start=1779382065&end=1780300065 HTTP/1.1" 200 None
2026-06-01 13:17:45 [INFO] core.market_data — [MarketData] Cached 250 candles for ETHUSD 1h
2026-06-01 13:17:45 [INFO] core.market_data — [MarketData] Fetching ETHUSD 4h (300 candles)…
2026-06-01 13:17:45 [DEBUG] urllib3.connectionpool — https://api.india.delta.exchange:443 "GET /v2/history/candles?resolution=4h&symbol=ETHUSD&start=1775908065&end=1780300065 HTTP/1.1" 200 None
2026-06-01 13:17:45 [INFO] core.market_data — [MarketData] Cached 300 candles for ETHUSD 4h
2026-06-01 13:17:45 [INFO] core.market_data — [MarketData] Fetching ETHUSD 1d (200 candles)…
2026-06-01 13:17:45 [DEBUG] urllib3.connectionpool — https://api.india.delta.exchange:443 "GET /v2/history/candles?resolution=1d&symbol=ETHUSD&start=1762588065&end=1780300065 HTTP/1.1" 200 None
2026-06-01 13:17:45 [INFO] core.market_data — [MarketData] Cached 200 candles for ETHUSD 1d
2026-06-01 13:17:46 [DEBUG] main — ETHUSD indicators — RSI15m:36.8 EMA20_1h:2003.85 EMA200_4h:2157.61 ATR:6.6332
2026-06-01 13:17:46 [DEBUG] main — ETHUSD: volatility state = low
2026-06-01 13:17:46 [DEBUG] main — ETHUSD: 4h structure bias=bearish | patterns detected=0
2026-06-01 13:17:46 [DEBUG] main — ETHUSD: SMC — OBs=0 FVGs=5
2026-06-01 13:17:46 [DEBUG] core.strategy — [Strategy] ETHUSD LONG: only 0/7 conditions met.
2026-06-01 13:17:46 [DEBUG] core.strategy — [Strategy] ETHUSD SHORT: only 5/7 conditions met.
2026-06-01 13:17:46 [INFO] main — ETHUSD $1,982.45 | trend:bearish | bias:bearish | RSI:36.8 | no setup
2026-06-01 13:17:46 [DEBUG] core.market_data — [MarketData] Cache hit for XAUTUSD 1m
2026-06-01 13:17:46 [DEBUG] main — XAUTUSD: price $4487.43 (source=REST)
2026-06-01 13:17:46 [DEBUG] core.market_data — [MarketData] Cache hit for XAUTUSD 1m
2026-06-01 13:17:46 [INFO] core.market_data — [MarketData] Fetching XAUTUSD 5m (30 candles)…
2026-06-01 13:17:46 [DEBUG] urllib3.connectionpool — https://api.india.delta.exchange:443 "GET /v2/history/candles?resolution=5m&symbol=XAUTUSD&start=1780289566&end=1780300066 HTTP/1.1" 200 None
2026-06-01 13:17:46 [INFO] core.market_data — [MarketData] Cached 30 candles for XAUTUSD 5m
2026-06-01 13:17:46 [INFO] core.market_data — [MarketData] Fetching XAUTUSD 15m (60 candles)…
2026-06-01 13:17:46 [DEBUG] urllib3.connectionpool — https://api.india.delta.exchange:443 "GET /v2/history/candles?resolution=15m&symbol=XAUTUSD&start=1780241566&end=1780300066 HTTP/1.1" 200 None
2026-06-01 13:17:46 [INFO] core.market_data — [MarketData] Cached 60 candles for XAUTUSD 15m
2026-06-01 13:17:46 [INFO] core.market_data — [MarketData] Fetching XAUTUSD 1h (250 candles)…
2026-06-01 13:17:46 [DEBUG] urllib3.connectionpool — https://api.india.delta.exchange:443 "GET /v2/history/candles?resolution=1h&symbol=XAUTUSD&start=1779382066&end=1780300066 HTTP/1.1" 200 None
2026-06-01 13:17:46 [INFO] core.market_data — [MarketData] Cached 250 candles for XAUTUSD 1h
2026-06-01 13:17:46 [INFO] core.market_data — [MarketData] Fetching XAUTUSD 4h (300 candles)…
2026-06-01 13:17:46 [DEBUG] urllib3.connectionpool — https://api.india.delta.exchange:443 "GET /v2/history/candles?resolution=4h&symbol=XAUTUSD&start=1775908066&end=1780300066 HTTP/1.1" 200 None
2026-06-01 13:17:46 [INFO] core.market_data — [MarketData] Cached 269 candles for XAUTUSD 4h
2026-06-01 13:17:46 [INFO] core.market_data — [MarketData] Fetching XAUTUSD 1d (200 candles)…
2026-06-01 13:17:47 [DEBUG] urllib3.connectionpool — https://api.india.delta.exchange:443 "GET /v2/history/candles?resolution=1d&symbol=XAUTUSD&start=1762588066&end=1780300066 HTTP/1.1" 200 None
2026-06-01 13:17:47 [INFO] core.market_data — [MarketData] Cached 46 candles for XAUTUSD 1d
2026-06-01 13:17:47 [DEBUG] main — XAUTUSD indicators — RSI15m:30.2 EMA20_1h:4512.04 EMA200_4h:4580.89 ATR:6.0125
2026-06-01 13:17:47 [DEBUG] main — XAUTUSD: volatility state = low
2026-06-01 13:17:47 [DEBUG] main — XAUTUSD: 4h structure bias=bullish | patterns detected=0
2026-06-01 13:17:47 [DEBUG] main — XAUTUSD: SMC — OBs=3 FVGs=4
2026-06-01 13:17:47 [DEBUG] core.strategy — [Strategy] XAUTUSD LONG: only 1/7 conditions met.
2026-06-01 13:17:47 [DEBUG] core.strategy — [Strategy] XAUTUSD SHORT: only 3/7 conditions met.
2026-06-01 13:17:47 [INFO] main — XAUTUSD $4,487.43 | trend:bearish | bias:bullish | RSI:30.2 | no setup
2026-06-01 13:17:47 [INFO] main — === Scan complete in 4.9s ===
2026-06-01 13:17:58 [DEBUG] websocket — Sending ping
2026-06-01 13:18:28 [DEBUG] websocket — Sending ping
2026-06-01 13:18:58 [DEBUG] websocket — Sending ping
2026-06-01 13:19:28 [DEBUG] websocket — Sending ping
2026-06-01 13:19:58 [DEBUG] websocket — Sending ping
2026-06-01 13:20:28 [DEBUG] websocket — Sending ping
2026-06-01 13:20:58 [DEBUG] websocket — Sending ping
2026-06-01 13:21:28 [DEBUG] websocket — Sending ping
2026-06-01 13:21:58 [DEBUG] websocket — Sending ping
2026-06-01 13:22:28 [DEBUG] websocket — Sending ping
2026-06-01 13:22:47 [DEBUG] schedule — Running job Job(interval=5, unit=minutes, do=run_checks, args=(), kwargs={})
2026-06-01 13:22:47 [INFO] main — === Scan started | symbols=['BTCUSD', 'ETHUSD', 'XAUTUSD'] ===
2026-06-01 13:22:47 [INFO] core.market_data — [MarketData] Fetching BTCUSD 1m (20 candles)…
2026-06-01 13:22:47 [DEBUG] urllib3.connectionpool — Resetting dropped connection: api.india.delta.exchange
2026-06-01 13:22:48 [DEBUG] urllib3.connectionpool — https://api.india.delta.exchange:443 "GET /v2/history/candles?resolution=1m&symbol=BTCUSD&start=1780298867&end=1780300367 HTTP/1.1" 200 None
2026-06-01 13:22:48 [INFO] core.market_data — [MarketData] Cached 20 candles for BTCUSD 1m
2026-06-01 13:22:48 [INFO] core.market_data — [MarketData] Fetching ETHUSD 1m (20 candles)…
2026-06-01 13:22:48 [DEBUG] urllib3.connectionpool — https://api.india.delta.exchange:443 "GET /v2/history/candles?resolution=1m&symbol=ETHUSD&start=1780298868&end=1780300368 HTTP/1.1" 200 None
2026-06-01 13:22:48 [INFO] core.market_data — [MarketData] Cached 20 candles for ETHUSD 1m
2026-06-01 13:22:48 [INFO] core.market_data — [MarketData] Fetching XAUTUSD 1m (20 candles)…
2026-06-01 13:22:48 [DEBUG] urllib3.connectionpool — https://api.india.delta.exchange:443 "GET /v2/history/candles?resolution=1m&symbol=XAUTUSD&start=1780298868&end=1780300368 HTTP/1.1" 200 None
2026-06-01 13:22:48 [INFO] core.market_data — [MarketData] Cached 20 candles for XAUTUSD 1m
2026-06-01 13:22:48 [DEBUG] main — Live prices: {'BTCUSD': '72,815.50', 'ETHUSD': '1,977.90', 'XAUTUSD': '4,485.46'}
2026-06-01 13:22:48 [DEBUG] core.market_data — [MarketData] Cache hit for BTCUSD 1m
2026-06-01 13:22:48 [DEBUG] main — BTCUSD: price $72815.50 (source=REST)
2026-06-01 13:22:48 [DEBUG] core.market_data — [MarketData] Cache hit for BTCUSD 1m
2026-06-01 13:22:48 [INFO] core.market_data — [MarketData] Fetching BTCUSD 5m (30 candles)…
2026-06-01 13:22:48 [DEBUG] urllib3.connectionpool — https://api.india.delta.exchange:443 "GET /v2/history/candles?resolution=5m&symbol=BTCUSD&start=1780289868&end=1780300368 HTTP/1.1" 200 None
2026-06-01 13:22:48 [INFO] core.market_data — [MarketData] Cached 30 candles for BTCUSD 5m
2026-06-01 13:22:48 [INFO] core.market_data — [MarketData] Fetching BTCUSD 15m (60 candles)…
2026-06-01 13:22:48 [DEBUG] urllib3.connectionpool — https://api.india.delta.exchange:443 "GET /v2/history/candles?resolution=15m&symbol=BTCUSD&start=1780241868&end=1780300368 HTTP/1.1" 200 None
2026-06-01 13:22:48 [INFO] core.market_data — [MarketData] Cached 60 candles for BTCUSD 15m
2026-06-01 13:22:48 [INFO] core.market_data — [MarketData] Fetching BTCUSD 1h (250 candles)…
2026-06-01 13:22:49 [DEBUG] urllib3.connectionpool — https://api.india.delta.exchange:443 "GET /v2/history/candles?resolution=1h&symbol=BTCUSD&start=1779382368&end=1780300368 HTTP/1.1" 200 None
2026-06-01 13:22:49 [INFO] core.market_data — [MarketData] Cached 250 candles for BTCUSD 1h
2026-06-01 13:22:49 [INFO] core.market_data — [MarketData] Fetching BTCUSD 4h (300 candles)…
2026-06-01 13:22:49 [DEBUG] urllib3.connectionpool — https://api.india.delta.exchange:443 "GET /v2/history/candles?resolution=4h&symbol=BTCUSD&start=1775908369&end=1780300369 HTTP/1.1" 200 None
2026-06-01 13:22:49 [INFO] core.market_data — [MarketData] Cached 300 candles for BTCUSD 4h
2026-06-01 13:22:49 [INFO] core.market_data — [MarketData] Fetching BTCUSD 1d (200 candles)…
2026-06-01 13:22:49 [DEBUG] urllib3.connectionpool — https://api.india.delta.exchange:443 "GET /v2/history/candles?resolution=1d&symbol=BTCUSD&start=1762588369&end=1780300369 HTTP/1.1" 200 None
2026-06-01 13:22:49 [INFO] core.market_data — [MarketData] Cached 200 candles for BTCUSD 1d
2026-06-01 13:22:49 [DEBUG] main — BTCUSD indicators — RSI15m:30.8 EMA20_1h:73547.18 EMA200_4h:76512.17 ATR:195.1512
2026-06-01 13:22:49 [DEBUG] main — BTCUSD: 4h structure bias=bearish | patterns detected=0
2026-06-01 13:22:49 [DEBUG] main — BTCUSD: SMC — OBs=0 FVGs=5
2026-06-01 13:22:49 [DEBUG] core.strategy — [Strategy] BTCUSD LONG: only 1/7 conditions met.
2026-06-01 13:22:49 [DEBUG] core.strategy — [Strategy] BTCUSD SHORT: only 5/7 conditions met.
2026-06-01 13:22:49 [INFO] main — BTCUSD $72,815.50 | trend:bearish | bias:bearish | RSI:30.8 | no setup
2026-06-01 13:22:49 [DEBUG] core.market_data — [MarketData] Cache hit for ETHUSD 1m
2026-06-01 13:22:49 [DEBUG] main — ETHUSD: price $1977.90 (source=REST)
2026-06-01 13:22:49 [DEBUG] core.market_data — [MarketData] Cache hit for ETHUSD 1m
2026-06-01 13:22:49 [INFO] core.market_data — [MarketData] Fetching ETHUSD 5m (30 candles)…
2026-06-01 13:22:49 [DEBUG] urllib3.connectionpool — https://api.india.delta.exchange:443 "GET /v2/history/candles?resolution=5m&symbol=ETHUSD&start=1780289869&end=1780300369 HTTP/1.1" 200 None
2026-06-01 13:22:49 [INFO] core.market_data — [MarketData] Cached 30 candles for ETHUSD 5m
2026-06-01 13:22:49 [INFO] core.market_data — [MarketData] Fetching ETHUSD 15m (60 candles)…
2026-06-01 13:22:50 [DEBUG] urllib3.connectionpool — https://api.india.delta.exchange:443 "GET /v2/history/candles?resolution=15m&symbol=ETHUSD&start=1780241869&end=1780300369 HTTP/1.1" 200 None
2026-06-01 13:22:50 [INFO] core.market_data — [MarketData] Cached 60 candles for ETHUSD 15m
2026-06-01 13:22:50 [INFO] core.market_data — [MarketData] Fetching ETHUSD 1h (250 candles)…
2026-06-01 13:22:50 [DEBUG] urllib3.connectionpool — https://api.india.delta.exchange:443 "GET /v2/history/candles?resolution=1h&symbol=ETHUSD&start=1779382370&end=1780300370 HTTP/1.1" 200 None
2026-06-01 13:22:50 [INFO] core.market_data — [MarketData] Cached 250 candles for ETHUSD 1h
2026-06-01 13:22:50 [INFO] core.market_data — [MarketData] Fetching ETHUSD 4h (300 candles)…
2026-06-01 13:22:50 [DEBUG] urllib3.connectionpool — https://api.india.delta.exchange:443 "GET /v2/history/candles?resolution=4h&symbol=ETHUSD&start=1775908370&end=1780300370 HTTP/1.1" 200 None
2026-06-01 13:22:50 [INFO] core.market_data — [MarketData] Cached 300 candles for ETHUSD 4h
2026-06-01 13:22:50 [INFO] core.market_data — [MarketData] Fetching ETHUSD 1d (200 candles)…
2026-06-01 13:22:50 [DEBUG] urllib3.connectionpool — https://api.india.delta.exchange:443 "GET /v2/history/candles?resolution=1d&symbol=ETHUSD&start=1762588370&end=1780300370 HTTP/1.1" 200 None
2026-06-01 13:22:50 [INFO] core.market_data — [MarketData] Cached 200 candles for ETHUSD 1d
2026-06-01 13:22:50 [DEBUG] main — ETHUSD indicators — RSI15m:32.4 EMA20_1h:2003.49 EMA200_4h:2157.52 ATR:7.4725
2026-06-01 13:22:50 [DEBUG] main — ETHUSD: 4h structure bias=bearish | patterns detected=1
2026-06-01 13:22:50 [DEBUG] main — ETHUSD: SMC — OBs=0 FVGs=5
2026-06-01 13:22:50 [DEBUG] core.strategy — [Strategy] ETHUSD LONG: only 0/7 conditions met.
2026-06-01 13:22:50 [DEBUG] core.strategy — [Strategy] ETHUSD SHORT: only 4/7 conditions met.
2026-06-01 13:22:50 [INFO] main — ETHUSD $1,977.90 | trend:bearish | bias:bearish | RSI:32.4 | no setup
2026-06-01 13:22:50 [DEBUG] core.market_data — [MarketData] Cache hit for XAUTUSD 1m
2026-06-01 13:22:50 [DEBUG] main — XAUTUSD: price $4485.46 (source=REST)
2026-06-01 13:22:50 [DEBUG] core.market_data — [MarketData] Cache hit for XAUTUSD 1m
2026-06-01 13:22:50 [INFO] core.market_data — [MarketData] Fetching XAUTUSD 5m (30 candles)…
2026-06-01 13:22:51 [DEBUG] urllib3.connectionpool — https://api.india.delta.exchange:443 "GET /v2/history/candles?resolution=5m&symbol=XAUTUSD&start=1780289870&end=1780300370 HTTP/1.1" 200 None
2026-06-01 13:22:51 [INFO] core.market_data — [MarketData] Cached 30 candles for XAUTUSD 5m
2026-06-01 13:22:51 [INFO] core.market_data — [MarketData] Fetching XAUTUSD 15m (60 candles)…
2026-06-01 13:22:51 [DEBUG] urllib3.connectionpool — https://api.india.delta.exchange:443 "GET /v2/history/candles?resolution=15m&symbol=XAUTUSD&start=1780241871&end=1780300371 HTTP/1.1" 200 None
2026-06-01 13:22:51 [INFO] core.market_data — [MarketData] Cached 60 candles for XAUTUSD 15m
2026-06-01 13:22:51 [INFO] core.market_data — [MarketData] Fetching XAUTUSD 1h (250 candles)…
2026-06-01 13:22:51 [DEBUG] urllib3.connectionpool — https://api.india.delta.exchange:443 "GET /v2/history/candles?resolution=1h&symbol=XAUTUSD&start=1779382371&end=1780300371 HTTP/1.1" 200 None
2026-06-01 13:22:51 [INFO] core.market_data — [MarketData] Cached 250 candles for XAUTUSD 1h
2026-06-01 13:22:51 [INFO] core.market_data — [MarketData] Fetching XAUTUSD 4h (300 candles)…
2026-06-01 13:22:51 [DEBUG] urllib3.connectionpool — https://api.india.delta.exchange:443 "GET /v2/history/candles?resolution=4h&symbol=XAUTUSD&start=1775908371&end=1780300371 HTTP/1.1" 200 None
2026-06-01 13:22:51 [INFO] core.market_data — [MarketData] Cached 269 candles for XAUTUSD 4h
2026-06-01 13:22:51 [INFO] core.market_data — [MarketData] Fetching XAUTUSD 1d (200 candles)…
2026-06-01 13:22:51 [DEBUG] urllib3.connectionpool — https://api.india.delta.exchange:443 "GET /v2/history/candles?resolution=1d&symbol=XAUTUSD&start=1762588371&end=1780300371 HTTP/1.1" 200 None
2026-06-01 13:22:51 [INFO] core.market_data — [MarketData] Cached 46 candles for XAUTUSD 1d
2026-06-01 13:22:52 [DEBUG] main — XAUTUSD indicators — RSI15m:28.5 EMA20_1h:4511.76 EMA200_4h:4580.83 ATR:6.3425
2026-06-01 13:22:52 [DEBUG] main — XAUTUSD: 4h structure bias=bullish | patterns detected=0
2026-06-01 13:22:52 [DEBUG] main — XAUTUSD: SMC — OBs=3 FVGs=4
2026-06-01 13:22:52 [DEBUG] core.strategy — [Strategy] XAUTUSD LONG: only 1/7 conditions met.
2026-06-01 13:22:52 [DEBUG] core.strategy — [Strategy] XAUTUSD SHORT: only 3/7 conditions met.
2026-06-01 13:22:52 [INFO] main — XAUTUSD $4,485.46 | trend:bearish | bias:bullish | RSI:28.5 | no setup
2026-06-01 13:22:52 [INFO] main — === Scan complete in 4.8s ===
2026-06-01 13:22:58 [DEBUG] websocket — Sending ping
2026-06-01 13:23:28 [DEBUG] websocket — Sending ping
2026-06-01 13:23:58 [DEBUG] websocket — Sending ping
2026-06-01 13:24:28 [DEBUG] websocket — Sending ping
2026-06-01 13:24:58 [DEBUG] websocket — Sending ping
2026-06-01 13:25:28 [DEBUG] websocket — Sending ping
2026-06-01 13:25:58 [DEBUG] websocket — Sending ping
2026-06-01 13:26:28 [DEBUG] websocket — Sending ping
2026-06-01 13:26:58 [DEBUG] websocket — Sending ping
2026-06-01 13:27:28 [DEBUG] websocket — Sending ping
2026-06-01 13:27:52 [DEBUG] schedule — Running job Job(interval=5, unit=minutes, do=run_checks, args=(), kwargs={})
2026-06-01 13:27:52 [INFO] main — === Scan started | symbols=['BTCUSD', 'ETHUSD', 'XAUTUSD'] ===
2026-06-01 13:27:52 [INFO] core.market_data — [MarketData] Fetching BTCUSD 1m (20 candles)…
2026-06-01 13:27:52 [DEBUG] urllib3.connectionpool — Resetting dropped connection: api.india.delta.exchange
2026-06-01 13:27:54 [DEBUG] urllib3.connectionpool — https://api.india.delta.exchange:443 "GET /v2/history/candles?resolution=1m&symbol=BTCUSD&start=1780299172&end=1780300672 HTTP/1.1" 200 None
2026-06-01 13:27:54 [INFO] core.market_data — [MarketData] Cached 20 candles for BTCUSD 1m
2026-06-01 13:27:54 [INFO] core.market_data — [MarketData] Fetching ETHUSD 1m (20 candles)…
2026-06-01 13:27:54 [DEBUG] urllib3.connectionpool — https://api.india.delta.exchange:443 "GET /v2/history/candles?resolution=1m&symbol=ETHUSD&start=1780299174&end=1780300674 HTTP/1.1" 200 None
2026-06-01 13:27:54 [INFO] core.market_data — [MarketData] Cached 20 candles for ETHUSD 1m
2026-06-01 13:27:54 [INFO] core.market_data — [MarketData] Fetching XAUTUSD 1m (20 candles)…
2026-06-01 13:27:54 [DEBUG] urllib3.connectionpool — https://api.india.delta.exchange:443 "GET /v2/history/candles?resolution=1m&symbol=XAUTUSD&start=1780299174&end=1780300674 HTTP/1.1" 200 None
2026-06-01 13:27:54 [INFO] core.market_data — [MarketData] Cached 20 candles for XAUTUSD 1m
2026-06-01 13:27:54 [DEBUG] main — Live prices: {'BTCUSD': '72,804.00', 'ETHUSD': '1,976.25', 'XAUTUSD': '4,488.68'}
2026-06-01 13:27:54 [DEBUG] core.market_data — [MarketData] Cache hit for BTCUSD 1m
2026-06-01 13:27:54 [DEBUG] main — BTCUSD: price $72804.00 (source=REST)
2026-06-01 13:27:54 [DEBUG] core.market_data — [MarketData] Cache hit for BTCUSD 1m
2026-06-01 13:27:54 [INFO] core.market_data — [MarketData] Fetching BTCUSD 5m (30 candles)…
2026-06-01 13:27:55 [DEBUG] urllib3.connectionpool — https://api.india.delta.exchange:443 "GET /v2/history/candles?resolution=5m&symbol=BTCUSD&start=1780290174&end=1780300674 HTTP/1.1" 200 None
2026-06-01 13:27:55 [INFO] core.market_data — [MarketData] Cached 30 candles for BTCUSD 5m
2026-06-01 13:27:55 [INFO] core.market_data — [MarketData] Fetching BTCUSD 15m (60 candles)…
2026-06-01 13:27:55 [DEBUG] urllib3.connectionpool — https://api.india.delta.exchange:443 "GET /v2/history/candles?resolution=15m&symbol=BTCUSD&start=1780242175&end=1780300675 HTTP/1.1" 200 None
2026-06-01 13:27:55 [INFO] core.market_data — [MarketData] Cached 60 candles for BTCUSD 15m
2026-06-01 13:27:55 [INFO] core.market_data — [MarketData] Fetching BTCUSD 1h (250 candles)…
2026-06-01 13:27:55 [DEBUG] urllib3.connectionpool — https://api.india.delta.exchange:443 "GET /v2/history/candles?resolution=1h&symbol=BTCUSD&start=1779382675&end=1780300675 HTTP/1.1" 200 None
2026-06-01 13:27:55 [INFO] core.market_data — [MarketData] Cached 250 candles for BTCUSD 1h
2026-06-01 13:27:55 [INFO] core.market_data — [MarketData] Fetching BTCUSD 4h (300 candles)…
2026-06-01 13:27:55 [DEBUG] urllib3.connectionpool — https://api.india.delta.exchange:443 "GET /v2/history/candles?resolution=4h&symbol=BTCUSD&start=1775908675&end=1780300675 HTTP/1.1" 200 None
2026-06-01 13:27:55 [INFO] core.market_data — [MarketData] Cached 300 candles for BTCUSD 4h
2026-06-01 13:27:55 [INFO] core.market_data — [MarketData] Fetching BTCUSD 1d (200 candles)…
2026-06-01 13:27:55 [DEBUG] urllib3.connectionpool — https://api.india.delta.exchange:443 "GET /v2/history/candles?resolution=1d&symbol=BTCUSD&start=1762588675&end=1780300675 HTTP/1.1" 200 None
2026-06-01 13:27:55 [INFO] core.market_data — [MarketData] Cached 200 candles for BTCUSD 1d
2026-06-01 13:27:56 [DEBUG] main — BTCUSD indicators — RSI15m:30.8 EMA20_1h:73547.18 EMA200_4h:76513.03 ATR:195.1512
2026-06-01 13:27:56 [DEBUG] main — BTCUSD: 4h structure bias=bearish | patterns detected=0
2026-06-01 13:27:56 [DEBUG] main — BTCUSD: SMC — OBs=0 FVGs=5
2026-06-01 13:27:56 [DEBUG] core.strategy — [Strategy] BTCUSD LONG: only 1/7 conditions met.
2026-06-01 13:27:56 [DEBUG] core.strategy — [Strategy] BTCUSD SHORT: only 5/7 conditions met.
2026-06-01 13:27:56 [INFO] main — BTCUSD $72,804.00 | trend:bearish | bias:bearish | RSI:30.8 | no setup
2026-06-01 13:27:56 [DEBUG] core.market_data — [MarketData] Cache hit for ETHUSD 1m
2026-06-01 13:27:56 [DEBUG] main — ETHUSD: price $1976.25 (source=REST)
2026-06-01 13:27:56 [DEBUG] core.market_data — [MarketData] Cache hit for ETHUSD 1m
2026-06-01 13:27:56 [INFO] core.market_data — [MarketData] Fetching ETHUSD 5m (30 candles)…
2026-06-01 13:27:56 [DEBUG] urllib3.connectionpool — https://api.india.delta.exchange:443 "GET /v2/history/candles?resolution=5m&symbol=ETHUSD&start=1780290176&end=1780300676 HTTP/1.1" 200 None
2026-06-01 13:27:56 [INFO] core.market_data — [MarketData] Cached 30 candles for ETHUSD 5m
2026-06-01 13:27:56 [INFO] core.market_data — [MarketData] Fetching ETHUSD 15m (60 candles)…
2026-06-01 13:27:56 [DEBUG] urllib3.connectionpool — https://api.india.delta.exchange:443 "GET /v2/history/candles?resolution=15m&symbol=ETHUSD&start=1780242176&end=1780300676 HTTP/1.1" 200 None
2026-06-01 13:27:56 [INFO] core.market_data — [MarketData] Cached 60 candles for ETHUSD 15m
2026-06-01 13:27:56 [INFO] core.market_data — [MarketData] Fetching ETHUSD 1h (250 candles)…
2026-06-01 13:27:56 [DEBUG] urllib3.connectionpool — https://api.india.delta.exchange:443 "GET /v2/history/candles?resolution=1h&symbol=ETHUSD&start=1779382676&end=1780300676 HTTP/1.1" 200 None
2026-06-01 13:27:56 [INFO] core.market_data — [MarketData] Cached 250 candles for ETHUSD 1h
2026-06-01 13:27:56 [INFO] core.market_data — [MarketData] Fetching ETHUSD 4h (300 candles)…
2026-06-01 13:27:56 [DEBUG] urllib3.connectionpool — https://api.india.delta.exchange:443 "GET /v2/history/candles?resolution=4h&symbol=ETHUSD&start=1775908676&end=1780300676 HTTP/1.1" 200 None
2026-06-01 13:27:56 [INFO] core.market_data — [MarketData] Cached 300 candles for ETHUSD 4h
2026-06-01 13:27:56 [INFO] core.market_data — [MarketData] Fetching ETHUSD 1d (200 candles)…
2026-06-01 13:27:57 [DEBUG] urllib3.connectionpool — https://api.india.delta.exchange:443 "GET /v2/history/candles?resolution=1d&symbol=ETHUSD&start=1762588676&end=1780300676 HTTP/1.1" 200 None
2026-06-01 13:27:57 [INFO] core.market_data — [MarketData] Cached 200 candles for ETHUSD 1d
2026-06-01 13:27:57 [DEBUG] main — ETHUSD indicators — RSI15m:32.1 EMA20_1h:2003.44 EMA200_4h:2157.56 ATR:7.4725
2026-06-01 13:27:57 [DEBUG] main — ETHUSD: 4h structure bias=bearish | patterns detected=0
2026-06-01 13:27:57 [DEBUG] main — ETHUSD: SMC — OBs=0 FVGs=5
2026-06-01 13:27:57 [DEBUG] core.strategy — [Strategy] ETHUSD LONG: only 0/7 conditions met.
2026-06-01 13:27:57 [DEBUG] core.strategy — [Strategy] ETHUSD SHORT: only 4/7 conditions met.
2026-06-01 13:27:57 [INFO] main — ETHUSD $1,976.25 | trend:bearish | bias:bearish | RSI:32.1 | no setup
2026-06-01 13:27:57 [DEBUG] core.market_data — [MarketData] Cache hit for XAUTUSD 1m
2026-06-01 13:27:57 [DEBUG] main — XAUTUSD: price $4488.68 (source=REST)
2026-06-01 13:27:57 [DEBUG] core.market_data — [MarketData] Cache hit for XAUTUSD 1m
2026-06-01 13:27:57 [INFO] core.market_data — [MarketData] Fetching XAUTUSD 5m (30 candles)…
2026-06-01 13:27:57 [DEBUG] urllib3.connectionpool — https://api.india.delta.exchange:443 "GET /v2/history/candles?resolution=5m&symbol=XAUTUSD&start=1780290177&end=1780300677 HTTP/1.1" 200 None
2026-06-01 13:27:57 [INFO] core.market_data — [MarketData] Cached 30 candles for XAUTUSD 5m
2026-06-01 13:27:57 [INFO] core.market_data — [MarketData] Fetching XAUTUSD 15m (60 candles)…
2026-06-01 13:27:57 [DEBUG] urllib3.connectionpool — https://api.india.delta.exchange:443 "GET /v2/history/candles?resolution=15m&symbol=XAUTUSD&start=1780242177&end=1780300677 HTTP/1.1" 200 None
2026-06-01 13:27:57 [INFO] core.market_data — [MarketData] Cached 60 candles for XAUTUSD 15m
2026-06-01 13:27:57 [INFO] core.market_data — [MarketData] Fetching XAUTUSD 1h (250 candles)…
2026-06-01 13:27:57 [DEBUG] urllib3.connectionpool — https://api.india.delta.exchange:443 "GET /v2/history/candles?resolution=1h&symbol=XAUTUSD&start=1779382677&end=1780300677 HTTP/1.1" 200 None
2026-06-01 13:27:57 [INFO] core.market_data — [MarketData] Cached 250 candles for XAUTUSD 1h
2026-06-01 13:27:57 [INFO] core.market_data — [MarketData] Fetching XAUTUSD 4h (300 candles)…
2026-06-01 13:27:58 [DEBUG] urllib3.connectionpool — https://api.india.delta.exchange:443 "GET /v2/history/candles?resolution=4h&symbol=XAUTUSD&start=1775908677&end=1780300677 HTTP/1.1" 200 None
2026-06-01 13:27:58 [INFO] core.market_data — [MarketData] Cached 269 candles for XAUTUSD 4h
2026-06-01 13:27:58 [INFO] core.market_data — [MarketData] Fetching XAUTUSD 1d (200 candles)…
2026-06-01 13:27:58 [DEBUG] urllib3.connectionpool — https://api.india.delta.exchange:443 "GET /v2/history/candles?resolution=1d&symbol=XAUTUSD&start=1762588678&end=1780300678 HTTP/1.1" 200 None
2026-06-01 13:27:58 [INFO] core.market_data — [MarketData] Cached 46 candles for XAUTUSD 1d
2026-06-01 13:27:58 [DEBUG] main — XAUTUSD indicators — RSI15m:29.3 EMA20_1h:4511.89 EMA200_4h:4580.82 ATR:6.4118
2026-06-01 13:27:58 [DEBUG] main — XAUTUSD: 4h structure bias=bullish | patterns detected=1
2026-06-01 13:27:58 [DEBUG] main — XAUTUSD: SMC — OBs=3 FVGs=4
2026-06-01 13:27:58 [DEBUG] core.strategy — [Strategy] XAUTUSD LONG: only 1/7 conditions met.
2026-06-01 13:27:58 [DEBUG] core.strategy — [Strategy] XAUTUSD SHORT: only 3/7 conditions met.
2026-06-01 13:27:58 [INFO] main — XAUTUSD $4,488.68 | trend:bearish | bias:bullish | RSI:29.3 | no setup
2026-06-01 13:27:58 [INFO] main — === Scan complete in 6.4s ===
2026-06-01 13:27:58 [DEBUG] websocket — Sending ping
2026-06-01 13:28:28 [DEBUG] websocket — Sending ping
2026-06-01 13:28:58 [DEBUG] websocket — Sending ping
2026-06-01 13:29:28 [DEBUG] websocket — Sending ping
2026-06-01 13:29:58 [DEBUG] websocket — Sending ping
2026-06-01 13:30:28 [DEBUG] websocket — Sending ping
2026-06-01 13:30:58 [DEBUG] websocket — Sending ping
2026-06-01 13:31:28 [DEBUG] websocket — Sending ping
2026-06-01 13:31:58 [DEBUG] websocket — Sending ping
2026-06-01 13:32:28 [DEBUG] websocket — Sending ping
2026-06-01 13:32:58 [DEBUG] schedule — Running job Job(interval=5, unit=minutes, do=run_checks, args=(), kwargs={})
2026-06-01 13:32:58 [INFO] main — === Scan started | symbols=['BTCUSD', 'ETHUSD', 'XAUTUSD'] ===
2026-06-01 13:32:58 [INFO] core.market_data — [MarketData] Fetching BTCUSD 1m (20 candles)…
2026-06-01 13:32:58 [DEBUG] urllib3.connectionpool — Resetting dropped connection: api.india.delta.exchange
2026-06-01 13:32:58 [DEBUG] websocket — Sending ping
2026-06-01 13:32:58 [DEBUG] urllib3.connectionpool — https://api.india.delta.exchange:443 "GET /v2/history/candles?resolution=1m&symbol=BTCUSD&start=1780299478&end=1780300978 HTTP/1.1" 200 None
2026-06-01 13:32:58 [INFO] core.market_data — [MarketData] Cached 20 candles for BTCUSD 1m
2026-06-01 13:32:58 [INFO] core.market_data — [MarketData] Fetching ETHUSD 1m (20 candles)…
2026-06-01 13:32:59 [DEBUG] urllib3.connectionpool — https://api.india.delta.exchange:443 "GET /v2/history/candles?resolution=1m&symbol=ETHUSD&start=1780299478&end=1780300978 HTTP/1.1" 200 None
2026-06-01 13:32:59 [INFO] core.market_data — [MarketData] Cached 20 candles for ETHUSD 1m
2026-06-01 13:32:59 [INFO] core.market_data — [MarketData] Fetching XAUTUSD 1m (20 candles)…
2026-06-01 13:32:59 [DEBUG] urllib3.connectionpool — https://api.india.delta.exchange:443 "GET /v2/history/candles?resolution=1m&symbol=XAUTUSD&start=1780299479&end=1780300979 HTTP/1.1" 200 None
2026-06-01 13:32:59 [INFO] core.market_data — [MarketData] Cached 20 candles for XAUTUSD 1m
2026-06-01 13:32:59 [DEBUG] main — Live prices: {'BTCUSD': '72,789.00', 'ETHUSD': '1,975.25', 'XAUTUSD': '4,491.59'}
2026-06-01 13:32:59 [DEBUG] core.market_data — [MarketData] Cache hit for BTCUSD 1m
2026-06-01 13:32:59 [DEBUG] main — BTCUSD: price $72789.00 (source=REST)
2026-06-01 13:32:59 [DEBUG] core.market_data — [MarketData] Cache hit for BTCUSD 1m
2026-06-01 13:32:59 [INFO] core.market_data — [MarketData] Fetching BTCUSD 5m (30 candles)…
2026-06-01 13:32:59 [DEBUG] urllib3.connectionpool — https://api.india.delta.exchange:443 "GET /v2/history/candles?resolution=5m&symbol=BTCUSD&start=1780290479&end=1780300979 HTTP/1.1" 200 None
2026-06-01 13:32:59 [INFO] core.market_data — [MarketData] Cached 30 candles for BTCUSD 5m
2026-06-01 13:32:59 [INFO] core.market_data — [MarketData] Fetching BTCUSD 15m (60 candles)…
2026-06-01 13:32:59 [DEBUG] urllib3.connectionpool — https://api.india.delta.exchange:443 "GET /v2/history/candles?resolution=15m&symbol=BTCUSD&start=1780242479&end=1780300979 HTTP/1.1" 200 None
2026-06-01 13:32:59 [INFO] core.market_data — [MarketData] Cached 60 candles for BTCUSD 15m
2026-06-01 13:32:59 [INFO] core.market_data — [MarketData] Fetching BTCUSD 1h (250 candles)…
2026-06-01 13:32:59 [DEBUG] urllib3.connectionpool — https://api.india.delta.exchange:443 "GET /v2/history/candles?resolution=1h&symbol=BTCUSD&start=1779382979&end=1780300979 HTTP/1.1" 200 None
2026-06-01 13:32:59 [INFO] core.market_data — [MarketData] Cached 250 candles for BTCUSD 1h
2026-06-01 13:32:59 [INFO] core.market_data — [MarketData] Fetching BTCUSD 4h (300 candles)…
2026-06-01 13:33:00 [DEBUG] urllib3.connectionpool — https://api.india.delta.exchange:443 "GET /v2/history/candles?resolution=4h&symbol=BTCUSD&start=1775908979&end=1780300979 HTTP/1.1" 200 None
2026-06-01 13:33:00 [INFO] core.market_data — [MarketData] Cached 300 candles for BTCUSD 4h
2026-06-01 13:33:00 [INFO] core.market_data — [MarketData] Fetching BTCUSD 1d (200 candles)…
2026-06-01 13:33:00 [DEBUG] urllib3.connectionpool — https://api.india.delta.exchange:443 "GET /v2/history/candles?resolution=1d&symbol=BTCUSD&start=1762588980&end=1780300980 HTTP/1.1" 200 None
2026-06-01 13:33:00 [INFO] core.market_data — [MarketData] Cached 200 candles for BTCUSD 1d
2026-06-01 13:33:00 [DEBUG] main — BTCUSD indicators — RSI15m:30.4 EMA20_1h:73471.43 EMA200_4h:76446.88 ATR:184.9746
2026-06-01 13:33:00 [DEBUG] main — BTCUSD: 4h structure bias=bearish | patterns detected=1
2026-06-01 13:33:00 [DEBUG] main — BTCUSD: SMC — OBs=0 FVGs=6
2026-06-01 13:33:00 [DEBUG] core.strategy — [Strategy] BTCUSD LONG: only 0/7 conditions met.
2026-06-01 13:33:00 [DEBUG] core.strategy — [Strategy] BTCUSD SHORT: only 5/7 conditions met.
2026-06-01 13:33:00 [INFO] main — BTCUSD $72,789.00 | trend:bearish | bias:bearish | RSI:30.4 | no setup
2026-06-01 13:33:00 [DEBUG] core.market_data — [MarketData] Cache hit for ETHUSD 1m
2026-06-01 13:33:00 [DEBUG] main — ETHUSD: price $1975.25 (source=REST)
2026-06-01 13:33:00 [DEBUG] core.market_data — [MarketData] Cache hit for ETHUSD 1m
2026-06-01 13:33:00 [INFO] core.market_data — [MarketData] Fetching ETHUSD 5m (30 candles)…
2026-06-01 13:33:00 [DEBUG] urllib3.connectionpool — https://api.india.delta.exchange:443 "GET /v2/history/candles?resolution=5m&symbol=ETHUSD&start=1780290480&end=1780300980 HTTP/1.1" 200 None
2026-06-01 13:33:00 [INFO] core.market_data — [MarketData] Cached 30 candles for ETHUSD 5m
2026-06-01 13:33:00 [INFO] core.market_data — [MarketData] Fetching ETHUSD 15m (60 candles)…
2026-06-01 13:33:00 [DEBUG] urllib3.connectionpool — https://api.india.delta.exchange:443 "GET /v2/history/candles?resolution=15m&symbol=ETHUSD&start=1780242480&end=1780300980 HTTP/1.1" 200 None
2026-06-01 13:33:00 [INFO] core.market_data — [MarketData] Cached 60 candles for ETHUSD 15m
2026-06-01 13:33:00 [INFO] core.market_data — [MarketData] Fetching ETHUSD 1h (250 candles)…
2026-06-01 13:33:00 [DEBUG] urllib3.connectionpool — https://api.india.delta.exchange:443 "GET /v2/history/candles?resolution=1h&symbol=ETHUSD&start=1779382980&end=1780300980 HTTP/1.1" 200 None
2026-06-01 13:33:00 [INFO] core.market_data — [MarketData] Cached 250 candles for ETHUSD 1h
2026-06-01 13:33:00 [INFO] core.market_data — [MarketData] Fetching ETHUSD 4h (300 candles)…
2026-06-01 13:33:01 [DEBUG] urllib3.connectionpool — https://api.india.delta.exchange:443 "GET /v2/history/candles?resolution=4h&symbol=ETHUSD&start=1775908980&end=1780300980 HTTP/1.1" 200 None
2026-06-01 13:33:01 [INFO] core.market_data — [MarketData] Cached 300 candles for ETHUSD 4h
2026-06-01 13:33:01 [INFO] core.market_data — [MarketData] Fetching ETHUSD 1d (200 candles)…
2026-06-01 13:33:01 [DEBUG] urllib3.connectionpool — https://api.india.delta.exchange:443 "GET /v2/history/candles?resolution=1d&symbol=ETHUSD&start=1762588981&end=1780300981 HTTP/1.1" 200 None
2026-06-01 13:33:01 [INFO] core.market_data — [MarketData] Cached 200 candles for ETHUSD 1d
2026-06-01 13:33:01 [DEBUG] main — ETHUSD indicators — RSI15m:30.7 EMA20_1h:2000.62 EMA200_4h:2154.84 ATR:7.0258
2026-06-01 13:33:01 [DEBUG] main — ETHUSD: volatility state = low
2026-06-01 13:33:01 [DEBUG] main — ETHUSD: 4h structure bias=bearish | patterns detected=1
2026-06-01 13:33:01 [DEBUG] main — ETHUSD: SMC — OBs=1 FVGs=6
2026-06-01 13:33:01 [DEBUG] core.strategy — [Strategy] ETHUSD LONG: only 0/7 conditions met.
2026-06-01 13:33:01 [DEBUG] core.strategy — [Strategy] ETHUSD SHORT: only 5/7 conditions met.
2026-06-01 13:33:01 [INFO] main — ETHUSD $1,975.25 | trend:bearish | bias:bearish | RSI:30.7 | no setup
2026-06-01 13:33:01 [DEBUG] core.market_data — [MarketData] Cache hit for XAUTUSD 1m
2026-06-01 13:33:01 [DEBUG] main — XAUTUSD: price $4491.59 (source=REST)
2026-06-01 13:33:01 [DEBUG] core.market_data — [MarketData] Cache hit for XAUTUSD 1m
2026-06-01 13:33:01 [INFO] core.market_data — [MarketData] Fetching XAUTUSD 5m (30 candles)…
2026-06-01 13:33:01 [DEBUG] urllib3.connectionpool — https://api.india.delta.exchange:443 "GET /v2/history/candles?resolution=5m&symbol=XAUTUSD&start=1780290481&end=1780300981 HTTP/1.1" 200 None
2026-06-01 13:33:01 [INFO] core.market_data — [MarketData] Cached 30 candles for XAUTUSD 5m
2026-06-01 13:33:01 [INFO] core.market_data — [MarketData] Fetching XAUTUSD 15m (60 candles)…
2026-06-01 13:33:01 [DEBUG] urllib3.connectionpool — https://api.india.delta.exchange:443 "GET /v2/history/candles?resolution=15m&symbol=XAUTUSD&start=1780242481&end=1780300981 HTTP/1.1" 200 None
2026-06-01 13:33:01 [INFO] core.market_data — [MarketData] Cached 60 candles for XAUTUSD 15m
2026-06-01 13:33:01 [INFO] core.market_data — [MarketData] Fetching XAUTUSD 1h (250 candles)…
2026-06-01 13:33:01 [DEBUG] urllib3.connectionpool — https://api.india.delta.exchange:443 "GET /v2/history/candles?resolution=1h&symbol=XAUTUSD&start=1779382981&end=1780300981 HTTP/1.1" 200 None
2026-06-01 13:33:02 [INFO] core.market_data — [MarketData] Cached 250 candles for XAUTUSD 1h
2026-06-01 13:33:02 [INFO] core.market_data — [MarketData] Fetching XAUTUSD 4h (300 candles)…
2026-06-01 13:33:02 [DEBUG] urllib3.connectionpool — https://api.india.delta.exchange:443 "GET /v2/history/candles?resolution=4h&symbol=XAUTUSD&start=1775908982&end=1780300982 HTTP/1.1" 200 None
2026-06-01 13:33:02 [INFO] core.market_data — [MarketData] Cached 270 candles for XAUTUSD 4h
2026-06-01 13:33:02 [INFO] core.market_data — [MarketData] Fetching XAUTUSD 1d (200 candles)…
2026-06-01 13:33:02 [DEBUG] urllib3.connectionpool — https://api.india.delta.exchange:443 "GET /v2/history/candles?resolution=1d&symbol=XAUTUSD&start=1762588982&end=1780300982 HTTP/1.1" 200 None
2026-06-01 13:33:02 [INFO] core.market_data — [MarketData] Cached 46 candles for XAUTUSD 1d
2026-06-01 13:33:02 [DEBUG] main — XAUTUSD indicators — RSI15m:35.1 EMA20_1h:4510.40 EMA200_4h:4580.02 ATR:6.3478
2026-06-01 13:33:02 [DEBUG] main — XAUTUSD: 4h structure bias=bullish | patterns detected=0
2026-06-01 13:33:02 [DEBUG] main — XAUTUSD: SMC — OBs=5 FVGs=3
2026-06-01 13:33:02 [DEBUG] core.strategy — [Strategy] XAUTUSD LONG: only 1/7 conditions met.
2026-06-01 13:33:02 [DEBUG] core.strategy — [Strategy] XAUTUSD SHORT: only 4/7 conditions met.
2026-06-01 13:33:02 [INFO] main — XAUTUSD $4,491.59 | trend:bearish | bias:bullish | RSI:35.1 | no setup
2026-06-01 13:33:02 [INFO] main — === Scan complete in 4.0s ===
2026-06-01 13:33:28 [DEBUG] websocket — Sending ping
2026-06-01 13:33:58 [DEBUG] websocket — Sending ping
2026-06-01 13:34:28 [DEBUG] websocket — Sending ping
2026-06-01 13:34:58 [DEBUG] websocket — Sending ping
2026-06-01 13:35:28 [DEBUG] websocket — Sending ping
2026-06-01 13:35:58 [DEBUG] websocket — Sending ping
2026-06-01 13:36:28 [DEBUG] websocket — Sending ping
2026-06-01 13:36:58 [DEBUG] websocket — Sending ping
2026-06-01 13:37:28 [DEBUG] websocket — Sending ping
2026-06-01 13:37:58 [DEBUG] websocket — Sending ping
2026-06-01 13:38:02 [DEBUG] schedule — Running job Job(interval=5, unit=minutes, do=run_checks, args=(), kwargs={})
2026-06-01 13:38:02 [INFO] main — === Scan started | symbols=['BTCUSD', 'ETHUSD', 'XAUTUSD'] ===
2026-06-01 13:38:02 [INFO] core.market_data — [MarketData] Fetching BTCUSD 1m (20 candles)…
2026-06-01 13:38:02 [DEBUG] urllib3.connectionpool — Resetting dropped connection: api.india.delta.exchange
2026-06-01 13:38:02 [DEBUG] urllib3.connectionpool — https://api.india.delta.exchange:443 "GET /v2/history/candles?resolution=1m&symbol=BTCUSD&start=1780299782&end=1780301282 HTTP/1.1" 200 None
2026-06-01 13:38:02 [INFO] core.market_data — [MarketData] Cached 20 candles for BTCUSD 1m
2026-06-01 13:38:02 [INFO] core.market_data — [MarketData] Fetching ETHUSD 1m (20 candles)…
2026-06-01 13:38:03 [DEBUG] urllib3.connectionpool — https://api.india.delta.exchange:443 "GET /v2/history/candles?resolution=1m&symbol=ETHUSD&start=1780299782&end=1780301282 HTTP/1.1" 200 None
2026-06-01 13:38:03 [INFO] core.market_data — [MarketData] Cached 20 candles for ETHUSD 1m
2026-06-01 13:38:03 [INFO] core.market_data — [MarketData] Fetching XAUTUSD 1m (20 candles)…
2026-06-01 13:38:03 [DEBUG] urllib3.connectionpool — https://api.india.delta.exchange:443 "GET /v2/history/candles?resolution=1m&symbol=XAUTUSD&start=1780299783&end=1780301283 HTTP/1.1" 200 None
2026-06-01 13:38:03 [INFO] core.market_data — [MarketData] Cached 20 candles for XAUTUSD 1m
2026-06-01 13:38:03 [DEBUG] main — Live prices: {'BTCUSD': '72,808.00', 'ETHUSD': '1,977.60', 'XAUTUSD': '4,489.33'}
2026-06-01 13:38:03 [DEBUG] core.market_data — [MarketData] Cache hit for BTCUSD 1m
2026-06-01 13:38:03 [DEBUG] main — BTCUSD: price $72808.00 (source=REST)
2026-06-01 13:38:03 [DEBUG] core.market_data — [MarketData] Cache hit for BTCUSD 1m
2026-06-01 13:38:03 [INFO] core.market_data — [MarketData] Fetching BTCUSD 5m (30 candles)…
2026-06-01 13:38:03 [DEBUG] urllib3.connectionpool — https://api.india.delta.exchange:443 "GET /v2/history/candles?resolution=5m&symbol=BTCUSD&start=1780290783&end=1780301283 HTTP/1.1" 200 None
2026-06-01 13:38:03 [INFO] core.market_data — [MarketData] Cached 30 candles for BTCUSD 5m
2026-06-01 13:38:03 [INFO] core.market_data — [MarketData] Fetching BTCUSD 15m (60 candles)…
2026-06-01 13:38:03 [DEBUG] urllib3.connectionpool — https://api.india.delta.exchange:443 "GET /v2/history/candles?resolution=15m&symbol=BTCUSD&start=1780242783&end=1780301283 HTTP/1.1" 200 None
2026-06-01 13:38:03 [INFO] core.market_data — [MarketData] Cached 60 candles for BTCUSD 15m
2026-06-01 13:38:03 [INFO] core.market_data — [MarketData] Fetching BTCUSD 1h (250 candles)…
2026-06-01 13:38:03 [DEBUG] urllib3.connectionpool — https://api.india.delta.exchange:443 "GET /v2/history/candles?resolution=1h&symbol=BTCUSD&start=1779383283&end=1780301283 HTTP/1.1" 200 None
2026-06-01 13:38:03 [INFO] core.market_data — [MarketData] Cached 250 candles for BTCUSD 1h
2026-06-01 13:38:03 [INFO] core.market_data — [MarketData] Fetching BTCUSD 4h (300 candles)…
2026-06-01 13:38:04 [DEBUG] urllib3.connectionpool — https://api.india.delta.exchange:443 "GET /v2/history/candles?resolution=4h&symbol=BTCUSD&start=1775909283&end=1780301283 HTTP/1.1" 200 None
2026-06-01 13:38:04 [INFO] core.market_data — [MarketData] Cached 300 candles for BTCUSD 4h
2026-06-01 13:38:04 [INFO] core.market_data — [MarketData] Fetching BTCUSD 1d (200 candles)…
2026-06-01 13:38:04 [DEBUG] urllib3.connectionpool — https://api.india.delta.exchange:443 "GET /v2/history/candles?resolution=1d&symbol=BTCUSD&start=1762589284&end=1780301284 HTTP/1.1" 200 None
2026-06-01 13:38:04 [INFO] core.market_data — [MarketData] Cached 200 candles for BTCUSD 1d
2026-06-01 13:38:04 [DEBUG] main — BTCUSD indicators — RSI15m:32.3 EMA20_1h:73472.43 EMA200_4h:76446.98 ATR:185.7246
2026-06-01 13:38:04 [DEBUG] main — BTCUSD: 4h structure bias=bearish | patterns detected=0
2026-06-01 13:38:04 [DEBUG] main — BTCUSD: SMC — OBs=0 FVGs=5
2026-06-01 13:38:04 [DEBUG] core.strategy — [Strategy] BTCUSD LONG: only 0/7 conditions met.
2026-06-01 13:38:04 [DEBUG] core.strategy — [Strategy] BTCUSD SHORT: only 5/7 conditions met.
2026-06-01 13:38:04 [INFO] main — BTCUSD $72,808.00 | trend:bearish | bias:bearish | RSI:32.3 | no setup
2026-06-01 13:38:04 [DEBUG] core.market_data — [MarketData] Cache hit for ETHUSD 1m
2026-06-01 13:38:04 [DEBUG] main — ETHUSD: price $1977.60 (source=REST)
2026-06-01 13:38:04 [DEBUG] core.market_data — [MarketData] Cache hit for ETHUSD 1m
2026-06-01 13:38:04 [INFO] core.market_data — [MarketData] Fetching ETHUSD 5m (30 candles)…
2026-06-01 13:38:04 [DEBUG] urllib3.connectionpool — https://api.india.delta.exchange:443 "GET /v2/history/candles?resolution=5m&symbol=ETHUSD&start=1780290784&end=1780301284 HTTP/1.1" 200 None
2026-06-01 13:38:04 [INFO] core.market_data — [MarketData] Cached 30 candles for ETHUSD 5m
2026-06-01 13:38:04 [INFO] core.market_data — [MarketData] Fetching ETHUSD 15m (60 candles)…
2026-06-01 13:38:04 [DEBUG] urllib3.connectionpool — https://api.india.delta.exchange:443 "GET /v2/history/candles?resolution=15m&symbol=ETHUSD&start=1780242784&end=1780301284 HTTP/1.1" 200 None
2026-06-01 13:38:04 [INFO] core.market_data — [MarketData] Cached 60 candles for ETHUSD 15m
2026-06-01 13:38:04 [INFO] core.market_data — [MarketData] Fetching ETHUSD 1h (250 candles)…
2026-06-01 13:38:05 [DEBUG] urllib3.connectionpool — https://api.india.delta.exchange:443 "GET /v2/history/candles?resolution=1h&symbol=ETHUSD&start=1779383284&end=1780301284 HTTP/1.1" 200 None
2026-06-01 13:38:05 [INFO] core.market_data — [MarketData] Cached 250 candles for ETHUSD 1h
2026-06-01 13:38:05 [INFO] core.market_data — [MarketData] Fetching ETHUSD 4h (300 candles)…
2026-06-01 13:38:05 [DEBUG] urllib3.connectionpool — https://api.india.delta.exchange:443 "GET /v2/history/candles?resolution=4h&symbol=ETHUSD&start=1775909285&end=1780301285 HTTP/1.1" 200 None
2026-06-01 13:38:05 [INFO] core.market_data — [MarketData] Cached 300 candles for ETHUSD 4h
2026-06-01 13:38:05 [INFO] core.market_data — [MarketData] Fetching ETHUSD 1d (200 candles)…
2026-06-01 13:38:05 [DEBUG] urllib3.connectionpool — https://api.india.delta.exchange:443 "GET /v2/history/candles?resolution=1d&symbol=ETHUSD&start=1762589285&end=1780301285 HTTP/1.1" 200 None
2026-06-01 13:38:05 [INFO] core.market_data — [MarketData] Cached 200 candles for ETHUSD 1d
2026-06-01 13:38:05 [DEBUG] main — ETHUSD indicators — RSI15m:34.2 EMA20_1h:2000.77 EMA200_4h:2154.85 ATR:7.1794
2026-06-01 13:38:05 [DEBUG] main — ETHUSD: 4h structure bias=bearish | patterns detected=0
2026-06-01 13:38:05 [DEBUG] main — ETHUSD: SMC — OBs=1 FVGs=5
2026-06-01 13:38:05 [DEBUG] core.strategy — [Strategy] ETHUSD LONG: only 0/7 conditions met.
2026-06-01 13:38:05 [DEBUG] core.strategy — [Strategy] ETHUSD SHORT: only 5/7 conditions met.
2026-06-01 13:38:05 [INFO] main — ETHUSD $1,977.60 | trend:bearish | bias:bearish | RSI:34.2 | no setup
2026-06-01 13:38:05 [DEBUG] core.market_data — [MarketData] Cache hit for XAUTUSD 1m
2026-06-01 13:38:05 [DEBUG] main — XAUTUSD: price $4489.33 (source=REST)
2026-06-01 13:38:05 [DEBUG] core.market_data — [MarketData] Cache hit for XAUTUSD 1m
2026-06-01 13:38:05 [INFO] core.market_data — [MarketData] Fetching XAUTUSD 5m (30 candles)…
2026-06-01 13:38:05 [DEBUG] urllib3.connectionpool — https://api.india.delta.exchange:443 "GET /v2/history/candles?resolution=5m&symbol=XAUTUSD&start=1780290785&end=1780301285 HTTP/1.1" 200 None
2026-06-01 13:38:05 [INFO] core.market_data — [MarketData] Cached 30 candles for XAUTUSD 5m
2026-06-01 13:38:05 [INFO] core.market_data — [MarketData] Fetching XAUTUSD 15m (60 candles)…
2026-06-01 13:38:05 [DEBUG] urllib3.connectionpool — https://api.india.delta.exchange:443 "GET /v2/history/candles?resolution=15m&symbol=XAUTUSD&start=1780242785&end=1780301285 HTTP/1.1" 200 None
2026-06-01 13:38:05 [INFO] core.market_data — [MarketData] Cached 60 candles for XAUTUSD 15m
2026-06-01 13:38:05 [INFO] core.market_data — [MarketData] Fetching XAUTUSD 1h (250 candles)…
2026-06-01 13:38:06 [DEBUG] urllib3.connectionpool — https://api.india.delta.exchange:443 "GET /v2/history/candles?resolution=1h&symbol=XAUTUSD&start=1779383285&end=1780301285 HTTP/1.1" 200 None
2026-06-01 13:38:06 [INFO] core.market_data — [MarketData] Cached 250 candles for XAUTUSD 1h
2026-06-01 13:38:06 [INFO] core.market_data — [MarketData] Fetching XAUTUSD 4h (300 candles)…
2026-06-01 13:38:06 [DEBUG] urllib3.connectionpool — https://api.india.delta.exchange:443 "GET /v2/history/candles?resolution=4h&symbol=XAUTUSD&start=1775909286&end=1780301286 HTTP/1.1" 200 None
2026-06-01 13:38:06 [INFO] core.market_data — [MarketData] Cached 270 candles for XAUTUSD 4h
2026-06-01 13:38:06 [INFO] core.market_data — [MarketData] Fetching XAUTUSD 1d (200 candles)…
2026-06-01 13:38:06 [DEBUG] urllib3.connectionpool — https://api.india.delta.exchange:443 "GET /v2/history/candles?resolution=1d&symbol=XAUTUSD&start=1762589286&end=1780301286 HTTP/1.1" 200 None
2026-06-01 13:38:06 [INFO] core.market_data — [MarketData] Cached 46 candles for XAUTUSD 1d
2026-06-01 13:38:06 [DEBUG] main — XAUTUSD indicators — RSI15m:32.8 EMA20_1h:4509.97 EMA200_4h:4579.97 ATR:6.7435
2026-06-01 13:38:06 [DEBUG] main — XAUTUSD: 4h structure bias=bullish | patterns detected=1
2026-06-01 13:38:06 [DEBUG] main — XAUTUSD: SMC — OBs=5 FVGs=3
2026-06-01 13:38:06 [DEBUG] core.strategy — [Strategy] XAUTUSD LONG: only 1/7 conditions met.
2026-06-01 13:38:06 [DEBUG] core.strategy — [Strategy] XAUTUSD SHORT: only 3/7 conditions met.
2026-06-01 13:38:06 [INFO] main — XAUTUSD $4,489.33 | trend:bearish | bias:bullish | RSI:32.8 | no setup
2026-06-01 13:38:06 [INFO] main — === Scan complete in 4.1s ===
2026-06-01 13:38:28 [DEBUG] websocket — Sending ping
2026-06-01 13:38:59 [DEBUG] websocket — Sending ping
2026-06-01 13:39:29 [DEBUG] websocket — Sending ping
2026-06-01 13:39:59 [DEBUG] websocket — Sending ping
2026-06-01 13:40:29 [DEBUG] websocket — Sending ping
2026-06-01 13:40:59 [DEBUG] websocket — Sending ping
2026-06-01 13:41:29 [DEBUG] websocket — Sending ping
2026-06-01 13:41:59 [DEBUG] websocket — Sending ping
2026-06-01 13:42:29 [DEBUG] websocket — Sending ping
2026-06-01 13:42:59 [DEBUG] websocket — Sending ping
2026-06-01 13:43:06 [DEBUG] schedule — Running job Job(interval=5, unit=minutes, do=run_checks, args=(), kwargs={})
2026-06-01 13:43:06 [INFO] main — === Scan started | symbols=['BTCUSD', 'ETHUSD', 'XAUTUSD'] ===
2026-06-01 13:43:06 [INFO] core.market_data — [MarketData] Fetching BTCUSD 1m (20 candles)…
2026-06-01 13:43:06 [DEBUG] urllib3.connectionpool — Resetting dropped connection: api.india.delta.exchange
2026-06-01 13:43:07 [DEBUG] urllib3.connectionpool — https://api.india.delta.exchange:443 "GET /v2/history/candles?resolution=1m&symbol=BTCUSD&start=1780300086&end=1780301586 HTTP/1.1" 200 None
2026-06-01 13:43:07 [INFO] core.market_data — [MarketData] Cached 20 candles for BTCUSD 1m
2026-06-01 13:43:07 [INFO] core.market_data — [MarketData] Fetching ETHUSD 1m (20 candles)…
2026-06-01 13:43:07 [DEBUG] urllib3.connectionpool — https://api.india.delta.exchange:443 "GET /v2/history/candles?resolution=1m&symbol=ETHUSD&start=1780300087&end=1780301587 HTTP/1.1" 200 None
2026-06-01 13:43:07 [INFO] core.market_data — [MarketData] Cached 20 candles for ETHUSD 1m
2026-06-01 13:43:07 [INFO] core.market_data — [MarketData] Fetching XAUTUSD 1m (20 candles)…
2026-06-01 13:43:07 [DEBUG] urllib3.connectionpool — https://api.india.delta.exchange:443 "GET /v2/history/candles?resolution=1m&symbol=XAUTUSD&start=1780300087&end=1780301587 HTTP/1.1" 200 None
2026-06-01 13:43:07 [INFO] core.market_data — [MarketData] Cached 20 candles for XAUTUSD 1m
2026-06-01 13:43:07 [DEBUG] main — Live prices: {'BTCUSD': '72,841.00', 'ETHUSD': '1,978.75', 'XAUTUSD': '4,488.24'}
2026-06-01 13:43:07 [DEBUG] core.market_data — [MarketData] Cache hit for BTCUSD 1m
2026-06-01 13:43:07 [DEBUG] main — BTCUSD: price $72841.00 (source=REST)
2026-06-01 13:43:07 [DEBUG] core.market_data — [MarketData] Cache hit for BTCUSD 1m
2026-06-01 13:43:07 [INFO] core.market_data — [MarketData] Fetching BTCUSD 5m (30 candles)…
2026-06-01 13:43:07 [DEBUG] urllib3.connectionpool — https://api.india.delta.exchange:443 "GET /v2/history/candles?resolution=5m&symbol=BTCUSD&start=1780291087&end=1780301587 HTTP/1.1" 200 None
2026-06-01 13:43:07 [INFO] core.market_data — [MarketData] Cached 30 candles for BTCUSD 5m
2026-06-01 13:43:07 [INFO] core.market_data — [MarketData] Fetching BTCUSD 15m (60 candles)…
2026-06-01 13:43:07 [DEBUG] urllib3.connectionpool — https://api.india.delta.exchange:443 "GET /v2/history/candles?resolution=15m&symbol=BTCUSD&start=1780243087&end=1780301587 HTTP/1.1" 200 None
2026-06-01 13:43:07 [INFO] core.market_data — [MarketData] Cached 60 candles for BTCUSD 15m
2026-06-01 13:43:07 [INFO] core.market_data — [MarketData] Fetching BTCUSD 1h (250 candles)…
2026-06-01 13:43:08 [DEBUG] urllib3.connectionpool — https://api.india.delta.exchange:443 "GET /v2/history/candles?resolution=1h&symbol=BTCUSD&start=1779383587&end=1780301587 HTTP/1.1" 200 None
2026-06-01 13:43:08 [INFO] core.market_data — [MarketData] Cached 250 candles for BTCUSD 1h
2026-06-01 13:43:08 [INFO] core.market_data — [MarketData] Fetching BTCUSD 4h (300 candles)…
2026-06-01 13:43:08 [DEBUG] urllib3.connectionpool — https://api.india.delta.exchange:443 "GET /v2/history/candles?resolution=4h&symbol=BTCUSD&start=1775909588&end=1780301588 HTTP/1.1" 200 None
2026-06-01 13:43:08 [INFO] core.market_data — [MarketData] Cached 300 candles for BTCUSD 4h
2026-06-01 13:43:08 [INFO] core.market_data — [MarketData] Fetching BTCUSD 1d (200 candles)…
2026-06-01 13:43:08 [DEBUG] urllib3.connectionpool — https://api.india.delta.exchange:443 "GET /v2/history/candles?resolution=1d&symbol=BTCUSD&start=1762589588&end=1780301588 HTTP/1.1" 200 None
2026-06-01 13:43:08 [INFO] core.market_data — [MarketData] Cached 200 candles for BTCUSD 1d
2026-06-01 13:43:08 [DEBUG] main — BTCUSD indicators — RSI15m:31.5 EMA20_1h:73472.72 EMA200_4h:76447.15 ATR:186.5103
2026-06-01 13:43:08 [DEBUG] main — BTCUSD: 4h structure bias=bearish | patterns detected=0
2026-06-01 13:43:08 [DEBUG] main — BTCUSD: SMC — OBs=0 FVGs=5
2026-06-01 13:43:08 [DEBUG] core.strategy — [Strategy] BTCUSD LONG: only 0/7 conditions met.
2026-06-01 13:43:08 [DEBUG] core.strategy — [Strategy] BTCUSD SHORT: only 5/7 conditions met.
2026-06-01 13:43:08 [INFO] main — BTCUSD $72,841.00 | trend:bearish | bias:bearish | RSI:31.5 | no setup
2026-06-01 13:43:08 [DEBUG] core.market_data — [MarketData] Cache hit for ETHUSD 1m
2026-06-01 13:43:08 [DEBUG] main — ETHUSD: price $1978.75 (source=REST)
2026-06-01 13:43:08 [DEBUG] core.market_data — [MarketData] Cache hit for ETHUSD 1m
2026-06-01 13:43:08 [INFO] core.market_data — [MarketData] Fetching ETHUSD 5m (30 candles)…
2026-06-01 13:43:09 [DEBUG] urllib3.connectionpool — https://api.india.delta.exchange:443 "GET /v2/history/candles?resolution=5m&symbol=ETHUSD&start=1780291088&end=1780301588 HTTP/1.1" 200 None
2026-06-01 13:43:09 [INFO] core.market_data — [MarketData] Cached 30 candles for ETHUSD 5m
2026-06-01 13:43:09 [INFO] core.market_data — [MarketData] Fetching ETHUSD 15m (60 candles)…
2026-06-01 13:43:09 [DEBUG] urllib3.connectionpool — https://api.india.delta.exchange:443 "GET /v2/history/candles?resolution=15m&symbol=ETHUSD&start=1780243089&end=1780301589 HTTP/1.1" 200 None
2026-06-01 13:43:09 [INFO] core.market_data — [MarketData] Cached 60 candles for ETHUSD 15m
2026-06-01 13:43:09 [INFO] core.market_data — [MarketData] Fetching ETHUSD 1h (250 candles)…
2026-06-01 13:43:09 [DEBUG] urllib3.connectionpool — https://api.india.delta.exchange:443 "GET /v2/history/candles?resolution=1h&symbol=ETHUSD&start=1779383589&end=1780301589 HTTP/1.1" 200 None
2026-06-01 13:43:09 [INFO] core.market_data — [MarketData] Cached 250 candles for ETHUSD 1h
2026-06-01 13:43:09 [INFO] core.market_data — [MarketData] Fetching ETHUSD 4h (300 candles)…
2026-06-01 13:43:09 [DEBUG] urllib3.connectionpool — https://api.india.delta.exchange:443 "GET /v2/history/candles?resolution=4h&symbol=ETHUSD&start=1775909589&end=1780301589 HTTP/1.1" 200 None
2026-06-01 13:43:09 [INFO] core.market_data — [MarketData] Cached 300 candles for ETHUSD 4h
2026-06-01 13:43:09 [INFO] core.market_data — [MarketData] Fetching ETHUSD 1d (200 candles)…
2026-06-01 13:43:09 [DEBUG] urllib3.connectionpool — https://api.india.delta.exchange:443 "GET /v2/history/candles?resolution=1d&symbol=ETHUSD&start=1762589589&end=1780301589 HTTP/1.1" 200 None
2026-06-01 13:43:09 [INFO] core.market_data — [MarketData] Cached 200 candles for ETHUSD 1d
2026-06-01 13:43:10 [DEBUG] main — ETHUSD indicators — RSI15m:34.0 EMA20_1h:2000.80 EMA200_4h:2154.85 ATR:7.1830
2026-06-01 13:43:10 [DEBUG] main — ETHUSD: 4h structure bias=bearish | patterns detected=0
2026-06-01 13:43:10 [DEBUG] main — ETHUSD: SMC — OBs=1 FVGs=5
2026-06-01 13:43:10 [DEBUG] core.strategy — [Strategy] ETHUSD LONG: only 0/7 conditions met.
2026-06-01 13:43:10 [DEBUG] core.strategy — [Strategy] ETHUSD SHORT: only 5/7 conditions met.
2026-06-01 13:43:10 [INFO] main — ETHUSD $1,978.75 | trend:bearish | bias:bearish | RSI:34.0 | no setup
2026-06-01 13:43:10 [DEBUG] core.market_data — [MarketData] Cache hit for XAUTUSD 1m
2026-06-01 13:43:10 [DEBUG] main — XAUTUSD: price $4488.24 (source=REST)
2026-06-01 13:43:10 [DEBUG] core.market_data — [MarketData] Cache hit for XAUTUSD 1m
2026-06-01 13:43:10 [INFO] core.market_data — [MarketData] Fetching XAUTUSD 5m (30 candles)…
2026-06-01 13:43:10 [DEBUG] urllib3.connectionpool — https://api.india.delta.exchange:443 "GET /v2/history/candles?resolution=5m&symbol=XAUTUSD&start=1780291090&end=1780301590 HTTP/1.1" 200 None
2026-06-01 13:43:10 [INFO] core.market_data — [MarketData] Cached 30 candles for XAUTUSD 5m
2026-06-01 13:43:10 [INFO] core.market_data — [MarketData] Fetching XAUTUSD 15m (60 candles)…
2026-06-01 13:43:10 [DEBUG] urllib3.connectionpool — https://api.india.delta.exchange:443 "GET /v2/history/candles?resolution=15m&symbol=XAUTUSD&start=1780243090&end=1780301590 HTTP/1.1" 200 None
2026-06-01 13:43:10 [INFO] core.market_data — [MarketData] Cached 60 candles for XAUTUSD 15m
2026-06-01 13:43:10 [INFO] core.market_data — [MarketData] Fetching XAUTUSD 1h (250 candles)…
2026-06-01 13:43:10 [DEBUG] urllib3.connectionpool — https://api.india.delta.exchange:443 "GET /v2/history/candles?resolution=1h&symbol=XAUTUSD&start=1779383590&end=1780301590 HTTP/1.1" 200 None
2026-06-01 13:43:10 [INFO] core.market_data — [MarketData] Cached 250 candles for XAUTUSD 1h
2026-06-01 13:43:10 [INFO] core.market_data — [MarketData] Fetching XAUTUSD 4h (300 candles)…
2026-06-01 13:43:10 [DEBUG] urllib3.connectionpool — https://api.india.delta.exchange:443 "GET /v2/history/candles?resolution=4h&symbol=XAUTUSD&start=1775909590&end=1780301590 HTTP/1.1" 200 None
2026-06-01 13:43:10 [INFO] core.market_data — [MarketData] Cached 270 candles for XAUTUSD 4h
2026-06-01 13:43:10 [INFO] core.market_data — [MarketData] Fetching XAUTUSD 1d (200 candles)…
2026-06-01 13:43:11 [DEBUG] urllib3.connectionpool — https://api.india.delta.exchange:443 "GET /v2/history/candles?resolution=1d&symbol=XAUTUSD&start=1762589590&end=1780301590 HTTP/1.1" 200 None
2026-06-01 13:43:11 [INFO] core.market_data — [MarketData] Cached 46 candles for XAUTUSD 1d
2026-06-01 13:43:11 [DEBUG] main — XAUTUSD indicators — RSI15m:32.0 EMA20_1h:4510.01 EMA200_4h:4579.97 ATR:6.7857
2026-06-01 13:43:11 [DEBUG] main — XAUTUSD: 4h structure bias=bullish | patterns detected=1
2026-06-01 13:43:11 [DEBUG] main — XAUTUSD: SMC — OBs=5 FVGs=3
2026-06-01 13:43:11 [DEBUG] core.strategy — [Strategy] XAUTUSD LONG: only 1/7 conditions met.
2026-06-01 13:43:11 [DEBUG] core.strategy — [Strategy] XAUTUSD SHORT: only 3/7 conditions met.
2026-06-01 13:43:11 [INFO] main — XAUTUSD $4,488.24 | trend:bearish | bias:bullish | RSI:32.0 | no setup
2026-06-01 13:43:11 [INFO] main — === Scan complete in 4.7s ===
2026-06-01 13:43:29 [DEBUG] websocket — Sending ping
2026-06-01 13:43:59 [DEBUG] websocket — Sending ping
2026-06-01 13:44:29 [DEBUG] websocket — Sending ping
2026-06-01 13:44:59 [DEBUG] websocket — Sending ping
2026-06-01 13:45:29 [DEBUG] websocket — Sending ping
2026-06-01 13:45:59 [DEBUG] websocket — Sending ping
2026-06-01 13:46:29 [DEBUG] websocket — Sending ping
2026-06-01 13:46:59 [DEBUG] websocket — Sending ping
2026-06-01 13:47:29 [DEBUG] websocket — Sending ping
2026-06-01 13:47:59 [DEBUG] websocket — Sending ping
2026-06-01 13:48:11 [DEBUG] schedule — Running job Job(interval=5, unit=minutes, do=run_checks, args=(), kwargs={})
2026-06-01 13:48:11 [INFO] main — === Scan started | symbols=['BTCUSD', 'ETHUSD', 'XAUTUSD'] ===
2026-06-01 13:48:11 [INFO] core.market_data — [MarketData] Fetching BTCUSD 1m (20 candles)…
2026-06-01 13:48:11 [DEBUG] urllib3.connectionpool — Resetting dropped connection: api.india.delta.exchange
2026-06-01 13:48:11 [DEBUG] urllib3.connectionpool — https://api.india.delta.exchange:443 "GET /v2/history/candles?resolution=1m&symbol=BTCUSD&start=1780300391&end=1780301891 HTTP/1.1" 200 None
2026-06-01 13:48:11 [INFO] core.market_data — [MarketData] Cached 20 candles for BTCUSD 1m
2026-06-01 13:48:11 [INFO] core.market_data — [MarketData] Fetching ETHUSD 1m (20 candles)…
2026-06-01 13:48:11 [DEBUG] urllib3.connectionpool — https://api.india.delta.exchange:443 "GET /v2/history/candles?resolution=1m&symbol=ETHUSD&start=1780300391&end=1780301891 HTTP/1.1" 200 None
2026-06-01 13:48:11 [INFO] core.market_data — [MarketData] Cached 20 candles for ETHUSD 1m
2026-06-01 13:48:11 [INFO] core.market_data — [MarketData] Fetching XAUTUSD 1m (20 candles)…
2026-06-01 13:48:12 [DEBUG] urllib3.connectionpool — https://api.india.delta.exchange:443 "GET /v2/history/candles?resolution=1m&symbol=XAUTUSD&start=1780300391&end=1780301891 HTTP/1.1" 200 None
2026-06-01 13:48:12 [INFO] core.market_data — [MarketData] Cached 20 candles for XAUTUSD 1m
2026-06-01 13:48:12 [DEBUG] main — Live prices: {'BTCUSD': '72,760.00', 'ETHUSD': '1,976.20', 'XAUTUSD': '4,485.90'}
2026-06-01 13:48:12 [DEBUG] core.market_data — [MarketData] Cache hit for BTCUSD 1m
2026-06-01 13:48:12 [DEBUG] main — BTCUSD: price $72760.00 (source=REST)
2026-06-01 13:48:12 [DEBUG] core.market_data — [MarketData] Cache hit for BTCUSD 1m
2026-06-01 13:48:12 [INFO] core.market_data — [MarketData] Fetching BTCUSD 5m (30 candles)…
2026-06-01 13:48:12 [DEBUG] urllib3.connectionpool — https://api.india.delta.exchange:443 "GET /v2/history/candles?resolution=5m&symbol=BTCUSD&start=1780291392&end=1780301892 HTTP/1.1" 200 None
2026-06-01 13:48:12 [INFO] core.market_data — [MarketData] Cached 30 candles for BTCUSD 5m
2026-06-01 13:48:12 [INFO] core.market_data — [MarketData] Fetching BTCUSD 15m (60 candles)…
2026-06-01 13:48:12 [DEBUG] urllib3.connectionpool — https://api.india.delta.exchange:443 "GET /v2/history/candles?resolution=15m&symbol=BTCUSD&start=1780243392&end=1780301892 HTTP/1.1" 200 None
2026-06-01 13:48:12 [INFO] core.market_data — [MarketData] Cached 60 candles for BTCUSD 15m
2026-06-01 13:48:12 [INFO] core.market_data — [MarketData] Fetching BTCUSD 1h (250 candles)…
2026-06-01 13:48:12 [DEBUG] urllib3.connectionpool — https://api.india.delta.exchange:443 "GET /v2/history/candles?resolution=1h&symbol=BTCUSD&start=1779383892&end=1780301892 HTTP/1.1" 200 None
2026-06-01 13:48:12 [INFO] core.market_data — [MarketData] Cached 250 candles for BTCUSD 1h
2026-06-01 13:48:12 [INFO] core.market_data — [MarketData] Fetching BTCUSD 4h (300 candles)…
2026-06-01 13:48:12 [DEBUG] urllib3.connectionpool — https://api.india.delta.exchange:443 "GET /v2/history/candles?resolution=4h&symbol=BTCUSD&start=1775909892&end=1780301892 HTTP/1.1" 200 None
2026-06-01 13:48:12 [INFO] core.market_data — [MarketData] Cached 300 candles for BTCUSD 4h
2026-06-01 13:48:12 [INFO] core.market_data — [MarketData] Fetching BTCUSD 1d (200 candles)…
2026-06-01 13:48:13 [DEBUG] urllib3.connectionpool — https://api.india.delta.exchange:443 "GET /v2/history/candles?resolution=1d&symbol=BTCUSD&start=1762589892&end=1780301892 HTTP/1.1" 200 None
2026-06-01 13:48:13 [INFO] core.market_data — [MarketData] Cached 200 candles for BTCUSD 1d
2026-06-01 13:48:13 [DEBUG] main — BTCUSD indicators — RSI15m:28.8 EMA20_1h:73470.96 EMA200_4h:76446.90 ATR:176.9858
2026-06-01 13:48:13 [DEBUG] main — BTCUSD: volatility state = low
2026-06-01 13:48:13 [DEBUG] main — BTCUSD: 4h structure bias=bearish | patterns detected=1
2026-06-01 13:48:13 [DEBUG] main — BTCUSD: SMC — OBs=0 FVGs=5
2026-06-01 13:48:13 [DEBUG] core.strategy — [Strategy] BTCUSD LONG: only 0/7 conditions met.
2026-06-01 13:48:13 [DEBUG] core.strategy — [Strategy] BTCUSD SHORT: only 5/7 conditions met.
2026-06-01 13:48:13 [INFO] main — BTCUSD $72,760.00 | trend:bearish | bias:bearish | RSI:28.8 | no setup
2026-06-01 13:48:13 [DEBUG] core.market_data — [MarketData] Cache hit for ETHUSD 1m
2026-06-01 13:48:13 [DEBUG] main — ETHUSD: price $1976.20 (source=REST)
2026-06-01 13:48:13 [DEBUG] core.market_data — [MarketData] Cache hit for ETHUSD 1m
2026-06-01 13:48:13 [INFO] core.market_data — [MarketData] Fetching ETHUSD 5m (30 candles)…
2026-06-01 13:48:13 [DEBUG] urllib3.connectionpool — https://api.india.delta.exchange:443 "GET /v2/history/candles?resolution=5m&symbol=ETHUSD&start=1780291393&end=1780301893 HTTP/1.1" 200 None
2026-06-01 13:48:13 [INFO] core.market_data — [MarketData] Cached 30 candles for ETHUSD 5m
2026-06-01 13:48:13 [INFO] core.market_data — [MarketData] Fetching ETHUSD 15m (60 candles)…
2026-06-01 13:48:13 [DEBUG] urllib3.connectionpool — https://api.india.delta.exchange:443 "GET /v2/history/candles?resolution=15m&symbol=ETHUSD&start=1780243393&end=1780301893 HTTP/1.1" 200 None
2026-06-01 13:48:13 [INFO] core.market_data — [MarketData] Cached 60 candles for ETHUSD 15m
2026-06-01 13:48:13 [INFO] core.market_data — [MarketData] Fetching ETHUSD 1h (250 candles)…
2026-06-01 13:48:13 [DEBUG] urllib3.connectionpool — https://api.india.delta.exchange:443 "GET /v2/history/candles?resolution=1h&symbol=ETHUSD&start=1779383893&end=1780301893 HTTP/1.1" 200 None
2026-06-01 13:48:13 [INFO] core.market_data — [MarketData] Cached 250 candles for ETHUSD 1h
2026-06-01 13:48:13 [INFO] core.market_data — [MarketData] Fetching ETHUSD 4h (300 candles)…
2026-06-01 13:48:13 [DEBUG] urllib3.connectionpool — https://api.india.delta.exchange:443 "GET /v2/history/candles?resolution=4h&symbol=ETHUSD&start=1775909893&end=1780301893 HTTP/1.1" 200 None
2026-06-01 13:48:13 [INFO] core.market_data — [MarketData] Cached 300 candles for ETHUSD 4h
2026-06-01 13:48:13 [INFO] core.market_data — [MarketData] Fetching ETHUSD 1d (200 candles)…
2026-06-01 13:48:14 [DEBUG] urllib3.connectionpool — https://api.india.delta.exchange:443 "GET /v2/history/candles?resolution=1d&symbol=ETHUSD&start=1762589893&end=1780301893 HTTP/1.1" 200 None
2026-06-01 13:48:14 [INFO] core.market_data — [MarketData] Cached 200 candles for ETHUSD 1d
2026-06-01 13:48:14 [DEBUG] main — ETHUSD indicators — RSI15m:32.4 EMA20_1h:2000.79 EMA200_4h:2154.85 ATR:6.8567
2026-06-01 13:48:14 [DEBUG] main — ETHUSD: volatility state = low
2026-06-01 13:48:14 [DEBUG] main — ETHUSD: 4h structure bias=bearish | patterns detected=0
2026-06-01 13:48:14 [DEBUG] main — ETHUSD: SMC — OBs=1 FVGs=5
2026-06-01 13:48:14 [DEBUG] core.strategy — [Strategy] ETHUSD LONG: only 0/7 conditions met.
2026-06-01 13:48:14 [DEBUG] core.strategy — [Strategy] ETHUSD SHORT: only 4/7 conditions met.
2026-06-01 13:48:14 [INFO] main — ETHUSD $1,976.20 | trend:bearish | bias:bearish | RSI:32.4 | no setup
2026-06-01 13:48:14 [DEBUG] core.market_data — [MarketData] Cache hit for XAUTUSD 1m
2026-06-01 13:48:14 [DEBUG] main — XAUTUSD: price $4485.90 (source=REST)
2026-06-01 13:48:14 [DEBUG] core.market_data — [MarketData] Cache hit for XAUTUSD 1m
2026-06-01 13:48:14 [INFO] core.market_data — [MarketData] Fetching XAUTUSD 5m (30 candles)…
2026-06-01 13:48:14 [DEBUG] urllib3.connectionpool — https://api.india.delta.exchange:443 "GET /v2/history/candles?resolution=5m&symbol=XAUTUSD&start=1780291394&end=1780301894 HTTP/1.1" 200 None
2026-06-01 13:48:14 [INFO] core.market_data — [MarketData] Cached 30 candles for XAUTUSD 5m
2026-06-01 13:48:14 [INFO] core.market_data — [MarketData] Fetching XAUTUSD 15m (60 candles)…
2026-06-01 13:48:14 [DEBUG] urllib3.connectionpool — https://api.india.delta.exchange:443 "GET /v2/history/candles?resolution=15m&symbol=XAUTUSD&start=1780243394&end=1780301894 HTTP/1.1" 200 None
2026-06-01 13:48:14 [INFO] core.market_data — [MarketData] Cached 60 candles for XAUTUSD 15m
2026-06-01 13:48:14 [INFO] core.market_data — [MarketData] Fetching XAUTUSD 1h (250 candles)…
2026-06-01 13:48:14 [DEBUG] urllib3.connectionpool — https://api.india.delta.exchange:443 "GET /v2/history/candles?resolution=1h&symbol=XAUTUSD&start=1779383894&end=1780301894 HTTP/1.1" 200 None
2026-06-01 13:48:14 [INFO] core.market_data — [MarketData] Cached 250 candles for XAUTUSD 1h
2026-06-01 13:48:14 [INFO] core.market_data — [MarketData] Fetching XAUTUSD 4h (300 candles)…
2026-06-01 13:48:15 [DEBUG] urllib3.connectionpool — https://api.india.delta.exchange:443 "GET /v2/history/candles?resolution=4h&symbol=XAUTUSD&start=1775909894&end=1780301894 HTTP/1.1" 200 None
2026-06-01 13:48:15 [INFO] core.market_data — [MarketData] Cached 270 candles for XAUTUSD 4h
2026-06-01 13:48:15 [INFO] core.market_data — [MarketData] Fetching XAUTUSD 1d (200 candles)…
2026-06-01 13:48:15 [DEBUG] urllib3.connectionpool — https://api.india.delta.exchange:443 "GET /v2/history/candles?resolution=1d&symbol=XAUTUSD&start=1762589895&end=1780301895 HTTP/1.1" 200 None
2026-06-01 13:48:15 [INFO] core.market_data — [MarketData] Cached 46 candles for XAUTUSD 1d
2026-06-01 13:48:15 [DEBUG] main — XAUTUSD indicators — RSI15m:30.0 EMA20_1h:4509.73 EMA200_4h:4579.97 ATR:6.5527
2026-06-01 13:48:15 [DEBUG] main — XAUTUSD: 4h structure bias=bullish | patterns detected=0
2026-06-01 13:48:15 [DEBUG] main — XAUTUSD: SMC — OBs=4 FVGs=3
2026-06-01 13:48:15 [DEBUG] core.strategy — [Strategy] XAUTUSD LONG: only 1/7 conditions met.
2026-06-01 13:48:15 [DEBUG] core.strategy — [Strategy] XAUTUSD SHORT: only 5/7 conditions met.
2026-06-01 13:48:15 [INFO] main — XAUTUSD $4,485.90 | trend:bearish | bias:bullish | RSI:30.0 | no setup
2026-06-01 13:48:15 [INFO] main — === Scan complete in 4.0s ===
2026-06-01 13:48:29 [DEBUG] websocket — Sending ping
2026-06-01 13:48:59 [DEBUG] websocket — Sending ping
2026-06-01 13:49:29 [DEBUG] websocket — Sending ping
2026-06-01 13:49:59 [DEBUG] websocket — Sending ping
2026-06-01 13:50:29 [DEBUG] websocket — Sending ping
2026-06-01 13:50:59 [DEBUG] websocket — Sending ping
2026-06-01 13:51:29 [DEBUG] websocket — Sending ping
2026-06-01 13:51:59 [DEBUG] websocket — Sending ping
2026-06-01 13:52:29 [DEBUG] websocket — Sending ping
2026-06-01 13:52:59 [DEBUG] websocket — Sending ping
2026-06-01 13:53:15 [DEBUG] schedule — Running job Job(interval=5, unit=minutes, do=run_checks, args=(), kwargs={})
2026-06-01 13:53:15 [INFO] main — === Scan started | symbols=['BTCUSD', 'ETHUSD', 'XAUTUSD'] ===
2026-06-01 13:53:15 [INFO] core.market_data — [MarketData] Fetching BTCUSD 1m (20 candles)…
2026-06-01 13:53:15 [DEBUG] urllib3.connectionpool — Resetting dropped connection: api.india.delta.exchange
2026-06-01 13:53:15 [DEBUG] urllib3.connectionpool — https://api.india.delta.exchange:443 "GET /v2/history/candles?resolution=1m&symbol=BTCUSD&start=1780300695&end=1780302195 HTTP/1.1" 200 None
2026-06-01 13:53:15 [INFO] core.market_data — [MarketData] Cached 20 candles for BTCUSD 1m
2026-06-01 13:53:15 [INFO] core.market_data — [MarketData] Fetching ETHUSD 1m (20 candles)…
2026-06-01 13:53:15 [DEBUG] urllib3.connectionpool — https://api.india.delta.exchange:443 "GET /v2/history/candles?resolution=1m&symbol=ETHUSD&start=1780300695&end=1780302195 HTTP/1.1" 200 None
2026-06-01 13:53:15 [INFO] core.market_data — [MarketData] Cached 20 candles for ETHUSD 1m
2026-06-01 13:53:15 [INFO] core.market_data — [MarketData] Fetching XAUTUSD 1m (20 candles)…
2026-06-01 13:53:16 [DEBUG] urllib3.connectionpool — https://api.india.delta.exchange:443 "GET /v2/history/candles?resolution=1m&symbol=XAUTUSD&start=1780300695&end=1780302195 HTTP/1.1" 200 None
2026-06-01 13:53:16 [INFO] core.market_data — [MarketData] Cached 20 candles for XAUTUSD 1m
2026-06-01 13:53:16 [DEBUG] main — Live prices: {'BTCUSD': '72,845.00', 'ETHUSD': '1,978.55', 'XAUTUSD': '4,486.20'}
2026-06-01 13:53:16 [DEBUG] core.market_data — [MarketData] Cache hit for BTCUSD 1m
2026-06-01 13:53:16 [DEBUG] main — BTCUSD: price $72845.00 (source=REST)
2026-06-01 13:53:16 [DEBUG] core.market_data — [MarketData] Cache hit for BTCUSD 1m
2026-06-01 13:53:16 [INFO] core.market_data — [MarketData] Fetching BTCUSD 5m (30 candles)…
2026-06-01 13:53:16 [DEBUG] urllib3.connectionpool — https://api.india.delta.exchange:443 "GET /v2/history/candles?resolution=5m&symbol=BTCUSD&start=1780291696&end=1780302196 HTTP/1.1" 200 None
2026-06-01 13:53:16 [INFO] core.market_data — [MarketData] Cached 30 candles for BTCUSD 5m
2026-06-01 13:53:16 [INFO] core.market_data — [MarketData] Fetching BTCUSD 15m (60 candles)…
2026-06-01 13:53:16 [DEBUG] urllib3.connectionpool — https://api.india.delta.exchange:443 "GET /v2/history/candles?resolution=15m&symbol=BTCUSD&start=1780243696&end=1780302196 HTTP/1.1" 200 None
2026-06-01 13:53:16 [INFO] core.market_data — [MarketData] Cached 60 candles for BTCUSD 15m
2026-06-01 13:53:16 [INFO] core.market_data — [MarketData] Fetching BTCUSD 1h (250 candles)…
2026-06-01 13:53:17 [DEBUG] urllib3.connectionpool — https://api.india.delta.exchange:443 "GET /v2/history/candles?resolution=1h&symbol=BTCUSD&start=1779384196&end=1780302196 HTTP/1.1" 200 None
2026-06-01 13:53:17 [INFO] core.market_data — [MarketData] Cached 250 candles for BTCUSD 1h
2026-06-01 13:53:17 [INFO] core.market_data — [MarketData] Fetching BTCUSD 4h (300 candles)…
2026-06-01 13:53:17 [DEBUG] urllib3.connectionpool — https://api.india.delta.exchange:443 "GET /v2/history/candles?resolution=4h&symbol=BTCUSD&start=1775910197&end=1780302197 HTTP/1.1" 200 None
2026-06-01 13:53:17 [INFO] core.market_data — [MarketData] Cached 300 candles for BTCUSD 4h
2026-06-01 13:53:17 [INFO] core.market_data — [MarketData] Fetching BTCUSD 1d (200 candles)…
2026-06-01 13:53:17 [DEBUG] urllib3.connectionpool — https://api.india.delta.exchange:443 "GET /v2/history/candles?resolution=1d&symbol=BTCUSD&start=1762590197&end=1780302197 HTTP/1.1" 200 None
2026-06-01 13:53:17 [INFO] core.market_data — [MarketData] Cached 200 candles for BTCUSD 1d
2026-06-01 13:53:17 [DEBUG] main — BTCUSD indicators — RSI15m:30.1 EMA20_1h:73473.96 EMA200_4h:76447.03 ATR:182.7358
2026-06-01 13:53:17 [DEBUG] main — BTCUSD: 4h structure bias=bearish | patterns detected=1
2026-06-01 13:53:17 [DEBUG] main — BTCUSD: SMC — OBs=0 FVGs=5
2026-06-01 13:53:17 [DEBUG] core.strategy — [Strategy] BTCUSD LONG: only 0/7 conditions met.
2026-06-01 13:53:17 [DEBUG] core.strategy — [Strategy] BTCUSD SHORT: only 5/7 conditions met.
2026-06-01 13:53:17 [INFO] main — BTCUSD $72,845.00 | trend:bearish | bias:bearish | RSI:30.1 | no setup
2026-06-01 13:53:17 [DEBUG] core.market_data — [MarketData] Cache hit for ETHUSD 1m
2026-06-01 13:53:17 [DEBUG] main — ETHUSD: price $1978.55 (source=REST)
2026-06-01 13:53:17 [DEBUG] core.market_data — [MarketData] Cache hit for ETHUSD 1m
2026-06-01 13:53:17 [INFO] core.market_data — [MarketData] Fetching ETHUSD 5m (30 candles)…
2026-06-01 13:53:18 [DEBUG] urllib3.connectionpool — https://api.india.delta.exchange:443 "GET /v2/history/candles?resolution=5m&symbol=ETHUSD&start=1780291697&end=1780302197 HTTP/1.1" 200 None
2026-06-01 13:53:18 [INFO] core.market_data — [MarketData] Cached 30 candles for ETHUSD 5m
2026-06-01 13:53:18 [INFO] core.market_data — [MarketData] Fetching ETHUSD 15m (60 candles)…
2026-06-01 13:53:18 [DEBUG] urllib3.connectionpool — https://api.india.delta.exchange:443 "GET /v2/history/candles?resolution=15m&symbol=ETHUSD&start=1780243698&end=1780302198 HTTP/1.1" 200 None
2026-06-01 13:53:18 [INFO] core.market_data — [MarketData] Cached 60 candles for ETHUSD 15m
2026-06-01 13:53:18 [INFO] core.market_data — [MarketData] Fetching ETHUSD 1h (250 candles)…
2026-06-01 13:53:18 [DEBUG] urllib3.connectionpool — https://api.india.delta.exchange:443 "GET /v2/history/candles?resolution=1h&symbol=ETHUSD&start=1779384198&end=1780302198 HTTP/1.1" 200 None
2026-06-01 13:53:18 [INFO] core.market_data — [MarketData] Cached 250 candles for ETHUSD 1h
2026-06-01 13:53:18 [INFO] core.market_data — [MarketData] Fetching ETHUSD 4h (300 candles)…
2026-06-01 13:53:18 [DEBUG] urllib3.connectionpool — https://api.india.delta.exchange:443 "GET /v2/history/candles?resolution=4h&symbol=ETHUSD&start=1775910198&end=1780302198 HTTP/1.1" 200 None
2026-06-01 13:53:18 [INFO] core.market_data — [MarketData] Cached 300 candles for ETHUSD 4h
2026-06-01 13:53:18 [INFO] core.market_data — [MarketData] Fetching ETHUSD 1d (200 candles)…
2026-06-01 13:53:18 [DEBUG] urllib3.connectionpool — https://api.india.delta.exchange:443 "GET /v2/history/candles?resolution=1d&symbol=ETHUSD&start=1762590198&end=1780302198 HTTP/1.1" 200 None
2026-06-01 13:53:18 [INFO] core.market_data — [MarketData] Cached 200 candles for ETHUSD 1d
2026-06-01 13:53:19 [DEBUG] main — ETHUSD indicators — RSI15m:32.9 EMA20_1h:2000.76 EMA200_4h:2154.85 ATR:6.9781
2026-06-01 13:53:19 [DEBUG] main — ETHUSD: 4h structure bias=bearish | patterns detected=1
2026-06-01 13:53:19 [DEBUG] main — ETHUSD: SMC — OBs=1 FVGs=5
2026-06-01 13:53:19 [DEBUG] core.strategy — [Strategy] ETHUSD LONG: only 0/7 conditions met.
2026-06-01 13:53:19 [DEBUG] core.strategy — [Strategy] ETHUSD SHORT: only 4/7 conditions met.
2026-06-01 13:53:19 [INFO] main — ETHUSD $1,978.55 | trend:bearish | bias:bearish | RSI:32.9 | no setup
2026-06-01 13:53:19 [DEBUG] core.market_data — [MarketData] Cache hit for XAUTUSD 1m
2026-06-01 13:53:19 [DEBUG] main — XAUTUSD: price $4486.20 (source=REST)
2026-06-01 13:53:19 [DEBUG] core.market_data — [MarketData] Cache hit for XAUTUSD 1m
2026-06-01 13:53:19 [INFO] core.market_data — [MarketData] Fetching XAUTUSD 5m (30 candles)…
2026-06-01 13:53:19 [DEBUG] urllib3.connectionpool — https://api.india.delta.exchange:443 "GET /v2/history/candles?resolution=5m&symbol=XAUTUSD&start=1780291699&end=1780302199 HTTP/1.1" 200 None
2026-06-01 13:53:19 [INFO] core.market_data — [MarketData] Cached 30 candles for XAUTUSD 5m
2026-06-01 13:53:19 [INFO] core.market_data — [MarketData] Fetching XAUTUSD 15m (60 candles)…
2026-06-01 13:53:19 [DEBUG] urllib3.connectionpool — https://api.india.delta.exchange:443 "GET /v2/history/candles?resolution=15m&symbol=XAUTUSD&start=1780243699&end=1780302199 HTTP/1.1" 200 None
2026-06-01 13:53:19 [INFO] core.market_data — [MarketData] Cached 60 candles for XAUTUSD 15m
2026-06-01 13:53:19 [INFO] core.market_data — [MarketData] Fetching XAUTUSD 1h (250 candles)…
2026-06-01 13:53:19 [DEBUG] urllib3.connectionpool — https://api.india.delta.exchange:443 "GET /v2/history/candles?resolution=1h&symbol=XAUTUSD&start=1779384199&end=1780302199 HTTP/1.1" 200 None
2026-06-01 13:53:19 [INFO] core.market_data — [MarketData] Cached 250 candles for XAUTUSD 1h
2026-06-01 13:53:19 [INFO] core.market_data — [MarketData] Fetching XAUTUSD 4h (300 candles)…
2026-06-01 13:53:20 [DEBUG] urllib3.connectionpool — https://api.india.delta.exchange:443 "GET /v2/history/candles?resolution=4h&symbol=XAUTUSD&start=1775910199&end=1780302199 HTTP/1.1" 200 None
2026-06-01 13:53:20 [INFO] core.market_data — [MarketData] Cached 270 candles for XAUTUSD 4h
2026-06-01 13:53:20 [INFO] core.market_data — [MarketData] Fetching XAUTUSD 1d (200 candles)…
2026-06-01 13:53:20 [DEBUG] urllib3.connectionpool — https://api.india.delta.exchange:443 "GET /v2/history/candles?resolution=1d&symbol=XAUTUSD&start=1762590200&end=1780302200 HTTP/1.1" 200 None
2026-06-01 13:53:20 [INFO] core.market_data — [MarketData] Cached 46 candles for XAUTUSD 1d
2026-06-01 13:53:20 [DEBUG] main — XAUTUSD indicators — RSI15m:31.9 EMA20_1h:4509.85 EMA200_4h:4579.96 ATR:6.6177
2026-06-01 13:53:20 [DEBUG] main — XAUTUSD: 4h structure bias=bullish | patterns detected=2
2026-06-01 13:53:20 [DEBUG] main — XAUTUSD: SMC — OBs=4 FVGs=3
2026-06-01 13:53:20 [DEBUG] core.strategy — [Strategy] XAUTUSD LONG: only 1/7 conditions met.
2026-06-01 13:53:20 [DEBUG] core.strategy — [Strategy] XAUTUSD SHORT: only 5/7 conditions met.
2026-06-01 13:53:20 [INFO] main — XAUTUSD $4,486.20 | trend:bearish | bias:bullish | RSI:31.9 | no setup
2026-06-01 13:53:20 [INFO] main — === Scan complete in 5.0s ===
2026-06-01 13:53:29 [DEBUG] websocket — Sending ping
2026-06-01 13:53:59 [DEBUG] websocket — Sending ping
2026-06-01 13:54:29 [DEBUG] websocket — Sending ping
2026-06-01 13:54:59 [DEBUG] websocket — Sending ping
2026-06-01 13:55:29 [DEBUG] websocket — Sending ping
2026-06-01 13:55:59 [DEBUG] websocket — Sending ping
2026-06-01 18:11:45 [INFO] exchanges.ws_stream — WebSocket stream started for ['BTCUSD', 'ETHUSD', 'XAUTUSD']
2026-06-01 18:11:45 [INFO] main — Waiting 3s for WebSocket to connect...
2026-06-01 18:11:46 [INFO] websocket — Websocket connected
2026-06-01 18:11:46 [INFO] exchanges.ws_stream — WebSocket connected — subscribing to tickers
2026-06-01 18:11:48 [DEBUG] urllib3.connectionpool — Starting new HTTPS connection (1): api.telegram.org:443
2026-06-01 18:11:49 [DEBUG] urllib3.connectionpool — https://api.telegram.org:443 "POST /bot8800960300:AAExwJ0q7WkWipz2RkvKw9-4Y28ePM5TAUc/sendMessage HTTP/1.1" 200 529
2026-06-01 18:11:49 [DEBUG] notifications.telegram — Telegram message sent to chat_id=1948356544
2026-06-01 18:11:49 [DEBUG] urllib3.connectionpool — Starting new HTTPS connection (1): api.telegram.org:443
2026-06-01 18:11:50 [DEBUG] urllib3.connectionpool — https://api.telegram.org:443 "POST /bot8800960300:AAExwJ0q7WkWipz2RkvKw9-4Y28ePM5TAUc/sendMessage HTTP/1.1" 200 511
2026-06-01 18:11:50 [DEBUG] notifications.telegram — Telegram message sent to chat_id=7151542571
2026-06-01 18:11:50 [INFO] main — === Scan started | symbols=['BTCUSD', 'ETHUSD', 'XAUTUSD'] ===
2026-06-01 18:11:50 [INFO] core.market_data — [MarketData] Fetching BTCUSD 1m (20 candles)…
2026-06-01 18:11:50 [DEBUG] urllib3.connectionpool — Starting new HTTPS connection (1): api.india.delta.exchange:443
2026-06-01 18:11:50 [DEBUG] urllib3.connectionpool — https://api.india.delta.exchange:443 "GET /v2/history/candles?resolution=1m&symbol=BTCUSD&start=1780316210&end=1780317710 HTTP/1.1" 200 None
2026-06-01 18:11:50 [INFO] core.market_data — [MarketData] Cached 20 candles for BTCUSD 1m
2026-06-01 18:11:50 [INFO] core.market_data — [MarketData] Fetching ETHUSD 1m (20 candles)…
2026-06-01 18:11:50 [DEBUG] urllib3.connectionpool — https://api.india.delta.exchange:443 "GET /v2/history/candles?resolution=1m&symbol=ETHUSD&start=1780316210&end=1780317710 HTTP/1.1" 200 None
2026-06-01 18:11:50 [INFO] core.market_data — [MarketData] Cached 20 candles for ETHUSD 1m
2026-06-01 18:11:50 [INFO] core.market_data — [MarketData] Fetching XAUTUSD 1m (20 candles)…
2026-06-01 18:11:50 [DEBUG] urllib3.connectionpool — https://api.india.delta.exchange:443 "GET /v2/history/candles?resolution=1m&symbol=XAUTUSD&start=1780316210&end=1780317710 HTTP/1.1" 200 None
2026-06-01 18:11:50 [INFO] core.market_data — [MarketData] Cached 20 candles for XAUTUSD 1m
2026-06-01 18:11:50 [DEBUG] main — Live prices: {'BTCUSD': '72,219.50', 'ETHUSD': '1,990.65', 'XAUTUSD': '4,494.38'}
2026-06-01 18:11:50 [DEBUG] core.advanced_filters — [OvertradingFilter] Daily counters reset.
2026-06-01 18:11:50 [DEBUG] core.market_data — [MarketData] Cache hit for BTCUSD 1m
2026-06-01 18:11:50 [DEBUG] main — BTCUSD: price $72219.50 (source=REST)
2026-06-01 18:11:50 [DEBUG] core.market_data — [MarketData] Cache hit for BTCUSD 1m
2026-06-01 18:11:50 [INFO] core.market_data — [MarketData] Fetching BTCUSD 5m (30 candles)…
2026-06-01 18:11:51 [DEBUG] urllib3.connectionpool — https://api.india.delta.exchange:443 "GET /v2/history/candles?resolution=5m&symbol=BTCUSD&start=1780307210&end=1780317710 HTTP/1.1" 200 None
2026-06-01 18:11:51 [INFO] core.market_data — [MarketData] Cached 30 candles for BTCUSD 5m
2026-06-01 18:11:51 [INFO] core.market_data — [MarketData] Fetching BTCUSD 15m (60 candles)…
2026-06-01 18:11:51 [DEBUG] urllib3.connectionpool — https://api.india.delta.exchange:443 "GET /v2/history/candles?resolution=15m&symbol=BTCUSD&start=1780259211&end=1780317711 HTTP/1.1" 200 None
2026-06-01 18:11:51 [INFO] core.market_data — [MarketData] Cached 60 candles for BTCUSD 15m
2026-06-01 18:11:51 [INFO] core.market_data — [MarketData] Fetching BTCUSD 1h (250 candles)…
2026-06-01 18:11:51 [DEBUG] urllib3.connectionpool — https://api.india.delta.exchange:443 "GET /v2/history/candles?resolution=1h&symbol=BTCUSD&start=1779399711&end=1780317711 HTTP/1.1" 200 None
2026-06-01 18:11:51 [INFO] core.market_data — [MarketData] Cached 250 candles for BTCUSD 1h
2026-06-01 18:11:51 [INFO] core.market_data — [MarketData] Fetching BTCUSD 4h (300 candles)…
2026-06-01 18:11:51 [DEBUG] urllib3.connectionpool — https://api.india.delta.exchange:443 "GET /v2/history/candles?resolution=4h&symbol=BTCUSD&start=1775925711&end=1780317711 HTTP/1.1" 200 None
2026-06-01 18:11:51 [INFO] core.market_data — [MarketData] Cached 300 candles for BTCUSD 4h
2026-06-01 18:11:51 [INFO] core.market_data — [MarketData] Fetching BTCUSD 1d (200 candles)…
2026-06-01 18:11:51 [DEBUG] urllib3.connectionpool — https://api.india.delta.exchange:443 "GET /v2/history/candles?resolution=1d&symbol=BTCUSD&start=1762605711&end=1780317711 HTTP/1.1" 200 None
2026-06-01 18:11:51 [INFO] core.market_data — [MarketData] Cached 200 candles for BTCUSD 1d
2026-06-01 18:11:51 [DEBUG] main — BTCUSD indicators — RSI15m:29.3 EMA20_1h:73177.19 EMA200_4h:76411.36 ATR:222.5190
2026-06-01 18:11:51 [DEBUG] main — BTCUSD: 4h structure bias=bearish | patterns detected=1
2026-06-01 18:11:51 [DEBUG] main — BTCUSD: SMC — OBs=0 FVGs=7
2026-06-01 18:11:51 [DEBUG] core.strategy — [Strategy] BTCUSD LONG: only 1/7 conditions met.
2026-06-01 18:11:51 [DEBUG] core.strategy — [Strategy] BTCUSD SHORT: only 4/7 conditions met.
2026-06-01 18:11:51 [INFO] main — BTCUSD $72,219.50 | trend:bearish | bias:bearish | RSI:29.3 | no setup
2026-06-01 18:11:51 [DEBUG] core.market_data — [MarketData] Cache hit for ETHUSD 1m
2026-06-01 18:11:51 [DEBUG] main — ETHUSD: price $1990.65 (source=REST)
2026-06-01 18:11:51 [DEBUG] core.market_data — [MarketData] Cache hit for ETHUSD 1m
2026-06-01 18:11:51 [INFO] core.market_data — [MarketData] Fetching ETHUSD 5m (30 candles)…
2026-06-01 18:11:52 [DEBUG] urllib3.connectionpool — https://api.india.delta.exchange:443 "GET /v2/history/candles?resolution=5m&symbol=ETHUSD&start=1780307211&end=1780317711 HTTP/1.1" 200 None
2026-06-01 18:11:52 [INFO] core.market_data — [MarketData] Cached 30 candles for ETHUSD 5m
2026-06-01 18:11:52 [INFO] core.market_data — [MarketData] Fetching ETHUSD 15m (60 candles)…
2026-06-01 18:11:52 [DEBUG] urllib3.connectionpool — https://api.india.delta.exchange:443 "GET /v2/history/candles?resolution=15m&symbol=ETHUSD&start=1780259212&end=1780317712 HTTP/1.1" 200 None
2026-06-01 18:11:52 [INFO] core.market_data — [MarketData] Cached 60 candles for ETHUSD 15m
2026-06-01 18:11:52 [INFO] core.market_data — [MarketData] Fetching ETHUSD 1h (250 candles)…
2026-06-01 18:11:52 [DEBUG] urllib3.connectionpool — https://api.india.delta.exchange:443 "GET /v2/history/candles?resolution=1h&symbol=ETHUSD&start=1779399712&end=1780317712 HTTP/1.1" 200 None
2026-06-01 18:11:52 [INFO] core.market_data — [MarketData] Cached 250 candles for ETHUSD 1h
2026-06-01 18:11:52 [INFO] core.market_data — [MarketData] Fetching ETHUSD 4h (300 candles)…
2026-06-01 18:11:52 [DEBUG] urllib3.connectionpool — https://api.india.delta.exchange:443 "GET /v2/history/candles?resolution=4h&symbol=ETHUSD&start=1775925712&end=1780317712 HTTP/1.1" 200 None
2026-06-01 18:11:52 [INFO] core.market_data — [MarketData] Cached 300 candles for ETHUSD 4h
2026-06-01 18:11:52 [INFO] core.market_data — [MarketData] Fetching ETHUSD 1d (200 candles)…
2026-06-01 18:11:52 [DEBUG] urllib3.connectionpool — https://api.india.delta.exchange:443 "GET /v2/history/candles?resolution=1d&symbol=ETHUSD&start=1762605712&end=1780317712 HTTP/1.1" 200 None
2026-06-01 18:11:52 [INFO] core.market_data — [MarketData] Cached 200 candles for ETHUSD 1d
2026-06-01 18:11:52 [DEBUG] main — ETHUSD indicators — RSI15m:55.1 EMA20_1h:1996.27 EMA200_4h:2153.82 ATR:7.1893
2026-06-01 18:11:52 [DEBUG] main — ETHUSD: 4h structure bias=bearish | patterns detected=0
2026-06-01 18:11:52 [DEBUG] main — ETHUSD: SMC — OBs=1 FVGs=4
2026-06-01 18:11:52 [DEBUG] core.strategy — [Strategy] ETHUSD LONG: only 4/7 conditions met.
2026-06-01 18:11:52 [DEBUG] core.strategy — [Strategy] ETHUSD SHORT: only 3/7 conditions met.
2026-06-01 18:11:52 [INFO] main — ETHUSD $1,990.65 | trend:bearish | bias:bearish | RSI:55.1 | no setup
2026-06-01 18:11:52 [DEBUG] core.market_data — [MarketData] Cache hit for XAUTUSD 1m
2026-06-01 18:11:52 [DEBUG] main — XAUTUSD: price $4494.38 (source=REST)
2026-06-01 18:11:52 [DEBUG] core.market_data — [MarketData] Cache hit for XAUTUSD 1m
2026-06-01 18:11:52 [INFO] core.market_data — [MarketData] Fetching XAUTUSD 5m (30 candles)…
2026-06-01 18:11:53 [DEBUG] urllib3.connectionpool — https://api.india.delta.exchange:443 "GET /v2/history/candles?resolution=5m&symbol=XAUTUSD&start=1780307212&end=1780317712 HTTP/1.1" 200 None
2026-06-01 18:11:53 [INFO] core.market_data — [MarketData] Cached 30 candles for XAUTUSD 5m
2026-06-01 18:11:53 [INFO] core.market_data — [MarketData] Fetching XAUTUSD 15m (60 candles)…
2026-06-01 18:11:53 [DEBUG] urllib3.connectionpool — https://api.india.delta.exchange:443 "GET /v2/history/candles?resolution=15m&symbol=XAUTUSD&start=1780259213&end=1780317713 HTTP/1.1" 200 None
2026-06-01 18:11:53 [INFO] core.market_data — [MarketData] Cached 60 candles for XAUTUSD 15m
2026-06-01 18:11:53 [INFO] core.market_data — [MarketData] Fetching XAUTUSD 1h (250 candles)…
2026-06-01 18:11:53 [DEBUG] urllib3.connectionpool — https://api.india.delta.exchange:443 "GET /v2/history/candles?resolution=1h&symbol=XAUTUSD&start=1779399713&end=1780317713 HTTP/1.1" 200 None
2026-06-01 18:11:53 [INFO] core.market_data — [MarketData] Cached 250 candles for XAUTUSD 1h
2026-06-01 18:11:53 [INFO] core.market_data — [MarketData] Fetching XAUTUSD 4h (300 candles)…
2026-06-01 18:11:53 [DEBUG] urllib3.connectionpool — https://api.india.delta.exchange:443 "GET /v2/history/candles?resolution=4h&symbol=XAUTUSD&start=1775925713&end=1780317713 HTTP/1.1" 200 None
2026-06-01 18:11:53 [INFO] core.market_data — [MarketData] Cached 271 candles for XAUTUSD 4h
2026-06-01 18:11:53 [INFO] core.market_data — [MarketData] Fetching XAUTUSD 1d (200 candles)…
2026-06-01 18:11:53 [DEBUG] urllib3.connectionpool — https://api.india.delta.exchange:443 "GET /v2/history/candles?resolution=1d&symbol=XAUTUSD&start=1762605713&end=1780317713 HTTP/1.1" 200 None
2026-06-01 18:11:53 [INFO] core.market_data — [MarketData] Cached 46 candles for XAUTUSD 1d
2026-06-01 18:11:53 [DEBUG] main — XAUTUSD indicators — RSI15m:47.0 EMA20_1h:4504.75 EMA200_4h:4579.19 ATR:6.5008
2026-06-01 18:11:53 [DEBUG] main — XAUTUSD: 4h structure bias=bullish | patterns detected=2
2026-06-01 18:11:53 [DEBUG] main — XAUTUSD: SMC — OBs=0 FVGs=3
2026-06-01 18:11:53 [DEBUG] core.strategy — [Strategy] XAUTUSD LONG: only 4/7 conditions met.
2026-06-01 18:11:53 [DEBUG] core.strategy — [Strategy] XAUTUSD SHORT: only 3/7 conditions met.
2026-06-01 18:11:53 [INFO] main — XAUTUSD $4,494.38 | trend:bearish | bias:bullish | RSI:47.0 | no setup
2026-06-01 18:11:53 [INFO] main — === Scan complete in 3.5s ===
2026-06-01 18:11:53 [INFO] main — Running. Ctrl+C to stop.
2026-06-01 18:12:46 [DEBUG] websocket — Sending ping
2026-06-01 18:13:16 [DEBUG] websocket — Sending ping
2026-06-01 18:13:46 [DEBUG] websocket — Sending ping
2026-06-01 18:14:17 [DEBUG] websocket — Sending ping
2026-06-01 18:14:47 [DEBUG] websocket — Sending ping
2026-06-01 18:15:17 [DEBUG] websocket — Sending ping
2026-06-01 18:15:47 [DEBUG] websocket — Sending ping
2026-06-01 18:16:17 [DEBUG] websocket — Sending ping
2026-06-01 18:16:47 [DEBUG] websocket — Sending ping
2026-06-01 18:16:53 [DEBUG] schedule — Running job Job(interval=5, unit=minutes, do=run_checks, args=(), kwargs={})
2026-06-01 18:16:53 [INFO] main — === Scan started | symbols=['BTCUSD', 'ETHUSD', 'XAUTUSD'] ===
2026-06-01 18:16:53 [INFO] core.market_data — [MarketData] Fetching BTCUSD 1m (20 candles)…
2026-06-01 18:16:53 [DEBUG] urllib3.connectionpool — Resetting dropped connection: api.india.delta.exchange
2026-06-01 18:16:54 [DEBUG] urllib3.connectionpool — https://api.india.delta.exchange:443 "GET /v2/history/candles?resolution=1m&symbol=BTCUSD&start=1780316513&end=1780318013 HTTP/1.1" 200 None
2026-06-01 18:16:54 [INFO] core.market_data — [MarketData] Cached 20 candles for BTCUSD 1m
2026-06-01 18:16:54 [INFO] core.market_data — [MarketData] Fetching ETHUSD 1m (20 candles)…
2026-06-01 18:16:54 [DEBUG] urllib3.connectionpool — https://api.india.delta.exchange:443 "GET /v2/history/candles?resolution=1m&symbol=ETHUSD&start=1780316514&end=1780318014 HTTP/1.1" 200 None
2026-06-01 18:16:54 [INFO] core.market_data — [MarketData] Cached 20 candles for ETHUSD 1m
2026-06-01 18:16:54 [INFO] core.market_data — [MarketData] Fetching XAUTUSD 1m (20 candles)…
2026-06-01 18:16:54 [DEBUG] urllib3.connectionpool — https://api.india.delta.exchange:443 "GET /v2/history/candles?resolution=1m&symbol=XAUTUSD&start=1780316514&end=1780318014 HTTP/1.1" 200 None
2026-06-01 18:16:54 [INFO] core.market_data — [MarketData] Cached 20 candles for XAUTUSD 1m
2026-06-01 18:16:54 [DEBUG] main — Live prices: {'BTCUSD': '72,207.00', 'ETHUSD': '1,991.10', 'XAUTUSD': '4,497.93'}
2026-06-01 18:16:54 [DEBUG] core.market_data — [MarketData] Cache hit for BTCUSD 1m
2026-06-01 18:16:54 [DEBUG] main — BTCUSD: price $72207.00 (source=REST)
2026-06-01 18:16:54 [DEBUG] core.market_data — [MarketData] Cache hit for BTCUSD 1m
2026-06-01 18:16:54 [INFO] core.market_data — [MarketData] Fetching BTCUSD 5m (30 candles)…
2026-06-01 18:16:54 [DEBUG] urllib3.connectionpool — https://api.india.delta.exchange:443 "GET /v2/history/candles?resolution=5m&symbol=BTCUSD&start=1780307514&end=1780318014 HTTP/1.1" 200 None
2026-06-01 18:16:54 [INFO] core.market_data — [MarketData] Cached 30 candles for BTCUSD 5m
2026-06-01 18:16:54 [INFO] core.market_data — [MarketData] Fetching BTCUSD 15m (60 candles)…
2026-06-01 18:16:54 [DEBUG] urllib3.connectionpool — https://api.india.delta.exchange:443 "GET /v2/history/candles?resolution=15m&symbol=BTCUSD&start=1780259514&end=1780318014 HTTP/1.1" 200 None
2026-06-01 18:16:54 [INFO] core.market_data — [MarketData] Cached 60 candles for BTCUSD 15m
2026-06-01 18:16:54 [INFO] core.market_data — [MarketData] Fetching BTCUSD 1h (250 candles)…
2026-06-01 18:16:55 [DEBUG] urllib3.connectionpool — https://api.india.delta.exchange:443 "GET /v2/history/candles?resolution=1h&symbol=BTCUSD&start=1779400014&end=1780318014 HTTP/1.1" 200 None
2026-06-01 18:16:55 [INFO] core.market_data — [MarketData] Cached 250 candles for BTCUSD 1h
2026-06-01 18:16:55 [INFO] core.market_data — [MarketData] Fetching BTCUSD 4h (300 candles)…
2026-06-01 18:16:55 [DEBUG] urllib3.connectionpool — https://api.india.delta.exchange:443 "GET /v2/history/candles?resolution=4h&symbol=BTCUSD&start=1775926015&end=1780318015 HTTP/1.1" 200 None
2026-06-01 18:16:55 [INFO] core.market_data — [MarketData] Cached 300 candles for BTCUSD 4h
2026-06-01 18:16:55 [INFO] core.market_data — [MarketData] Fetching BTCUSD 1d (200 candles)…
2026-06-01 18:16:55 [DEBUG] urllib3.connectionpool — https://api.india.delta.exchange:443 "GET /v2/history/candles?resolution=1d&symbol=BTCUSD&start=1762606015&end=1780318015 HTTP/1.1" 200 None
2026-06-01 18:16:55 [INFO] core.market_data — [MarketData] Cached 200 candles for BTCUSD 1d
2026-06-01 18:16:55 [DEBUG] main — BTCUSD indicators — RSI15m:29.9 EMA20_1h:73173.76 EMA200_4h:76411.51 ATR:213.2748
2026-06-01 18:16:55 [DEBUG] main — BTCUSD: 4h structure bias=bearish | patterns detected=0
2026-06-01 18:16:55 [DEBUG] main — BTCUSD: SMC — OBs=0 FVGs=7
2026-06-01 18:16:55 [DEBUG] core.strategy — [Strategy] BTCUSD LONG: only 0/7 conditions met.
2026-06-01 18:16:55 [DEBUG] core.strategy — [Strategy] BTCUSD SHORT: only 4/7 conditions met.
2026-06-01 18:16:55 [INFO] main — BTCUSD $72,207.00 | trend:bearish | bias:bearish | RSI:29.9 | no setup
2026-06-01 18:16:55 [DEBUG] core.market_data — [MarketData] Cache hit for ETHUSD 1m
2026-06-01 18:16:55 [DEBUG] main — ETHUSD: price $1991.10 (source=REST)
2026-06-01 18:16:55 [DEBUG] core.market_data — [MarketData] Cache hit for ETHUSD 1m
2026-06-01 18:16:55 [INFO] core.market_data — [MarketData] Fetching ETHUSD 5m (30 candles)…
2026-06-01 18:16:55 [DEBUG] urllib3.connectionpool — https://api.india.delta.exchange:443 "GET /v2/history/candles?resolution=5m&symbol=ETHUSD&start=1780307515&end=1780318015 HTTP/1.1" 200 None
2026-06-01 18:16:55 [INFO] core.market_data — [MarketData] Cached 30 candles for ETHUSD 5m
2026-06-01 18:16:55 [INFO] core.market_data — [MarketData] Fetching ETHUSD 15m (60 candles)…
2026-06-01 18:16:55 [DEBUG] urllib3.connectionpool — https://api.india.delta.exchange:443 "GET /v2/history/candles?resolution=15m&symbol=ETHUSD&start=1780259515&end=1780318015 HTTP/1.1" 200 None
2026-06-01 18:16:55 [INFO] core.market_data — [MarketData] Cached 60 candles for ETHUSD 15m
2026-06-01 18:16:55 [INFO] core.market_data — [MarketData] Fetching ETHUSD 1h (250 candles)…
2026-06-01 18:16:56 [DEBUG] urllib3.connectionpool — https://api.india.delta.exchange:443 "GET /v2/history/candles?resolution=1h&symbol=ETHUSD&start=1779400015&end=1780318015 HTTP/1.1" 200 None
2026-06-01 18:16:56 [INFO] core.market_data — [MarketData] Cached 250 candles for ETHUSD 1h
2026-06-01 18:16:56 [INFO] core.market_data — [MarketData] Fetching ETHUSD 4h (300 candles)…
2026-06-01 18:16:56 [DEBUG] urllib3.connectionpool — https://api.india.delta.exchange:443 "GET /v2/history/candles?resolution=4h&symbol=ETHUSD&start=1775926016&end=1780318016 HTTP/1.1" 200 None
2026-06-01 18:16:56 [INFO] core.market_data — [MarketData] Cached 300 candles for ETHUSD 4h
2026-06-01 18:16:56 [INFO] core.market_data — [MarketData] Fetching ETHUSD 1d (200 candles)…
2026-06-01 18:16:56 [DEBUG] urllib3.connectionpool — https://api.india.delta.exchange:443 "GET /v2/history/candles?resolution=1d&symbol=ETHUSD&start=1762606016&end=1780318016 HTTP/1.1" 200 None
2026-06-01 18:16:56 [INFO] core.market_data — [MarketData] Cached 200 candles for ETHUSD 1d
2026-06-01 18:16:56 [DEBUG] main — ETHUSD indicators — RSI15m:55.0 EMA20_1h:1996.29 EMA200_4h:2153.85 ATR:6.9312
2026-06-01 18:16:56 [DEBUG] main — ETHUSD: 4h structure bias=bearish | patterns detected=0
2026-06-01 18:16:56 [DEBUG] main — ETHUSD: SMC — OBs=1 FVGs=5
2026-06-01 18:16:56 [DEBUG] core.strategy — [Strategy] ETHUSD LONG: only 3/7 conditions met.
2026-06-01 18:16:56 [DEBUG] core.strategy — [Strategy] ETHUSD SHORT: only 3/7 conditions met.
2026-06-01 18:16:56 [INFO] main — ETHUSD $1,991.10 | trend:bearish | bias:bearish | RSI:55.0 | no setup
2026-06-01 18:16:56 [DEBUG] core.market_data — [MarketData] Cache hit for XAUTUSD 1m
2026-06-01 18:16:56 [DEBUG] main — XAUTUSD: price $4497.93 (source=REST)
2026-06-01 18:16:56 [DEBUG] core.market_data — [MarketData] Cache hit for XAUTUSD 1m
2026-06-01 18:16:56 [INFO] core.market_data — [MarketData] Fetching XAUTUSD 5m (30 candles)…
2026-06-01 18:16:56 [DEBUG] urllib3.connectionpool — https://api.india.delta.exchange:443 "GET /v2/history/candles?resolution=5m&symbol=XAUTUSD&start=1780307516&end=1780318016 HTTP/1.1" 200 None
2026-06-01 18:16:56 [INFO] core.market_data — [MarketData] Cached 30 candles for XAUTUSD 5m
2026-06-01 18:16:56 [INFO] core.market_data — [MarketData] Fetching XAUTUSD 15m (60 candles)…
2026-06-01 18:16:57 [DEBUG] urllib3.connectionpool — https://api.india.delta.exchange:443 "GET /v2/history/candles?resolution=15m&symbol=XAUTUSD&start=1780259516&end=1780318016 HTTP/1.1" 200 None
2026-06-01 18:16:57 [INFO] core.market_data — [MarketData] Cached 60 candles for XAUTUSD 15m
2026-06-01 18:16:57 [INFO] core.market_data — [MarketData] Fetching XAUTUSD 1h (250 candles)…
2026-06-01 18:16:57 [DEBUG] urllib3.connectionpool — https://api.india.delta.exchange:443 "GET /v2/history/candles?resolution=1h&symbol=XAUTUSD&start=1779400017&end=1780318017 HTTP/1.1" 200 None
2026-06-01 18:16:57 [INFO] core.market_data — [MarketData] Cached 250 candles for XAUTUSD 1h
2026-06-01 18:16:57 [INFO] core.market_data — [MarketData] Fetching XAUTUSD 4h (300 candles)…
2026-06-01 18:16:57 [DEBUG] urllib3.connectionpool — https://api.india.delta.exchange:443 "GET /v2/history/candles?resolution=4h&symbol=XAUTUSD&start=1775926017&end=1780318017 HTTP/1.1" 200 None
2026-06-01 18:16:57 [INFO] core.market_data — [MarketData] Cached 271 candles for XAUTUSD 4h
2026-06-01 18:16:57 [INFO] core.market_data — [MarketData] Fetching XAUTUSD 1d (200 candles)…
2026-06-01 18:16:57 [DEBUG] urllib3.connectionpool — https://api.india.delta.exchange:443 "GET /v2/history/candles?resolution=1d&symbol=XAUTUSD&start=1762606017&end=1780318017 HTTP/1.1" 200 None
2026-06-01 18:16:57 [INFO] core.market_data — [MarketData] Cached 46 candles for XAUTUSD 1d
2026-06-01 18:16:57 [DEBUG] main — XAUTUSD indicators — RSI15m:51.0 EMA20_1h:4505.15 EMA200_4h:4579.18 ATR:6.5413
2026-06-01 18:16:57 [DEBUG] main — XAUTUSD: 4h structure bias=bullish | patterns detected=0
2026-06-01 18:16:57 [DEBUG] main — XAUTUSD: SMC — OBs=0 FVGs=3
2026-06-01 18:16:57 [DEBUG] core.strategy — [Strategy] XAUTUSD LONG: only 4/7 conditions met.
2026-06-01 18:16:57 [DEBUG] core.strategy — [Strategy] XAUTUSD SHORT: only 2/7 conditions met.
2026-06-01 18:16:57 [INFO] main — XAUTUSD $4,497.93 | trend:bearish | bias:bullish | RSI:51.0 | no setup
2026-06-01 18:16:57 [INFO] main — === Scan complete in 4.0s ===
2026-06-01 18:17:17 [DEBUG] websocket — Sending ping
2026-06-01 18:17:47 [DEBUG] websocket — Sending ping
2026-06-01 18:18:17 [DEBUG] websocket — Sending ping
2026-06-01 18:18:47 [DEBUG] websocket — Sending ping
2026-06-01 18:19:17 [DEBUG] websocket — Sending ping
2026-06-01 18:19:47 [DEBUG] websocket — Sending ping
2026-06-01 18:20:17 [DEBUG] websocket — Sending ping
2026-06-01 18:20:47 [DEBUG] websocket — Sending ping
2026-06-01 18:21:17 [DEBUG] websocket — Sending ping
2026-06-01 18:21:47 [DEBUG] websocket — Sending ping
2026-06-01 18:21:57 [DEBUG] schedule — Running job Job(interval=5, unit=minutes, do=run_checks, args=(), kwargs={})
2026-06-01 18:21:57 [INFO] main — === Scan started | symbols=['BTCUSD', 'ETHUSD', 'XAUTUSD'] ===
2026-06-01 18:21:57 [INFO] core.market_data — [MarketData] Fetching BTCUSD 1m (20 candles)…
2026-06-01 18:21:57 [DEBUG] urllib3.connectionpool — Resetting dropped connection: api.india.delta.exchange
2026-06-01 18:21:58 [DEBUG] urllib3.connectionpool — https://api.india.delta.exchange:443 "GET /v2/history/candles?resolution=1m&symbol=BTCUSD&start=1780316817&end=1780318317 HTTP/1.1" 200 None
2026-06-01 18:21:58 [INFO] core.market_data — [MarketData] Cached 20 candles for BTCUSD 1m
2026-06-01 18:21:58 [INFO] core.market_data — [MarketData] Fetching ETHUSD 1m (20 candles)…
2026-06-01 18:21:58 [DEBUG] urllib3.connectionpool — https://api.india.delta.exchange:443 "GET /v2/history/candles?resolution=1m&symbol=ETHUSD&start=1780316818&end=1780318318 HTTP/1.1" 200 None
2026-06-01 18:21:58 [INFO] core.market_data — [MarketData] Cached 20 candles for ETHUSD 1m
2026-06-01 18:21:58 [INFO] core.market_data — [MarketData] Fetching XAUTUSD 1m (20 candles)…
2026-06-01 18:21:58 [DEBUG] urllib3.connectionpool — https://api.india.delta.exchange:443 "GET /v2/history/candles?resolution=1m&symbol=XAUTUSD&start=1780316818&end=1780318318 HTTP/1.1" 200 None
2026-06-01 18:21:58 [INFO] core.market_data — [MarketData] Cached 20 candles for XAUTUSD 1m
2026-06-01 18:21:58 [DEBUG] main — Live prices: {'BTCUSD': '72,152.50', 'ETHUSD': '1,989.15', 'XAUTUSD': '4,497.59'}
2026-06-01 18:21:58 [DEBUG] core.market_data — [MarketData] Cache hit for BTCUSD 1m
2026-06-01 18:21:58 [DEBUG] main — BTCUSD: price $72152.50 (source=REST)
2026-06-01 18:21:58 [DEBUG] core.market_data — [MarketData] Cache hit for BTCUSD 1m
2026-06-01 18:21:58 [INFO] core.market_data — [MarketData] Fetching BTCUSD 5m (30 candles)…
2026-06-01 18:21:58 [DEBUG] urllib3.connectionpool — https://api.india.delta.exchange:443 "GET /v2/history/candles?resolution=5m&symbol=BTCUSD&start=1780307818&end=1780318318 HTTP/1.1" 200 None
2026-06-01 18:21:58 [INFO] core.market_data — [MarketData] Cached 30 candles for BTCUSD 5m
2026-06-01 18:21:58 [INFO] core.market_data — [MarketData] Fetching BTCUSD 15m (60 candles)…
2026-06-01 18:21:58 [DEBUG] urllib3.connectionpool — https://api.india.delta.exchange:443 "GET /v2/history/candles?resolution=15m&symbol=BTCUSD&start=1780259818&end=1780318318 HTTP/1.1" 200 None
2026-06-01 18:21:58 [INFO] core.market_data — [MarketData] Cached 60 candles for BTCUSD 15m
2026-06-01 18:21:58 [INFO] core.market_data — [MarketData] Fetching BTCUSD 1h (250 candles)…
2026-06-01 18:21:59 [DEBUG] urllib3.connectionpool — https://api.india.delta.exchange:443 "GET /v2/history/candles?resolution=1h&symbol=BTCUSD&start=1779400318&end=1780318318 HTTP/1.1" 200 None
2026-06-01 18:21:59 [INFO] core.market_data — [MarketData] Cached 250 candles for BTCUSD 1h
2026-06-01 18:21:59 [INFO] core.market_data — [MarketData] Fetching BTCUSD 4h (300 candles)…
2026-06-01 18:21:59 [DEBUG] urllib3.connectionpool — https://api.india.delta.exchange:443 "GET /v2/history/candles?resolution=4h&symbol=BTCUSD&start=1775926319&end=1780318319 HTTP/1.1" 200 None
2026-06-01 18:21:59 [INFO] core.market_data — [MarketData] Cached 300 candles for BTCUSD 4h
2026-06-01 18:21:59 [INFO] core.market_data — [MarketData] Fetching BTCUSD 1d (200 candles)…
2026-06-01 18:21:59 [DEBUG] urllib3.connectionpool — https://api.india.delta.exchange:443 "GET /v2/history/candles?resolution=1d&symbol=BTCUSD&start=1762606319&end=1780318319 HTTP/1.1" 200 None
2026-06-01 18:21:59 [INFO] core.market_data — [MarketData] Cached 200 candles for BTCUSD 1d
2026-06-01 18:21:59 [DEBUG] main — BTCUSD indicators — RSI15m:28.8 EMA20_1h:73161.52 EMA200_4h:76410.51 ATR:221.3819
2026-06-01 18:21:59 [DEBUG] main — BTCUSD: 4h structure bias=bearish | patterns detected=0
2026-06-01 18:21:59 [DEBUG] main — BTCUSD: SMC — OBs=0 FVGs=7
2026-06-01 18:21:59 [DEBUG] core.strategy — [Strategy] BTCUSD LONG: only 0/7 conditions met.
2026-06-01 18:21:59 [DEBUG] core.strategy — [Strategy] BTCUSD SHORT: only 4/7 conditions met.
2026-06-01 18:21:59 [INFO] main — BTCUSD $72,152.50 | trend:bearish | bias:bearish | RSI:28.8 | no setup
2026-06-01 18:21:59 [DEBUG] core.market_data — [MarketData] Cache hit for ETHUSD 1m
2026-06-01 18:21:59 [DEBUG] main — ETHUSD: price $1989.15 (source=REST)
2026-06-01 18:21:59 [DEBUG] core.market_data — [MarketData] Cache hit for ETHUSD 1m
2026-06-01 18:21:59 [INFO] core.market_data — [MarketData] Fetching ETHUSD 5m (30 candles)…
2026-06-01 18:21:59 [DEBUG] urllib3.connectionpool — https://api.india.delta.exchange:443 "GET /v2/history/candles?resolution=5m&symbol=ETHUSD&start=1780307819&end=1780318319 HTTP/1.1" 200 None
2026-06-01 18:21:59 [INFO] core.market_data — [MarketData] Cached 30 candles for ETHUSD 5m
2026-06-01 18:21:59 [INFO] core.market_data — [MarketData] Fetching ETHUSD 15m (60 candles)…
2026-06-01 18:22:00 [DEBUG] urllib3.connectionpool — https://api.india.delta.exchange:443 "GET /v2/history/candles?resolution=15m&symbol=ETHUSD&start=1780259819&end=1780318319 HTTP/1.1" 200 None
2026-06-01 18:22:00 [INFO] core.market_data — [MarketData] Cached 60 candles for ETHUSD 15m
2026-06-01 18:22:00 [INFO] core.market_data — [MarketData] Fetching ETHUSD 1h (250 candles)…
2026-06-01 18:22:00 [DEBUG] urllib3.connectionpool — https://api.india.delta.exchange:443 "GET /v2/history/candles?resolution=1h&symbol=ETHUSD&start=1779400320&end=1780318320 HTTP/1.1" 200 None
2026-06-01 18:22:00 [INFO] core.market_data — [MarketData] Cached 250 candles for ETHUSD 1h
2026-06-01 18:22:00 [INFO] core.market_data — [MarketData] Fetching ETHUSD 4h (300 candles)…
2026-06-01 18:22:00 [DEBUG] urllib3.connectionpool — https://api.india.delta.exchange:443 "GET /v2/history/candles?resolution=4h&symbol=ETHUSD&start=1775926320&end=1780318320 HTTP/1.1" 200 None
2026-06-01 18:22:00 [INFO] core.market_data — [MarketData] Cached 300 candles for ETHUSD 4h
2026-06-01 18:22:00 [INFO] core.market_data — [MarketData] Fetching ETHUSD 1d (200 candles)…
2026-06-01 18:22:01 [DEBUG] urllib3.connectionpool — https://api.india.delta.exchange:443 "GET /v2/history/candles?resolution=1d&symbol=ETHUSD&start=1762606320&end=1780318320 HTTP/1.1" 200 None
2026-06-01 18:22:01 [INFO] core.market_data — [MarketData] Cached 200 candles for ETHUSD 1d
2026-06-01 18:22:01 [DEBUG] main — ETHUSD indicators — RSI15m:52.7 EMA20_1h:1996.10 EMA200_4h:2153.84 ATR:7.1312
2026-06-01 18:22:01 [DEBUG] main — ETHUSD: 4h structure bias=bearish | patterns detected=0
2026-06-01 18:22:01 [DEBUG] main — ETHUSD: SMC — OBs=1 FVGs=5
2026-06-01 18:22:01 [DEBUG] core.strategy — [Strategy] ETHUSD LONG: only 3/7 conditions met.
2026-06-01 18:22:01 [DEBUG] core.strategy — [Strategy] ETHUSD SHORT: only 3/7 conditions met.
2026-06-01 18:22:01 [INFO] main — ETHUSD $1,989.15 | trend:bearish | bias:bearish | RSI:52.7 | no setup
2026-06-01 18:22:01 [DEBUG] core.market_data — [MarketData] Cache hit for XAUTUSD 1m
2026-06-01 18:22:01 [DEBUG] main — XAUTUSD: price $4497.59 (source=REST)
2026-06-01 18:22:01 [DEBUG] core.market_data — [MarketData] Cache hit for XAUTUSD 1m
2026-06-01 18:22:01 [INFO] core.market_data — [MarketData] Fetching XAUTUSD 5m (30 candles)…
2026-06-01 18:22:01 [DEBUG] urllib3.connectionpool — https://api.india.delta.exchange:443 "GET /v2/history/candles?resolution=5m&symbol=XAUTUSD&start=1780307821&end=1780318321 HTTP/1.1" 200 None
2026-06-01 18:22:01 [INFO] core.market_data — [MarketData] Cached 30 candles for XAUTUSD 5m
2026-06-01 18:22:01 [INFO] core.market_data — [MarketData] Fetching XAUTUSD 15m (60 candles)…
2026-06-01 18:22:01 [DEBUG] urllib3.connectionpool — https://api.india.delta.exchange:443 "GET /v2/history/candles?resolution=15m&symbol=XAUTUSD&start=1780259821&end=1780318321 HTTP/1.1" 200 None
2026-06-01 18:22:01 [INFO] core.market_data — [MarketData] Cached 60 candles for XAUTUSD 15m
2026-06-01 18:22:01 [INFO] core.market_data — [MarketData] Fetching XAUTUSD 1h (250 candles)…
2026-06-01 18:22:01 [DEBUG] urllib3.connectionpool — https://api.india.delta.exchange:443 "GET /v2/history/candles?resolution=1h&symbol=XAUTUSD&start=1779400321&end=1780318321 HTTP/1.1" 200 None
2026-06-01 18:22:01 [INFO] core.market_data — [MarketData] Cached 250 candles for XAUTUSD 1h
2026-06-01 18:22:01 [INFO] core.market_data — [MarketData] Fetching XAUTUSD 4h (300 candles)…
2026-06-01 18:22:01 [DEBUG] urllib3.connectionpool — https://api.india.delta.exchange:443 "GET /v2/history/candles?resolution=4h&symbol=XAUTUSD&start=1775926321&end=1780318321 HTTP/1.1" 200 None
2026-06-01 18:22:01 [INFO] core.market_data — [MarketData] Cached 271 candles for XAUTUSD 4h
2026-06-01 18:22:01 [INFO] core.market_data — [MarketData] Fetching XAUTUSD 1d (200 candles)…
2026-06-01 18:22:02 [DEBUG] urllib3.connectionpool — https://api.india.delta.exchange:443 "GET /v2/history/candles?resolution=1d&symbol=XAUTUSD&start=1762606321&end=1780318321 HTTP/1.1" 200 None
2026-06-01 18:22:02 [INFO] core.market_data — [MarketData] Cached 46 candles for XAUTUSD 1d
2026-06-01 18:22:02 [DEBUG] main — XAUTUSD indicators — RSI15m:50.6 EMA20_1h:4505.04 EMA200_4h:4579.24 ATR:6.6099
2026-06-01 18:22:02 [DEBUG] main — XAUTUSD: 4h structure bias=bullish | patterns detected=0
2026-06-01 18:22:02 [DEBUG] main — XAUTUSD: SMC — OBs=0 FVGs=3
2026-06-01 18:22:02 [DEBUG] core.strategy — [Strategy] XAUTUSD LONG: only 4/7 conditions met.
2026-06-01 18:22:02 [DEBUG] core.strategy — [Strategy] XAUTUSD SHORT: only 2/7 conditions met.
2026-06-01 18:22:02 [INFO] main — XAUTUSD $4,497.59 | trend:bearish | bias:bullish | RSI:50.6 | no setup
2026-06-01 18:22:02 [INFO] main — === Scan complete in 4.4s ===
2026-06-01 18:22:17 [DEBUG] websocket — Sending ping
2026-06-01 18:22:47 [DEBUG] websocket — Sending ping
2026-06-01 18:23:17 [DEBUG] websocket — Sending ping
2026-06-01 18:23:47 [DEBUG] websocket — Sending ping
2026-06-01 18:24:17 [DEBUG] websocket — Sending ping
2026-06-01 18:24:47 [DEBUG] websocket — Sending ping
2026-06-01 18:25:17 [DEBUG] websocket — Sending ping
2026-06-01 18:25:47 [DEBUG] websocket — Sending ping
2026-06-01 18:26:17 [DEBUG] websocket — Sending ping
2026-06-01 18:26:47 [DEBUG] websocket — Sending ping
2026-06-01 18:27:02 [DEBUG] schedule — Running job Job(interval=5, unit=minutes, do=run_checks, args=(), kwargs={})
2026-06-01 18:27:02 [INFO] main — === Scan started | symbols=['BTCUSD', 'ETHUSD', 'XAUTUSD'] ===
2026-06-01 18:27:02 [INFO] core.market_data — [MarketData] Fetching BTCUSD 1m (20 candles)…
2026-06-01 18:27:02 [DEBUG] urllib3.connectionpool — Resetting dropped connection: api.india.delta.exchange
2026-06-01 18:27:02 [DEBUG] urllib3.connectionpool — https://api.india.delta.exchange:443 "GET /v2/history/candles?resolution=1m&symbol=BTCUSD&start=1780317122&end=1780318622 HTTP/1.1" 200 None
2026-06-01 18:27:02 [INFO] core.market_data — [MarketData] Cached 20 candles for BTCUSD 1m
2026-06-01 18:27:02 [INFO] core.market_data — [MarketData] Fetching ETHUSD 1m (20 candles)…
2026-06-01 18:27:03 [DEBUG] urllib3.connectionpool — https://api.india.delta.exchange:443 "GET /v2/history/candles?resolution=1m&symbol=ETHUSD&start=1780317122&end=1780318622 HTTP/1.1" 200 None
2026-06-01 18:27:03 [INFO] core.market_data — [MarketData] Cached 20 candles for ETHUSD 1m
2026-06-01 18:27:03 [INFO] core.market_data — [MarketData] Fetching XAUTUSD 1m (20 candles)…
2026-06-01 18:27:03 [DEBUG] urllib3.connectionpool — https://api.india.delta.exchange:443 "GET /v2/history/candles?resolution=1m&symbol=XAUTUSD&start=1780317123&end=1780318623 HTTP/1.1" 200 None
2026-06-01 18:27:03 [INFO] core.market_data — [MarketData] Cached 20 candles for XAUTUSD 1m
2026-06-01 18:27:03 [DEBUG] main — Live prices: {'BTCUSD': '72,175.50', 'ETHUSD': '1,989.00', 'XAUTUSD': '4,494.20'}
2026-06-01 18:27:03 [DEBUG] core.market_data — [MarketData] Cache hit for BTCUSD 1m
2026-06-01 18:27:03 [DEBUG] main — BTCUSD: price $72175.50 (source=REST)
2026-06-01 18:27:03 [DEBUG] core.market_data — [MarketData] Cache hit for BTCUSD 1m
2026-06-01 18:27:03 [INFO] core.market_data — [MarketData] Fetching BTCUSD 5m (30 candles)…
2026-06-01 18:27:03 [DEBUG] urllib3.connectionpool — https://api.india.delta.exchange:443 "GET /v2/history/candles?resolution=5m&symbol=BTCUSD&start=1780308123&end=1780318623 HTTP/1.1" 200 None
2026-06-01 18:27:03 [INFO] core.market_data — [MarketData] Cached 30 candles for BTCUSD 5m
2026-06-01 18:27:03 [INFO] core.market_data — [MarketData] Fetching BTCUSD 15m (60 candles)…
2026-06-01 18:27:03 [DEBUG] urllib3.connectionpool — https://api.india.delta.exchange:443 "GET /v2/history/candles?resolution=15m&symbol=BTCUSD&start=1780260123&end=1780318623 HTTP/1.1" 200 None
2026-06-01 18:27:03 [INFO] core.market_data — [MarketData] Cached 60 candles for BTCUSD 15m
2026-06-01 18:27:03 [INFO] core.market_data — [MarketData] Fetching BTCUSD 1h (250 candles)…
2026-06-01 18:27:04 [DEBUG] urllib3.connectionpool — https://api.india.delta.exchange:443 "GET /v2/history/candles?resolution=1h&symbol=BTCUSD&start=1779400623&end=1780318623 HTTP/1.1" 200 None
2026-06-01 18:27:04 [INFO] core.market_data — [MarketData] Cached 250 candles for BTCUSD 1h
2026-06-01 18:27:04 [INFO] core.market_data — [MarketData] Fetching BTCUSD 4h (300 candles)…
2026-06-01 18:27:04 [DEBUG] urllib3.connectionpool — https://api.india.delta.exchange:443 "GET /v2/history/candles?resolution=4h&symbol=BTCUSD&start=1775926624&end=1780318624 HTTP/1.1" 200 None
2026-06-01 18:27:04 [INFO] core.market_data — [MarketData] Cached 300 candles for BTCUSD 4h
2026-06-01 18:27:04 [INFO] core.market_data — [MarketData] Fetching BTCUSD 1d (200 candles)…
2026-06-01 18:27:04 [DEBUG] urllib3.connectionpool — https://api.india.delta.exchange:443 "GET /v2/history/candles?resolution=1d&symbol=BTCUSD&start=1762606624&end=1780318624 HTTP/1.1" 200 None
2026-06-01 18:27:04 [INFO] core.market_data — [MarketData] Cached 200 candles for BTCUSD 1d
2026-06-01 18:27:04 [DEBUG] main — BTCUSD indicators — RSI15m:28.4 EMA20_1h:73160.38 EMA200_4h:76410.92 ATR:221.3819
2026-06-01 18:27:04 [DEBUG] main — BTCUSD: 4h structure bias=bearish | patterns detected=0
2026-06-01 18:27:04 [DEBUG] main — BTCUSD: SMC — OBs=0 FVGs=7
2026-06-01 18:27:04 [DEBUG] core.strategy — [Strategy] BTCUSD LONG: only 0/7 conditions met.
2026-06-01 18:27:04 [DEBUG] core.strategy — [Strategy] BTCUSD SHORT: only 4/7 conditions met.
2026-06-01 18:27:04 [INFO] main — BTCUSD $72,175.50 | trend:bearish | bias:bearish | RSI:28.4 | no setup
2026-06-01 18:27:04 [DEBUG] core.market_data — [MarketData] Cache hit for ETHUSD 1m
2026-06-01 18:27:04 [DEBUG] main — ETHUSD: price $1989.00 (source=REST)
2026-06-01 18:27:04 [DEBUG] core.market_data — [MarketData] Cache hit for ETHUSD 1m
2026-06-01 18:27:04 [INFO] core.market_data — [MarketData] Fetching ETHUSD 5m (30 candles)…
2026-06-01 18:27:04 [DEBUG] urllib3.connectionpool — https://api.india.delta.exchange:443 "GET /v2/history/candles?resolution=5m&symbol=ETHUSD&start=1780308124&end=1780318624 HTTP/1.1" 200 None
2026-06-01 18:27:04 [INFO] core.market_data — [MarketData] Cached 30 candles for ETHUSD 5m
2026-06-01 18:27:04 [INFO] core.market_data — [MarketData] Fetching ETHUSD 15m (60 candles)…
2026-06-01 18:27:05 [DEBUG] urllib3.connectionpool — https://api.india.delta.exchange:443 "GET /v2/history/candles?resolution=15m&symbol=ETHUSD&start=1780260124&end=1780318624 HTTP/1.1" 200 None
2026-06-01 18:27:05 [INFO] core.market_data — [MarketData] Cached 60 candles for ETHUSD 15m
2026-06-01 18:27:05 [INFO] core.market_data — [MarketData] Fetching ETHUSD 1h (250 candles)…
2026-06-01 18:27:05 [DEBUG] urllib3.connectionpool — https://api.india.delta.exchange:443 "GET /v2/history/candles?resolution=1h&symbol=ETHUSD&start=1779400625&end=1780318625 HTTP/1.1" 200 None
2026-06-01 18:27:05 [INFO] core.market_data — [MarketData] Cached 250 candles for ETHUSD 1h
2026-06-01 18:27:05 [INFO] core.market_data — [MarketData] Fetching ETHUSD 4h (300 candles)…
2026-06-01 18:27:05 [DEBUG] urllib3.connectionpool — https://api.india.delta.exchange:443 "GET /v2/history/candles?resolution=4h&symbol=ETHUSD&start=1775926625&end=1780318625 HTTP/1.1" 200 None
2026-06-01 18:27:05 [INFO] core.market_data — [MarketData] Cached 300 candles for ETHUSD 4h
2026-06-01 18:27:05 [INFO] core.market_data — [MarketData] Fetching ETHUSD 1d (200 candles)…
2026-06-01 18:27:05 [DEBUG] urllib3.connectionpool — https://api.india.delta.exchange:443 "GET /v2/history/candles?resolution=1d&symbol=ETHUSD&start=1762606625&end=1780318625 HTTP/1.1" 200 None
2026-06-01 18:27:05 [INFO] core.market_data — [MarketData] Cached 200 candles for ETHUSD 1d
2026-06-01 18:27:05 [DEBUG] main — ETHUSD indicators — RSI15m:51.4 EMA20_1h:1995.82 EMA200_4h:2153.82 ATR:7.2777
2026-06-01 18:27:05 [DEBUG] main — ETHUSD: 4h structure bias=bearish | patterns detected=0
2026-06-01 18:27:05 [DEBUG] main — ETHUSD: SMC — OBs=1 FVGs=4
2026-06-01 18:27:05 [DEBUG] core.strategy — [Strategy] ETHUSD LONG: only 3/7 conditions met.
2026-06-01 18:27:05 [DEBUG] core.strategy — [Strategy] ETHUSD SHORT: only 3/7 conditions met.
2026-06-01 18:27:05 [INFO] main — ETHUSD $1,989.00 | trend:bearish | bias:bearish | RSI:51.4 | no setup
2026-06-01 18:27:05 [DEBUG] core.market_data — [MarketData] Cache hit for XAUTUSD 1m
2026-06-01 18:27:05 [DEBUG] main — XAUTUSD: price $4494.20 (source=REST)
2026-06-01 18:27:05 [DEBUG] core.market_data — [MarketData] Cache hit for XAUTUSD 1m
2026-06-01 18:27:05 [INFO] core.market_data — [MarketData] Fetching XAUTUSD 5m (30 candles)…
2026-06-01 18:27:05 [DEBUG] urllib3.connectionpool — https://api.india.delta.exchange:443 "GET /v2/history/candles?resolution=5m&symbol=XAUTUSD&start=1780308125&end=1780318625 HTTP/1.1" 200 None
2026-06-01 18:27:05 [INFO] core.market_data — [MarketData] Cached 30 candles for XAUTUSD 5m
2026-06-01 18:27:05 [INFO] core.market_data — [MarketData] Fetching XAUTUSD 15m (60 candles)…
2026-06-01 18:27:06 [DEBUG] urllib3.connectionpool — https://api.india.delta.exchange:443 "GET /v2/history/candles?resolution=15m&symbol=XAUTUSD&start=1780260125&end=1780318625 HTTP/1.1" 200 None
2026-06-01 18:27:06 [INFO] core.market_data — [MarketData] Cached 60 candles for XAUTUSD 15m
2026-06-01 18:27:06 [INFO] core.market_data — [MarketData] Fetching XAUTUSD 1h (250 candles)…
2026-06-01 18:27:06 [DEBUG] urllib3.connectionpool — https://api.india.delta.exchange:443 "GET /v2/history/candles?resolution=1h&symbol=XAUTUSD&start=1779400626&end=1780318626 HTTP/1.1" 200 None
2026-06-01 18:27:06 [INFO] core.market_data — [MarketData] Cached 250 candles for XAUTUSD 1h
2026-06-01 18:27:06 [INFO] core.market_data — [MarketData] Fetching XAUTUSD 4h (300 candles)…
2026-06-01 18:27:06 [DEBUG] urllib3.connectionpool — https://api.india.delta.exchange:443 "GET /v2/history/candles?resolution=4h&symbol=XAUTUSD&start=1775926626&end=1780318626 HTTP/1.1" 200 None
2026-06-01 18:27:06 [INFO] core.market_data — [MarketData] Cached 271 candles for XAUTUSD 4h
2026-06-01 18:27:06 [INFO] core.market_data — [MarketData] Fetching XAUTUSD 1d (200 candles)…
2026-06-01 18:27:06 [DEBUG] urllib3.connectionpool — https://api.india.delta.exchange:443 "GET /v2/history/candles?resolution=1d&symbol=XAUTUSD&start=1762606626&end=1780318626 HTTP/1.1" 200 None
2026-06-01 18:27:06 [INFO] core.market_data — [MarketData] Cached 46 candles for XAUTUSD 1d
2026-06-01 18:27:06 [DEBUG] main — XAUTUSD indicators — RSI15m:46.7 EMA20_1h:4504.91 EMA200_4h:4579.24 ATR:6.7885
2026-06-01 18:27:06 [DEBUG] main — XAUTUSD: 4h structure bias=bullish | patterns detected=0
2026-06-01 18:27:06 [DEBUG] main — XAUTUSD: SMC — OBs=0 FVGs=3
2026-06-01 18:27:06 [DEBUG] core.strategy — [Strategy] XAUTUSD LONG: only 3/7 conditions met.
2026-06-01 18:27:06 [DEBUG] core.strategy — [Strategy] XAUTUSD SHORT: only 3/7 conditions met.
2026-06-01 18:27:06 [INFO] main — XAUTUSD $4,494.20 | trend:bearish | bias:bullish | RSI:46.7 | no setup
2026-06-01 18:27:06 [INFO] main — === Scan complete in 4.5s ===
2026-06-01 18:27:17 [DEBUG] websocket — Sending ping
2026-06-01 18:27:47 [DEBUG] websocket — Sending ping
2026-06-01 18:28:17 [DEBUG] websocket — Sending ping
2026-06-01 18:28:47 [DEBUG] websocket — Sending ping
2026-06-01 18:29:17 [DEBUG] websocket — Sending ping
2026-06-01 18:29:47 [DEBUG] websocket — Sending ping
2026-06-01 18:30:17 [DEBUG] websocket — Sending ping
2026-06-01 18:30:47 [DEBUG] websocket — Sending ping
2026-06-01 18:31:17 [DEBUG] websocket — Sending ping
2026-06-01 18:31:47 [DEBUG] websocket — Sending ping
2026-06-01 18:32:06 [DEBUG] schedule — Running job Job(interval=5, unit=minutes, do=run_checks, args=(), kwargs={})
2026-06-01 18:32:06 [INFO] main — === Scan started | symbols=['BTCUSD', 'ETHUSD', 'XAUTUSD'] ===
2026-06-01 18:32:06 [INFO] core.market_data — [MarketData] Fetching BTCUSD 1m (20 candles)…
2026-06-01 18:32:06 [DEBUG] urllib3.connectionpool — Resetting dropped connection: api.india.delta.exchange
2026-06-01 18:32:07 [DEBUG] urllib3.connectionpool — https://api.india.delta.exchange:443 "GET /v2/history/candles?resolution=1m&symbol=BTCUSD&start=1780317426&end=1780318926 HTTP/1.1" 200 None
2026-06-01 18:32:07 [INFO] core.market_data — [MarketData] Cached 20 candles for BTCUSD 1m
2026-06-01 18:32:07 [INFO] core.market_data — [MarketData] Fetching ETHUSD 1m (20 candles)…
2026-06-01 18:32:07 [DEBUG] urllib3.connectionpool — https://api.india.delta.exchange:443 "GET /v2/history/candles?resolution=1m&symbol=ETHUSD&start=1780317427&end=1780318927 HTTP/1.1" 200 None
2026-06-01 18:32:07 [INFO] core.market_data — [MarketData] Cached 20 candles for ETHUSD 1m
2026-06-01 18:32:07 [INFO] core.market_data — [MarketData] Fetching XAUTUSD 1m (20 candles)…
2026-06-01 18:32:07 [DEBUG] urllib3.connectionpool — https://api.india.delta.exchange:443 "GET /v2/history/candles?resolution=1m&symbol=XAUTUSD&start=1780317427&end=1780318927 HTTP/1.1" 200 None
2026-06-01 18:32:07 [INFO] core.market_data — [MarketData] Cached 20 candles for XAUTUSD 1m
2026-06-01 18:32:07 [DEBUG] main — Live prices: {'BTCUSD': '72,165.00', 'ETHUSD': '1,986.60', 'XAUTUSD': '4,493.94'}
2026-06-01 18:32:07 [DEBUG] core.market_data — [MarketData] Cache hit for BTCUSD 1m
2026-06-01 18:32:07 [DEBUG] main — BTCUSD: price $72165.00 (source=REST)
2026-06-01 18:32:07 [DEBUG] core.market_data — [MarketData] Cache hit for BTCUSD 1m
2026-06-01 18:32:07 [INFO] core.market_data — [MarketData] Fetching BTCUSD 5m (30 candles)…
2026-06-01 18:32:07 [DEBUG] urllib3.connectionpool — https://api.india.delta.exchange:443 "GET /v2/history/candles?resolution=5m&symbol=BTCUSD&start=1780308427&end=1780318927 HTTP/1.1" 200 None
2026-06-01 18:32:07 [INFO] core.market_data — [MarketData] Cached 30 candles for BTCUSD 5m
2026-06-01 18:32:07 [INFO] core.market_data — [MarketData] Fetching BTCUSD 15m (60 candles)…
2026-06-01 18:32:07 [DEBUG] urllib3.connectionpool — https://api.india.delta.exchange:443 "GET /v2/history/candles?resolution=15m&symbol=BTCUSD&start=1780260427&end=1780318927 HTTP/1.1" 200 None
2026-06-01 18:32:07 [INFO] core.market_data — [MarketData] Cached 60 candles for BTCUSD 15m
2026-06-01 18:32:07 [INFO] core.market_data — [MarketData] Fetching BTCUSD 1h (250 candles)…
2026-06-01 18:32:08 [DEBUG] urllib3.connectionpool — https://api.india.delta.exchange:443 "GET /v2/history/candles?resolution=1h&symbol=BTCUSD&start=1779400927&end=1780318927 HTTP/1.1" 200 None
2026-06-01 18:32:08 [INFO] core.market_data — [MarketData] Cached 250 candles for BTCUSD 1h
2026-06-01 18:32:08 [INFO] core.market_data — [MarketData] Fetching BTCUSD 4h (300 candles)…
2026-06-01 18:32:08 [DEBUG] urllib3.connectionpool — https://api.india.delta.exchange:443 "GET /v2/history/candles?resolution=4h&symbol=BTCUSD&start=1775926928&end=1780318928 HTTP/1.1" 200 None
2026-06-01 18:32:08 [INFO] core.market_data — [MarketData] Cached 300 candles for BTCUSD 4h
2026-06-01 18:32:08 [INFO] core.market_data — [MarketData] Fetching BTCUSD 1d (200 candles)…
2026-06-01 18:32:08 [DEBUG] urllib3.connectionpool — https://api.india.delta.exchange:443 "GET /v2/history/candles?resolution=1d&symbol=BTCUSD&start=1762606928&end=1780318928 HTTP/1.1" 200 None
2026-06-01 18:32:08 [INFO] core.market_data — [MarketData] Cached 200 candles for BTCUSD 1d
2026-06-01 18:32:08 [DEBUG] main — BTCUSD indicators — RSI15m:30.2 EMA20_1h:73166.67 EMA200_4h:76410.95 ATR:207.9232
2026-06-01 18:32:08 [DEBUG] main — BTCUSD: volatility state = low
2026-06-01 18:32:08 [DEBUG] main — BTCUSD: 4h structure bias=bearish | patterns detected=2
2026-06-01 18:32:08 [DEBUG] main — BTCUSD: SMC — OBs=0 FVGs=7
2026-06-01 18:32:08 [DEBUG] core.strategy — [Strategy] BTCUSD LONG: only 0/7 conditions met.
2026-06-01 18:32:08 [DEBUG] core.strategy — [Strategy] BTCUSD SHORT: only 4/7 conditions met.
2026-06-01 18:32:08 [INFO] main — BTCUSD $72,165.00 | trend:bearish | bias:bearish | RSI:30.2 | no setup
2026-06-01 18:32:08 [DEBUG] core.market_data — [MarketData] Cache hit for ETHUSD 1m
2026-06-01 18:32:08 [DEBUG] main — ETHUSD: price $1986.60 (source=REST)
2026-06-01 18:32:08 [DEBUG] core.market_data — [MarketData] Cache hit for ETHUSD 1m
2026-06-01 18:32:08 [INFO] core.market_data — [MarketData] Fetching ETHUSD 5m (30 candles)…
2026-06-01 18:32:08 [DEBUG] urllib3.connectionpool — https://api.india.delta.exchange:443 "GET /v2/history/candles?resolution=5m&symbol=ETHUSD&start=1780308428&end=1780318928 HTTP/1.1" 200 None
2026-06-01 18:32:08 [INFO] core.market_data — [MarketData] Cached 30 candles for ETHUSD 5m
2026-06-01 18:32:08 [INFO] core.market_data — [MarketData] Fetching ETHUSD 15m (60 candles)…
2026-06-01 18:32:08 [DEBUG] urllib3.connectionpool — https://api.india.delta.exchange:443 "GET /v2/history/candles?resolution=15m&symbol=ETHUSD&start=1780260428&end=1780318928 HTTP/1.1" 200 None
2026-06-01 18:32:08 [INFO] core.market_data — [MarketData] Cached 60 candles for ETHUSD 15m
2026-06-01 18:32:08 [INFO] core.market_data — [MarketData] Fetching ETHUSD 1h (250 candles)…
2026-06-01 18:32:09 [DEBUG] urllib3.connectionpool — https://api.india.delta.exchange:443 "GET /v2/history/candles?resolution=1h&symbol=ETHUSD&start=1779400928&end=1780318928 HTTP/1.1" 200 None
2026-06-01 18:32:09 [INFO] core.market_data — [MarketData] Cached 250 candles for ETHUSD 1h
2026-06-01 18:32:09 [INFO] core.market_data — [MarketData] Fetching ETHUSD 4h (300 candles)…
2026-06-01 18:32:09 [DEBUG] urllib3.connectionpool — https://api.india.delta.exchange:443 "GET /v2/history/candles?resolution=4h&symbol=ETHUSD&start=1775926929&end=1780318929 HTTP/1.1" 200 None
2026-06-01 18:32:09 [INFO] core.market_data — [MarketData] Cached 300 candles for ETHUSD 4h
2026-06-01 18:32:09 [INFO] core.market_data — [MarketData] Fetching ETHUSD 1d (200 candles)…
2026-06-01 18:32:09 [DEBUG] urllib3.connectionpool — https://api.india.delta.exchange:443 "GET /v2/history/candles?resolution=1d&symbol=ETHUSD&start=1762606929&end=1780318929 HTTP/1.1" 200 None
2026-06-01 18:32:09 [INFO] core.market_data — [MarketData] Cached 200 candles for ETHUSD 1d
2026-06-01 18:32:09 [DEBUG] main — ETHUSD indicators — RSI15m:53.0 EMA20_1h:1995.87 EMA200_4h:2153.83 ATR:6.8262
2026-06-01 18:32:09 [DEBUG] main — ETHUSD: volatility state = low
2026-06-01 18:32:09 [DEBUG] main — ETHUSD: 4h structure bias=bearish | patterns detected=2
2026-06-01 18:32:09 [DEBUG] main — ETHUSD: SMC — OBs=1 FVGs=4
2026-06-01 18:32:09 [DEBUG] core.strategy — [Strategy] ETHUSD LONG: only 2/7 conditions met.
2026-06-01 18:32:09 [DEBUG] core.strategy — [Strategy] ETHUSD SHORT: only 3/7 conditions met.
2026-06-01 18:32:09 [INFO] main — ETHUSD $1,986.60 | trend:bearish | bias:bearish | RSI:53.0 | no setup
2026-06-01 18:32:09 [DEBUG] core.market_data — [MarketData] Cache hit for XAUTUSD 1m
2026-06-01 18:32:09 [DEBUG] main — XAUTUSD: price $4493.94 (source=REST)
2026-06-01 18:32:09 [DEBUG] core.market_data — [MarketData] Cache hit for XAUTUSD 1m
2026-06-01 18:32:09 [INFO] core.market_data — [MarketData] Fetching XAUTUSD 5m (30 candles)…
2026-06-01 18:32:09 [DEBUG] urllib3.connectionpool — https://api.india.delta.exchange:443 "GET /v2/history/candles?resolution=5m&symbol=XAUTUSD&start=1780308429&end=1780318929 HTTP/1.1" 200 None
2026-06-01 18:32:09 [INFO] core.market_data — [MarketData] Cached 30 candles for XAUTUSD 5m
2026-06-01 18:32:09 [INFO] core.market_data — [MarketData] Fetching XAUTUSD 15m (60 candles)…
2026-06-01 18:32:09 [DEBUG] urllib3.connectionpool — https://api.india.delta.exchange:443 "GET /v2/history/candles?resolution=15m&symbol=XAUTUSD&start=1780260429&end=1780318929 HTTP/1.1" 200 None
2026-06-01 18:32:09 [INFO] core.market_data — [MarketData] Cached 60 candles for XAUTUSD 15m
2026-06-01 18:32:09 [INFO] core.market_data — [MarketData] Fetching XAUTUSD 1h (250 candles)…
2026-06-01 18:32:09 [DEBUG] urllib3.connectionpool — https://api.india.delta.exchange:443 "GET /v2/history/candles?resolution=1h&symbol=XAUTUSD&start=1779400929&end=1780318929 HTTP/1.1" 200 None
2026-06-01 18:32:09 [INFO] core.market_data — [MarketData] Cached 250 candles for XAUTUSD 1h
2026-06-01 18:32:09 [INFO] core.market_data — [MarketData] Fetching XAUTUSD 4h (300 candles)…
2026-06-01 18:32:10 [DEBUG] urllib3.connectionpool — https://api.india.delta.exchange:443 "GET /v2/history/candles?resolution=4h&symbol=XAUTUSD&start=1775926929&end=1780318929 HTTP/1.1" 200 None
2026-06-01 18:32:10 [INFO] core.market_data — [MarketData] Cached 271 candles for XAUTUSD 4h
2026-06-01 18:32:10 [INFO] core.market_data — [MarketData] Fetching XAUTUSD 1d (200 candles)…
2026-06-01 18:32:10 [DEBUG] urllib3.connectionpool — https://api.india.delta.exchange:443 "GET /v2/history/candles?resolution=1d&symbol=XAUTUSD&start=1762606930&end=1780318930 HTTP/1.1" 200 None
2026-06-01 18:32:10 [INFO] core.market_data — [MarketData] Cached 46 candles for XAUTUSD 1d
2026-06-01 18:32:10 [DEBUG] main — XAUTUSD indicators — RSI15m:47.5 EMA20_1h:4504.54 EMA200_4h:4579.21 ATR:6.5997
2026-06-01 18:32:10 [DEBUG] main — XAUTUSD: 4h structure bias=bullish | patterns detected=0
2026-06-01 18:32:10 [DEBUG] main — XAUTUSD: SMC — OBs=1 FVGs=3
2026-06-01 18:32:10 [DEBUG] core.strategy — [Strategy] XAUTUSD LONG: only 2/7 conditions met.
2026-06-01 18:32:10 [DEBUG] core.strategy — [Strategy] XAUTUSD SHORT: only 3/7 conditions met.
2026-06-01 18:32:10 [INFO] main — XAUTUSD $4,493.94 | trend:bearish | bias:bullish | RSI:47.5 | no setup
2026-06-01 18:32:10 [INFO] main — === Scan complete in 3.6s ===
2026-06-01 18:32:17 [DEBUG] websocket — Sending ping
2026-06-01 18:32:47 [DEBUG] websocket — Sending ping
2026-06-01 18:33:17 [DEBUG] websocket — Sending ping
2026-06-01 18:33:47 [DEBUG] websocket — Sending ping
2026-06-01 18:34:17 [DEBUG] websocket — Sending ping
2026-06-01 18:34:47 [DEBUG] websocket — Sending ping
2026-06-01 18:35:17 [DEBUG] websocket — Sending ping
2026-06-01 18:35:47 [DEBUG] websocket — Sending ping
2026-06-01 18:36:17 [DEBUG] websocket — Sending ping
2026-06-01 18:36:47 [DEBUG] websocket — Sending ping
2026-06-01 18:37:10 [DEBUG] schedule — Running job Job(interval=5, unit=minutes, do=run_checks, args=(), kwargs={})
2026-06-01 18:37:10 [INFO] main — === Scan started | symbols=['BTCUSD', 'ETHUSD', 'XAUTUSD'] ===
2026-06-01 18:37:10 [INFO] core.market_data — [MarketData] Fetching BTCUSD 1m (20 candles)…
2026-06-01 18:37:10 [DEBUG] urllib3.connectionpool — Resetting dropped connection: api.india.delta.exchange
2026-06-01 18:37:10 [DEBUG] urllib3.connectionpool — https://api.india.delta.exchange:443 "GET /v2/history/candles?resolution=1m&symbol=BTCUSD&start=1780317730&end=1780319230 HTTP/1.1" 200 None
2026-06-01 18:37:10 [INFO] core.market_data — [MarketData] Cached 20 candles for BTCUSD 1m
2026-06-01 18:37:10 [INFO] core.market_data — [MarketData] Fetching ETHUSD 1m (20 candles)…
2026-06-01 18:37:10 [DEBUG] urllib3.connectionpool — https://api.india.delta.exchange:443 "GET /v2/history/candles?resolution=1m&symbol=ETHUSD&start=1780317730&end=1780319230 HTTP/1.1" 200 None
2026-06-01 18:37:10 [INFO] core.market_data — [MarketData] Cached 20 candles for ETHUSD 1m
2026-06-01 18:37:10 [INFO] core.market_data — [MarketData] Fetching XAUTUSD 1m (20 candles)…
2026-06-01 18:37:10 [DEBUG] urllib3.connectionpool — https://api.india.delta.exchange:443 "GET /v2/history/candles?resolution=1m&symbol=XAUTUSD&start=1780317730&end=1780319230 HTTP/1.1" 200 None
2026-06-01 18:37:10 [INFO] core.market_data — [MarketData] Cached 20 candles for XAUTUSD 1m
2026-06-01 18:37:10 [DEBUG] main — Live prices: {'BTCUSD': '72,007.50', 'ETHUSD': '1,983.00', 'XAUTUSD': '4,488.73'}
2026-06-01 18:37:10 [DEBUG] core.market_data — [MarketData] Cache hit for BTCUSD 1m
2026-06-01 18:37:11 [DEBUG] main — BTCUSD: price $72007.50 (source=REST)
2026-06-01 18:37:11 [DEBUG] core.market_data — [MarketData] Cache hit for BTCUSD 1m
2026-06-01 18:37:11 [INFO] core.market_data — [MarketData] Fetching BTCUSD 5m (30 candles)…
2026-06-01 18:37:11 [DEBUG] urllib3.connectionpool — https://api.india.delta.exchange:443 "GET /v2/history/candles?resolution=5m&symbol=BTCUSD&start=1780308731&end=1780319231 HTTP/1.1" 200 None
2026-06-01 18:37:11 [INFO] core.market_data — [MarketData] Cached 30 candles for BTCUSD 5m
2026-06-01 18:37:11 [INFO] core.market_data — [MarketData] Fetching BTCUSD 15m (60 candles)…
2026-06-01 18:37:11 [DEBUG] urllib3.connectionpool — https://api.india.delta.exchange:443 "GET /v2/history/candles?resolution=15m&symbol=BTCUSD&start=1780260731&end=1780319231 HTTP/1.1" 200 None
2026-06-01 18:37:11 [INFO] core.market_data — [MarketData] Cached 60 candles for BTCUSD 15m
2026-06-01 18:37:11 [INFO] core.market_data — [MarketData] Fetching BTCUSD 1h (250 candles)…
2026-06-01 18:37:11 [DEBUG] urllib3.connectionpool — https://api.india.delta.exchange:443 "GET /v2/history/candles?resolution=1h&symbol=BTCUSD&start=1779401231&end=1780319231 HTTP/1.1" 200 None
2026-06-01 18:37:11 [INFO] core.market_data — [MarketData] Cached 250 candles for BTCUSD 1h
2026-06-01 18:37:11 [INFO] core.market_data — [MarketData] Fetching BTCUSD 4h (300 candles)…
2026-06-01 18:37:11 [DEBUG] urllib3.connectionpool — https://api.india.delta.exchange:443 "GET /v2/history/candles?resolution=4h&symbol=BTCUSD&start=1775927231&end=1780319231 HTTP/1.1" 200 None
2026-06-01 18:37:11 [INFO] core.market_data — [MarketData] Cached 300 candles for BTCUSD 4h
2026-06-01 18:37:11 [INFO] core.market_data — [MarketData] Fetching BTCUSD 1d (200 candles)…
2026-06-01 18:37:11 [DEBUG] urllib3.connectionpool — https://api.india.delta.exchange:443 "GET /v2/history/candles?resolution=1d&symbol=BTCUSD&start=1762607231&end=1780319231 HTTP/1.1" 200 None
2026-06-01 18:37:11 [INFO] core.market_data — [MarketData] Cached 200 candles for BTCUSD 1d
2026-06-01 18:37:11 [DEBUG] main — BTCUSD indicators — RSI15m:26.2 EMA20_1h:73056.52 EMA200_4h:76409.18 ATR:221.8160
2026-06-01 18:37:12 [DEBUG] main — BTCUSD: 4h structure bias=bearish | patterns detected=1
2026-06-01 18:37:12 [DEBUG] main — BTCUSD: SMC — OBs=0 FVGs=7
2026-06-01 18:37:12 [DEBUG] core.strategy — [Strategy] BTCUSD LONG: only 0/7 conditions met.
2026-06-01 18:37:12 [DEBUG] core.strategy — [Strategy] BTCUSD SHORT: only 4/7 conditions met.
2026-06-01 18:37:12 [INFO] main — BTCUSD $72,007.50 | trend:bearish | bias:bearish | RSI:26.2 | no setup
2026-06-01 18:37:12 [DEBUG] core.market_data — [MarketData] Cache hit for ETHUSD 1m
2026-06-01 18:37:12 [DEBUG] main — ETHUSD: price $1983.00 (source=REST)
2026-06-01 18:37:12 [DEBUG] core.market_data — [MarketData] Cache hit for ETHUSD 1m
2026-06-01 18:37:12 [INFO] core.market_data — [MarketData] Fetching ETHUSD 5m (30 candles)…
2026-06-01 18:37:12 [DEBUG] urllib3.connectionpool — https://api.india.delta.exchange:443 "GET /v2/history/candles?resolution=5m&symbol=ETHUSD&start=1780308732&end=1780319232 HTTP/1.1" 200 None
2026-06-01 18:37:12 [INFO] core.market_data — [MarketData] Cached 30 candles for ETHUSD 5m
2026-06-01 18:37:12 [INFO] core.market_data — [MarketData] Fetching ETHUSD 15m (60 candles)…
2026-06-01 18:37:12 [DEBUG] urllib3.connectionpool — https://api.india.delta.exchange:443 "GET /v2/history/candles?resolution=15m&symbol=ETHUSD&start=1780260732&end=1780319232 HTTP/1.1" 200 None
2026-06-01 18:37:12 [INFO] core.market_data — [MarketData] Cached 60 candles for ETHUSD 15m
2026-06-01 18:37:12 [INFO] core.market_data — [MarketData] Fetching ETHUSD 1h (250 candles)…
2026-06-01 18:37:12 [DEBUG] urllib3.connectionpool — https://api.india.delta.exchange:443 "GET /v2/history/candles?resolution=1h&symbol=ETHUSD&start=1779401232&end=1780319232 HTTP/1.1" 200 None
2026-06-01 18:37:12 [INFO] core.market_data — [MarketData] Cached 250 candles for ETHUSD 1h
2026-06-01 18:37:12 [INFO] core.market_data — [MarketData] Fetching ETHUSD 4h (300 candles)…
2026-06-01 18:37:12 [DEBUG] urllib3.connectionpool — https://api.india.delta.exchange:443 "GET /v2/history/candles?resolution=4h&symbol=ETHUSD&start=1775927232&end=1780319232 HTTP/1.1" 200 None
2026-06-01 18:37:12 [INFO] core.market_data — [MarketData] Cached 300 candles for ETHUSD 4h
2026-06-01 18:37:12 [INFO] core.market_data — [MarketData] Fetching ETHUSD 1d (200 candles)…
2026-06-01 18:37:12 [DEBUG] urllib3.connectionpool — https://api.india.delta.exchange:443 "GET /v2/history/candles?resolution=1d&symbol=ETHUSD&start=1762607232&end=1780319232 HTTP/1.1" 200 None
2026-06-01 18:37:12 [INFO] core.market_data — [MarketData] Cached 200 candles for ETHUSD 1d
2026-06-01 18:37:12 [DEBUG] main — ETHUSD indicators — RSI15m:46.4 EMA20_1h:1994.67 EMA200_4h:2153.77 ATR:7.2512
2026-06-01 18:37:12 [DEBUG] main — ETHUSD: 4h structure bias=bearish | patterns detected=0
2026-06-01 18:37:12 [DEBUG] main — ETHUSD: SMC — OBs=1 FVGs=4
2026-06-01 18:37:12 [DEBUG] core.strategy — [Strategy] ETHUSD LONG: only 1/7 conditions met.
2026-06-01 18:37:12 [DEBUG] core.strategy — [Strategy] ETHUSD SHORT: only 4/7 conditions met.
2026-06-01 18:37:12 [INFO] main — ETHUSD $1,983.00 | trend:bearish | bias:bearish | RSI:46.4 | no setup
2026-06-01 18:37:12 [DEBUG] core.market_data — [MarketData] Cache hit for XAUTUSD 1m
2026-06-01 18:37:12 [DEBUG] main — XAUTUSD: price $4488.73 (source=REST)
2026-06-01 18:37:12 [DEBUG] core.market_data — [MarketData] Cache hit for XAUTUSD 1m
2026-06-01 18:37:12 [INFO] core.market_data — [MarketData] Fetching XAUTUSD 5m (30 candles)…
2026-06-01 18:37:13 [DEBUG] urllib3.connectionpool — https://api.india.delta.exchange:443 "GET /v2/history/candles?resolution=5m&symbol=XAUTUSD&start=1780308732&end=1780319232 HTTP/1.1" 200 None
2026-06-01 18:37:13 [INFO] core.market_data — [MarketData] Cached 30 candles for XAUTUSD 5m
2026-06-01 18:37:13 [INFO] core.market_data — [MarketData] Fetching XAUTUSD 15m (60 candles)…
2026-06-01 18:37:13 [DEBUG] urllib3.connectionpool — https://api.india.delta.exchange:443 "GET /v2/history/candles?resolution=15m&symbol=XAUTUSD&start=1780260733&end=1780319233 HTTP/1.1" 200 None
2026-06-01 18:37:13 [INFO] core.market_data — [MarketData] Cached 60 candles for XAUTUSD 15m
2026-06-01 18:37:13 [INFO] core.market_data — [MarketData] Fetching XAUTUSD 1h (250 candles)…
2026-06-01 18:37:13 [DEBUG] urllib3.connectionpool — https://api.india.delta.exchange:443 "GET /v2/history/candles?resolution=1h&symbol=XAUTUSD&start=1779401233&end=1780319233 HTTP/1.1" 200 None
2026-06-01 18:37:13 [INFO] core.market_data — [MarketData] Cached 250 candles for XAUTUSD 1h
2026-06-01 18:37:13 [INFO] core.market_data — [MarketData] Fetching XAUTUSD 4h (300 candles)…
2026-06-01 18:37:13 [DEBUG] urllib3.connectionpool — https://api.india.delta.exchange:443 "GET /v2/history/candles?resolution=4h&symbol=XAUTUSD&start=1775927233&end=1780319233 HTTP/1.1" 200 None
2026-06-01 18:37:13 [INFO] core.market_data — [MarketData] Cached 271 candles for XAUTUSD 4h
2026-06-01 18:37:13 [INFO] core.market_data — [MarketData] Fetching XAUTUSD 1d (200 candles)…
2026-06-01 18:37:13 [DEBUG] urllib3.connectionpool — https://api.india.delta.exchange:443 "GET /v2/history/candles?resolution=1d&symbol=XAUTUSD&start=1762607233&end=1780319233 HTTP/1.1" 200 None
2026-06-01 18:37:13 [INFO] core.market_data — [MarketData] Cached 46 candles for XAUTUSD 1d
2026-06-01 18:37:13 [DEBUG] main — XAUTUSD indicators — RSI15m:40.9 EMA20_1h:4503.44 EMA200_4h:4579.19 ATR:6.8554
2026-06-01 18:37:13 [DEBUG] main — XAUTUSD: 4h structure bias=bullish | patterns detected=0
2026-06-01 18:37:13 [DEBUG] main — XAUTUSD: SMC — OBs=1 FVGs=3
2026-06-01 18:37:13 [DEBUG] core.strategy — [Strategy] XAUTUSD LONG: only 2/7 conditions met.
2026-06-01 18:37:13 [DEBUG] core.strategy — [Strategy] XAUTUSD SHORT: only 3/7 conditions met.
2026-06-01 18:37:13 [INFO] main — XAUTUSD $4,488.73 | trend:bearish | bias:bullish | RSI:40.9 | no setup
2026-06-01 18:37:13 [INFO] main — === Scan complete in 3.5s ===
2026-06-01 18:37:17 [DEBUG] websocket — Sending ping
2026-06-01 18:37:47 [DEBUG] websocket — Sending ping
2026-06-01 18:38:17 [DEBUG] websocket — Sending ping
2026-06-01 18:38:47 [DEBUG] websocket — Sending ping
2026-06-01 18:39:17 [DEBUG] websocket — Sending ping
2026-06-01 18:39:47 [DEBUG] websocket — Sending ping
2026-06-01 18:40:17 [DEBUG] websocket — Sending ping
2026-06-01 18:40:47 [DEBUG] websocket — Sending ping
2026-06-01 18:41:17 [DEBUG] websocket — Sending ping
2026-06-01 18:41:47 [DEBUG] websocket — Sending ping
2026-06-01 18:42:13 [DEBUG] schedule — Running job Job(interval=5, unit=minutes, do=run_checks, args=(), kwargs={})
2026-06-01 18:42:13 [INFO] main — === Scan started | symbols=['BTCUSD', 'ETHUSD', 'XAUTUSD'] ===
2026-06-01 18:42:13 [INFO] core.market_data — [MarketData] Fetching BTCUSD 1m (20 candles)…
2026-06-01 18:42:13 [DEBUG] urllib3.connectionpool — Resetting dropped connection: api.india.delta.exchange
2026-06-01 18:42:14 [DEBUG] urllib3.connectionpool — https://api.india.delta.exchange:443 "GET /v2/history/candles?resolution=1m&symbol=BTCUSD&start=1780318033&end=1780319533 HTTP/1.1" 200 None
2026-06-01 18:42:14 [INFO] core.market_data — [MarketData] Cached 20 candles for BTCUSD 1m
2026-06-01 18:42:14 [INFO] core.market_data — [MarketData] Fetching ETHUSD 1m (20 candles)…
2026-06-01 18:42:14 [DEBUG] urllib3.connectionpool — https://api.india.delta.exchange:443 "GET /v2/history/candles?resolution=1m&symbol=ETHUSD&start=1780318034&end=1780319534 HTTP/1.1" 200 None
2026-06-01 18:42:14 [INFO] core.market_data — [MarketData] Cached 20 candles for ETHUSD 1m
2026-06-01 18:42:14 [INFO] core.market_data — [MarketData] Fetching XAUTUSD 1m (20 candles)…
2026-06-01 18:42:15 [DEBUG] urllib3.connectionpool — https://api.india.delta.exchange:443 "GET /v2/history/candles?resolution=1m&symbol=XAUTUSD&start=1780318034&end=1780319534 HTTP/1.1" 200 None
2026-06-01 18:42:15 [INFO] core.market_data — [MarketData] Cached 20 candles for XAUTUSD 1m
2026-06-01 18:42:15 [DEBUG] main — Live prices: {'BTCUSD': '71,839.00', 'ETHUSD': '1,974.95', 'XAUTUSD': '4,478.00'}
2026-06-01 18:42:15 [DEBUG] core.market_data — [MarketData] Cache hit for BTCUSD 1m
2026-06-01 18:42:15 [DEBUG] main — BTCUSD: price $71839.00 (source=REST)
2026-06-01 18:42:15 [DEBUG] core.market_data — [MarketData] Cache hit for BTCUSD 1m
2026-06-01 18:42:15 [INFO] core.market_data — [MarketData] Fetching BTCUSD 5m (30 candles)…
2026-06-01 18:42:15 [DEBUG] urllib3.connectionpool — https://api.india.delta.exchange:443 "GET /v2/history/candles?resolution=5m&symbol=BTCUSD&start=1780309035&end=1780319535 HTTP/1.1" 200 None
2026-06-01 18:42:15 [INFO] core.market_data — [MarketData] Cached 30 candles for BTCUSD 5m
2026-06-01 18:42:15 [INFO] core.market_data — [MarketData] Fetching BTCUSD 15m (60 candles)…
2026-06-01 18:42:15 [DEBUG] urllib3.connectionpool — https://api.india.delta.exchange:443 "GET /v2/history/candles?resolution=15m&symbol=BTCUSD&start=1780261035&end=1780319535 HTTP/1.1" 200 None
2026-06-01 18:42:15 [INFO] core.market_data — [MarketData] Cached 60 candles for BTCUSD 15m
2026-06-01 18:42:15 [INFO] core.market_data — [MarketData] Fetching BTCUSD 1h (250 candles)…
2026-06-01 18:42:15 [DEBUG] urllib3.connectionpool — https://api.india.delta.exchange:443 "GET /v2/history/candles?resolution=1h&symbol=BTCUSD&start=1779401535&end=1780319535 HTTP/1.1" 200 None
2026-06-01 18:42:15 [INFO] core.market_data — [MarketData] Cached 250 candles for BTCUSD 1h
2026-06-01 18:42:15 [INFO] core.market_data — [MarketData] Fetching BTCUSD 4h (300 candles)…
2026-06-01 18:42:15 [DEBUG] urllib3.connectionpool — https://api.india.delta.exchange:443 "GET /v2/history/candles?resolution=4h&symbol=BTCUSD&start=1775927535&end=1780319535 HTTP/1.1" 200 None
2026-06-01 18:42:15 [INFO] core.market_data — [MarketData] Cached 300 candles for BTCUSD 4h
2026-06-01 18:42:15 [INFO] core.market_data — [MarketData] Fetching BTCUSD 1d (200 candles)…
2026-06-01 18:42:15 [DEBUG] urllib3.connectionpool — https://api.india.delta.exchange:443 "GET /v2/history/candles?resolution=1d&symbol=BTCUSD&start=1762607535&end=1780319535 HTTP/1.1" 200 None
2026-06-01 18:42:15 [INFO] core.market_data — [MarketData] Cached 200 candles for BTCUSD 1d
2026-06-01 18:42:16 [DEBUG] main — BTCUSD indicators — RSI15m:23.6 EMA20_1h:73046.76 EMA200_4h:76409.04 ATR:233.8874
2026-06-01 18:42:16 [DEBUG] main — BTCUSD: 4h structure bias=bearish | patterns detected=1
2026-06-01 18:42:16 [DEBUG] main — BTCUSD: SMC — OBs=0 FVGs=7
2026-06-01 18:42:16 [DEBUG] core.strategy — [Strategy] BTCUSD LONG: only 0/7 conditions met.
2026-06-01 18:42:16 [DEBUG] core.strategy — [Strategy] BTCUSD SHORT: only 4/7 conditions met.
2026-06-01 18:42:16 [INFO] main — BTCUSD $71,839.00 | trend:bearish | bias:bearish | RSI:23.6 | no setup
2026-06-01 18:42:16 [DEBUG] core.market_data — [MarketData] Cache hit for ETHUSD 1m
2026-06-01 18:42:16 [DEBUG] main — ETHUSD: price $1974.95 (source=REST)
2026-06-01 18:42:16 [DEBUG] core.market_data — [MarketData] Cache hit for ETHUSD 1m
2026-06-01 18:42:16 [INFO] core.market_data — [MarketData] Fetching ETHUSD 5m (30 candles)…
2026-06-01 18:42:16 [DEBUG] urllib3.connectionpool — https://api.india.delta.exchange:443 "GET /v2/history/candles?resolution=5m&symbol=ETHUSD&start=1780309036&end=1780319536 HTTP/1.1" 200 None
2026-06-01 18:42:16 [INFO] core.market_data — [MarketData] Cached 30 candles for ETHUSD 5m
2026-06-01 18:42:16 [INFO] core.market_data — [MarketData] Fetching ETHUSD 15m (60 candles)…
2026-06-01 18:42:16 [DEBUG] urllib3.connectionpool — https://api.india.delta.exchange:443 "GET /v2/history/candles?resolution=15m&symbol=ETHUSD&start=1780261036&end=1780319536 HTTP/1.1" 200 None
2026-06-01 18:42:16 [INFO] core.market_data — [MarketData] Cached 60 candles for ETHUSD 15m
2026-06-01 18:42:16 [INFO] core.market_data — [MarketData] Fetching ETHUSD 1h (250 candles)…
2026-06-01 18:42:16 [DEBUG] urllib3.connectionpool — https://api.india.delta.exchange:443 "GET /v2/history/candles?resolution=1h&symbol=ETHUSD&start=1779401536&end=1780319536 HTTP/1.1" 200 None
2026-06-01 18:42:16 [INFO] core.market_data — [MarketData] Cached 250 candles for ETHUSD 1h
2026-06-01 18:42:16 [INFO] core.market_data — [MarketData] Fetching ETHUSD 4h (300 candles)…
2026-06-01 18:42:16 [DEBUG] urllib3.connectionpool — https://api.india.delta.exchange:443 "GET /v2/history/candles?resolution=4h&symbol=ETHUSD&start=1775927536&end=1780319536 HTTP/1.1" 200 None
2026-06-01 18:42:16 [INFO] core.market_data — [MarketData] Cached 300 candles for ETHUSD 4h
2026-06-01 18:42:16 [INFO] core.market_data — [MarketData] Fetching ETHUSD 1d (200 candles)…
2026-06-01 18:42:16 [DEBUG] urllib3.connectionpool — https://api.india.delta.exchange:443 "GET /v2/history/candles?resolution=1d&symbol=ETHUSD&start=1762607536&end=1780319536 HTTP/1.1" 200 None
2026-06-01 18:42:16 [INFO] core.market_data — [MarketData] Cached 200 candles for ETHUSD 1d
2026-06-01 18:42:16 [DEBUG] main — ETHUSD indicators — RSI15m:39.9 EMA20_1h:1994.34 EMA200_4h:2153.76 ATR:7.8619
2026-06-01 18:42:16 [DEBUG] main — ETHUSD: 4h structure bias=bearish | patterns detected=0
2026-06-01 18:42:16 [DEBUG] main — ETHUSD: SMC — OBs=1 FVGs=4
2026-06-01 18:42:16 [DEBUG] core.strategy — [Strategy] ETHUSD LONG: only 1/7 conditions met.
2026-06-01 18:42:16 [DEBUG] core.strategy — [Strategy] ETHUSD SHORT: only 4/7 conditions met.
2026-06-01 18:42:16 [INFO] main — ETHUSD $1,974.95 | trend:bearish | bias:bearish | RSI:39.9 | no setup
2026-06-01 18:42:16 [DEBUG] core.market_data — [MarketData] Cache hit for XAUTUSD 1m
2026-06-01 18:42:16 [DEBUG] main — XAUTUSD: price $4478.00 (source=REST)
2026-06-01 18:42:16 [DEBUG] core.market_data — [MarketData] Cache hit for XAUTUSD 1m
2026-06-01 18:42:16 [INFO] core.market_data — [MarketData] Fetching XAUTUSD 5m (30 candles)…
2026-06-01 18:42:17 [DEBUG] urllib3.connectionpool — https://api.india.delta.exchange:443 "GET /v2/history/candles?resolution=5m&symbol=XAUTUSD&start=1780309036&end=1780319536 HTTP/1.1" 200 None
2026-06-01 18:42:17 [INFO] core.market_data — [MarketData] Cached 30 candles for XAUTUSD 5m
2026-06-01 18:42:17 [INFO] core.market_data — [MarketData] Fetching XAUTUSD 15m (60 candles)…
2026-06-01 18:42:17 [DEBUG] urllib3.connectionpool — https://api.india.delta.exchange:443 "GET /v2/history/candles?resolution=15m&symbol=XAUTUSD&start=1780261037&end=1780319537 HTTP/1.1" 200 None
2026-06-01 18:42:17 [INFO] core.market_data — [MarketData] Cached 60 candles for XAUTUSD 15m
2026-06-01 18:42:17 [INFO] core.market_data — [MarketData] Fetching XAUTUSD 1h (250 candles)…
2026-06-01 18:42:17 [DEBUG] websocket — Sending ping
2026-06-01 18:42:17 [DEBUG] urllib3.connectionpool — https://api.india.delta.exchange:443 "GET /v2/history/candles?resolution=1h&symbol=XAUTUSD&start=1779401537&end=1780319537 HTTP/1.1" 200 None
2026-06-01 18:42:17 [INFO] core.market_data — [MarketData] Cached 250 candles for XAUTUSD 1h
2026-06-01 18:42:17 [INFO] core.market_data — [MarketData] Fetching XAUTUSD 4h (300 candles)…
2026-06-01 18:42:17 [DEBUG] urllib3.connectionpool — https://api.india.delta.exchange:443 "GET /v2/history/candles?resolution=4h&symbol=XAUTUSD&start=1775927537&end=1780319537 HTTP/1.1" 200 None
2026-06-01 18:42:17 [INFO] core.market_data — [MarketData] Cached 271 candles for XAUTUSD 4h
2026-06-01 18:42:17 [INFO] core.market_data — [MarketData] Fetching XAUTUSD 1d (200 candles)…
2026-06-01 18:42:17 [DEBUG] urllib3.connectionpool — https://api.india.delta.exchange:443 "GET /v2/history/candles?resolution=1d&symbol=XAUTUSD&start=1762607537&end=1780319537 HTTP/1.1" 200 None
2026-06-01 18:42:17 [INFO] core.market_data — [MarketData] Cached 46 candles for XAUTUSD 1d
2026-06-01 18:42:17 [DEBUG] main — XAUTUSD indicators — RSI15m:32.8 EMA20_1h:4503.02 EMA200_4h:4579.20 ATR:7.8261
2026-06-01 18:42:17 [DEBUG] main — XAUTUSD: 4h structure bias=bullish | patterns detected=0
2026-06-01 18:42:17 [DEBUG] main — XAUTUSD: SMC — OBs=1 FVGs=3
2026-06-01 18:42:17 [DEBUG] core.strategy — [Strategy] XAUTUSD LONG: only 1/7 conditions met.
2026-06-01 18:42:17 [DEBUG] core.strategy — [Strategy] XAUTUSD SHORT: only 3/7 conditions met.
2026-06-01 18:42:17 [INFO] main — XAUTUSD $4,478.00 | trend:bearish | bias:bullish | RSI:32.8 | no setup
2026-06-01 18:42:17 [INFO] main — === Scan complete in 4.0s ===
2026-06-17 12:23:31 [INFO] execution.paper_trading — [Paper] Loaded 2 open / 0 closed trades from paper_trades.json.
2026-06-17 12:23:31 [INFO] exchanges.ws_stream — WebSocket stream started for ['BTCUSD', 'ETHUSD', 'XAUTUSD']
2026-06-17 12:23:31 [INFO] main — Waiting 3s for WebSocket to connect...
2026-06-17 12:23:33 [INFO] websocket — Websocket connected
2026-06-17 12:23:33 [INFO] exchanges.ws_stream — WebSocket connected — subscribing to tickers
2026-06-17 12:23:33 [INFO] werkzeug — [31m[1mWARNING: This is a development server. Do not use it in a production deployment. Use a production WSGI server instead.[0m
 * Running on all addresses (0.0.0.0)
 * Running on http://127.0.0.1:5000
 * Running on http://172.15.0.162:5000
2026-06-17 12:23:33 [INFO] werkzeug — [33mPress CTRL+C to quit[0m
2026-06-17 12:23:34 [DEBUG] urllib3.connectionpool — Starting new HTTPS connection (1): api.telegram.org:443
2026-06-17 12:23:45 [WARNING] notifications.telegram — Telegram chat_id=1948356544 attempt 1/3 failed: HTTPSConnectionPool(host='api.telegram.org', port=443): Max retries exceeded with url: /bot8800960300:AAExwJ0q7WkWipz2RkvKw9-4Y28ePM5TAUc/sendMessage (Caused by ConnectTimeoutError(<urllib3.connection.HTTPSConnection object at 0x000001D2F0B08C50>, 'Connection to api.telegram.org timed out. (connect timeout=10)'))
2026-06-17 12:23:50 [DEBUG] urllib3.connectionpool — Starting new HTTPS connection (1): api.telegram.org:443
2026-06-17 12:24:00 [WARNING] notifications.telegram — Telegram chat_id=1948356544 attempt 2/3 failed: HTTPSConnectionPool(host='api.telegram.org', port=443): Max retries exceeded with url: /bot8800960300:AAExwJ0q7WkWipz2RkvKw9-4Y28ePM5TAUc/sendMessage (Caused by ConnectTimeoutError(<urllib3.connection.HTTPSConnection object at 0x000001D2F0B0AC10>, 'Connection to api.telegram.org timed out. (connect timeout=10)'))
2026-06-17 12:24:05 [DEBUG] urllib3.connectionpool — Starting new HTTPS connection (1): api.telegram.org:443
2026-06-17 12:24:15 [WARNING] notifications.telegram — Telegram chat_id=1948356544 attempt 3/3 failed: HTTPSConnectionPool(host='api.telegram.org', port=443): Max retries exceeded with url: /bot8800960300:AAExwJ0q7WkWipz2RkvKw9-4Y28ePM5TAUc/sendMessage (Caused by ConnectTimeoutError(<urllib3.connection.HTTPSConnection object at 0x000001D2EEB25290>, 'Connection to api.telegram.org timed out. (connect timeout=10)'))
2026-06-17 12:24:15 [ERROR] notifications.telegram — Telegram message failed for chat_id=1948356544 after 3 attempts
2026-06-17 12:24:15 [DEBUG] urllib3.connectionpool — Starting new HTTPS connection (1): api.telegram.org:443
2026-06-17 12:24:25 [WARNING] notifications.telegram — Telegram chat_id=7151542571 attempt 1/3 failed: HTTPSConnectionPool(host='api.telegram.org', port=443): Max retries exceeded with url: /bot8800960300:AAExwJ0q7WkWipz2RkvKw9-4Y28ePM5TAUc/sendMessage (Caused by ConnectTimeoutError(<urllib3.connection.HTTPSConnection object at 0x000001D2F0B08090>, 'Connection to api.telegram.org timed out. (connect timeout=10)'))
2026-06-17 12:24:30 [DEBUG] urllib3.connectionpool — Starting new HTTPS connection (1): api.telegram.org:443
2026-06-17 12:24:33 [DEBUG] websocket — Sending ping
2026-06-17 12:24:40 [WARNING] notifications.telegram — Telegram chat_id=7151542571 attempt 2/3 failed: HTTPSConnectionPool(host='api.telegram.org', port=443): Max retries exceeded with url: /bot8800960300:AAExwJ0q7WkWipz2RkvKw9-4Y28ePM5TAUc/sendMessage (Caused by ConnectTimeoutError(<urllib3.connection.HTTPSConnection object at 0x000001D2F0E80A10>, 'Connection to api.telegram.org timed out. (connect timeout=10)'))
2026-06-17 12:24:45 [DEBUG] urllib3.connectionpool — Starting new HTTPS connection (1): api.telegram.org:443
2026-06-17 12:24:55 [WARNING] notifications.telegram — Telegram chat_id=7151542571 attempt 3/3 failed: HTTPSConnectionPool(host='api.telegram.org', port=443): Max retries exceeded with url: /bot8800960300:AAExwJ0q7WkWipz2RkvKw9-4Y28ePM5TAUc/sendMessage (Caused by ConnectTimeoutError(<urllib3.connection.HTTPSConnection object at 0x000001D2F0E82E10>, 'Connection to api.telegram.org timed out. (connect timeout=10)'))
2026-06-17 12:24:55 [ERROR] notifications.telegram — Telegram message failed for chat_id=7151542571 after 3 attempts
2026-06-17 12:24:55 [INFO] main — === Scan started | symbols=['BTCUSD', 'ETHUSD', 'XAUTUSD'] ===
2026-06-17 12:24:55 [INFO] core.market_data — [MarketData] Fetching BTCUSD 1m (20 candles)…
2026-06-17 12:24:55 [DEBUG] urllib3.connectionpool — Starting new HTTPS connection (1): api.india.delta.exchange:443
2026-06-17 12:24:55 [DEBUG] urllib3.connectionpool — https://api.india.delta.exchange:443 "GET /v2/history/candles?resolution=1m&symbol=BTCUSD&start=1781677795&end=1781679295 HTTP/1.1" 200 None
2026-06-17 12:24:55 [INFO] core.market_data — [MarketData] Cached 20 candles for BTCUSD 1m
2026-06-17 12:24:55 [INFO] core.market_data — [MarketData] Fetching ETHUSD 1m (20 candles)…
2026-06-17 12:24:56 [DEBUG] urllib3.connectionpool — https://api.india.delta.exchange:443 "GET /v2/history/candles?resolution=1m&symbol=ETHUSD&start=1781677795&end=1781679295 HTTP/1.1" 200 None
2026-06-17 12:24:56 [INFO] core.market_data — [MarketData] Cached 20 candles for ETHUSD 1m
2026-06-17 12:24:56 [INFO] core.market_data — [MarketData] Fetching XAUTUSD 1m (20 candles)…
2026-06-17 12:24:56 [DEBUG] urllib3.connectionpool — https://api.india.delta.exchange:443 "GET /v2/history/candles?resolution=1m&symbol=XAUTUSD&start=1781677796&end=1781679296 HTTP/1.1" 200 None
2026-06-17 12:24:56 [INFO] core.market_data — [MarketData] Cached 20 candles for XAUTUSD 1m
2026-06-17 12:24:56 [DEBUG] main — Live prices: {'BTCUSD': '65,608.50', 'ETHUSD': '1,789.00', 'XAUTUSD': '4,313.21'}
2026-06-17 12:24:56 [INFO] execution.paper_trading — [Paper] BREAKEVEN SHORT BTCUSD — SL moved to entry 73191.0000 | id=04e7aa4f
2026-06-17 12:24:56 [INFO] execution.paper_trading — [Paper] BREAKEVEN SHORT ETHUSD — SL moved to entry 1987.5000 | id=c588ba20
2026-06-17 12:24:56 [INFO] execution.paper_trading — [Paper] CLOSE SHORT BTCUSD @ 71716.7023 | PnL $3.0002 | reason=tp2 | id=04e7aa4f
2026-06-17 12:24:56 [INFO] execution.paper_trading — [Paper] CLOSE SHORT ETHUSD @ 1928.9949 | PnL $3.0000 | reason=tp2 | id=c588ba20
2026-06-17 12:24:56 [INFO] execution.paper_trading — [Paper] State saved to paper_trades.json.
2026-06-17 12:24:56 [INFO] main — Paper trades closed this scan: 2
2026-06-17 12:24:56 [DEBUG] trade_journal — [Journal] Saved 3 records to trade_records.json
2026-06-17 12:24:56 [INFO] trade_journal — [Journal] Recorded CLOSE — id=04e7aa4f | TP2 hit | exit=71716.7023 | PnL=$3.0002
2026-06-17 12:24:56 [INFO] notifications.telegram — Paper trade closed: BTCUSD SHORT | reason=tp2 | PnL=$3.00
2026-06-17 12:24:56 [DEBUG] urllib3.connectionpool — Starting new HTTPS connection (1): api.telegram.org:443
2026-06-17 12:25:03 [DEBUG] websocket — Sending ping
2026-06-17 12:25:06 [WARNING] notifications.telegram — Telegram chat_id=1948356544 attempt 1/3 failed: HTTPSConnectionPool(host='api.telegram.org', port=443): Max retries exceeded with url: /bot8800960300:AAExwJ0q7WkWipz2RkvKw9-4Y28ePM5TAUc/sendMessage (Caused by ConnectTimeoutError(<urllib3.connection.HTTPSConnection object at 0x000001D2F0E80F50>, 'Connection to api.telegram.org timed out. (connect timeout=10)'))
2026-06-17 12:25:11 [DEBUG] urllib3.connectionpool — Starting new HTTPS connection (1): api.telegram.org:443
2026-06-17 12:25:21 [WARNING] notifications.telegram — Telegram chat_id=1948356544 attempt 2/3 failed: HTTPSConnectionPool(host='api.telegram.org', port=443): Max retries exceeded with url: /bot8800960300:AAExwJ0q7WkWipz2RkvKw9-4Y28ePM5TAUc/sendMessage (Caused by ConnectTimeoutError(<urllib3.connection.HTTPSConnection object at 0x000001D2F0E82050>, 'Connection to api.telegram.org timed out. (connect timeout=10)'))
2026-06-17 12:25:26 [DEBUG] urllib3.connectionpool — Starting new HTTPS connection (1): api.telegram.org:443
2026-06-17 12:25:33 [DEBUG] websocket — Sending ping
2026-06-17 12:25:36 [WARNING] notifications.telegram — Telegram chat_id=1948356544 attempt 3/3 failed: HTTPSConnectionPool(host='api.telegram.org', port=443): Max retries exceeded with url: /bot8800960300:AAExwJ0q7WkWipz2RkvKw9-4Y28ePM5TAUc/sendMessage (Caused by ConnectTimeoutError(<urllib3.connection.HTTPSConnection object at 0x000001D2F0B0AE10>, 'Connection to api.telegram.org timed out. (connect timeout=10)'))
2026-06-17 12:25:36 [ERROR] notifications.telegram — Telegram message failed for chat_id=1948356544 after 3 attempts
2026-06-17 12:25:36 [DEBUG] urllib3.connectionpool — Starting new HTTPS connection (1): api.telegram.org:443
2026-06-17 12:25:46 [WARNING] notifications.telegram — Telegram chat_id=7151542571 attempt 1/3 failed: HTTPSConnectionPool(host='api.telegram.org', port=443): Max retries exceeded with url: /bot8800960300:AAExwJ0q7WkWipz2RkvKw9-4Y28ePM5TAUc/sendMessage (Caused by ConnectTimeoutError(<urllib3.connection.HTTPSConnection object at 0x000001D2F0E89E90>, 'Connection to api.telegram.org timed out. (connect timeout=10)'))
2026-06-17 12:25:51 [DEBUG] urllib3.connectionpool — Starting new HTTPS connection (1): api.telegram.org:443
2026-06-17 12:26:01 [WARNING] notifications.telegram — Telegram chat_id=7151542571 attempt 2/3 failed: HTTPSConnectionPool(host='api.telegram.org', port=443): Max retries exceeded with url: /bot8800960300:AAExwJ0q7WkWipz2RkvKw9-4Y28ePM5TAUc/sendMessage (Caused by ConnectTimeoutError(<urllib3.connection.HTTPSConnection object at 0x000001D2F0E8B890>, 'Connection to api.telegram.org timed out. (connect timeout=10)'))
2026-06-17 12:26:03 [DEBUG] websocket — Sending ping
2026-06-17 12:26:06 [DEBUG] urllib3.connectionpool — Starting new HTTPS connection (1): api.telegram.org:443
2026-07-15 16:57:26 [WARNING] execution.paper_trading — [Paper] File not found: data\paper_trades.json. Nothing loaded.
2026-07-15 16:57:26 [INFO] exchanges.ws_stream — WebSocket stream started for ['BTCUSD', 'ETHUSD', 'XAUTUSD']
2026-07-15 16:57:26 [INFO] main — Waiting 3s for WebSocket to connect...
2026-07-15 16:57:26 [INFO] werkzeug — [31m[1mWARNING: This is a development server. Do not use it in a production deployment. Use a production WSGI server instead.[0m
 * Running on all addresses (0.0.0.0)
 * Running on http://127.0.0.1:5000
 * Running on http://172.15.0.162:5000
2026-07-15 16:57:26 [INFO] werkzeug — [33mPress CTRL+C to quit[0m
2026-07-15 16:57:26 [INFO] websocket — Websocket connected
2026-07-15 16:57:26 [INFO] exchanges.ws_stream — WebSocket connected — subscribing to tickers
2026-07-15 16:57:29 [WARNING] notifications.telegram — Telegram not configured — message not sent:
✅ <b>DeltaSignalBot v2 started</b>
Symbols: <b>BTCUSD, ETHUSD, XAUTUSD</b>
Mode: <b>Paper</b> | Every <b>5min</b>
2026-07-15 16:57:29 [DEBUG] urllib3.connectionpool — Starting new HTTPS connection (1): api.ipify.org:443
2026-07-15 16:57:29 [DEBUG] urllib3.connectionpool — https://api.ipify.org:443 "GET / HTTP/1.1" 200 13
2026-07-15 16:57:29 [INFO] main — Outbound IP recorded: 27.107.168.78
2026-07-15 16:57:29 [WARNING] notifications.telegram — Telegram not configured — message not sent:
🌐 <b>Bot Started — Outbound IP</b>

IP: <code>27.107.168.78</code>

Whitelist this IP on Delta Exchange if not already done.
2026-07-15 16:57:29 [INFO] main — === Scan started | symbols=['BTCUSD', 'ETHUSD', 'XAUTUSD'] ===
2026-07-15 16:57:29 [DEBUG] main — Live prices: {'BTCUSD': '64,612.50', 'ETHUSD': '1,877.15', 'XAUTUSD': '4,033.21'}
2026-07-15 16:57:29 [INFO] execution.paper_trading — [Paper] State saved to data\paper_trades.json.
2026-07-15 16:57:29 [DEBUG] core.advanced_filters — [OvertradingFilter] Daily counters reset.
2026-07-15 16:57:29 [DEBUG] main — BTCUSD: price $64612.50 (source=WS)
2026-07-15 16:57:29 [INFO] core.market_data — [MarketData] Fetching BTCUSD 1m (20 candles)…
2026-07-15 16:57:29 [DEBUG] urllib3.connectionpool — Starting new HTTPS connection (1): api.india.delta.exchange:443
2026-07-15 16:57:30 [DEBUG] urllib3.connectionpool — https://api.india.delta.exchange:443 "GET /v2/history/candles?resolution=1m&symbol=BTCUSD&start=1784113349&end=1784114849 HTTP/1.1" 200 None
2026-07-15 16:57:30 [INFO] core.market_data — [MarketData] Cached 20 candles for BTCUSD 1m
2026-07-15 16:57:30 [INFO] core.market_data — [MarketData] Fetching BTCUSD 5m (30 candles)…
2026-07-15 16:57:30 [DEBUG] urllib3.connectionpool — https://api.india.delta.exchange:443 "GET /v2/history/candles?resolution=5m&symbol=BTCUSD&start=1784104350&end=1784114850 HTTP/1.1" 200 None
2026-07-15 16:57:30 [INFO] core.market_data — [MarketData] Cached 30 candles for BTCUSD 5m
2026-07-15 16:57:30 [INFO] core.market_data — [MarketData] Fetching BTCUSD 15m (60 candles)…
2026-07-15 16:57:30 [DEBUG] urllib3.connectionpool — https://api.india.delta.exchange:443 "GET /v2/history/candles?resolution=15m&symbol=BTCUSD&start=1784056350&end=1784114850 HTTP/1.1" 200 None
2026-07-15 16:57:30 [INFO] core.market_data — [MarketData] Cached 60 candles for BTCUSD 15m
2026-07-15 16:57:30 [INFO] core.market_data — [MarketData] Fetching BTCUSD 1h (250 candles)…
2026-07-15 16:57:30 [DEBUG] urllib3.connectionpool — https://api.india.delta.exchange:443 "GET /v2/history/candles?resolution=1h&symbol=BTCUSD&start=1783196850&end=1784114850 HTTP/1.1" 200 None
2026-07-15 16:57:30 [INFO] core.market_data — [MarketData] Cached 250 candles for BTCUSD 1h
2026-07-15 16:57:30 [INFO] core.market_data — [MarketData] Fetching BTCUSD 4h (300 candles)…
2026-07-15 16:57:31 [DEBUG] urllib3.connectionpool — https://api.india.delta.exchange:443 "GET /v2/history/candles?resolution=4h&symbol=BTCUSD&start=1779722850&end=1784114850 HTTP/1.1" 200 None
2026-07-15 16:57:31 [INFO] core.market_data — [MarketData] Cached 300 candles for BTCUSD 4h
2026-07-15 16:57:31 [INFO] core.market_data — [MarketData] Fetching BTCUSD 1d (200 candles)…
2026-07-15 16:57:31 [DEBUG] urllib3.connectionpool — https://api.india.delta.exchange:443 "GET /v2/history/candles?resolution=1d&symbol=BTCUSD&start=1766402851&end=1784114851 HTTP/1.1" 200 None
2026-07-15 16:57:31 [INFO] core.market_data — [MarketData] Cached 200 candles for BTCUSD 1d
2026-07-15 16:57:31 [DEBUG] main — BTCUSD indicators — RSI15m:50.7 EMA20_1h:64469.03 EMA200_4h:63709.36 ATR:134.9925
2026-07-15 16:57:31 [DEBUG] main — BTCUSD: 4h structure bias=bearish | patterns detected=1
2026-07-15 16:57:31 [DEBUG] main — BTCUSD: SMC — OBs=1 FVGs=3
2026-07-15 16:57:31 [DEBUG] core.strategy — [Strategy] BTCUSD daily gate: EMA20=63248.35 EMA50=65119.98 long_ok=False short_ok=True
2026-07-15 16:57:31 [DEBUG] core.strategy — [Strategy] BTCUSD LONG blocked by daily downtrend gate.
2026-07-15 16:57:31 [DEBUG] core.strategy — [Strategy] BTCUSD SHORT: only 1/7 conditions met.
2026-07-15 16:57:31 [INFO] main — BTCUSD $64,612.50 | trend:bullish | bias:bearish | RSI:50.7 | no setup
2026-07-15 16:57:31 [DEBUG] main — ETHUSD: price $1877.15 (source=WS)
2026-07-15 16:57:31 [INFO] core.market_data — [MarketData] Fetching ETHUSD 1m (20 candles)…
2026-07-15 16:57:31 [DEBUG] urllib3.connectionpool — https://api.india.delta.exchange:443 "GET /v2/history/candles?resolution=1m&symbol=ETHUSD&start=1784113351&end=1784114851 HTTP/1.1" 200 None
2026-07-15 16:57:31 [INFO] core.market_data — [MarketData] Cached 20 candles for ETHUSD 1m
2026-07-15 16:57:31 [INFO] core.market_data — [MarketData] Fetching ETHUSD 5m (30 candles)…
2026-07-15 16:57:31 [DEBUG] urllib3.connectionpool — https://api.india.delta.exchange:443 "GET /v2/history/candles?resolution=5m&symbol=ETHUSD&start=1784104351&end=1784114851 HTTP/1.1" 200 None
2026-07-15 16:57:31 [INFO] core.market_data — [MarketData] Cached 30 candles for ETHUSD 5m
2026-07-15 16:57:31 [INFO] core.market_data — [MarketData] Fetching ETHUSD 15m (60 candles)…
2026-07-15 16:57:31 [DEBUG] urllib3.connectionpool — https://api.india.delta.exchange:443 "GET /v2/history/candles?resolution=15m&symbol=ETHUSD&start=1784056351&end=1784114851 HTTP/1.1" 200 None
2026-07-15 16:57:31 [INFO] core.market_data — [MarketData] Cached 60 candles for ETHUSD 15m
2026-07-15 16:57:31 [INFO] core.market_data — [MarketData] Fetching ETHUSD 1h (250 candles)…
2026-07-15 16:58:26 [DEBUG] websocket — Sending ping
2026-07-15 16:58:57 [DEBUG] websocket — Sending ping
2026-07-15 16:59:27 [DEBUG] websocket — Sending ping
2026-07-15 16:59:57 [DEBUG] websocket — Sending ping
2026-07-15 17:00:27 [DEBUG] websocket — Sending ping
2026-07-15 17:00:57 [DEBUG] websocket — Sending ping
2026-07-15 17:01:27 [DEBUG] websocket — Sending ping
2026-07-15 17:01:57 [DEBUG] websocket — Sending ping
2026-07-15 17:02:27 [DEBUG] websocket — Sending ping
2026-07-15 17:02:57 [DEBUG] websocket — Sending ping
2026-07-15 17:03:27 [DEBUG] websocket — Sending ping
2026-07-15 17:03:57 [DEBUG] websocket — Sending ping
2026-07-15 17:04:27 [DEBUG] websocket — Sending ping
2026-07-15 17:04:57 [DEBUG] websocket — Sending ping
2026-07-15 17:05:27 [DEBUG] websocket — Sending ping
2026-07-15 17:05:57 [DEBUG] websocket — Sending ping
2026-07-15 17:06:27 [DEBUG] websocket — Sending ping
2026-07-15 17:06:57 [DEBUG] websocket — Sending ping
2026-07-15 17:07:27 [DEBUG] websocket — Sending ping
2026-07-15 17:07:57 [DEBUG] websocket — Sending ping
2026-07-15 17:08:27 [DEBUG] websocket — Sending ping
2026-07-15 17:08:57 [DEBUG] websocket — Sending ping
2026-07-15 17:09:27 [DEBUG] websocket — Sending ping
2026-07-15 17:09:57 [DEBUG] websocket — Sending ping
2026-07-15 17:10:27 [DEBUG] websocket — Sending ping
2026-07-15 17:10:57 [DEBUG] websocket — Sending ping
2026-07-15 17:11:27 [DEBUG] websocket — Sending ping
2026-07-15 17:11:57 [DEBUG] websocket — Sending ping
2026-07-15 17:12:27 [DEBUG] websocket — Sending ping
2026-07-15 17:12:57 [DEBUG] websocket — Sending ping
2026-07-15 17:13:27 [DEBUG] websocket — Sending ping
2026-07-15 17:13:57 [DEBUG] websocket — Sending ping
2026-07-15 17:14:27 [DEBUG] websocket — Sending ping
2026-07-15 17:14:57 [DEBUG] websocket — Sending ping
2026-07-15 17:15:27 [DEBUG] websocket — Sending ping
2026-07-15 17:15:57 [DEBUG] websocket — Sending ping
2026-07-15 17:16:27 [DEBUG] websocket — Sending ping
2026-07-15 17:16:57 [DEBUG] websocket — Sending ping
2026-07-15 17:17:27 [DEBUG] websocket — Sending ping
2026-07-15 17:17:57 [DEBUG] websocket — Sending ping
2026-07-15 17:18:27 [DEBUG] websocket — Sending ping
2026-07-15 17:18:57 [DEBUG] websocket — Sending ping
2026-07-15 17:19:27 [DEBUG] websocket — Sending ping
2026-07-15 17:19:57 [DEBUG] websocket — Sending ping
2026-07-15 17:20:27 [DEBUG] websocket — Sending ping
2026-07-15 17:20:57 [DEBUG] websocket — Sending ping
2026-07-15 17:21:27 [DEBUG] websocket — Sending ping
2026-07-15 17:21:57 [DEBUG] websocket — Sending ping
2026-07-15 17:22:27 [DEBUG] websocket — Sending ping
2026-07-15 17:22:57 [DEBUG] websocket — Sending ping
2026-07-15 17:23:27 [DEBUG] websocket — Sending ping
2026-07-15 17:23:57 [DEBUG] websocket — Sending ping
2026-07-15 17:24:27 [DEBUG] websocket — Sending ping
2026-07-15 17:24:57 [DEBUG] websocket — Sending ping
2026-07-15 17:25:27 [DEBUG] websocket — Sending ping
2026-07-15 17:25:57 [DEBUG] websocket — Sending ping
2026-07-15 17:26:27 [DEBUG] websocket — Sending ping
2026-07-15 17:26:57 [DEBUG] websocket — Sending ping
2026-07-15 17:27:27 [DEBUG] websocket — Sending ping
2026-07-15 17:27:57 [DEBUG] websocket — Sending ping
2026-07-15 17:28:27 [DEBUG] websocket — Sending ping
2026-07-15 17:28:57 [DEBUG] websocket — Sending ping
2026-07-15 17:29:27 [DEBUG] websocket — Sending ping
2026-07-15 17:29:57 [DEBUG] websocket — Sending ping
2026-07-15 17:30:27 [DEBUG] websocket — Sending ping
2026-07-15 17:30:57 [DEBUG] websocket — Sending ping
2026-07-15 17:31:27 [DEBUG] websocket — Sending ping
2026-07-15 17:31:57 [DEBUG] websocket — Sending ping
2026-07-15 17:32:27 [DEBUG] websocket — Sending ping
2026-07-15 17:32:57 [DEBUG] websocket — Sending ping
2026-07-15 17:33:27 [DEBUG] websocket — Sending ping
2026-07-15 17:33:57 [DEBUG] websocket — Sending ping
2026-07-15 17:34:27 [DEBUG] websocket — Sending ping
2026-07-15 17:34:57 [DEBUG] websocket — Sending ping
2026-07-15 17:35:27 [DEBUG] websocket — Sending ping
2026-07-15 17:35:57 [DEBUG] websocket — Sending ping
2026-07-15 17:36:27 [DEBUG] websocket — Sending ping
2026-07-15 17:36:57 [DEBUG] websocket — Sending ping
2026-07-15 17:37:27 [DEBUG] websocket — Sending ping
2026-07-15 17:37:57 [DEBUG] websocket — Sending ping
2026-07-15 17:38:27 [DEBUG] websocket — Sending ping
2026-07-15 17:38:57 [DEBUG] websocket — Sending ping
2026-07-15 17:39:27 [DEBUG] websocket — Sending ping
2026-07-15 17:39:57 [DEBUG] websocket — Sending ping
2026-07-15 17:40:27 [DEBUG] websocket — Sending ping
2026-07-15 17:40:57 [DEBUG] websocket — Sending ping
2026-07-15 17:41:27 [DEBUG] websocket — Sending ping
2026-07-15 17:41:57 [DEBUG] websocket — Sending ping
2026-07-15 17:42:27 [DEBUG] websocket — Sending ping
2026-07-15 17:42:57 [DEBUG] websocket — Sending ping
2026-07-15 17:43:27 [DEBUG] websocket — Sending ping
2026-07-15 17:43:57 [DEBUG] websocket — Sending ping
2026-07-15 17:44:27 [DEBUG] websocket — Sending ping
2026-07-15 17:44:57 [DEBUG] websocket — Sending ping
2026-07-15 17:45:27 [DEBUG] websocket — Sending ping
2026-07-15 17:45:57 [DEBUG] websocket — Sending ping
2026-07-15 17:46:27 [DEBUG] websocket — Sending ping
2026-07-15 17:46:57 [DEBUG] websocket — Sending ping
2026-07-15 17:47:27 [DEBUG] websocket — Sending ping
2026-07-15 17:47:57 [DEBUG] websocket — Sending ping
2026-07-15 17:48:27 [DEBUG] websocket — Sending ping
2026-07-15 17:48:57 [DEBUG] websocket — Sending ping
2026-07-15 17:49:27 [DEBUG] websocket — Sending ping
2026-07-15 17:49:57 [DEBUG] websocket — Sending ping
2026-07-15 17:53:21 [WARNING] exchanges.ws_stream — WebSocket error: Connection to remote host was lost.
2026-07-15 17:53:21 [ERROR] websocket — Connection to remote host was lost. - goodbye
2026-07-15 17:53:21 [WARNING] exchanges.ws_stream — WebSocket closed (code=None) — will reconnect
2026-07-15 18:28:39 [WARNING] exchanges.ws_stream — WebSocket error: [Errno 11001] getaddrinfo failed
2026-07-15 18:28:39 [ERROR] websocket — [Errno 11001] getaddrinfo failed - goodbye
2026-07-15 18:28:39 [WARNING] exchanges.ws_stream — WebSocket closed (code=None) — will reconnect
2026-07-15 18:28:51 [INFO] websocket — Websocket connected
2026-07-15 18:28:51 [INFO] exchanges.ws_stream — WebSocket connected — subscribing to tickers
2026-07-15 18:29:51 [DEBUG] websocket — Sending ping
2026-07-15 18:30:21 [DEBUG] websocket — Sending ping
2026-07-15 18:30:51 [DEBUG] websocket — Sending ping
2026-07-15 18:31:21 [DEBUG] websocket — Sending ping
2026-07-15 18:31:51 [DEBUG] websocket — Sending ping
2026-07-15 18:32:21 [DEBUG] websocket — Sending ping
2026-07-15 18:32:51 [DEBUG] websocket — Sending ping
2026-07-15 18:33:21 [DEBUG] websocket — Sending ping
2026-07-15 18:33:51 [DEBUG] websocket — Sending ping
2026-07-15 19:16:42 [WARNING] exchanges.ws_stream — WebSocket error: Connection to remote host was lost.
2026-07-15 19:16:43 [ERROR] websocket — Connection to remote host was lost. - goodbye
2026-07-15 19:16:43 [WARNING] exchanges.ws_stream — WebSocket closed (code=None) — will reconnect
2026-07-15 23:16:12 [WARNING] exchanges.ws_stream — WebSocket error: [Errno 11001] getaddrinfo failed
2026-07-15 23:16:12 [ERROR] websocket — [Errno 11001] getaddrinfo failed - goodbye
2026-07-15 23:16:12 [WARNING] exchanges.ws_stream — WebSocket closed (code=None) — will reconnect
2026-07-16 09:37:30 [INFO] websocket — Websocket connected
2026-07-16 09:37:30 [INFO] exchanges.ws_stream — WebSocket connected — subscribing to tickers
2026-07-16 09:38:30 [DEBUG] websocket — Sending ping
2026-07-16 09:39:00 [DEBUG] websocket — Sending ping
2026-07-16 09:39:30 [DEBUG] websocket — Sending ping
2026-07-16 09:40:00 [DEBUG] websocket — Sending ping
2026-07-16 09:40:30 [DEBUG] websocket — Sending ping
2026-07-16 09:41:00 [DEBUG] websocket — Sending ping
2026-07-16 09:41:30 [DEBUG] websocket — Sending ping
2026-07-16 09:42:00 [DEBUG] websocket — Sending ping
2026-07-16 09:42:30 [DEBUG] websocket — Sending ping
2026-07-16 09:43:00 [DEBUG] websocket — Sending ping
2026-07-16 09:43:30 [DEBUG] websocket — Sending ping
2026-07-16 09:44:00 [DEBUG] websocket — Sending ping
2026-07-16 09:44:30 [DEBUG] websocket — Sending ping
2026-07-16 09:45:00 [DEBUG] websocket — Sending ping
2026-07-16 09:45:30 [DEBUG] websocket — Sending ping
2026-07-16 09:46:00 [DEBUG] websocket — Sending ping
2026-07-16 09:46:30 [DEBUG] websocket — Sending ping
2026-07-16 09:47:00 [DEBUG] websocket — Sending ping
2026-07-16 09:47:31 [DEBUG] websocket — Sending ping
2026-07-16 09:48:01 [DEBUG] websocket — Sending ping
2026-07-16 09:48:31 [DEBUG] websocket — Sending ping
2026-07-16 09:49:01 [DEBUG] websocket — Sending ping
2026-07-16 09:49:31 [DEBUG] websocket — Sending ping
2026-07-16 09:50:01 [DEBUG] websocket — Sending ping
2026-07-16 09:50:31 [DEBUG] websocket — Sending ping
2026-07-16 09:51:01 [DEBUG] websocket — Sending ping
2026-07-16 09:51:31 [DEBUG] websocket — Sending ping
2026-07-16 09:52:01 [DEBUG] websocket — Sending ping
2026-07-16 09:52:31 [DEBUG] websocket — Sending ping
2026-07-16 09:53:01 [DEBUG] websocket — Sending ping
2026-07-16 09:53:31 [DEBUG] websocket — Sending ping
2026-07-16 09:54:01 [DEBUG] websocket — Sending ping
2026-07-16 09:54:31 [DEBUG] websocket — Sending ping
2026-07-16 09:55:01 [DEBUG] websocket — Sending ping
2026-07-16 09:55:31 [DEBUG] websocket — Sending ping
2026-07-16 09:56:01 [DEBUG] websocket — Sending ping
2026-07-16 09:56:31 [DEBUG] websocket — Sending ping
2026-07-16 09:57:01 [DEBUG] websocket — Sending ping
2026-07-16 09:57:31 [DEBUG] websocket — Sending ping
2026-07-16 09:58:01 [DEBUG] websocket — Sending ping
2026-07-16 09:58:31 [DEBUG] websocket — Sending ping
2026-07-16 09:59:01 [DEBUG] websocket — Sending ping
2026-07-16 09:59:31 [DEBUG] websocket — Sending ping
2026-07-16 10:00:01 [DEBUG] websocket — Sending ping
2026-07-16 10:00:31 [DEBUG] websocket — Sending ping
2026-07-16 10:01:01 [DEBUG] websocket — Sending ping
2026-07-16 10:01:31 [DEBUG] websocket — Sending ping
2026-07-16 10:02:01 [DEBUG] websocket — Sending ping
2026-07-16 10:02:31 [DEBUG] websocket — Sending ping
2026-07-16 10:03:01 [DEBUG] websocket — Sending ping
2026-07-16 10:03:31 [DEBUG] websocket — Sending ping
2026-07-16 10:04:01 [DEBUG] websocket — Sending ping
2026-07-16 10:04:31 [DEBUG] websocket — Sending ping
2026-07-16 10:05:01 [DEBUG] websocket — Sending ping
2026-07-16 10:05:31 [DEBUG] websocket — Sending ping
2026-07-16 10:06:01 [DEBUG] websocket — Sending ping
2026-07-16 10:06:31 [DEBUG] websocket — Sending ping
2026-07-16 10:07:01 [DEBUG] websocket — Sending ping
2026-07-16 10:07:31 [DEBUG] websocket — Sending ping
2026-07-16 10:08:01 [DEBUG] websocket — Sending ping
2026-07-16 10:08:31 [DEBUG] websocket — Sending ping
2026-07-16 10:09:01 [DEBUG] websocket — Sending ping
2026-07-16 10:09:31 [DEBUG] websocket — Sending ping
2026-07-16 10:10:01 [DEBUG] websocket — Sending ping
2026-07-16 10:10:31 [DEBUG] websocket — Sending ping
2026-07-16 10:11:01 [DEBUG] websocket — Sending ping
2026-07-16 10:11:31 [DEBUG] websocket — Sending ping
2026-07-16 10:12:01 [DEBUG] websocket — Sending ping
2026-07-16 10:12:31 [DEBUG] websocket — Sending ping
2026-07-16 10:13:01 [DEBUG] websocket — Sending ping
2026-07-16 10:13:31 [DEBUG] websocket — Sending ping
2026-07-16 10:14:01 [DEBUG] websocket — Sending ping
2026-07-16 10:14:31 [DEBUG] websocket — Sending ping
2026-07-16 10:15:01 [DEBUG] websocket — Sending ping
2026-07-16 10:15:31 [DEBUG] websocket — Sending ping
2026-07-16 10:16:01 [DEBUG] websocket — Sending ping
2026-07-16 10:16:31 [DEBUG] websocket — Sending ping
2026-07-16 10:17:01 [DEBUG] websocket — Sending ping
2026-07-16 10:17:31 [DEBUG] websocket — Sending ping
2026-07-16 10:18:01 [DEBUG] websocket — Sending ping
2026-07-16 10:18:31 [DEBUG] websocket — Sending ping
2026-07-16 10:19:01 [DEBUG] websocket — Sending ping
2026-07-16 10:19:31 [DEBUG] websocket — Sending ping
2026-07-16 10:20:01 [DEBUG] websocket — Sending ping
2026-07-16 10:20:31 [DEBUG] websocket — Sending ping
2026-07-16 10:21:01 [DEBUG] websocket — Sending ping
2026-07-16 10:21:31 [DEBUG] websocket — Sending ping
2026-07-16 10:22:01 [DEBUG] websocket — Sending ping
2026-07-16 10:22:31 [DEBUG] websocket — Sending ping
2026-07-16 10:23:01 [DEBUG] websocket — Sending ping
2026-07-16 10:23:31 [DEBUG] websocket — Sending ping
2026-07-16 10:24:01 [DEBUG] websocket — Sending ping
2026-07-16 10:24:31 [DEBUG] websocket — Sending ping
2026-07-16 10:25:01 [DEBUG] websocket — Sending ping
2026-07-16 10:25:31 [DEBUG] websocket — Sending ping
2026-07-16 10:26:01 [DEBUG] websocket — Sending ping
2026-07-16 10:26:31 [DEBUG] websocket — Sending ping
2026-07-16 10:27:01 [DEBUG] websocket — Sending ping
2026-07-16 10:27:31 [DEBUG] websocket — Sending ping
2026-07-16 10:28:01 [DEBUG] websocket — Sending ping
2026-07-16 10:28:31 [DEBUG] websocket — Sending ping
2026-07-16 10:29:01 [DEBUG] websocket — Sending ping
2026-07-16 10:29:31 [DEBUG] websocket — Sending ping
2026-07-16 10:30:01 [DEBUG] websocket — Sending ping
2026-07-16 10:30:31 [DEBUG] websocket — Sending ping
2026-07-16 10:31:01 [DEBUG] websocket — Sending ping
2026-07-16 10:31:31 [DEBUG] websocket — Sending ping
2026-07-16 10:32:01 [DEBUG] websocket — Sending ping
2026-07-16 10:32:32 [DEBUG] websocket — Sending ping
2026-07-16 10:33:02 [DEBUG] websocket — Sending ping
2026-07-16 10:33:32 [DEBUG] websocket — Sending ping
2026-07-16 10:34:02 [DEBUG] websocket — Sending ping
2026-07-16 10:34:32 [DEBUG] websocket — Sending ping
2026-07-16 10:35:02 [DEBUG] websocket — Sending ping
2026-07-16 10:35:32 [DEBUG] websocket — Sending ping
2026-07-16 10:36:02 [DEBUG] websocket — Sending ping
2026-07-16 10:36:32 [DEBUG] websocket — Sending ping
2026-07-16 10:37:02 [DEBUG] websocket — Sending ping
2026-07-16 10:37:32 [DEBUG] websocket — Sending ping
2026-07-16 10:38:02 [DEBUG] websocket — Sending ping
2026-07-16 10:38:32 [DEBUG] websocket — Sending ping
2026-07-16 10:39:02 [DEBUG] websocket — Sending ping
2026-07-16 10:39:32 [DEBUG] websocket — Sending ping
2026-07-16 10:40:02 [DEBUG] websocket — Sending ping
2026-07-16 10:40:32 [DEBUG] websocket — Sending ping
2026-07-16 10:41:02 [DEBUG] websocket — Sending ping
2026-07-16 10:41:32 [DEBUG] websocket — Sending ping
2026-07-16 10:42:02 [DEBUG] websocket — Sending ping
2026-07-16 10:42:32 [DEBUG] websocket — Sending ping
2026-07-16 10:43:02 [DEBUG] websocket — Sending ping
2026-07-16 10:43:32 [DEBUG] websocket — Sending ping
2026-07-16 10:44:02 [DEBUG] websocket — Sending ping
